{
"type": "FeatureCollection",
"name": "lanelet_layer",
"crs": { "type": "name", "properties": { "name": "urn:ogc:def:crs:OGC:1.3:CRS84" } },
"features": [
{ "type": "Feature", "properties": { "fid": 3, "lanelet_id": 1, "spd_limit": null, "reward": 0, "lanelet_type": "lane_follow", "pre_id": null, "next_id": null, "adjcnt_id": null, "center_b_id": "347" }, "geometry": { "type": "MultiPolygon", "coordinates": [ [ [ [ 29.508959667373443, 40.790313160083834 ], [ 29.508982102409021, 40.790293438122326 ], [ 29.509159848151995, 40.790413380101221 ], [ 29.509137508231888, 40.790433391513773 ], [ 29.508959667373443, 40.790313160083834 ] ] ] ] } },
{ "type": "Feature", "properties": { "fid": 4, "lanelet_id": 2, "spd_limit": null, "reward": 0, "lanelet_type": "lane_follow", "pre_id": null, "next_id": null, "adjcnt_id": null, "center_b_id": "345" }, "geometry": { "type": "MultiPolygon", "coordinates": [ [ [ [ 29.508982102409021, 40.790293438122326 ], [ 29.509004537444596, 40.790273716160819 ], [ 29.509181427774749, 40.790394226084992 ], [ 29.509159848151995, 40.790413380101221 ], [ 29.508982102409021, 40.790293438122326 ] ] ] ] } },
{ "type": "Feature", "properties": { "fid": 5, "lanelet_id": 3, "spd_limit": null, "reward": 0, "lanelet_type": "intersection", "pre_id": null, "next_id": null, "adjcnt_id": null, "center_b_id": "348" }, "geometry": { "type": "MultiPolygon", "coordinates": [ [ [ [ 29.508881718668455, 40.790259420347454 ], [ 29.508904049355031, 40.790238341848912 ], [ 29.508982102409021, 40.790293438122326 ], [ 29.508959667373443, 40.790313160083834 ], [ 29.508881718668455, 40.790259420347454 ] ] ] ] } },
{ "type": "Feature", "properties": { "fid": 6, "lanelet_id": 4, "spd_limit": null, "reward": 0, "lanelet_type": "intersection", "pre_id": null, "next_id": null, "adjcnt_id": null, "center_b_id": "128" }, "geometry": { "type": "MultiPolygon", "coordinates": [ [ [ [ 29.508904049355031, 40.790238341848912 ], [ 29.508926380041604, 40.790217263350371 ], [ 29.509004537444596, 40.790273716160819 ], [ 29.508982102409021, 40.790293438122326 ], [ 29.508904049355031, 40.790238341848912 ] ] ] ] } },
{ "type": "Feature", "properties": { "fid": 7, "lanelet_id": 5, "spd_limit": null, "reward": 0, "lanelet_type": "lane_follow", "pre_id": null, "next_id": null, "adjcnt_id": null, "center_b_id": "115" }, "geometry": { "type": "MultiPolygon", "coordinates": [ [ [ [ 29.508774030497676, 40.790186793441585 ], [ 29.508794900298213, 40.790166341037057 ], [ 29.508904049355031, 40.790238341848912 ], [ 29.508881718668455, 40.790259420347454 ], [ 29.508774030497676, 40.790186793441585 ] ] ] ] } },
{ "type": "Feature", "properties": { "fid": 8, "lanelet_id": 6, "spd_limit": null, "reward": 0, "lanelet_type": "lane_follow", "pre_id": null, "next_id": null, "adjcnt_id": null, "center_b_id": "114" }, "geometry": { "type": "MultiPolygon", "coordinates": [ [ [ [ 29.508794900298213, 40.790166341037057 ], [ 29.508815770098749, 40.79014588863253 ], [ 29.508926380041604, 40.790217263350371 ], [ 29.508904049355031, 40.790238341848912 ], [ 29.508794900298213, 40.790166341037057 ] ] ] ] } },
{ "type": "Feature", "properties": { "fid": 9, "lanelet_id": 7, "spd_limit": null, "reward": 0, "lanelet_type": "intersection", "pre_id": null, "next_id": null, "adjcnt_id": null, "center_b_id": "248" }, "geometry": { "type": "MultiPolygon", "coordinates": [ [ [ [ 29.508689556640125, 40.790129368239718 ], [ 29.508712717810315, 40.790108621915081 ], [ 29.508794900298213, 40.790166341037057 ], [ 29.508774030497676, 40.790186793441585 ], [ 29.508689556640125, 40.790129368239718 ] ] ] ] } },
{ "type": "Feature", "properties": { "fid": 10, "lanelet_id": 8, "spd_limit": null, "reward": 0, "lanelet_type": "intersection", "pre_id": null, "next_id": null, "adjcnt_id": null, "center_b_id": "250" }, "geometry": { "type": "MultiPolygon", "coordinates": [ [ [ [ 29.508712717810315, 40.790108621915081 ], [ 29.50873360812405, 40.790089948535048 ], [ 29.508815770098749, 40.79014588863253 ], [ 29.508794900298213, 40.790166341037057 ], [ 29.508712717810315, 40.790108621915081 ] ] ] ] } },
{ "type": "Feature", "properties": { "fid": 11, "lanelet_id": 9, "spd_limit": null, "reward": 0, "lanelet_type": "lane_follow", "pre_id": null, "next_id": null, "adjcnt_id": null, "center_b_id": "135" }, "geometry": { "type": "MultiPolygon", "coordinates": [ [ [ [ 29.50859434382453, 40.790065103944301 ], [ 29.508617429691032, 40.790043547390823 ], [ 29.508712717810315, 40.790108621915081 ], [ 29.508689556640125, 40.790129368239718 ], [ 29.50859434382453, 40.790065103944301 ] ] ] ] } },
{ "type": "Feature", "properties": { "fid": 12, "lanelet_id": 10, "spd_limit": null, "reward": 0, "lanelet_type": "lane_follow", "pre_id": null, "next_id": null, "adjcnt_id": null, "center_b_id": "134" }, "geometry": { "type": "MultiPolygon", "coordinates": [ [ [ [ 29.508617429691032, 40.790043547390823 ], [ 29.508639711060997, 40.790022493748367 ], [ 29.50873360812405, 40.790089948535048 ], [ 29.508712717810315, 40.790108621915081 ], [ 29.508617429691032, 40.790043547390823 ] ] ] ] } },
{ "type": "Feature", "properties": { "fid": 13, "lanelet_id": 11, "spd_limit": null, "reward": 0, "lanelet_type": "lane_follow", "pre_id": null, "next_id": null, "adjcnt_id": null, "center_b_id": "256" }, "geometry": { "type": "MultiPolygon", "coordinates": [ [ [ [ 29.508760833298201, 40.790087717414913 ], [ 29.508790999938483, 40.790107963482214 ], [ 29.508850816130057, 40.790050464522515 ], [ 29.508825980868462, 40.790030848265168 ], [ 29.508760833298201, 40.790087717414913 ] ] ] ] } },
{ "type": "Feature", "properties": { "fid": 14, "lanelet_id": 12, "spd_limit": null, "reward": 0, "lanelet_type": "lane_follow", "pre_id": null, "next_id": null, "adjcnt_id": null, "center_b_id": "255" }, "geometry": { "type": "MultiPolygon", "coordinates": [ [ [ [ 29.508790999938483, 40.790107963482214 ], [ 29.508814463065988, 40.790123710547654 ], [ 29.508875651391648, 40.790070080779863 ], [ 29.508850816130057, 40.790050464522515 ], [ 29.508790999938483, 40.790107963482214 ] ] ] ] } },
{ "type": "Feature", "properties": { "fid": 15, "lanelet_id": 13, "spd_limit": null, "reward": 0, "lanelet_type": "intersection", "pre_id": null, "next_id": null, "adjcnt_id": null, "center_b_id": "150" }, "geometry": { "type": "MultiPolygon", "coordinates": [ [ [ [ 29.508522056350831, 40.790016207184138 ], [ 29.508543589880372, 40.789994673654597 ], [ 29.508617429691032, 40.790043547390823 ], [ 29.50859434382453, 40.790065103944301 ], [ 29.508522056350831, 40.790016207184138 ] ] ] ] } },
{ "type": "Feature", "properties": { "fid": 16, "lanelet_id": 14, "spd_limit": null, "reward": 0, "lanelet_type": "intersection", "pre_id": null, "next_id": null, "adjcnt_id": null, "center_b_id": "148" }, "geometry": { "type": "MultiPolygon", "coordinates": [ [ [ [ 29.508543589880372, 40.789994673654597 ], [ 29.508565123409912, 40.789973140125056 ], [ 29.508639711060997, 40.790022493748367 ], [ 29.508617429691032, 40.790043547390823 ], [ 29.508543589880372, 40.789994673654597 ] ] ] ] } },
{ "type": "Feature", "properties": { "fid": 17, "lanelet_id": 15, "spd_limit": null, "reward": 0, "lanelet_type": "lane_follow", "pre_id": null, "next_id": null, "adjcnt_id": null, "center_b_id": "145" }, "geometry": { "type": "MultiPolygon", "coordinates": [ [ [ [ 29.50859159170664, 40.789969551203463 ], [ 29.508616041234973, 40.789986822888615 ], [ 29.508676828594403, 40.789934334910356 ], [ 29.508651257528072, 40.78991526876441 ], [ 29.50859159170664, 40.789969551203463 ] ] ] ] } },
{ "type": "Feature", "properties": { "fid": 18, "lanelet_id": 16, "spd_limit": null, "reward": 0, "lanelet_type": "lane_follow", "pre_id": null, "next_id": null, "adjcnt_id": null, "center_b_id": "144" }, "geometry": { "type": "MultiPolygon", "coordinates": [ [ [ [ 29.508616041234973, 40.789986822888615 ], [ 29.508640490763305, 40.790004094573767 ], [ 29.508702399660731, 40.789953401056309 ], [ 29.508676828594403, 40.789934334910356 ], [ 29.508616041234973, 40.789986822888615 ] ] ] ] } },
{ "type": "Feature", "properties": { "fid": 19, "lanelet_id": 17, "spd_limit": null, "reward": 0, "lanelet_type": "lane_follow", "pre_id": null, "next_id": null, "adjcnt_id": null, "center_b_id": "140" }, "geometry": { "type": "MultiPolygon", "coordinates": [ [ [ [ 29.508472260063769, 40.789981663813833 ], [ 29.508493569285712, 40.789960130284292 ], [ 29.508543589880372, 40.789994673654597 ], [ 29.508522056350831, 40.790016207184138 ], [ 29.508472260063769, 40.789981663813833 ] ] ] ] } },
{ "type": "Feature", "properties": { "fid": 20, "lanelet_id": 18, "spd_limit": null, "reward": 0, "lanelet_type": "lane_follow", "pre_id": null, "next_id": null, "adjcnt_id": null, "center_b_id": "297" }, "geometry": { "type": "MultiPolygon", "coordinates": [ [ [ [ 29.508472260063769, 40.789981663813833 ], [ 29.508493569285712, 40.789960130284292 ], [ 29.508493569285712, 40.789960130284292 ], [ 29.508493070413792, 40.789959718297936 ], [ 29.508492578747521, 40.78995929773852 ], [ 29.508492094434203, 40.789958868732036 ], [ 29.508491617618951, 40.78995843140703 ], [ 29.508491148444616, 40.789957985894524 ], [ 29.508490687051772, 40.789957532327996 ], [ 29.508490233578655, 40.78995707084335 ], [ 29.508489788161132, 40.789956601578837 ], [ 29.508489350932656, 40.789956124675065 ], [ 29.508488922024224, 40.789955640274918 ], [ 29.50848850156434, 40.789955148523525 ], [ 29.508488089678977, 40.789954649568216 ], [ 29.508487686491545, 40.789954143558489 ], [ 29.508487292122844, 40.789953630645947 ], [ 29.508486906691022, 40.789953110984271 ], [ 29.508486530311568, 40.789952584729143 ], [ 29.508486163097245, 40.789952052038252 ], [ 29.508485805158077, 40.78995151307118 ], [ 29.508485456601303, 40.789950967989419 ], [ 29.508485117531357, 40.78995041695628 ], [ 29.508484788049827, 40.789949860136858 ], [ 29.508484468255428, 40.78994929769798 ], [ 29.508484158243974, 40.789948729808167 ], [ 29.508483858108349, 40.78994815663755 ], [ 29.508483567938477, 40.789947578357861 ], [ 29.508483287821296, 40.789946995142365 ], [ 29.508483017840728, 40.7899464071658 ], [ 29.508482758077669, 40.789945814604323 ], [ 29.508482508609941, 40.789945217635484 ], [ 29.508482269512292, 40.789944616438127 ], [ 29.508482040856354, 40.789944011192382 ], [ 29.508481822710635, 40.789943402079587 ], [ 29.508481615140497, 40.789942789282243 ], [ 29.508481418208127, 40.789942172983942 ], [ 29.508481231972532, 40.789941553369346 ], [ 29.508481056489508, 40.789940930624084 ], [ 29.508480891811629, 40.789940304934753 ], [ 29.508480737988236, 40.7899396764888 ], [ 29.508480595065418, 40.789939045474526 ], [ 29.508480463085995, 40.789938412080978 ], [ 29.508480342089506, 40.789937776497943 ], [ 29.508480232112209, 40.789937138915839 ], [ 29.508480133187053, 40.789936499525687 ], [ 29.508480045343671, 40.789935858519065 ], [ 29.508479968608391, 40.789935216088026 ], [ 29.508479903004194, 40.78993457242504 ], [ 29.508479848550746, 40.789933927722956 ], [ 29.508479805264351, 40.789933282174943 ], [ 29.508479773157987, 40.789932635974409 ], [ 29.508479752241271, 40.789931989314965 ], [ 29.508479742520468, 40.789931342390354 ], [ 29.508479743998489, 40.789930695394396 ], [ 29.508479756674895, 40.789930048520951 ], [ 29.508479780545887, 40.789929401963818 ], [ 29.508479815604311, 40.789928755916719 ], [ 29.508479861839668, 40.789928110573214 ], [ 29.508479919238098, 40.789927466126649 ], [ 29.508479987782412, 40.78992682277012 ], [ 29.508480067452066, 40.789926180696376 ], [ 29.508480158223193, 40.789925540097791 ], [ 29.508480260068598, 40.789924901166287 ], [ 29.508480372957766, 40.789924264093308 ], [ 29.508480496856876, 40.789923629069712 ], [ 29.508480631728805, 40.789922996285775 ], [ 29.508480777533144, 40.789922365931083 ], [ 29.50848093422621, 40.789921738194487 ], [ 29.508481101761053, 40.789921113264072 ], [ 29.508481280087477, 40.789920491327067 ], [ 29.508481469152059, 40.789919872569818 ], [ 29.508481668898149, 40.789919257177708 ], [ 29.508481879265901, 40.789918645335121 ], [ 29.508482100192289, 40.789918037225355 ], [ 29.50848233161112, 40.789917433030624 ], [ 29.508482573453058, 40.789916832931944 ], [ 29.508482825645643, 40.789916237109111 ], [ 29.508483088113319, 40.789915645740642 ], [ 29.508483360777447, 40.789915059003718 ], [ 29.508483643556332, 40.78991447707412 ], [ 29.508483936365252, 40.789913900126216 ], [ 29.508484239116473, 40.789913328332858 ], [ 29.508484551719299, 40.789912761865359 ], [ 29.508484874080061, 40.789912200893447 ], [ 29.508485206102179, 40.789911645585192 ], [ 29.508485547686178, 40.789911096106962 ], [ 29.508485898729713, 40.789910552623397 ], [ 29.508486259127608, 40.78991001529733 ], [ 29.508486628771884, 40.789909484289744 ], [ 29.508487007551793, 40.789908959759735 ], [ 29.508487395353846, 40.789908441864455 ], [ 29.508487792061857, 40.789907930759085 ], [ 29.508488197556964, 40.789907426596741 ], [ 29.508488611717681, 40.789906929528485 ], [ 29.508489034419917, 40.789906439703245 ], [ 29.508489465537025, 40.78990595726777 ], [ 29.508489904939843, 40.789905482366606 ], [ 29.508490352496718, 40.789905015142047 ], [ 29.508467234500003, 40.789885991640297 ], [ 29.508467234500003, 40.789885991640297 ], [ 29.508466452542979, 40.789886784953858 ], [ 29.508465684431144, 40.789887591680206 ], [ 29.508464930394524, 40.789888411577742 ], [ 29.508464190658945, 40.789889244400925 ], [ 29.508463465445931, 40.789890089900354 ], [ 29.508462754972673, 40.789890947822812 ], [ 29.50846205945194, 40.789891817911368 ], [ 29.508461379092026, 40.789892699905458 ], [ 29.508460714096678, 40.789893593540945 ], [ 29.508460064665051, 40.789894498550204 ], [ 29.508459430991639, 40.789895414662197 ], [ 29.508458813266202, 40.789896341602585 ], [ 29.508458211673744, 40.789897279093765 ], [ 29.508457626394421, 40.789898226854973 ], [ 29.508457057603518, 40.789899184602376 ], [ 29.508456505471369, 40.789900152049164 ], [ 29.508455970163325, 40.789901128905598 ], [ 29.508455451839705, 40.789902114879133 ], [ 29.508454950655729, 40.789903109674498 ], [ 29.508454466761489, 40.789904112993767 ], [ 29.508454000301903, 40.789905124536475 ], [ 29.508453551416668, 40.78990614399968 ], [ 29.508453120240208, 40.789907171078085 ], [ 29.508452706901657, 40.789908205464101 ], [ 29.508452311524795, 40.789909246847955 ], [ 29.508451934228031, 40.789910294917775 ], [ 29.508451575124358, 40.789911349359684 ], [ 29.508451234321313, 40.789912409857905 ], [ 29.508450911920967, 40.789913476094846 ], [ 29.508450608019867, 40.789914547751188 ], [ 29.508450322709027, 40.789915624505994 ], [ 29.508450056073887, 40.789916706036806 ], [ 29.508449808194303, 40.789917792019722 ], [ 29.508449579144504, 40.789918882129527 ], [ 29.508449368993091, 40.789919976039748 ], [ 29.508449177802991, 40.789921073422789 ], [ 29.508449005631469, 40.789922173950011 ], [ 29.508448852530087, 40.78992327729182 ], [ 29.508448718544688, 40.789924383117807 ], [ 29.508448603715404, 40.789925491096788 ], [ 29.508448508076619, 40.789926600896955 ], [ 29.50844843165698, 40.78992771218595 ], [ 29.508448374479368, 40.789928824630969 ], [ 29.508448336560907, 40.789929937898854 ], [ 29.508448317912954, 40.789931051656204 ], [ 29.508448318541099, 40.789932165569489 ], [ 29.508448338445142, 40.789933279305103 ], [ 29.508448377619132, 40.78993439252951 ], [ 29.508448436051335, 40.789935504909337 ], [ 29.50844851372425, 40.78993661611144 ], [ 29.508448610614614, 40.789937725803036 ], [ 29.508448726693416, 40.78993883365181 ], [ 29.508448861925888, 40.789939939325983 ], [ 29.508449016271538, 40.789941042494419 ], [ 29.508449189684136, 40.789942142826767 ], [ 29.508449382111749, 40.789943239993484 ], [ 29.508449593496753, 40.789944333666 ], [ 29.508449823775841, 40.789945423516784 ], [ 29.508450072880052, 40.789946509219448 ], [ 29.508450340734782, 40.789947590448861 ], [ 29.508450627259815, 40.789948666881202 ], [ 29.508450932369346, 40.789949738194125 ], [ 29.508451255971998, 40.789950804066777 ], [ 29.508451597970865, 40.789951864179962 ], [ 29.508451958263521, 40.789952918216201 ], [ 29.508452336742067, 40.789953965859837 ], [ 29.508452733293161, 40.789955006797115 ], [ 29.50845314779804, 40.789956040716305 ], [ 29.508453580132574, 40.789957067307775 ], [ 29.508454030167286, 40.789958086264079 ], [ 29.508454497767399, 40.789959097280068 ], [ 29.508454982792884, 40.789960100052959 ], [ 29.508455485098484, 40.789961094282447 ], [ 29.508456004533766, 40.789962079670786 ], [ 29.508456540943175, 40.789963055922868 ], [ 29.508457094166069, 40.789964022746339 ], [ 29.508457664036769, 40.789964979851653 ], [ 29.50845825038461, 40.789965926952171 ], [ 29.508458853034, 40.78996686376427 ], [ 29.508459471804453, 40.789967790007388 ], [ 29.508460106510668, 40.789968705404142 ], [ 29.508460756962556, 40.789969609680391 ], [ 29.508461422965333, 40.789970502565318 ], [ 29.508462104319538, 40.789971383791531 ], [ 29.508462800821121, 40.789972253095122 ], [ 29.5084635122615, 40.789973110215755 ], [ 29.508464238427614, 40.789973954896745 ], [ 29.508464979101991, 40.789974786885118 ], [ 29.508465734062817, 40.789975605931723 ], [ 29.508466503084001, 40.789976411791272 ], [ 29.508467285935232, 40.789977204222431 ], [ 29.508468082382073, 40.789977982987878 ], [ 29.508468892186002, 40.789978747854391 ], [ 29.5084697151045, 40.78997949859292 ], [ 29.508470550891122, 40.789980234978628 ], [ 29.508471399295573, 40.789980956790991 ], [ 29.508472260063769, 40.789981663813833 ] ] ] ] } },
{ "type": "Feature", "properties": { "fid": 21, "lanelet_id": 19, "spd_limit": null, "reward": 0, "lanelet_type": "lane_follow", "pre_id": null, "next_id": null, "adjcnt_id": null, "center_b_id": "300" }, "geometry": { "type": "MultiPolygon", "coordinates": [ [ [ [ 29.508493569285712, 40.789960130284292 ], [ 29.508514878507651, 40.789938596754752 ], [ 29.508514878507651, 40.789938596754752 ], [ 29.508512030768127, 40.789931237270345 ], [ 29.508512030768127, 40.789931237270345 ], [ 29.508513470493433, 40.789924038643797 ], [ 29.508513470493433, 40.789924038643797 ], [ 29.508490352496718, 40.789905015142047 ], [ 29.508490352496718, 40.789905015142047 ], [ 29.508489904939843, 40.789905482366606 ], [ 29.508489465537025, 40.78990595726777 ], [ 29.508489034419917, 40.789906439703245 ], [ 29.508488611717681, 40.789906929528485 ], [ 29.508488197556964, 40.789907426596741 ], [ 29.508487792061857, 40.789907930759085 ], [ 29.508487395353846, 40.789908441864462 ], [ 29.508487007551793, 40.789908959759735 ], [ 29.508486628771884, 40.789909484289744 ], [ 29.508486259127608, 40.78991001529733 ], [ 29.508485898729713, 40.789910552623397 ], [ 29.508485547686178, 40.789911096106962 ], [ 29.508485206102179, 40.789911645585192 ], [ 29.508484874080061, 40.789912200893447 ], [ 29.508484551719299, 40.789912761865359 ], [ 29.508484239116477, 40.789913328332858 ], [ 29.508483936365252, 40.789913900126216 ], [ 29.508483643556332, 40.78991447707412 ], [ 29.508483360777447, 40.789915059003718 ], [ 29.508483088113323, 40.789915645740642 ], [ 29.508482825645647, 40.789916237109111 ], [ 29.508482573453058, 40.789916832931944 ], [ 29.508482331611123, 40.789917433030624 ], [ 29.508482100192293, 40.789918037225355 ], [ 29.508481879265904, 40.789918645335121 ], [ 29.508481668898149, 40.789919257177708 ], [ 29.508481469152059, 40.789919872569818 ], [ 29.50848128008748, 40.789920491327067 ], [ 29.508481101761053, 40.789921113264072 ], [ 29.50848093422621, 40.789921738194487 ], [ 29.508480777533148, 40.789922365931083 ], [ 29.508480631728808, 40.789922996285782 ], [ 29.50848049685688, 40.789923629069719 ], [ 29.50848037295777, 40.789924264093308 ], [ 29.508480260068602, 40.789924901166287 ], [ 29.508480158223197, 40.789925540097791 ], [ 29.508480067452066, 40.789926180696376 ], [ 29.508479987782412, 40.78992682277012 ], [ 29.508479919238102, 40.789927466126649 ], [ 29.508479861839671, 40.789928110573214 ], [ 29.508479815604314, 40.789928755916719 ], [ 29.50847978054589, 40.789929401963818 ], [ 29.508479756674898, 40.789930048520951 ], [ 29.508479743998492, 40.789930695394396 ], [ 29.508479742520468, 40.789931342390354 ], [ 29.508479752241271, 40.789931989314965 ], [ 29.50847977315799, 40.789932635974409 ], [ 29.508479805264354, 40.789933282174943 ], [ 29.508479848550746, 40.789933927722956 ], [ 29.508479903004197, 40.78993457242504 ], [ 29.508479968608391, 40.789935216088026 ], [ 29.508480045343674, 40.789935858519065 ], [ 29.508480133187053, 40.789936499525687 ], [ 29.508480232112213, 40.789937138915839 ], [ 29.508480342089509, 40.789937776497943 ], [ 29.508480463085995, 40.789938412080978 ], [ 29.508480595065418, 40.789939045474526 ], [ 29.508480737988236, 40.7899396764888 ], [ 29.508480891811629, 40.789940304934753 ], [ 29.508481056489508, 40.789940930624084 ], [ 29.508481231972535, 40.789941553369346 ], [ 29.508481418208131, 40.789942172983942 ], [ 29.5084816151405, 40.789942789282243 ], [ 29.508481822710639, 40.789943402079587 ], [ 29.508482040856354, 40.789944011192382 ], [ 29.508482269512292, 40.78994461643812 ], [ 29.508482508609944, 40.789945217635484 ], [ 29.508482758077669, 40.789945814604323 ], [ 29.508483017840732, 40.7899464071658 ], [ 29.508483287821296, 40.789946995142365 ], [ 29.508483567938477, 40.789947578357861 ], [ 29.508483858108349, 40.78994815663755 ], [ 29.508484158243974, 40.78994872980816 ], [ 29.508484468255428, 40.78994929769798 ], [ 29.508484788049827, 40.789949860136858 ], [ 29.508485117531357, 40.78995041695628 ], [ 29.508485456601306, 40.789950967989419 ], [ 29.508485805158081, 40.78995151307118 ], [ 29.508486163097249, 40.789952052038245 ], [ 29.508486530311572, 40.789952584729143 ], [ 29.508486906691026, 40.789953110984271 ], [ 29.508487292122844, 40.789953630645947 ], [ 29.508487686491549, 40.789954143558489 ], [ 29.508488089678981, 40.789954649568216 ], [ 29.50848850156434, 40.789955148523525 ], [ 29.508488922024224, 40.789955640274918 ], [ 29.508489350932656, 40.789956124675065 ], [ 29.508489788161135, 40.789956601578837 ], [ 29.508490233578655, 40.78995707084335 ], [ 29.508490687051772, 40.789957532327996 ], [ 29.508491148444616, 40.789957985894524 ], [ 29.508491617618951, 40.78995843140703 ], [ 29.508492094434203, 40.789958868732036 ], [ 29.508492578747521, 40.78995929773852 ], [ 29.508493070413792, 40.789959718297936 ], [ 29.508493569285712, 40.789960130284292 ] ] ] ] } },
{ "type": "Feature", "properties": { "fid": 22, "lanelet_id": 20, "spd_limit": null, "reward": 0, "lanelet_type": "lane_follow", "pre_id": null, "next_id": null, "adjcnt_id": null, "center_b_id": "301" }, "geometry": { "type": "MultiPolygon", "coordinates": [ [ [ [ 29.508490352496718, 40.789905015142047 ], [ 29.508513470493433, 40.789924038643797 ], [ 29.508513470493433, 40.789924038643797 ], [ 29.508564220810609, 40.78987760750254 ], [ 29.508564220810609, 40.78987760750254 ], [ 29.508561701291313, 40.789839454781827 ], [ 29.508561701291313, 40.789839454781827 ], [ 29.50854082527432, 40.789818938696158 ], [ 29.508531735535481, 40.789866978405108 ], [ 29.508490352496718, 40.789905015142047 ] ] ] ] } },
{ "type": "Feature", "properties": { "fid": 23, "lanelet_id": 21, "spd_limit": null, "reward": 0, "lanelet_type": "lane_follow", "pre_id": null, "next_id": null, "adjcnt_id": null, "center_b_id": "298" }, "geometry": { "type": "MultiPolygon", "coordinates": [ [ [ [ 29.508467234500003, 40.789885991640297 ], [ 29.508490352496718, 40.789905015142047 ], [ 29.508490352496718, 40.789905015142047 ], [ 29.508561701291313, 40.789839454781827 ], [ 29.508561701291313, 40.789839454781827 ], [ 29.50854082527432, 40.789818938696158 ], [ 29.50854082527432, 40.789818938696158 ], [ 29.508467234500003, 40.789885991640297 ] ] ] ] } },
{ "type": "Feature", "properties": { "fid": 24, "lanelet_id": 22, "spd_limit": null, "reward": 0, "lanelet_type": "lane_follow", "pre_id": null, "next_id": null, "adjcnt_id": null, "center_b_id": "303" }, "geometry": { "type": "MultiPolygon", "coordinates": [ [ [ [ 29.50854082527432, 40.789818938696158 ], [ 29.508561701291313, 40.789839454781827 ], [ 29.508561701291313, 40.789839454781827 ], [ 29.508584640908992, 40.789817329103698 ], [ 29.508587724082325, 40.789816749257177 ], [ 29.508590190281772, 40.789818304799226 ], [ 29.50862766849221, 40.789784070247187 ], [ 29.50862766849221, 40.789784070247187 ], [ 29.508604408014886, 40.78976483562171 ], [ 29.508604408014886, 40.78976483562171 ], [ 29.50854082527432, 40.789818938696158 ] ] ] ] } },
{ "type": "Feature", "properties": { "fid": 25, "lanelet_id": 23, "spd_limit": null, "reward": 0, "lanelet_type": "lane_follow", "pre_id": null, "next_id": null, "adjcnt_id": null, "center_b_id": "75" }, "geometry": { "type": "MultiPolygon", "coordinates": [ [ [ [ 29.508604408014886, 40.78976483562171 ], [ 29.50862766849221, 40.789784070247187 ], [ 29.50862766849221, 40.789784070247187 ], [ 29.508704383335694, 40.789714736132083 ], [ 29.508704383335694, 40.789714736132083 ], [ 29.508682241150549, 40.789694606872864 ], [ 29.508682241150549, 40.789694606872864 ], [ 29.508604408014886, 40.78976483562171 ] ] ] ] } },
{ "type": "Feature", "properties": { "fid": 26, "lanelet_id": 24, "spd_limit": null, "reward": 0, "lanelet_type": "lane_follow", "pre_id": null, "next_id": null, "adjcnt_id": null, "center_b_id": "74" }, "geometry": { "type": "MultiPolygon", "coordinates": [ [ [ [ 29.50862766849221, 40.789784070247187 ], [ 29.508650928969534, 40.789803304872663 ], [ 29.508650928969534, 40.789803304872663 ], [ 29.508726525520839, 40.78973486539131 ], [ 29.508726525520839, 40.78973486539131 ], [ 29.508704383335694, 40.789714736132083 ], [ 29.508704383335694, 40.789714736132083 ], [ 29.50862766849221, 40.789784070247187 ] ] ] ] } },
{ "type": "Feature", "properties": { "fid": 27, "lanelet_id": 25, "spd_limit": null, "reward": 0, "lanelet_type": "lane_follow", "pre_id": null, "next_id": null, "adjcnt_id": null, "center_b_id": "60" }, "geometry": { "type": "MultiPolygon", "coordinates": [ [ [ [ 29.508806315667808, 40.78958713899447 ], [ 29.508806315667808, 40.78958713899447 ], [ 29.508827563219207, 40.789608162887433 ], [ 29.508827563219207, 40.789608162887433 ], [ 29.508894884408384, 40.789552360107713 ], [ 29.508894884408384, 40.789552360107713 ], [ 29.508878110025698, 40.78952965877648 ], [ 29.508806315667808, 40.78958713899447 ] ] ] ] } },
{ "type": "Feature", "properties": { "fid": 28, "lanelet_id": 26, "spd_limit": null, "reward": 0, "lanelet_type": "lane_follow", "pre_id": null, "next_id": null, "adjcnt_id": null, "center_b_id": "59" }, "geometry": { "type": "MultiPolygon", "coordinates": [ [ [ [ 29.508827563219207, 40.789608162887433 ], [ 29.508848810770608, 40.789629186780402 ], [ 29.508848810770608, 40.789629186780402 ], [ 29.508911658791067, 40.789575061438946 ], [ 29.508911658791067, 40.789575061438946 ], [ 29.508894884408384, 40.789552360107713 ], [ 29.508894884408384, 40.789552360107713 ], [ 29.508827563219207, 40.789608162887433 ] ] ] ] } },
{ "type": "Feature", "properties": { "fid": 29, "lanelet_id": 27, "spd_limit": null, "reward": 0, "lanelet_type": "lane_follow", "pre_id": null, "next_id": null, "adjcnt_id": null, "center_b_id": "54" }, "geometry": { "type": "MultiPolygon", "coordinates": [ [ [ [ 29.508878110025698, 40.78952965877648 ], [ 29.508879869821758, 40.789528792571424 ], [ 29.508881644203001, 40.789527956650034 ], [ 29.508883432648329, 40.789527151257786 ], [ 29.508885234632526, 40.789526376631215 ], [ 29.508887049626392, 40.789525632997808 ], [ 29.508888877096901, 40.78952492057595 ], [ 29.508890716507373, 40.78952423957486 ], [ 29.50889256731762, 40.789523590194534 ], [ 29.5088944289841, 40.78952297262569 ], [ 29.508896300960089, 40.789522387049672 ], [ 29.50889818269583, 40.789521833638467 ], [ 29.508900073638706, 40.789521312554591 ], [ 29.508901973233392, 40.789520823951072 ], [ 29.508903880922023, 40.789520367971406 ], [ 29.508905796144358, 40.7895199447495 ], [ 29.508907718337941, 40.789519554409644 ], [ 29.508909646938271, 40.789519197066475 ], [ 29.50891158137896, 40.789518872824928 ], [ 29.50891352109192, 40.789518581780236 ], [ 29.508915465507496, 40.789518324017862 ], [ 29.508917414054661, 40.789518099613517 ], [ 29.508919366161173, 40.789517908633087 ], [ 29.508921321253752, 40.789517751132664 ], [ 29.508923278758228, 40.78951762715851 ], [ 29.508925238099735, 40.789517536747027 ], [ 29.508927198702857, 40.789517479924761 ], [ 29.508929159991812, 40.78951745670841 ], [ 29.508931121390621, 40.789517467104787 ], [ 29.508933082323264, 40.789517511110837 ], [ 29.508935042213867, 40.789517588713643 ], [ 29.508937000486856, 40.789517699890411 ], [ 29.508938956567132, 40.789517844608483 ], [ 29.508940909880245, 40.789518022825376 ], [ 29.508942859852549, 40.789518234488739 ], [ 29.508944805911387, 40.789518479536412 ], [ 29.50894674748525, 40.789518757896438 ], [ 29.508948684003947, 40.789519069487064 ], [ 29.508950614898762, 40.789519414216777 ], [ 29.508952539602642, 40.789519791984354 ], [ 29.508954457550349, 40.789520202678844 ], [ 29.508956368178627, 40.789520646179639 ], [ 29.508958270926371, 40.78952112235649 ], [ 29.508960165234789, 40.789521631069555 ], [ 29.50896205054757, 40.789522172169441 ], [ 29.508963926311043, 40.789522745497237 ], [ 29.50896579197434, 40.789523350884572 ], [ 29.508967646989564, 40.789523988153661 ], [ 29.508969490811939, 40.789524657117354 ], [ 29.508971322899981, 40.789525357579187 ], [ 29.50897314271565, 40.789526089333449 ], [ 29.508974949724507, 40.789526852165253 ], [ 29.508976743395881, 40.789527645850562 ], [ 29.508957371331096, 40.789553063973777 ], [ 29.508957371331096, 40.789553063973777 ], [ 29.508956879382641, 40.789552809402586 ], [ 29.508955793137133, 40.789552271071976 ], [ 29.508954697680288, 40.78955175174216 ], [ 29.508953593344444, 40.7895512515707 ], [ 29.508952480464629, 40.789550770709319 ], [ 29.508951359378461, 40.789550309303912 ], [ 29.508950230426048, 40.789549867494451 ], [ 29.508949093949887, 40.78954944541497 ], [ 29.508947950294758, 40.789549043193517 ], [ 29.508946799807614, 40.789548660952121 ], [ 29.508945642837489, 40.789548298806743 ], [ 29.508944479735373, 40.789547956867246 ], [ 29.508943310854125, 40.789547635237362 ], [ 29.508942136548356, 40.789547334014671 ], [ 29.508940957174318, 40.789547053290562 ], [ 29.508939773089804, 40.789546793150187 ], [ 29.508938584654036, 40.789546553672473 ], [ 29.508937392227555, 40.789546334930073 ], [ 29.508936196172115, 40.789546136989344 ], [ 29.508934996850567, 40.789545959910342 ], [ 29.508933794626753, 40.789545803746783 ], [ 29.508932589865402, 40.78954566854604 ], [ 29.508931382932012, 40.789545554349139 ], [ 29.508930174192724, 40.78954546119072 ], [ 29.508928964014252, 40.78954538909904 ], [ 29.508927752763725, 40.789545338095976 ], [ 29.508926540808609, 40.789545308196999 ], [ 29.508925328516582, 40.789545299411181 ], [ 29.508924116255422, 40.789545311741186 ], [ 29.508922904392897, 40.789545345183271 ], [ 29.50892169329666, 40.789545399727295 ], [ 29.508920483334123, 40.789545475356711 ], [ 29.508919274872358, 40.789545572048574 ], [ 29.508918068277985, 40.789545689773547 ], [ 29.508916863917054, 40.789545828495918 ], [ 29.508915662154934, 40.789545988173593 ], [ 29.508914463356216, 40.78954616875815 ], [ 29.50891326788458, 40.789546370194785 ], [ 29.508912076102703, 40.789546592422397 ], [ 29.508910888372146, 40.789546835373564 ], [ 29.508909705053231, 40.78954709897458 ], [ 29.50890852650495, 40.789547383145482 ], [ 29.508907353084844, 40.789547687800052 ], [ 29.508906185148902, 40.789548012845863 ], [ 29.508905023051444, 40.789548358184319 ], [ 29.508903867145019, 40.789548723710638 ], [ 29.508902717780305, 40.789549109313931 ], [ 29.508901575305988, 40.789549514877223 ], [ 29.508900440068661, 40.789549940277467 ], [ 29.508899312412737, 40.789550385385617 ], [ 29.508898192680313, 40.789550850066632 ], [ 29.508897081211085, 40.789551334179535 ], [ 29.508895978342249, 40.78955183757747 ], [ 29.508894884408384, 40.789552360107713 ], [ 29.508878110025698, 40.78952965877648 ] ] ] ] } },
{ "type": "Feature", "properties": { "fid": 30, "lanelet_id": 28, "spd_limit": null, "reward": 0, "lanelet_type": "lane_follow", "pre_id": null, "next_id": null, "adjcnt_id": null, "center_b_id": "55" }, "geometry": { "type": "MultiPolygon", "coordinates": [ [ [ [ 29.508957371331096, 40.789553063973777 ], [ 29.508941629021461, 40.789573719488331 ], [ 29.508941629021461, 40.789573719488331 ], [ 29.508940759558197, 40.789573506602736 ], [ 29.508939886549264, 40.789573308759238 ], [ 29.508939010254878, 40.789573126016812 ], [ 29.508938130936233, 40.789572958429915 ], [ 29.508937248855425, 40.789572806048504 ], [ 29.508936364275371, 40.789572668918005 ], [ 29.508935477459737, 40.789572547079281 ], [ 29.508934588672847, 40.789572440568662 ], [ 29.508933698179625, 40.789572349417881 ], [ 29.508932806245493, 40.789572273654116 ], [ 29.508931913136305, 40.789572213299948 ], [ 29.508931019118272, 40.789572168373361 ], [ 29.508930124457862, 40.789572138887756 ], [ 29.508929229421753, 40.789572124851908 ], [ 29.508928334276717, 40.789572126270016 ], [ 29.508927439289568, 40.789572143141648 ], [ 29.508926544727075, 40.789572175461778 ], [ 29.508925650855875, 40.789572223220766 ], [ 29.508924757942399, 40.789572286404386 ], [ 29.508923866252797, 40.789572364993802 ], [ 29.508922976052848, 40.789572458965587 ], [ 29.508922087607893, 40.789572568291739 ], [ 29.508921201182744, 40.789572692939657 ], [ 29.508920317041621, 40.789572832872203 ], [ 29.50891943544805, 40.789572988047652 ], [ 29.508918556664806, 40.78957315841977 ], [ 29.508917680953825, 40.789573343937761 ], [ 29.508916808576128, 40.789573544546329 ], [ 29.508915939791741, 40.789573760185689 ], [ 29.508915074859615, 40.789573990791553 ], [ 29.508914214037564, 40.789574236295195 ], [ 29.508913357582163, 40.789574496623437 ], [ 29.508912505748697, 40.789574771698689 ], [ 29.508911658791067, 40.789575061438946 ], [ 29.508894884408384, 40.789552360107713 ], [ 29.508894884408384, 40.789552360107713 ], [ 29.508895967269002, 40.78955184270297 ], [ 29.508897058891037, 40.789551344048668 ], [ 29.508898158949844, 40.789550864293105 ], [ 29.50889926711827, 40.789550403578957 ], [ 29.508900383066742, 40.789549962043246 ], [ 29.508901506463381, 40.789549539817273 ], [ 29.508902636974092, 40.789549137026611 ], [ 29.508903774262659, 40.78954875379106 ], [ 29.508904917990861, 40.789548390224581 ], [ 29.50890606781855, 40.7895480464353 ], [ 29.508907223403767, 40.789547722525462 ], [ 29.508908384402851, 40.789547418591397 ], [ 29.508909550470513, 40.789547134723499 ], [ 29.508910721259973, 40.789546871006181 ], [ 29.508911896423037, 40.789546627517879 ], [ 29.508913075610213, 40.789546404330999 ], [ 29.508914258470817, 40.789546201511925 ], [ 29.508915444653063, 40.789546019120969 ], [ 29.508916633804184, 40.789545857212381 ], [ 29.508917825570528, 40.789545715834301 ], [ 29.508919019597666, 40.789545595028784 ], [ 29.508920215530498, 40.789545494831756 ], [ 29.508921413013351, 40.789545415273011 ], [ 29.5089226116901, 40.789545356376209 ], [ 29.508923811204259, 40.789545318158872 ], [ 29.508925011199093, 40.789545300632362 ], [ 29.508926211317728, 40.789545303801894 ], [ 29.508927411203246, 40.789545327666524 ], [ 29.50892861049881, 40.789545372219152 ], [ 29.508929808847743, 40.789545437446534 ], [ 29.508931005893665, 40.789545523329267 ], [ 29.508932201280572, 40.789545629841804 ], [ 29.50893339465296, 40.789545756952485 ], [ 29.508934585655922, 40.789545904623488 ], [ 29.508935773935256, 40.789546072810914 ], [ 29.508936959137568, 40.789546261464729 ], [ 29.508938140910381, 40.789546470528833 ], [ 29.508939318902236, 40.789546699941056 ], [ 29.508940492762804, 40.78954694963317 ], [ 29.508941662142977, 40.78954721953091 ], [ 29.508942826694987, 40.789547509554012 ], [ 29.508943986072492, 40.789547819616224 ], [ 29.508945139930702, 40.789548149625332 ], [ 29.508946287926459, 40.789548499483196 ], [ 29.508947429718347, 40.78954886908577 ], [ 29.508948564966804, 40.789549258323134 ], [ 29.508949693334209, 40.78954966707952 ], [ 29.508950814484983, 40.789550095233373 ], [ 29.508951928085697, 40.789550542657366 ], [ 29.508953033805174, 40.789551009218421 ], [ 29.508954131314571, 40.789551494777797 ], [ 29.50895522028749, 40.789551999191083 ], [ 29.508956300400072, 40.78955252230827 ], [ 29.508957371331096, 40.789553063973777 ] ] ] ] } },
{ "type": "Feature", "properties": { "fid": 31, "lanelet_id": 29, "spd_limit": null, "reward": 0, "lanelet_type": "lane_follow", "pre_id": null, "next_id": null, "adjcnt_id": null, "center_b_id": "48" }, "geometry": { "type": "MultiPolygon", "coordinates": [ [ [ [ 29.508941629021461, 40.789573719488331 ], [ 29.508971375593422, 40.789593625089118 ], [ 29.508971375593422, 40.789593625089118 ], [ 29.50898833949746, 40.789573750219297 ], [ 29.50898833949746, 40.789573750219297 ], [ 29.508957956087276, 40.789553366570672 ], [ 29.508957371331096, 40.789553063973777 ], [ 29.508941629021461, 40.789573719488331 ] ] ] ] } },
{ "type": "Feature", "properties": { "fid": 32, "lanelet_id": 30, "spd_limit": null, "reward": 0, "lanelet_type": "lane_follow", "pre_id": null, "next_id": null, "adjcnt_id": null, "center_b_id": "49" }, "geometry": { "type": "MultiPolygon", "coordinates": [ [ [ [ 29.508957371331096, 40.789553063973777 ], [ 29.50898833949746, 40.789573750219297 ], [ 29.50898833949746, 40.789573750219297 ], [ 29.509009173869067, 40.789549340718828 ], [ 29.509009173869067, 40.789549340718828 ], [ 29.508976743395881, 40.789527645850562 ], [ 29.508976743395881, 40.789527645850562 ], [ 29.508957371331096, 40.789553063973777 ] ] ] ] } },
{ "type": "Feature", "properties": { "fid": 33, "lanelet_id": 31, "spd_limit": null, "reward": 0, "lanelet_type": "intersection", "pre_id": null, "next_id": null, "adjcnt_id": null, "center_b_id": "166" }, "geometry": { "type": "MultiPolygon", "coordinates": [ [ [ [ 29.509066860960992, 40.789660003392953 ], [ 29.50908601425331, 40.789637377083814 ], [ 29.50908601425331, 40.789637377083814 ], [ 29.50898833949746, 40.789573750219297 ], [ 29.50898833949746, 40.789573750219297 ], [ 29.508971375593422, 40.789593625089118 ], [ 29.508971375593422, 40.789593625089118 ], [ 29.509066860960992, 40.789660003392953 ] ] ] ] } },
{ "type": "Feature", "properties": { "fid": 35, "lanelet_id": 32, "spd_limit": null, "reward": 0, "lanelet_type": "intersection", "pre_id": null, "next_id": null, "adjcnt_id": null, "center_b_id": "169" }, "geometry": { "type": "MultiPolygon", "coordinates": [ [ [ [ 29.50898833949746, 40.789573750219297 ], [ 29.509009173869067, 40.789549340718828 ], [ 29.509105167545627, 40.789614750774675 ], [ 29.50908601425331, 40.789637377083814 ], [ 29.50898833949746, 40.789573750219297 ] ] ] ] } },
{ "type": "Feature", "properties": { "fid": 37, "lanelet_id": 33, "spd_limit": null, "reward": 0, "lanelet_type": "intersection", "pre_id": null, "next_id": null, "adjcnt_id": null, "center_b_id": "44" }, "geometry": { "type": "MultiPolygon", "coordinates": [ [ [ [ 29.509159355933036, 40.789722449947504 ], [ 29.509236052708726, 40.789776024901116 ], [ 29.509254099008881, 40.789753185052483 ], [ 29.509178248153507, 40.789700033059027 ], [ 29.509159355933036, 40.789722449947504 ] ] ] ] } },
{ "type": "Feature", "properties": { "fid": 38, "lanelet_id": 34, "spd_limit": null, "reward": 0, "lanelet_type": "intersection", "pre_id": null, "next_id": null, "adjcnt_id": null, "center_b_id": "43" }, "geometry": { "type": "MultiPolygon", "coordinates": [ [ [ [ 29.509178248153507, 40.789700033059027 ], [ 29.509254099008881, 40.789753185052483 ], [ 29.509272145309037, 40.78973034520385 ], [ 29.509197140373985, 40.789677616170557 ], [ 29.509178248153507, 40.789700033059027 ] ] ] ] } },
{ "type": "Feature", "properties": { "fid": 39, "lanelet_id": 35, "spd_limit": null, "reward": 0, "lanelet_type": "lane_follow", "pre_id": null, "next_id": null, "adjcnt_id": null, "center_b_id": "3" }, "geometry": { "type": "MultiPolygon", "coordinates": [ [ [ [ 29.509236052708726, 40.789776024901116 ], [ 29.509341792748693, 40.78984708220797 ], [ 29.509359557075406, 40.789825229266377 ], [ 29.509254099008881, 40.789753185052483 ], [ 29.509236052708726, 40.789776024901116 ] ] ] ] } },
{ "type": "Feature", "properties": { "fid": 40, "lanelet_id": 36, "spd_limit": null, "reward": 0, "lanelet_type": "lane_follow", "pre_id": null, "next_id": null, "adjcnt_id": null, "center_b_id": "4" }, "geometry": { "type": "MultiPolygon", "coordinates": [ [ [ [ 29.509254099008881, 40.789753185052483 ], [ 29.509272145309037, 40.78973034520385 ], [ 29.509378672462883, 40.789801238802681 ], [ 29.509359557075406, 40.789825229266377 ], [ 29.509254099008881, 40.789753185052483 ] ] ] ] } },
{ "type": "Feature", "properties": { "fid": 41, "lanelet_id": 37, "spd_limit": null, "reward": 0, "lanelet_type": "lane_follow", "pre_id": null, "next_id": null, "adjcnt_id": null, "center_b_id": "9" }, "geometry": { "type": "MultiPolygon", "coordinates": [ [ [ [ 29.509345740376848, 40.789869358109719 ], [ 29.509345880692869, 40.789869034187049 ], [ 29.509346015339304, 40.789868707866937 ], [ 29.509346144275202, 40.789868379248595 ], [ 29.509346267461364, 40.789868048431956 ], [ 29.509346384860329, 40.789867715517609 ], [ 29.5093464964364, 40.789867380606779 ], [ 29.509346602155652, 40.789867043801316 ], [ 29.509346701985933, 40.789866705203629 ], [ 29.509346795896892, 40.789866364916669 ], [ 29.509346883859973, 40.789866023043921 ], [ 29.509346965848426, 40.789865679689335 ], [ 29.509347041837319, 40.789865334957312 ], [ 29.509347111803553, 40.789864988952672 ], [ 29.509347175725843, 40.789864641780639 ], [ 29.509347233584762, 40.789864293546778 ], [ 29.509347285362711, 40.789863944356966 ], [ 29.509347331043944, 40.789863594317389 ], [ 29.509347370614577, 40.789863243534484 ], [ 29.50934740406257, 40.789862892114918 ], [ 29.509347431377758, 40.789862540165544 ], [ 29.509347452551832, 40.789862187793382 ], [ 29.509347467578358, 40.789861835105583 ], [ 29.50934747645276, 40.789861482209389 ], [ 29.509347479172348, 40.789861129212106 ], [ 29.509347475736284, 40.789860776221062 ], [ 29.509347466145623, 40.789860423343605 ], [ 29.509347450403276, 40.789860070687034 ], [ 29.509347428514033, 40.789859718358578 ], [ 29.509347400484547, 40.789859366465372 ], [ 29.50934736632334, 40.789859015114416 ], [ 29.509347326040803, 40.789858664412556 ], [ 29.509347279649184, 40.789858314466414 ], [ 29.509347227162589, 40.789857965382417 ], [ 29.509347168596978, 40.789857617266705 ], [ 29.50934710397016, 40.789857270225134 ], [ 29.509347033301783, 40.789856924363221 ], [ 29.509346956613339, 40.789856579786147 ], [ 29.509346873928145, 40.789856236598673 ], [ 29.509346785271347, 40.789855894905166 ], [ 29.509346690669897, 40.789855554809527 ], [ 29.509346590152568, 40.789855216415162 ], [ 29.509346483749916, 40.789854879824972 ], [ 29.509346371494303, 40.789854545141303 ], [ 29.50934625341986, 40.789854212465926 ], [ 29.509346129562491, 40.789853881900001 ], [ 29.509345999959855, 40.789853553544035 ], [ 29.509345864651365, 40.789853227497886 ], [ 29.509345723678166, 40.789852903860684 ], [ 29.509345577083117, 40.789852582730845 ], [ 29.509345424910798, 40.789852264206019 ], [ 29.509345267207483, 40.78985194838306 ], [ 29.509345104021122, 40.789851635357991 ], [ 29.509344935401337, 40.789851325226003 ], [ 29.509344761399397, 40.789851018081407 ], [ 29.50934458206822, 40.789850714017582 ], [ 29.509344397462328, 40.789850413126992 ], [ 29.509344207637859, 40.789850115501139 ], [ 29.509344012652534, 40.789849821230504 ], [ 29.509343812565639, 40.789849530404588 ], [ 29.509343607438019, 40.78984924311181 ], [ 29.509343397332049, 40.789848959439531 ], [ 29.509343182311611, 40.789848679474012 ], [ 29.509342962442091, 40.789848403300383 ], [ 29.509342737790345, 40.789848131002614 ], [ 29.509342508424684, 40.789847862663514 ], [ 29.509342274414852, 40.789847598364673 ], [ 29.509342035832006, 40.789847338186448 ], [ 29.509341792748693, 40.78984708220797 ], [ 29.509359557075406, 40.789825229266377 ], [ 29.509359557075406, 40.789825229266377 ], [ 29.509360169331629, 40.789825597470369 ], [ 29.509360775097566, 40.789825976257241 ], [ 29.509361374190313, 40.78982636551261 ], [ 29.509361966428976, 40.789826765118953 ], [ 29.509362551634734, 40.789827174955612 ], [ 29.509363129630888, 40.789827594898831 ], [ 29.509363700242915, 40.789828024821816 ], [ 29.509364263298529, 40.789828464594763 ], [ 29.509364818627713, 40.789828914084872 ], [ 29.509365366062795, 40.789829373156429 ], [ 29.509365905438475, 40.789829841670823 ], [ 29.509366436591897, 40.78983031948659 ], [ 29.509366959362684, 40.789830806459449 ], [ 29.509367473592985, 40.789831302442373 ], [ 29.509367979127536, 40.789831807285601 ], [ 29.509368475813694, 40.789832320836695 ], [ 29.509368963501487, 40.789832842940591 ], [ 29.50936944204366, 40.789833373439649 ], [ 29.509369911295725, 40.789833912173684 ], [ 29.509370371115988, 40.789834458980039 ], [ 29.509370821365618, 40.789835013693597 ], [ 29.509371261908662, 40.789835576146878 ], [ 29.509371692612103, 40.789836146170046 ], [ 29.509372113345886, 40.789836723590987 ], [ 29.509372523982982, 40.789837308235356 ], [ 29.509372924399401, 40.789837899926624 ], [ 29.509373314474239, 40.789838498486127 ], [ 29.509373694089714, 40.789839103733151 ], [ 29.509374063131204, 40.789839715484931 ], [ 29.509374421487284, 40.789840333556754 ], [ 29.509374769049746, 40.78984095776201 ], [ 29.509375105713648, 40.789841587912214 ], [ 29.50937543137734, 40.789842223817097 ], [ 29.509375745942485, 40.789842865284662 ], [ 29.509376049314106, 40.789843512121209 ], [ 29.509376341400603, 40.789844164131445 ], [ 29.509376622113781, 40.789844821118486 ], [ 29.509376891368877, 40.789845482883969 ], [ 29.5093771490846, 40.789846149228076 ], [ 29.509377395183126, 40.789846819949609 ], [ 29.509377629590155, 40.789847494846057 ], [ 29.509377852234902, 40.789848173713629 ], [ 29.509378063050146, 40.789848856347348 ], [ 29.509378261972234, 40.789849542541099 ], [ 29.509378448941099, 40.789850232087694 ], [ 29.50937862390029, 40.789850924778925 ], [ 29.509378786796979, 40.789851620405649 ], [ 29.509378937581978, 40.789852318757809 ], [ 29.509379076209761, 40.789853019624559 ], [ 29.50937920263847, 40.789853722794277 ], [ 29.509379316829932, 40.789854428054632 ], [ 29.509379418749667, 40.789855135192688 ], [ 29.509379508366901, 40.789855843994928 ], [ 29.509379585654575, 40.789856554247336 ], [ 29.509379650589349, 40.789857265735449 ], [ 29.50937970315162, 40.789857978244449 ], [ 29.509379743325518, 40.789858691559189 ], [ 29.50937977109891, 40.789859405464298 ], [ 29.509379786463413, 40.789860119744212 ], [ 29.509379789414385, 40.789860834183258 ], [ 29.509379779950937, 40.789861548565725 ], [ 29.509379758075927, 40.789862262675904 ], [ 29.509379723795959, 40.789862976298174 ], [ 29.50937967712138, 40.789863689217064 ], [ 29.509379618066287, 40.789864401217315 ], [ 29.509379546648514, 40.789865112083945 ], [ 29.509379462889619, 40.789865821602312 ], [ 29.509379366814894, 40.789866529558182 ], [ 29.50937925845335, 40.789867235737788 ], [ 29.509379137837705, 40.789867939927909 ], [ 29.50937900500438, 40.789868641915923 ], [ 29.509378859993479, 40.789869341489869 ], [ 29.509378702848789, 40.789870038438508 ], [ 29.509378533617756, 40.789870732551414 ], [ 29.509378352351487, 40.78987142361899 ], [ 29.509378159104703, 40.789872111432587 ], [ 29.509377953935758, 40.789872795784525 ], [ 29.5093777369066, 40.789873476468152 ], [ 29.509377508082764, 40.789874153277964 ], [ 29.509377267533335, 40.789874826009587 ], [ 29.509377015330951, 40.789875494459899 ], [ 29.509376751551759, 40.789876158427063 ], [ 29.509376476275406, 40.789876817710613 ], [ 29.509376189585009, 40.789877472111463 ], [ 29.509375891567132, 40.789878121432039 ], [ 29.509375582311758, 40.789878765476274 ], [ 29.509375261912272, 40.789879404049707 ], [ 29.509374930465405, 40.789880036959531 ], [ 29.509374588071243, 40.789880664014632 ], [ 29.509374234833164, 40.789881285025679 ], [ 29.509373870857829, 40.789881899805167 ], [ 29.50937349625514, 40.789882508167466 ], [ 29.509373111138199, 40.789883109928887 ], [ 29.509372715623293, 40.78988370490773 ], [ 29.509372309829843, 40.789884292924341 ], [ 29.509371893880378, 40.789884873801185 ], [ 29.509371467900486, 40.789885447362863 ], [ 29.509371032018795, 40.789886013436188 ], [ 29.509370586366913, 40.789886571850246 ], [ 29.5093701310794, 40.789887122436433 ], [ 29.509345740376848, 40.789869358109719 ] ] ] ] } },
{ "type": "Feature", "properties": { "fid": 42, "lanelet_id": 38, "spd_limit": null, "reward": 0, "lanelet_type": "lane_follow", "pre_id": null, "next_id": null, "adjcnt_id": null, "center_b_id": "10" }, "geometry": { "type": "MultiPolygon", "coordinates": [ [ [ [ 29.5093701310794, 40.789887122436433 ], [ 29.509370586366913, 40.789886571850246 ], [ 29.509371032018795, 40.789886013436188 ], [ 29.509371467900486, 40.789885447362863 ], [ 29.509371893880378, 40.789884873801185 ], [ 29.509372309829843, 40.789884292924341 ], [ 29.509372715623293, 40.78988370490773 ], [ 29.509373111138199, 40.789883109928887 ], [ 29.50937349625514, 40.789882508167466 ], [ 29.509373870857829, 40.789881899805167 ], [ 29.509374234833164, 40.789881285025679 ], [ 29.509374588071243, 40.789880664014632 ], [ 29.509374930465405, 40.789880036959531 ], [ 29.509375261912272, 40.789879404049707 ], [ 29.509375582311758, 40.789878765476274 ], [ 29.509375891567132, 40.789878121432039 ], [ 29.509376189585009, 40.789877472111463 ], [ 29.509376476275406, 40.789876817710613 ], [ 29.509376751551759, 40.789876158427063 ], [ 29.509377015330951, 40.789875494459899 ], [ 29.509377267533335, 40.789874826009587 ], [ 29.509377508082764, 40.789874153277964 ], [ 29.5093777369066, 40.789873476468152 ], [ 29.509377953935758, 40.789872795784525 ], [ 29.509378159104703, 40.789872111432587 ], [ 29.509378352351487, 40.78987142361899 ], [ 29.509378533617756, 40.789870732551414 ], [ 29.509378702848789, 40.789870038438508 ], [ 29.509378859993479, 40.789869341489869 ], [ 29.50937900500438, 40.789868641915923 ], [ 29.509379137837705, 40.789867939927909 ], [ 29.50937925845335, 40.789867235737788 ], [ 29.509379366814894, 40.789866529558182 ], [ 29.509379462889619, 40.789865821602312 ], [ 29.509379546648514, 40.789865112083945 ], [ 29.509379618066287, 40.789864401217315 ], [ 29.50937967712138, 40.789863689217064 ], [ 29.509379723795959, 40.789862976298174 ], [ 29.509379758075927, 40.789862262675904 ], [ 29.509379779950937, 40.789861548565725 ], [ 29.509379789414385, 40.789860834183258 ], [ 29.509379786463413, 40.789860119744212 ], [ 29.50937977109891, 40.789859405464298 ], [ 29.509379743325518, 40.789858691559189 ], [ 29.50937970315162, 40.789857978244449 ], [ 29.509379650589349, 40.789857265735449 ], [ 29.509379585654575, 40.789856554247336 ], [ 29.509379508366901, 40.789855843994928 ], [ 29.509379418749667, 40.789855135192688 ], [ 29.509379316829932, 40.789854428054632 ], [ 29.50937920263847, 40.789853722794277 ], [ 29.509379076209761, 40.789853019624559 ], [ 29.509378937581978, 40.789852318757809 ], [ 29.509378786796979, 40.789851620405649 ], [ 29.50937862390029, 40.789850924778925 ], [ 29.509378448941099, 40.789850232087694 ], [ 29.509378261972234, 40.789849542541099 ], [ 29.509378063050146, 40.789848856347348 ], [ 29.509377852234902, 40.789848173713629 ], [ 29.509377629590155, 40.789847494846057 ], [ 29.509377395183126, 40.789846819949609 ], [ 29.5093771490846, 40.789846149228076 ], [ 29.509376891368877, 40.789845482883969 ], [ 29.509376622113781, 40.789844821118486 ], [ 29.509376341400603, 40.789844164131445 ], [ 29.509376049314106, 40.789843512121209 ], [ 29.509375745942485, 40.789842865284662 ], [ 29.50937543137734, 40.789842223817097 ], [ 29.509375105713648, 40.789841587912214 ], [ 29.509374769049746, 40.78984095776201 ], [ 29.509374421487284, 40.789840333556754 ], [ 29.509374063131204, 40.789839715484931 ], [ 29.509373694089714, 40.789839103733151 ], [ 29.509373314474239, 40.789838498486127 ], [ 29.509372924399401, 40.789837899926624 ], [ 29.509372523982982, 40.789837308235356 ], [ 29.509372113345886, 40.789836723590987 ], [ 29.509371692612103, 40.789836146170046 ], [ 29.509371261908662, 40.789835576146878 ], [ 29.509370821365618, 40.789835013693597 ], [ 29.509370371115988, 40.789834458980039 ], [ 29.509369911295725, 40.789833912173684 ], [ 29.50936944204366, 40.789833373439649 ], [ 29.509368963501487, 40.789832842940591 ], [ 29.509368475813694, 40.789832320836695 ], [ 29.509367979127536, 40.789831807285601 ], [ 29.509367473592985, 40.789831302442373 ], [ 29.509366959362684, 40.789830806459449 ], [ 29.509366436591897, 40.78983031948659 ], [ 29.509365905438475, 40.789829841670823 ], [ 29.509365366062795, 40.789829373156429 ], [ 29.509364818627713, 40.789828914084872 ], [ 29.509364263298529, 40.789828464594763 ], [ 29.509363700242915, 40.789828024821816 ], [ 29.509363129630888, 40.789827594898831 ], [ 29.509362551634734, 40.789827174955612 ], [ 29.509361966428976, 40.789826765118953 ], [ 29.509361374190313, 40.78982636551261 ], [ 29.509360775097566, 40.789825976257241 ], [ 29.509360169331629, 40.789825597470369 ], [ 29.509359557075406, 40.789825229266377 ], [ 29.509378672462883, 40.789801238802681 ], [ 29.509378672462883, 40.789801238802681 ], [ 29.509379656004878, 40.789801678047496 ], [ 29.509380631767115, 40.789802134313788 ], [ 29.509381599455036, 40.789802607463812 ], [ 29.509382558776537, 40.789803097354742 ], [ 29.509383509442021, 40.789803603838706 ], [ 29.509384451164514, 40.789804126762796 ], [ 29.509385383659744, 40.789804665969172 ], [ 29.509386306646217, 40.789805221295055 ], [ 29.509387219845308, 40.789805792572814 ], [ 29.50938812298136, 40.789806379630001 ], [ 29.509389015781739, 40.789806982289399 ], [ 29.509389897976938, 40.78980760036908 ], [ 29.509390769300651, 40.789808233682471 ], [ 29.509391629489851, 40.7898088820384 ], [ 29.509392478284877, 40.789809545241134 ], [ 29.509393315429502, 40.789810223090484 ], [ 29.50939414067102, 40.789810915381821 ], [ 29.509394953760317, 40.789811621906175 ], [ 29.509395754451948, 40.789812342450261 ], [ 29.509396542504206, 40.789813076796577 ], [ 29.509397317679205, 40.789813824723431 ], [ 29.509398079742944, 40.789814586005065 ], [ 29.509398828465379, 40.789815360411659 ], [ 29.509399563620498, 40.789816147709459 ], [ 29.509400284986377, 40.789816947660789 ], [ 29.50940099234526, 40.789817760024178 ], [ 29.509401685483617, 40.789818584554396 ], [ 29.509402364192216, 40.789819421002541 ], [ 29.509403028266167, 40.789820269116127 ], [ 29.509403677505016, 40.789821128639126 ], [ 29.509404311712775, 40.789821999312075 ], [ 29.509404930697997, 40.789822880872144 ], [ 29.509405534273828, 40.789823773053222 ], [ 29.509406122258071, 40.78982467558599 ], [ 29.509406694473228, 40.789825588197999 ], [ 29.50940725074657, 40.789826510613757 ], [ 29.509407790910171, 40.789827442554824 ], [ 29.509408314800979, 40.789828383739867 ], [ 29.509408822260841, 40.789829333884782 ], [ 29.509409313136576, 40.789830292702739 ], [ 29.509409787279999, 40.789831259904311 ], [ 29.509410244547986, 40.789832235197522 ], [ 29.5094106848025, 40.789833218287967 ], [ 29.509411107910644, 40.789834208878887 ], [ 29.509411513744695, 40.789835206671242 ], [ 29.509411902182141, 40.789836211363841 ], [ 29.509412273105728, 40.789837222653389 ], [ 29.509412626403485, 40.789838240234623 ], [ 29.50941296196876, 40.789839263800353 ], [ 29.509413279700262, 40.789840293041607 ], [ 29.509413579502073, 40.789841327647686 ], [ 29.509413861283697, 40.789842367306278 ], [ 29.50941412496007, 40.789843411703536 ], [ 29.509414370451598, 40.789844460524193 ], [ 29.50941459768417, 40.789845513451645 ], [ 29.509414806589199, 40.789846570168052 ], [ 29.509414997103619, 40.789847630354409 ], [ 29.50941516916992, 40.789848693690693 ], [ 29.50941532273616, 40.789849759855919 ], [ 29.509415457755985, 40.78985082852823 ], [ 29.509415574188633, 40.789851899385035 ], [ 29.509415671998958, 40.789852972103084 ], [ 29.509415751157437, 40.789854046358542 ], [ 29.509415811640171, 40.789855121827145 ], [ 29.509415853428905, 40.789856198184225 ], [ 29.509415876511021, 40.789857275104872 ], [ 29.509415880879555, 40.789858352263998 ], [ 29.509415866533185, 40.789859429336438 ], [ 29.509415833476247, 40.789860505997062 ], [ 29.509415781718712, 40.78986158192086 ], [ 29.509415711276208, 40.78986265678305 ], [ 29.50941562217, 40.789863730259157 ], [ 29.509415514426987, 40.789864802025129 ], [ 29.509415388079688, 40.789865871757442 ], [ 29.509415243166252, 40.789866939133184 ], [ 29.509415079730413, 40.789868003830129 ], [ 29.509414897821518, 40.789869065526894 ], [ 29.509414697494474, 40.789870123902979 ], [ 29.509414478809752, 40.789871178638897 ], [ 29.509414241833369, 40.789872229416254 ], [ 29.509413986636858, 40.789873275917863 ], [ 29.509413713297256, 40.789874317827802 ], [ 29.509413421897079, 40.789875354831565 ], [ 29.509413112524285, 40.789876386616108 ], [ 29.509412785272271, 40.789877412869963 ], [ 29.509412440239817, 40.789878433283349 ], [ 29.509412077531081, 40.789879447548223 ], [ 29.509411697255555, 40.789880455358414 ], [ 29.509411299528029, 40.789881456409702 ], [ 29.509410884468565, 40.789882450399901 ], [ 29.509410452202459, 40.789883437028948 ], [ 29.509410002860193, 40.789884415999012 ], [ 29.509409536577415, 40.789885387014579 ], [ 29.509409053494878, 40.789886349782535 ], [ 29.509408553758409, 40.789887304012233 ], [ 29.50940803751886, 40.78988824941564 ], [ 29.509407504932074, 40.789889185707359 ], [ 29.50940695615882, 40.789890112604752 ], [ 29.509406391364752, 40.78989102982802 ], [ 29.509405810720367, 40.789891937100286 ], [ 29.509405214400942, 40.789892834147672 ], [ 29.509404602586486, 40.789893720699382 ], [ 29.509403975461687, 40.789894596487798 ], [ 29.509403333215857, 40.789895461248548 ], [ 29.509402676042864, 40.789896314720586 ], [ 29.509402004141091, 40.789897156646283 ], [ 29.509401317713362, 40.789897986771479 ], [ 29.509400616966893, 40.789898804845585 ], [ 29.509399902113213, 40.78989961062166 ], [ 29.509399173368113, 40.789900403856457 ], [ 29.509398430951578, 40.789901184310523 ], [ 29.509397675087722, 40.789901951748277 ], [ 29.509396906004717, 40.789902705938033 ], [ 29.509396123934724, 40.78990344665214 ], [ 29.509395329113826, 40.789904173666997 ], [ 29.509394521781953, 40.789904886763146 ], [ 29.5093701310794, 40.789887122436433 ] ] ] ] } },
{ "type": "Feature", "properties": { "fid": 43, "lanelet_id": 39, "spd_limit": null, "reward": 0, "lanelet_type": "lane_follow", "pre_id": null, "next_id": null, "adjcnt_id": null, "center_b_id": "15" }, "geometry": { "type": "MultiPolygon", "coordinates": [ [ [ [ 29.509276797870779, 40.789925893784414 ], [ 29.50930090659989, 40.789945772911928 ], [ 29.5093701310794, 40.789887122436433 ], [ 29.509345740376848, 40.789869358109719 ], [ 29.509276797870779, 40.789925893784414 ] ] ] ] } },
{ "type": "Feature", "properties": { "fid": 44, "lanelet_id": 40, "spd_limit": null, "reward": 0, "lanelet_type": "lane_follow", "pre_id": null, "next_id": null, "adjcnt_id": null, "center_b_id": "14" }, "geometry": { "type": "MultiPolygon", "coordinates": [ [ [ [ 29.50930090659989, 40.789945772911928 ], [ 29.509325015329004, 40.789965652039442 ], [ 29.509394521781953, 40.789904886763146 ], [ 29.5093701310794, 40.789887122436433 ], [ 29.50930090659989, 40.789945772911928 ] ] ] ] } },
{ "type": "Feature", "properties": { "fid": 45, "lanelet_id": 41, "spd_limit": null, "reward": 0, "lanelet_type": "intersection", "pre_id": null, "next_id": null, "adjcnt_id": null, "center_b_id": "39" }, "geometry": { "type": "MultiPolygon", "coordinates": [ [ [ [ 29.509210816085837, 40.7899873639943 ], [ 29.509234501854792, 40.790005974241332 ], [ 29.50930090659989, 40.789945772911928 ], [ 29.509276797870779, 40.789925893784414 ], [ 29.509210816085837, 40.7899873639943 ] ] ] ] } },
{ "type": "Feature", "properties": { "fid": 46, "lanelet_id": 42, "spd_limit": null, "reward": 0, "lanelet_type": "intersection", "pre_id": null, "next_id": null, "adjcnt_id": null, "center_b_id": "37" }, "geometry": { "type": "MultiPolygon", "coordinates": [ [ [ [ 29.509234501854792, 40.790005974241332 ], [ 29.509258187623743, 40.790024584488364 ], [ 29.509325015329004, 40.789965652039442 ], [ 29.50930090659989, 40.789945772911928 ], [ 29.509234501854792, 40.790005974241332 ] ] ] ] } },
{ "type": "Feature", "properties": { "fid": 47, "lanelet_id": 43, "spd_limit": null, "reward": 0, "lanelet_type": "lane_follow", "pre_id": null, "next_id": null, "adjcnt_id": null, "center_b_id": "19" }, "geometry": { "type": "MultiPolygon", "coordinates": [ [ [ [ 29.509140886672739, 40.790047706310439 ], [ 29.509165700335451, 40.790067162477797 ], [ 29.509234501854792, 40.790005974241332 ], [ 29.509210816085837, 40.7899873639943 ], [ 29.509140886672739, 40.790047706310439 ] ] ] ] } },
{ "type": "Feature", "properties": { "fid": 48, "lanelet_id": 44, "spd_limit": null, "reward": 0, "lanelet_type": "lane_follow", "pre_id": null, "next_id": null, "adjcnt_id": null, "center_b_id": "20" }, "geometry": { "type": "MultiPolygon", "coordinates": [ [ [ [ 29.509165700335451, 40.790067162477797 ], [ 29.509190513998163, 40.790086618645148 ], [ 29.509258187623743, 40.790024584488364 ], [ 29.509234501854792, 40.790005974241332 ], [ 29.509165700335451, 40.790067162477797 ] ] ] ] } },
{ "type": "Feature", "properties": { "fid": 49, "lanelet_id": 45, "spd_limit": null, "reward": 0, "lanelet_type": "lane_follow", "pre_id": null, "next_id": null, "adjcnt_id": null, "center_b_id": "80" }, "geometry": { "type": "MultiPolygon", "coordinates": [ [ [ [ 29.509175855318372, 40.790126267653974 ], [ 29.509198444820388, 40.790106138394755 ], [ 29.509253464795595, 40.790141476427607 ], [ 29.509229086026092, 40.790160934711523 ], [ 29.509229086026092, 40.790160934711523 ], [ 29.509175855318372, 40.790126267653974 ] ] ] ] } },
{ "type": "Feature", "properties": { "fid": 50, "lanelet_id": 46, "spd_limit": null, "reward": 0, "lanelet_type": "lane_follow", "pre_id": null, "next_id": null, "adjcnt_id": null, "center_b_id": "79" }, "geometry": { "type": "MultiPolygon", "coordinates": [ [ [ [ 29.509153265816355, 40.790146396913194 ], [ 29.509175855318372, 40.790126267653974 ], [ 29.509229086026092, 40.790160934711523 ], [ 29.50920470725659, 40.790180392995438 ], [ 29.509153265816355, 40.790146396913194 ] ] ] ] } },
{ "type": "Feature", "properties": { "fid": 51, "lanelet_id": 47, "spd_limit": null, "reward": 0, "lanelet_type": "lane_follow", "pre_id": null, "next_id": null, "adjcnt_id": null, "center_b_id": "276" }, "geometry": { "type": "MultiPolygon", "coordinates": [ [ [ [ 29.508893467992326, 40.790067381294897 ], [ 29.508901926378513, 40.790068461088879 ], [ 29.509005203931849, 40.790138792526378 ], [ 29.509025445020281, 40.790118998754821 ], [ 29.508915333820461, 40.790041826170651 ], [ 29.508893467992326, 40.790067381294897 ] ] ] ] } },
{ "type": "Feature", "properties": { "fid": 52, "lanelet_id": 48, "spd_limit": null, "reward": 0, "lanelet_type": "lane_follow", "pre_id": null, "next_id": null, "adjcnt_id": null, "center_b_id": "275" }, "geometry": { "type": "MultiPolygon", "coordinates": [ [ [ [ 29.508915333820461, 40.790041826170651 ], [ 29.50893539999198, 40.790018520617203 ], [ 29.509048593668396, 40.790096297423574 ], [ 29.509025445020281, 40.790118998754821 ], [ 29.508915333820461, 40.790041826170651 ] ] ] ] } },
{ "type": "Feature", "properties": { "fid": 53, "lanelet_id": 49, "spd_limit": null, "reward": 0, "lanelet_type": "lane_follow", "pre_id": null, "next_id": null, "adjcnt_id": null, "center_b_id": "270" }, "geometry": { "type": "MultiPolygon", "coordinates": [ [ [ [ 29.508888248988086, 40.789974608995252 ], [ 29.508911824490035, 40.789996564806231 ], [ 29.509016529801581, 40.789907641166465 ], [ 29.508988309897113, 40.789882466575428 ], [ 29.508984710583839, 40.789894344309239 ], [ 29.508895807545962, 40.789971369613305 ], [ 29.508888248988086, 40.789974608995252 ] ] ] ] } },
{ "type": "Feature", "properties": { "fid": 54, "lanelet_id": 50, "spd_limit": null, "reward": 0, "lanelet_type": "lane_follow", "pre_id": null, "next_id": null, "adjcnt_id": null, "center_b_id": "271" }, "geometry": { "type": "MultiPolygon", "coordinates": [ [ [ [ 29.508911824490035, 40.789996564806231 ], [ 29.50893539999198, 40.790018520617203 ], [ 29.509038340351626, 40.789927098060033 ], [ 29.509016529801581, 40.789907641166465 ], [ 29.508911824490035, 40.789996564806231 ] ] ] ] } },
{ "type": "Feature", "properties": { "fid": 55, "lanelet_id": 51, "spd_limit": null, "reward": 0, "lanelet_type": "lane_follow", "pre_id": null, "next_id": null, "adjcnt_id": null, "center_b_id": "24" }, "geometry": { "type": "MultiPolygon", "coordinates": [ [ [ [ 29.509150473769701, 40.789921946156241 ], [ 29.509213071873361, 40.789967061906623 ], [ 29.509235347775114, 40.789945631925193 ], [ 29.509172467698015, 40.789900234201369 ], [ 29.509150473769701, 40.789921946156241 ] ] ] ] } },
{ "type": "Feature", "properties": { "fid": 56, "lanelet_id": 52, "spd_limit": null, "reward": 0, "lanelet_type": "lane_follow", "pre_id": null, "next_id": null, "adjcnt_id": null, "center_b_id": "25" }, "geometry": { "type": "MultiPolygon", "coordinates": [ [ [ [ 29.509172467698015, 40.789900234201369 ], [ 29.509194461626326, 40.789878522246489 ], [ 29.509257623676866, 40.789924201943755 ], [ 29.509235347775114, 40.789945631925193 ], [ 29.509172467698015, 40.789900234201369 ] ] ] ] } },
{ "type": "Feature", "properties": { "fid": 57, "lanelet_id": 53, "spd_limit": null, "reward": 0, "lanelet_type": "lane_follow", "pre_id": null, "next_id": null, "adjcnt_id": null, "center_b_id": "217" }, "geometry": { "type": "MultiPolygon", "coordinates": [ [ [ [ 29.508736867870709, 40.789954332863864 ], [ 29.508757983841921, 40.789935136526395 ], [ 29.50884388745208, 40.789992245630359 ], [ 29.508823251389305, 40.790011921876257 ], [ 29.508736867870709, 40.789954332863864 ] ] ] ] } },
{ "type": "Feature", "properties": { "fid": 58, "lanelet_id": 54, "spd_limit": null, "reward": 0, "lanelet_type": "tunnel", "pre_id": null, "next_id": null, "adjcnt_id": null, "center_b_id": "69" }, "geometry": { "type": "MultiPolygon", "coordinates": [ [ [ [ 29.508748891364416, 40.789869955086544 ], [ 29.508775730376712, 40.789886953127663 ], [ 29.508902768368252, 40.789780044395343 ], [ 29.508876823989699, 40.789760586111427 ], [ 29.508748891364416, 40.789869955086544 ] ] ] ] } },
{ "type": "Feature", "properties": { "fid": 59, "lanelet_id": 55, "spd_limit": null, "reward": 0, "lanelet_type": "lane_follow", "pre_id": null, "next_id": null, "adjcnt_id": null, "center_b_id": "313" }, "geometry": { "type": "MultiPolygon", "coordinates": [ [ [ [ 29.508934700714306, 40.789775920225736 ], [ 29.508974753725575, 40.789802480283491 ], [ 29.508995005334725, 40.789782528743544 ], [ 29.508956943535431, 40.7897542911195 ], [ 29.508934700714306, 40.789775920225736 ] ] ] ] } },
{ "type": "Feature", "properties": { "fid": 60, "lanelet_id": 56, "spd_limit": null, "reward": 0, "lanelet_type": "lane_follow", "pre_id": null, "next_id": null, "adjcnt_id": null, "center_b_id": "312" }, "geometry": { "type": "MultiPolygon", "coordinates": [ [ [ [ 29.508956943535431, 40.7897542911195 ], [ 29.508995005334725, 40.789782528743544 ], [ 29.509016575413607, 40.789759871784369 ], [ 29.508979186356555, 40.789732662013265 ], [ 29.508956943535431, 40.7897542911195 ] ] ] ] } },
{ "type": "Feature", "properties": { "fid": 61, "lanelet_id": 57, "spd_limit": null, "reward": 0, "lanelet_type": "lane_follow", "pre_id": null, "next_id": null, "adjcnt_id": null, "center_b_id": "64" }, "geometry": { "type": "MultiPolygon", "coordinates": [ [ [ [ 29.508926476162451, 40.789675819564252 ], [ 29.508982390771404, 40.78962795665899 ], [ 29.509006993199343, 40.789646296650723 ], [ 29.508951302248825, 40.789694606872857 ], [ 29.508926476162451, 40.789675819564252 ] ] ] ] } },
{ "type": "Feature", "properties": { "fid": 62, "lanelet_id": 58, "spd_limit": null, "reward": 0, "lanelet_type": "lane_follow", "pre_id": null, "next_id": null, "adjcnt_id": null, "center_b_id": "65" }, "geometry": { "type": "MultiPolygon", "coordinates": [ [ [ [ 29.508951302248825, 40.789694606872857 ], [ 29.508976128335199, 40.789713394181469 ], [ 29.509031595627281, 40.789664636642456 ], [ 29.509006993199343, 40.789646296650723 ], [ 29.508951302248825, 40.789694606872857 ] ] ] ] } },
{ "type": "Feature", "properties": { "fid": 63, "lanelet_id": 59, "spd_limit": null, "reward": 0, "lanelet_type": "lane_follow", "pre_id": null, "next_id": null, "adjcnt_id": null, "center_b_id": "212" }, "geometry": { "type": "MultiPolygon", "coordinates": [ [ [ [ 29.50865048435211, 40.789898663485204 ], [ 29.508643436444107, 40.789890676664633 ], [ 29.508602013600008, 40.789863630169329 ], [ 29.508625289159184, 40.789842754152332 ], [ 29.508673519957071, 40.789877547513996 ], [ 29.50865048435211, 40.789898663485204 ] ] ] ] } },
{ "type": "Feature", "properties": { "fid": 64, "lanelet_id": 60, "spd_limit": null, "reward": 0, "lanelet_type": "lane_follow", "pre_id": null, "next_id": null, "adjcnt_id": null, "center_b_id": "211" }, "geometry": { "type": "MultiPolygon", "coordinates": [ [ [ [ 29.508673519957071, 40.789877547513996 ], [ 29.508696555562029, 40.789856431542781 ], [ 29.508648564718364, 40.789821878135342 ], [ 29.508625289159184, 40.789842754152332 ], [ 29.508673519957071, 40.789877547513996 ] ] ] ] } },
{ "type": "Feature", "properties": { "fid": 65, "lanelet_id": 61, "spd_limit": null, "reward": 0, "lanelet_type": "lane_follow", "pre_id": null, "next_id": null, "adjcnt_id": null, "center_b_id": "241" }, "geometry": { "type": "MultiPolygon", "coordinates": [ [ [ [ 29.508602013600008, 40.789863630169329 ], [ 29.508590345335726, 40.789845859637531 ], [ 29.508590345335726, 40.789845859637531 ], [ 29.508587636611619, 40.789830211248074 ], [ 29.508587636611619, 40.789830211248074 ], [ 29.508593195282479, 40.789821818146784 ], [ 29.508593195282479, 40.789821818146784 ], [ 29.508592692869261, 40.789820466575357 ], [ 29.50862766849221, 40.789784070247187 ], [ 29.50862766849221, 40.789784070247187 ], [ 29.508650928969534, 40.789803304872663 ], [ 29.508650928969534, 40.789803304872663 ], [ 29.508650736032529, 40.789803550781741 ], [ 29.50865054739738, 40.78980380000602 ], [ 29.508650363121035, 40.789804052470252 ], [ 29.508650183259135, 40.789804308098219 ], [ 29.508650007865985, 40.789804566812741 ], [ 29.508649836994536, 40.789804828535701 ], [ 29.508649670696382, 40.789805093188086 ], [ 29.508649509021726, 40.789805360689982 ], [ 29.508649352019386, 40.789805630960636 ], [ 29.508649199736766, 40.789805903918442 ], [ 29.508649052219837, 40.789806179480991 ], [ 29.508648909513141, 40.789806457565078 ], [ 29.508648771659768, 40.789806738086746 ], [ 29.508648638701331, 40.789807020961305 ], [ 29.508648510677979, 40.789807306103349 ], [ 29.508648387628366, 40.789807593426772 ], [ 29.508648269589639, 40.789807882844848 ], [ 29.508648156597435, 40.789808174270178 ], [ 29.508648048685874, 40.789808467614776 ], [ 29.508647945887535, 40.789808762790088 ], [ 29.508647848233455, 40.789809059706975 ], [ 29.508647755753117, 40.789809358275811 ], [ 29.508647668474445, 40.78980965840644 ], [ 29.508647586423788, 40.789809960008249 ], [ 29.508647509625916, 40.789810262990173 ], [ 29.508647438104024, 40.789810567260744 ], [ 29.5086473718797, 40.78981087272809 ], [ 29.50864731097294, 40.789811179299981 ], [ 29.508647255402131, 40.78981148688387 ], [ 29.508647205184054, 40.789811795386875 ], [ 29.508647160333872, 40.789812104715864 ], [ 29.508647120865124, 40.789812414777437 ], [ 29.508647086789725, 40.789812725477979 ], [ 29.508647058117969, 40.789813036723686 ], [ 29.508647034858505, 40.789813348420587 ], [ 29.508647017018358, 40.789813660474572 ], [ 29.508647004602917, 40.789813972791428 ], [ 29.50864699761593, 40.789814285276854 ], [ 29.508646996059504, 40.789814597836511 ], [ 29.508646999934111, 40.789814910376023 ], [ 29.50864700923858, 40.789815222801039 ], [ 29.508647023970099, 40.789815535017219 ], [ 29.508647044124228, 40.789815846930303 ], [ 29.508647069694877, 40.789816158446115 ], [ 29.508647100674324, 40.789816469470608 ], [ 29.50864713705322, 40.78981677990987 ], [ 29.508647178820578, 40.78981708967018 ], [ 29.508647225963788, 40.789817398658009 ], [ 29.508647278468619, 40.78981770678007 ], [ 29.508647336319214, 40.789818013943325 ], [ 29.508647399498113, 40.789818320055055 ], [ 29.508647467986236, 40.789818625022818 ], [ 29.508647541762905, 40.789818928754549 ], [ 29.508647620805849, 40.789819231158539 ], [ 29.508647705091199, 40.78981953214349 ], [ 29.508647794593511, 40.789819831618523 ], [ 29.508647889285758, 40.789820129493229 ], [ 29.508647989139355, 40.789820425677661 ], [ 29.508648094124155, 40.789820720082403 ], [ 29.508648204208452, 40.789821012618575 ], [ 29.508648319359018, 40.789821303197833 ], [ 29.508648439541084, 40.789821591732462 ], [ 29.508648564718364, 40.789821878135342 ], [ 29.508602013600008, 40.789863630169329 ] ] ] ] } },
{ "type": "Feature", "properties": { "fid": 66, "lanelet_id": 62, "spd_limit": null, "reward": 0, "lanelet_type": "lane_follow", "pre_id": null, "next_id": null, "adjcnt_id": null, "center_b_id": "239" }, "geometry": { "type": "MultiPolygon", "coordinates": [ [ [ [ 29.508625289159184, 40.789842754152332 ], [ 29.508624801183082, 40.789842326430232 ], [ 29.508624320684959, 40.789841890324247 ], [ 29.508623847808842, 40.789841445965109 ], [ 29.508623382696463, 40.789840993485996 ], [ 29.508622925487241, 40.789840533022534 ], [ 29.508622476318216, 40.789840064712742 ], [ 29.50862203532402, 40.789839588696999 ], [ 29.508621602636836, 40.78983910511797 ], [ 29.508621178386356, 40.789838614120619 ], [ 29.508620762699746, 40.789838115852099 ], [ 29.508620355701602, 40.789837610461774 ], [ 29.508619957513918, 40.789837098101117 ], [ 29.508619568256041, 40.789836578923712 ], [ 29.508619188044651, 40.789836053085175 ], [ 29.508618816993714, 40.789835520743111 ], [ 29.508618455214439, 40.789834982057087 ], [ 29.508618102815273, 40.789834437188574 ], [ 29.508617759901842, 40.789833886300876 ], [ 29.508617426576926, 40.78983332955913 ], [ 29.508617102940438, 40.789832767130207 ], [ 29.508616789089384, 40.789832199182683 ], [ 29.508616485117837, 40.789831625886798 ], [ 29.508616191116907, 40.789831047414395 ], [ 29.508615907174722, 40.789830463938856 ], [ 29.508615633376383, 40.789829875635071 ], [ 29.508615369803966, 40.789829282679378 ], [ 29.508615116536465, 40.78982868524951 ], [ 29.508614873649801, 40.78982808352454 ], [ 29.508614641216774, 40.789827477684824 ], [ 29.508614419307047, 40.789826867911962 ], [ 29.508614207987144, 40.789826254388714 ], [ 29.5086140073204, 40.789825637298989 ], [ 29.508613817366967, 40.789825016827749 ], [ 29.508613638183775, 40.789824393160963 ], [ 29.508613469824535, 40.789823766485583 ], [ 29.508613312339712, 40.789823136989433 ], [ 29.508613165776509, 40.789822504861199 ], [ 29.508613030178854, 40.789821870290361 ], [ 29.508612905587395, 40.789821233467123 ], [ 29.508612792039475, 40.789820594582359 ], [ 29.508612689569127, 40.789819953827568 ], [ 29.508612598207069, 40.789819311394808 ], [ 29.50861251798068, 40.789818667476652 ], [ 29.508612448914015, 40.78981802226609 ], [ 29.508612391027768, 40.789817375956524 ], [ 29.508612344339291, 40.789816728741677 ], [ 29.508612308862581, 40.789816080815541 ], [ 29.508612284608272, 40.789815432372329 ], [ 29.508612271583633, 40.789814783606403 ], [ 29.508612269792568, 40.789814134712216 ], [ 29.508612279235614, 40.789813485884274 ], [ 29.508612299909938, 40.789812837317044 ], [ 29.508612331809346, 40.789812189204945 ], [ 29.508612374924276, 40.789811541742225 ], [ 29.508612429241804, 40.789810895122955 ], [ 29.508612494745648, 40.789810249540956 ], [ 29.50861257141618, 40.789809605189731 ], [ 29.508612659230412, 40.789808962262413 ], [ 29.508612758162023, 40.789808320951714 ], [ 29.508612868181366, 40.789807681449865 ], [ 29.508612989255457, 40.789807043948542 ], [ 29.508613121348009, 40.789806408638832 ], [ 29.508613264419431, 40.789805775711159 ], [ 29.508613418426833, 40.789805145355231 ], [ 29.508613583324056, 40.789804517759997 ], [ 29.508613759061678, 40.789803893113572 ], [ 29.508613945587015, 40.789803271603176 ], [ 29.50861414284417, 40.789802653415109 ], [ 29.508614350774007, 40.789802038734663 ], [ 29.508614569314208, 40.78980142774607 ], [ 29.508614798399265, 40.789800820632486 ], [ 29.508615037960514, 40.789800217575873 ], [ 29.508615287926151, 40.789799618756987 ], [ 29.508615548221247, 40.789799024355332 ], [ 29.508615818767787, 40.789798434549056 ], [ 29.508616099484673, 40.789797849514954 ], [ 29.50861639028777, 40.789797269428377 ], [ 29.508616691089909, 40.789796694463213 ], [ 29.508617001800925, 40.789796124791785 ], [ 29.508617322327694, 40.789795560584849 ], [ 29.508617652574138, 40.789795002011523 ], [ 29.50861799244127, 40.789794449239231 ], [ 29.508618341827216, 40.789793902433665 ], [ 29.508618700627256, 40.789793361758711 ], [ 29.508619068733843, 40.789792827376438 ], [ 29.50861944603664, 40.789792299447022 ], [ 29.508619832422561, 40.789791778128702 ], [ 29.508620227775783, 40.789791263577726 ], [ 29.508620631977809, 40.789790755948339 ], [ 29.508621044907482, 40.789790255392695 ], [ 29.508621466441031, 40.789789762060821 ], [ 29.508621896452112, 40.789789276100592 ], [ 29.508622334811829, 40.789788797657671 ], [ 29.508622781388791, 40.78978832687546 ], [ 29.508623236049139, 40.789787863895071 ], [ 29.508623698656599, 40.789787408855283 ], [ 29.508624169072508, 40.789786961892482 ], [ 29.508624647155862, 40.789786523140641 ], [ 29.508625132763367, 40.789786092731276 ], [ 29.508625625749463, 40.789785670793385 ], [ 29.508626125966387, 40.789785257453453 ], [ 29.508626633264203, 40.789784852835361 ], [ 29.508627147490852, 40.789784457060392 ], [ 29.50862766849221, 40.789784070247187 ], [ 29.508650928969534, 40.789803304872663 ], [ 29.508650928969534, 40.789803304872663 ], [ 29.508650736032532, 40.789803550781741 ], [ 29.50865054739738, 40.78980380000602 ], [ 29.508650363121038, 40.789804052470252 ], [ 29.508650183259139, 40.789804308098219 ], [ 29.508650007865985, 40.789804566812741 ], [ 29.508649836994536, 40.789804828535701 ], [ 29.508649670696382, 40.789805093188086 ], [ 29.508649509021726, 40.789805360689982 ], [ 29.508649352019386, 40.789805630960636 ], [ 29.508649199736766, 40.789805903918442 ], [ 29.508649052219837, 40.789806179480991 ], [ 29.508648909513141, 40.789806457565078 ], [ 29.508648771659768, 40.789806738086746 ], [ 29.508648638701331, 40.789807020961305 ], [ 29.508648510677979, 40.789807306103349 ], [ 29.508648387628366, 40.789807593426772 ], [ 29.508648269589639, 40.789807882844848 ], [ 29.508648156597435, 40.789808174270178 ], [ 29.508648048685874, 40.789808467614776 ], [ 29.508647945887535, 40.789808762790088 ], [ 29.508647848233455, 40.789809059706975 ], [ 29.508647755753117, 40.789809358275811 ], [ 29.508647668474445, 40.78980965840644 ], [ 29.508647586423788, 40.789809960008249 ], [ 29.508647509625916, 40.789810262990173 ], [ 29.508647438104024, 40.789810567260744 ], [ 29.5086473718797, 40.78981087272809 ], [ 29.50864731097294, 40.789811179299981 ], [ 29.508647255402131, 40.78981148688387 ], [ 29.508647205184054, 40.789811795386875 ], [ 29.508647160333872, 40.789812104715864 ], [ 29.508647120865124, 40.789812414777437 ], [ 29.508647086789725, 40.789812725477979 ], [ 29.508647058117965, 40.789813036723686 ], [ 29.508647034858505, 40.789813348420587 ], [ 29.508647017018358, 40.789813660474572 ], [ 29.508647004602917, 40.789813972791428 ], [ 29.50864699761593, 40.789814285276854 ], [ 29.508646996059504, 40.789814597836511 ], [ 29.508646999934108, 40.789814910376023 ], [ 29.50864700923858, 40.789815222801039 ], [ 29.508647023970099, 40.789815535017219 ], [ 29.508647044124228, 40.789815846930303 ], [ 29.508647069694874, 40.789816158446115 ], [ 29.508647100674324, 40.789816469470608 ], [ 29.508647137053217, 40.78981677990987 ], [ 29.508647178820578, 40.78981708967018 ], [ 29.508647225963788, 40.789817398658009 ], [ 29.508647278468619, 40.78981770678007 ], [ 29.508647336319214, 40.789818013943325 ], [ 29.508647399498113, 40.789818320055055 ], [ 29.508647467986236, 40.789818625022818 ], [ 29.508647541762905, 40.789818928754549 ], [ 29.508647620805849, 40.789819231158539 ], [ 29.508647705091199, 40.78981953214349 ], [ 29.508647794593511, 40.789819831618523 ], [ 29.508647889285758, 40.789820129493229 ], [ 29.508647989139355, 40.789820425677661 ], [ 29.508648094124155, 40.789820720082403 ], [ 29.508648204208452, 40.789821012618575 ], [ 29.508648319359018, 40.789821303197833 ], [ 29.508648439541084, 40.789821591732462 ], [ 29.508648564718364, 40.789821878135342 ], [ 29.508625289159184, 40.789842754152332 ] ] ] ] } },
{ "type": "Feature", "properties": { "fid": 68, "lanelet_id": 63, "spd_limit": null, "reward": 0, "lanelet_type": "lane_follow", "pre_id": null, "next_id": null, "adjcnt_id": null, "center_b_id": "327" }, "geometry": { "type": "MultiPolygon", "coordinates": [ [ [ [ 29.509163980862262, 40.789778596280641 ], [ 29.509188207070171, 40.789796096766423 ], [ 29.50920777108022, 40.789778524903191 ], [ 29.509184205689905, 40.789760538284575 ], [ 29.509163980862262, 40.789778596280641 ] ] ] ] } },
{ "type": "Feature", "properties": { "fid": 69, "lanelet_id": 64, "spd_limit": null, "reward": 0, "lanelet_type": "lane_follow", "pre_id": null, "next_id": null, "adjcnt_id": null, "center_b_id": "326" }, "geometry": { "type": "MultiPolygon", "coordinates": [ [ [ [ 29.509136621127539, 40.789758929772134 ], [ 29.509163980862262, 40.789778596280641 ], [ 29.509184205689905, 40.789760538284575 ], [ 29.509159287885279, 40.789741658728943 ], [ 29.509146217181847, 40.78975380792604 ], [ 29.509136621127539, 40.789758929772134 ] ] ] ] } },
{ "type": "Feature", "properties": { "fid": 70, "lanelet_id": 65, "spd_limit": null, "reward": 0, "lanelet_type": "lane_follow", "pre_id": null, "next_id": null, "adjcnt_id": null, "center_b_id": "188" }, "geometry": { "type": "MultiPolygon", "coordinates": [ [ [ [ 29.508807166381242, 40.789687084983292 ], [ 29.508827810519456, 40.789668547389795 ], [ 29.508873881729372, 40.789700461300839 ], [ 29.508852503823299, 40.789720702084246 ], [ 29.508807166381242, 40.789687084983292 ] ] ] ] } },
{ "type": "Feature", "properties": { "fid": 71, "lanelet_id": 66, "spd_limit": null, "reward": 0, "lanelet_type": "lane_follow", "pre_id": null, "next_id": null, "adjcnt_id": null, "center_b_id": "189" }, "geometry": { "type": "MultiPolygon", "coordinates": [ [ [ [ 29.508827810519456, 40.789668547389795 ], [ 29.50885132603285, 40.789647431418587 ], [ 29.508896437425896, 40.789679105375406 ], [ 29.508873881729372, 40.789700461300839 ], [ 29.508827810519456, 40.789668547389795 ] ] ] ] } },
{ "type": "Feature", "properties": { "fid": 72, "lanelet_id": 67, "spd_limit": null, "reward": 0, "lanelet_type": "lane_follow", "pre_id": null, "next_id": null, "adjcnt_id": null, "center_b_id": "139" }, "geometry": { "type": "MultiPolygon", "coordinates": [ [ [ [ 29.508493569285712, 40.789960130284292 ], [ 29.508543589880372, 40.789994673654597 ], [ 29.508565123409912, 40.789973140125056 ], [ 29.508514878507651, 40.789938596754752 ], [ 29.508493569285712, 40.789960130284292 ] ] ] ] } },
{ "type": "Feature", "properties": { "fid": 73, "lanelet_id": 68, "spd_limit": null, "reward": 0, "lanelet_type": "tunnel", "pre_id": null, "next_id": null, "adjcnt_id": null, "center_b_id": "70" }, "geometry": { "type": "MultiPolygon", "coordinates": [ [ [ [ 29.50872205235212, 40.789852957045419 ], [ 29.508748891364416, 40.789869955086544 ], [ 29.508876823989699, 40.789760586111427 ], [ 29.508850879611146, 40.789741127827519 ], [ 29.50872205235212, 40.789852957045419 ] ] ] ] } },
{ "type": "Feature", "properties": { "fid": 74, "lanelet_id": 69, "spd_limit": null, "reward": 0, "lanelet_type": "lane_follow", "pre_id": null, "next_id": null, "adjcnt_id": null, "center_b_id": "119" }, "geometry": { "type": "MultiPolygon", "coordinates": [ [ [ [ 29.508943910674049, 40.79021768074638 ], [ 29.508970102273729, 40.790238654895923 ], [ 29.509032266602581, 40.790181958604492 ], [ 29.509008782466822, 40.790162947637448 ], [ 29.508943910674049, 40.79021768074638 ] ] ] ] } },
{ "type": "Feature", "properties": { "fid": 75, "lanelet_id": 70, "spd_limit": null, "reward": 0, "lanelet_type": "lane_follow", "pre_id": null, "next_id": null, "adjcnt_id": null, "center_b_id": "120" }, "geometry": { "type": "MultiPolygon", "coordinates": [ [ [ [ 29.508970102273729, 40.790238654895923 ], [ 29.508992328611296, 40.790256081179372 ], [ 29.509055750738341, 40.790200969571536 ], [ 29.509032266602581, 40.790181958604492 ], [ 29.508970102273729, 40.790238654895923 ] ] ] ] } },
{ "type": "Feature", "properties": { "fid": 76, "lanelet_id": 71, "spd_limit": null, "reward": 0, "lanelet_type": "lane_follow", "pre_id": null, "next_id": null, "adjcnt_id": null, "center_b_id": "418" }, "geometry": { "type": "MultiPolygon", "coordinates": [ [ [ [ 29.508682241150549, 40.789694606872864 ], [ 29.508704383335694, 40.789714736132083 ], [ 29.508753184091809, 40.789672519833744 ], [ 29.508731345029176, 40.789650933216315 ], [ 29.508682241150549, 40.789694606872864 ] ] ] ] } },
{ "type": "Feature", "properties": { "fid": 77, "lanelet_id": 72, "spd_limit": null, "reward": 0, "lanelet_type": "lane_follow", "pre_id": null, "next_id": null, "adjcnt_id": null, "center_b_id": "416" }, "geometry": { "type": "MultiPolygon", "coordinates": [ [ [ [ 29.508704383335694, 40.789714736132083 ], [ 29.508726525520839, 40.78973486539131 ], [ 29.508774399415316, 40.789693489922051 ], [ 29.508753184091809, 40.789672519833744 ], [ 29.508704383335694, 40.789714736132083 ] ] ] ] } },
{ "type": "Feature", "properties": { "fid": 78, "lanelet_id": 73, "spd_limit": null, "reward": 0, "lanelet_type": "intersection", "pre_id": null, "next_id": null, "adjcnt_id": null, "center_b_id": "154" }, "geometry": { "type": "MultiPolygon", "coordinates": [ [ [ [ 29.50859434382453, 40.790065103944301 ], [ 29.508617429691032, 40.790043547390823 ], [ 29.508617429691032, 40.790043547390823 ], [ 29.508616925201796, 40.790042713214604 ], [ 29.50861643523125, 40.790041870428624 ], [ 29.508615959926296, 40.790041019285539 ], [ 29.508615499429428, 40.790040160040526 ], [ 29.508615053878707, 40.790039292951199 ], [ 29.508614623407706, 40.790038418277504 ], [ 29.508614208145485, 40.79003753628168 ], [ 29.508613808216538, 40.790036647228142 ], [ 29.508613423740769, 40.790035751383442 ], [ 29.50861305483344, 40.790034849016145 ], [ 29.508612701605156, 40.790033940396796 ], [ 29.508612364161813, 40.79003302579779 ], [ 29.508612042604575, 40.790032105493331 ], [ 29.508611737029852, 40.790031179759332 ], [ 29.508611447529251, 40.790030248873329 ], [ 29.508611174189568, 40.790029313114402 ], [ 29.508610917092749, 40.790028372763096 ], [ 29.508610676315875, 40.790027428101332 ], [ 29.50861045193113, 40.790026479412326 ], [ 29.508610244005784, 40.790025526980486 ], [ 29.508610052602172, 40.790024571091365 ], [ 29.508609877777687, 40.79002361203154 ], [ 29.508609719584729, 40.790022650088538 ], [ 29.508609578070736, 40.790021685550755 ], [ 29.508609453278126, 40.790020718707353 ], [ 29.508609345244317, 40.790019749848213 ], [ 29.508609254001694, 40.790018779263782 ], [ 29.508609179577618, 40.79001780724505 ], [ 29.508609121994393, 40.790016834083438 ], [ 29.508609081269292, 40.790015860070703 ], [ 29.508609057414517, 40.790014885498849 ], [ 29.508609050437222, 40.790013910660058 ], [ 29.508609060339502, 40.79001293584659 ], [ 29.508609087118383, 40.7900119613507 ], [ 29.508609130765841, 40.790010987464541 ], [ 29.508609191268789, 40.790010014480089 ], [ 29.508609268609089, 40.790009042689043 ], [ 29.508609362763551, 40.790008072382761 ], [ 29.508609473703945, 40.790007103852133 ], [ 29.508609601397019, 40.790006137387529 ], [ 29.508609745804488, 40.790005173278701 ], [ 29.508609906883052, 40.790004211814683 ], [ 29.508610084584426, 40.790003253283743 ], [ 29.508610278855329, 40.790002297973231 ], [ 29.508610489637523, 40.790001346169568 ], [ 29.508610716867814, 40.790000398158099 ], [ 29.508610960478073, 40.789999454223043 ], [ 29.508611220395274, 40.789998514647394 ], [ 29.508611496541484, 40.789997579712839 ], [ 29.508611788833914, 40.789996649699674 ], [ 29.50861209718494, 40.789995724886722 ], [ 29.508612421502114, 40.789994805551245 ], [ 29.508612761688205, 40.789993891968862 ], [ 29.508613117641225, 40.789992984413459 ], [ 29.508613489254454, 40.789992083157138 ], [ 29.508613876416486, 40.789991188470097 ], [ 29.508614279011251, 40.789990300620552 ], [ 29.508614696918041, 40.789989419874694 ], [ 29.508615130011574, 40.789988546496573 ], [ 29.508615578162004, 40.789987680748027 ], [ 29.508616041234973, 40.789986822888615 ], [ 29.50859159170664, 40.789969551203463 ], [ 29.50859159170664, 40.789969551203463 ], [ 29.508590802315677, 40.789970709816401 ], [ 29.508590033218539, 40.789971881998831 ], [ 29.508589284648437, 40.789973067395323 ], [ 29.508588556832336, 40.78997426564645 ], [ 29.508587849990928, 40.789975476388896 ], [ 29.508587164338532, 40.789976699255547 ], [ 29.508586500083048, 40.789977933875605 ], [ 29.508585857425885, 40.789979179874727 ], [ 29.508585236561903, 40.789980436875112 ], [ 29.508584637679359, 40.789981704495617 ], [ 29.508584060959837, 40.78998298235188 ], [ 29.508583506578212, 40.789984270056451 ], [ 29.508582974702577, 40.789985567218871 ], [ 29.5085824654942, 40.789986873445834 ], [ 29.508581979107479, 40.789988188341269 ], [ 29.508581515689897, 40.789989511506484 ], [ 29.508581075381969, 40.789990842540284 ], [ 29.508580658317193, 40.789992181039075 ], [ 29.508580264622037, 40.789993526597016 ], [ 29.50857989441587, 40.789994878806112 ], [ 29.508579547810946, 40.789996237256354 ], [ 29.508579224912356, 40.789997601535852 ], [ 29.508578925818011, 40.789998971230936 ], [ 29.508578650618595, 40.790000345926295 ], [ 29.508578399397557, 40.790001725205101 ], [ 29.508578172231065, 40.790003108649145 ], [ 29.508577969188003, 40.790004495838957 ], [ 29.508577790329937, 40.79000588635391 ], [ 29.508577635711095, 40.790007279772389 ], [ 29.508577505378362, 40.790008675671892 ], [ 29.508577399371259, 40.790010073629162 ], [ 29.508577317721919, 40.790011473220332 ], [ 29.508577260455109, 40.790012874021016 ], [ 29.508577227588191, 40.790014275606474 ], [ 29.508577219131126, 40.790015677551743 ], [ 29.508577235086481, 40.790017079431721 ], [ 29.508577275449422, 40.790018480821338 ], [ 29.508577340207705, 40.790019881295692 ], [ 29.508577429341695, 40.790021280430132 ], [ 29.508577542824369, 40.790022677800422 ], [ 29.508577680621315, 40.79002407298286 ], [ 29.508577842690752, 40.790025465554422 ], [ 29.508578028983539, 40.790026855092847 ], [ 29.508578239443189, 40.79002824117682 ], [ 29.508578474005887, 40.790029623386062 ], [ 29.508578732600512, 40.790031001301465 ], [ 29.508579015148655, 40.790032374505238 ], [ 29.508579321564646, 40.790033742580995 ], [ 29.508579651755571, 40.79003510511393 ], [ 29.508580005621315, 40.790036461690903 ], [ 29.508580383054582, 40.790037811900575 ], [ 29.508580783940928, 40.79003915533356 ], [ 29.508581208158802, 40.790040491582509 ], [ 29.508581655579572, 40.790041820242244 ], [ 29.50858212606758, 40.790043140909908 ], [ 29.508582619480162, 40.790044453185061 ], [ 29.50858313566771, 40.790045756669791 ], [ 29.508583674473712, 40.790047050968887 ], [ 29.508584235734798, 40.790048335689882 ], [ 29.508584819280781, 40.790049610443241 ], [ 29.508585424934729, 40.790050874842443 ], [ 29.508586052512992, 40.790052128504108 ], [ 29.508586701825287, 40.790053371048103 ], [ 29.508587372674732, 40.790054602097683 ], [ 29.508588064857918, 40.790055821279573 ], [ 29.508588778164967, 40.790057028224105 ], [ 29.508589512379594, 40.790058222565314 ], [ 29.508590267279178, 40.790059403941065 ], [ 29.508591042634823, 40.790060571993145 ], [ 29.50859183821143, 40.790061726367398 ], [ 29.508592653767771, 40.790062866713789 ], [ 29.508593489056562, 40.790063992686562 ], [ 29.50859434382453, 40.790065103944301 ] ] ] ] } },
{ "type": "Feature", "properties": { "fid": 79, "lanelet_id": 74, "spd_limit": null, "reward": 0, "lanelet_type": "intersection", "pre_id": null, "next_id": null, "adjcnt_id": null, "center_b_id": "152" }, "geometry": { "type": "MultiPolygon", "coordinates": [ [ [ [ 29.508617429691032, 40.790043547390823 ], [ 29.508639711060997, 40.790022493748367 ], [ 29.508639711060997, 40.790022493748367 ], [ 29.508639573160668, 40.790022087839994 ], [ 29.508639442262979, 40.790021679619592 ], [ 29.508639318406658, 40.790021269207948 ], [ 29.508639201628363, 40.790020856726507 ], [ 29.508639091962642, 40.79002044229734 ], [ 29.508638989441952, 40.790020026043074 ], [ 29.508638894096631, 40.790019608086887 ], [ 29.508638805954888, 40.790019188552449 ], [ 29.508638725042811, 40.790018767563922 ], [ 29.508638651384342, 40.790018345245876 ], [ 29.508638585001272, 40.790017921723269 ], [ 29.508638525913252, 40.790017497121447 ], [ 29.508638474137761, 40.790017071566034 ], [ 29.508638429690123, 40.79001664518298 ], [ 29.508638392583492, 40.790016218098437 ], [ 29.508638362828844, 40.790015790438801 ], [ 29.508638340434988, 40.790015362330607 ], [ 29.508638325408551, 40.790014933900551 ], [ 29.508638317753977, 40.790014505275408 ], [ 29.50863831747353, 40.790014076582018 ], [ 29.508638324567293, 40.790013647947227 ], [ 29.508638339033173, 40.790013219497872 ], [ 29.508638360866883, 40.790012791360752 ], [ 29.508638390061961, 40.790012363662548 ], [ 29.508638426609775, 40.790011936529829 ], [ 29.508638470499506, 40.790011510088981 ], [ 29.508638521718165, 40.790011084466194 ], [ 29.508638580250594, 40.79001065978742 ], [ 29.508638646079479, 40.790010236178325 ], [ 29.508638719185335, 40.790009813764264 ], [ 29.508638799546532, 40.790009392670228 ], [ 29.508638887139288, 40.790008973020839 ], [ 29.508638981937686, 40.790008554940258 ], [ 29.508639083913668, 40.79000813855221 ], [ 29.508639193037066, 40.790007723979912 ], [ 29.50863930927558, 40.790007311346038 ], [ 29.508639432594819, 40.790006900772696 ], [ 29.508639562958294, 40.790006492381373 ], [ 29.508639700327421, 40.790006086292927 ], [ 29.508639844661555, 40.790005682627516 ], [ 29.508639995917989, 40.790005281504591 ], [ 29.508640154051957, 40.790004883042862 ], [ 29.508640319016667, 40.790004487360221 ], [ 29.508640490763305, 40.790004094573767 ], [ 29.508616041234973, 40.789986822888615 ], [ 29.508616041234973, 40.789986822888615 ], [ 29.508615578162004, 40.789987680748027 ], [ 29.508615130011574, 40.789988546496573 ], [ 29.508614696918041, 40.789989419874694 ], [ 29.508614279011248, 40.789990300620552 ], [ 29.508613876416486, 40.789991188470097 ], [ 29.508613489254454, 40.789992083157138 ], [ 29.508613117641222, 40.789992984413459 ], [ 29.508612761688205, 40.789993891968862 ], [ 29.508612421502114, 40.789994805551245 ], [ 29.50861209718494, 40.789995724886722 ], [ 29.508611788833914, 40.789996649699674 ], [ 29.50861149654148, 40.789997579712839 ], [ 29.50861122039527, 40.789998514647394 ], [ 29.508610960478073, 40.789999454223043 ], [ 29.50861071686781, 40.790000398158099 ], [ 29.508610489637523, 40.790001346169568 ], [ 29.508610278855329, 40.790002297973231 ], [ 29.508610084584422, 40.790003253283743 ], [ 29.508609906883052, 40.790004211814683 ], [ 29.508609745804485, 40.790005173278701 ], [ 29.508609601397019, 40.790006137387529 ], [ 29.508609473703945, 40.790007103852133 ], [ 29.508609362763547, 40.790008072382761 ], [ 29.508609268609085, 40.790009042689043 ], [ 29.508609191268789, 40.790010014480089 ], [ 29.508609130765841, 40.790010987464541 ], [ 29.508609087118383, 40.7900119613507 ], [ 29.508609060339499, 40.79001293584659 ], [ 29.508609050437222, 40.790013910660058 ], [ 29.508609057414514, 40.790014885498849 ], [ 29.508609081269288, 40.790015860070703 ], [ 29.508609121994393, 40.790016834083438 ], [ 29.508609179577615, 40.79001780724505 ], [ 29.508609254001694, 40.790018779263782 ], [ 29.508609345244313, 40.790019749848213 ], [ 29.508609453278122, 40.790020718707353 ], [ 29.508609578070732, 40.790021685550755 ], [ 29.508609719584729, 40.790022650088538 ], [ 29.508609877777683, 40.79002361203154 ], [ 29.508610052602172, 40.790024571091365 ], [ 29.50861024400578, 40.790025526980486 ], [ 29.508610451931126, 40.790026479412326 ], [ 29.508610676315872, 40.790027428101332 ], [ 29.508610917092749, 40.790028372763096 ], [ 29.508611174189568, 40.790029313114402 ], [ 29.508611447529251, 40.790030248873329 ], [ 29.508611737029852, 40.790031179759332 ], [ 29.508612042604575, 40.790032105493331 ], [ 29.508612364161809, 40.79003302579779 ], [ 29.508612701605156, 40.790033940396796 ], [ 29.50861305483344, 40.790034849016145 ], [ 29.508613423740766, 40.790035751383442 ], [ 29.508613808216538, 40.790036647228142 ], [ 29.508614208145481, 40.79003753628168 ], [ 29.508614623407706, 40.790038418277504 ], [ 29.508615053878703, 40.790039292951199 ], [ 29.508615499429428, 40.790040160040526 ], [ 29.508615959926296, 40.790041019285539 ], [ 29.50861643523125, 40.790041870428624 ], [ 29.508616925201796, 40.790042713214604 ], [ 29.508617429691032, 40.790043547390823 ] ] ] ] } },
{ "type": "Feature", "properties": { "fid": 80, "lanelet_id": 75, "spd_limit": null, "reward": 0, "lanelet_type": "intersection", "pre_id": null, "next_id": null, "adjcnt_id": null, "center_b_id": "159" }, "geometry": { "type": "MultiPolygon", "coordinates": [ [ [ [ 29.508522056350831, 40.790016207184138 ], [ 29.508543589880372, 40.789994673654597 ], [ 29.508543589880372, 40.789994673654597 ], [ 29.508544367596411, 40.789995217285366 ], [ 29.508545154601038, 40.789995747380047 ], [ 29.508545950658682, 40.789996263779962 ], [ 29.508546755531068, 40.789996766330553 ], [ 29.508547568977278, 40.789997254881385 ], [ 29.508548390753827, 40.789997729286227 ], [ 29.508549220614739, 40.789998189403079 ], [ 29.50855005831162, 40.789998635094214 ], [ 29.508550903593726, 40.78999906622623 ], [ 29.508551756208043, 40.789999482670076 ], [ 29.508552615899362, 40.789999884301103 ], [ 29.508553482410363, 40.790000270999094 ], [ 29.508554355481678, 40.790000642648302 ], [ 29.508555234851972, 40.790000999137483 ], [ 29.508556120258032, 40.790001340359929 ], [ 29.508557011434839, 40.790001666213506 ], [ 29.508557908115638, 40.790001976600678 ], [ 29.508558810032032, 40.790002271428541 ], [ 29.508559716914057, 40.790002550608847 ], [ 29.508560628490265, 40.79000281405802 ], [ 29.508561544487797, 40.79000306169722 ], [ 29.508562464632476, 40.790003293452315 ], [ 29.508563388648877, 40.790003509253928 ], [ 29.508564316260426, 40.790003709037478 ], [ 29.508565247189466, 40.790003892743158 ], [ 29.508566181157345, 40.790004060315979 ], [ 29.508567117884507, 40.790004211705785 ], [ 29.508568057090571, 40.790004346867264 ], [ 29.508568998494404, 40.790004465759957 ], [ 29.508569941814226, 40.790004568348273 ], [ 29.508570886767679, 40.79000465460151 ], [ 29.508571833071919, 40.790004724493848 ], [ 29.508572780443693, 40.790004778004366 ], [ 29.508573728599426, 40.790004815117051 ], [ 29.508574677255321, 40.790004835820788 ], [ 29.508575626127421, 40.79000484010939 ], [ 29.508576574931702, 40.790004827981562 ], [ 29.508577523384172, 40.790004799440936 ], [ 29.508578471200931, 40.790004754496067 ], [ 29.508579418098279, 40.790004693160391 ], [ 29.508580363792785, 40.790004615452276 ], [ 29.508581308001382, 40.790004521394984 ], [ 29.508582250441449, 40.79000441101666 ], [ 29.508583190830887, 40.790004284350353 ], [ 29.50858412888822, 40.790004141433975 ], [ 29.508585064332664, 40.790003982310296 ], [ 29.508585996884218, 40.790003807026956 ], [ 29.508586926263749, 40.790003615636408 ], [ 29.50858785219307, 40.790003408195957 ], [ 29.508588774395029, 40.790003184767684 ], [ 29.508589692593596, 40.790002945418465 ], [ 29.508590606513923, 40.790002690219943 ], [ 29.508591515882461, 40.790002419248509 ], [ 29.508592420427007, 40.790002132585272 ], [ 29.508593319876816, 40.790001830316037 ], [ 29.50859421396266, 40.790001512531276 ], [ 29.508595102416919, 40.790001179326111 ], [ 29.508595984973656, 40.790000830800274 ], [ 29.508596861368702, 40.7900004670581 ], [ 29.508597731339734, 40.790000088208451 ], [ 29.508598594626346, 40.789999694364731 ], [ 29.508599450970138, 40.789999285644825 ], [ 29.508600300114786, 40.789998862171075 ], [ 29.508601141806125, 40.789998424070234 ], [ 29.50860197579221, 40.78999797147344 ], [ 29.508602801823415, 40.789997504516158 ], [ 29.508603619652487, 40.789997023338174 ], [ 29.508604429034634, 40.789996528083499 ], [ 29.508605229727586, 40.789996018900382 ], [ 29.50860602149168, 40.789995495941227 ], [ 29.508606804089919, 40.789994959362581 ], [ 29.508607577288053, 40.78999440932504 ], [ 29.508608340854654, 40.789993845993251 ], [ 29.508609094561159, 40.789993269535834 ], [ 29.508609838181968, 40.78999268012533 ], [ 29.508610571494501, 40.789992077938173 ], [ 29.508611294279262, 40.7899914631546 ], [ 29.5086120063199, 40.789990835958633 ], [ 29.508612707403287, 40.789990196538007 ], [ 29.508613397319575, 40.789989545084119 ], [ 29.508614075862251, 40.789988881791956 ], [ 29.508614742828215, 40.789988206860073 ], [ 29.508615398017827, 40.78998752049047 ], [ 29.508616041234973, 40.789986822888615 ], [ 29.508640490763305, 40.790004094573767 ], [ 29.508640490763305, 40.790004094573767 ], [ 29.508639472853915, 40.79000522460575 ], [ 29.508638435538256, 40.79000633685034 ], [ 29.508637379127105, 40.79000743097432 ], [ 29.508636303936957, 40.790008506649897 ], [ 29.508635210289931, 40.790009563554804 ], [ 29.508634098513674, 40.790010601372394 ], [ 29.508632968941271, 40.790011619791755 ], [ 29.508631821911138, 40.790012618507767 ], [ 29.508630657766911, 40.790013597221218 ], [ 29.508629476857365, 40.790014555638898 ], [ 29.508628279536293, 40.790015493473668 ], [ 29.508627066162404, 40.790016410444558 ], [ 29.50862583709922, 40.790017306276845 ], [ 29.508624592714959, 40.790018180702155 ], [ 29.508623333382435, 40.790019033458499 ], [ 29.508622059478927, 40.790019864290407 ], [ 29.508620771386099, 40.79002067294897 ], [ 29.508619469489851, 40.790021459191912 ], [ 29.508618154180223, 40.790022222783676 ], [ 29.508616825851274, 40.790022963495502 ], [ 29.508615484900965, 40.790023681105474 ], [ 29.508614131731036, 40.790024375398602 ], [ 29.508612766746886, 40.790025046166875 ], [ 29.508611390357462, 40.790025693209337 ], [ 29.508610002975118, 40.790026316332145 ], [ 29.508608605015503, 40.790026915348612 ], [ 29.508607196897444, 40.790027490079268 ], [ 29.508605779042799, 40.790028040351935 ], [ 29.50860435187635, 40.790028566001752 ], [ 29.508602915825669, 40.790029066871242 ], [ 29.508601471320986, 40.790029542810338 ], [ 29.508600018795068, 40.790029993676463 ], [ 29.508598558683083, 40.790030419334528 ], [ 29.50859709142247, 40.790030819657019 ], [ 29.508595617452812, 40.790031194523998 ], [ 29.508594137215702, 40.790031543823154 ], [ 29.508592651154608, 40.790031867449841 ], [ 29.508591159714751, 40.79003216530711 ], [ 29.508589663342949, 40.790032437305712 ], [ 29.508588162487513, 40.790032683364167 ], [ 29.508586657598087, 40.790032903408751 ], [ 29.50858514912553, 40.790033097373545 ], [ 29.508583637521767, 40.790033265200435 ], [ 29.508582123239666, 40.790033406839143 ], [ 29.508580606732899, 40.790033522247235 ], [ 29.5085790884558, 40.790033611390136 ], [ 29.508577568863238, 40.790033674241137 ], [ 29.508576048410472, 40.790033710781408 ], [ 29.508574527553023, 40.790033721 ], [ 29.508573006746527, 40.790033704893865 ], [ 29.508571486446613, 40.790033662467813 ], [ 29.508569967108748, 40.790033593734563 ], [ 29.508568449188122, 40.790033498714699 ], [ 29.508566933139495, 40.790033377436693 ], [ 29.50856541941706, 40.790033229936881 ], [ 29.508563908474322, 40.790033056259446 ], [ 29.508562400763953, 40.790032856456435 ], [ 29.508560896737652, 40.790032630587689 ], [ 29.508559396846017, 40.790032378720895 ], [ 29.508557901538403, 40.790032100931498 ], [ 29.508556411262802, 40.790031797302724 ], [ 29.508554926465685, 40.790031467925544 ], [ 29.50855344759189, 40.790031112898639 ], [ 29.508551975084483, 40.790030732328361 ], [ 29.508550509384612, 40.79003032632874 ], [ 29.508549050931396, 40.790029895021398 ], [ 29.50854760016178, 40.790029438535562 ], [ 29.508546157510402, 40.790028957007991 ], [ 29.508544723409472, 40.790028450582945 ], [ 29.50854329828864, 40.790027919412147 ], [ 29.50854188257486, 40.79002736365473 ], [ 29.508540476692279, 40.790026783477202 ], [ 29.508539081062086, 40.790026179053378 ], [ 29.508537696102401, 40.790025550564337 ], [ 29.508536322228153, 40.790024898198368 ], [ 29.508534959850945, 40.790024222150926 ], [ 29.508533609378937, 40.790023522624537 ], [ 29.508532271216726, 40.79002279982879 ], [ 29.508530945765212, 40.790022053980223 ], [ 29.508529633421496, 40.790021285302281 ], [ 29.508528334578745, 40.790020494025271 ], [ 29.508527049626089, 40.790019680386237 ], [ 29.508525778948488, 40.790018844628953 ], [ 29.508524522926631, 40.790017987003807 ], [ 29.508523281936814, 40.790017107767724 ], [ 29.508522056350831, 40.790016207184138 ] ] ] ] } },
{ "type": "Feature", "properties": { "fid": 81, "lanelet_id": 76, "spd_limit": null, "reward": 0, "lanelet_type": "intersection", "pre_id": null, "next_id": null, "adjcnt_id": null, "center_b_id": "157" }, "geometry": { "type": "MultiPolygon", "coordinates": [ [ [ [ 29.508543589880372, 40.789994673654597 ], [ 29.508565123409912, 40.789973140125056 ], [ 29.508565123409912, 40.789973140125056 ], [ 29.508566699890757, 40.789973138376773 ], [ 29.508568276122357, 40.789973110290454 ], [ 29.508569851664724, 40.789973055873936 ], [ 29.508571426078053, 40.789972975142405 ], [ 29.508572998922855, 40.789972868118404 ], [ 29.508574569760079, 40.789972734831807 ], [ 29.508576138151238, 40.789972575319815 ], [ 29.508577703658528, 40.789972389626953 ], [ 29.508579265844944, 40.789972177805069 ], [ 29.508580824274407, 40.789971939913279 ], [ 29.508582378511903, 40.789971676017998 ], [ 29.508583928123567, 40.789971386192882 ], [ 29.508585472676835, 40.789971070518838 ], [ 29.508587011740559, 40.78997072908399 ], [ 29.508588544885118, 40.789970361983634 ], [ 29.508590071682544, 40.789969969320261 ], [ 29.50859159170664, 40.789969551203463 ], [ 29.508616041234973, 40.789986822888615 ], [ 29.508616041234973, 40.789986822888615 ], [ 29.508615398017827, 40.78998752049047 ], [ 29.508614742828215, 40.789988206860073 ], [ 29.508614075862251, 40.789988881791956 ], [ 29.508613397319575, 40.789989545084119 ], [ 29.508612707403287, 40.789990196538007 ], [ 29.5086120063199, 40.789990835958633 ], [ 29.508611294279262, 40.7899914631546 ], [ 29.508610571494501, 40.789992077938173 ], [ 29.508609838181968, 40.78999268012533 ], [ 29.508609094561159, 40.789993269535834 ], [ 29.508608340854654, 40.789993845993251 ], [ 29.508607577288053, 40.78999440932504 ], [ 29.508606804089919, 40.789994959362581 ], [ 29.50860602149168, 40.789995495941227 ], [ 29.508605229727586, 40.789996018900382 ], [ 29.508604429034634, 40.789996528083499 ], [ 29.508603619652487, 40.789997023338174 ], [ 29.508602801823415, 40.789997504516158 ], [ 29.50860197579221, 40.78999797147344 ], [ 29.508601141806125, 40.789998424070234 ], [ 29.508600300114786, 40.789998862171075 ], [ 29.508599450970138, 40.789999285644825 ], [ 29.508598594626346, 40.789999694364731 ], [ 29.508597731339734, 40.790000088208451 ], [ 29.508596861368702, 40.7900004670581 ], [ 29.508595984973656, 40.790000830800274 ], [ 29.508595102416919, 40.790001179326111 ], [ 29.50859421396266, 40.790001512531276 ], [ 29.508593319876816, 40.790001830316037 ], [ 29.508592420427007, 40.790002132585272 ], [ 29.508591515882461, 40.790002419248509 ], [ 29.508590606513923, 40.790002690219943 ], [ 29.508589692593596, 40.790002945418465 ], [ 29.508588774395029, 40.790003184767684 ], [ 29.50858785219307, 40.790003408195957 ], [ 29.508586926263749, 40.790003615636408 ], [ 29.508585996884218, 40.790003807026956 ], [ 29.508585064332664, 40.790003982310296 ], [ 29.50858412888822, 40.790004141433975 ], [ 29.508583190830887, 40.790004284350353 ], [ 29.508582250441449, 40.79000441101666 ], [ 29.508581308001382, 40.790004521394984 ], [ 29.508580363792785, 40.790004615452276 ], [ 29.508579418098279, 40.790004693160391 ], [ 29.508578471200931, 40.790004754496067 ], [ 29.508577523384172, 40.790004799440936 ], [ 29.508576574931702, 40.790004827981562 ], [ 29.508575626127421, 40.79000484010939 ], [ 29.508574677255321, 40.790004835820788 ], [ 29.508573728599426, 40.790004815117051 ], [ 29.508572780443693, 40.790004778004366 ], [ 29.508571833071919, 40.790004724493848 ], [ 29.508570886767679, 40.79000465460151 ], [ 29.508569941814226, 40.790004568348273 ], [ 29.508568998494404, 40.790004465759957 ], [ 29.508568057090571, 40.790004346867264 ], [ 29.508567117884507, 40.790004211705785 ], [ 29.508566181157345, 40.790004060315979 ], [ 29.508565247189466, 40.790003892743158 ], [ 29.508564316260426, 40.790003709037478 ], [ 29.508563388648877, 40.790003509253928 ], [ 29.508562464632476, 40.790003293452315 ], [ 29.508561544487797, 40.79000306169722 ], [ 29.508560628490265, 40.79000281405802 ], [ 29.508559716914057, 40.790002550608847 ], [ 29.508558810032032, 40.790002271428541 ], [ 29.508557908115638, 40.790001976600678 ], [ 29.508557011434839, 40.790001666213506 ], [ 29.508556120258032, 40.790001340359929 ], [ 29.508555234851972, 40.790000999137483 ], [ 29.508554355481678, 40.790000642648302 ], [ 29.508553482410363, 40.790000270999094 ], [ 29.508552615899362, 40.789999884301103 ], [ 29.508551756208043, 40.789999482670076 ], [ 29.508550903593726, 40.78999906622623 ], [ 29.50855005831162, 40.789998635094214 ], [ 29.508549220614739, 40.789998189403079 ], [ 29.508548390753827, 40.789997729286227 ], [ 29.508547568977278, 40.789997254881385 ], [ 29.508546755531068, 40.789996766330553 ], [ 29.508545950658682, 40.789996263779962 ], [ 29.508545154601038, 40.789995747380047 ], [ 29.508544367596411, 40.789995217285366 ], [ 29.508543589880372, 40.789994673654597 ] ] ] ] } },
{ "type": "Feature", "properties": { "fid": 82, "lanelet_id": 77, "spd_limit": null, "reward": 0, "lanelet_type": "intersection", "pre_id": null, "next_id": null, "adjcnt_id": null, "center_b_id": "265" }, "geometry": { "type": "MultiPolygon", "coordinates": [ [ [ [ 29.508774030497676, 40.790186793441585 ], [ 29.508794900298213, 40.790166341037057 ], [ 29.508794900298213, 40.790166341037057 ], [ 29.508794346923672, 40.79016558485322 ], [ 29.508793806778922, 40.790164819163316 ], [ 29.508793280027223, 40.790164044198775 ], [ 29.508792766827792, 40.79016326019385 ], [ 29.508792267335743, 40.790162467385507 ], [ 29.508791781702055, 40.790161666013368 ], [ 29.508791310073512, 40.790160856319659 ], [ 29.508790852592664, 40.790160038549118 ], [ 29.508790409397793, 40.790159212948922 ], [ 29.508789980622854, 40.790158379768613 ], [ 29.50878956639745, 40.790157539260015 ], [ 29.508789166846778, 40.79015669167719 ], [ 29.50878878209161, 40.790155837276323 ], [ 29.50878841224824, 40.790154976315662 ], [ 29.508788057428454, 40.790154109055436 ], [ 29.508787717739498, 40.790153235757778 ], [ 29.508787393284049, 40.790152356686654 ], [ 29.508787084160172, 40.790151472107766 ], [ 29.508786790461301, 40.790150582288483 ], [ 29.508786512276213, 40.79014968749776 ], [ 29.508786249688988, 40.790148788006057 ], [ 29.508786002778997, 40.790147884085243 ], [ 29.508785771620868, 40.790146976008536 ], [ 29.508785556284469, 40.790146064050418 ], [ 29.508785356834888, 40.790145148486516 ], [ 29.508785173332413, 40.790144229593587 ], [ 29.508785005832507, 40.790143307649359 ], [ 29.508784854385794, 40.790142382932494 ], [ 29.508784719038058, 40.790141455722498 ], [ 29.5087845998302, 40.790140526299631 ], [ 29.508784496798256, 40.790139594944812 ], [ 29.508784409973366, 40.790138661939551 ], [ 29.508784339381776, 40.790137727565849 ], [ 29.508784285044822, 40.790136792106139 ], [ 29.508784246978927, 40.790135855843154 ], [ 29.508784225195598, 40.790134919059902 ], [ 29.508784219701415, 40.790133982039521 ], [ 29.508784230498044, 40.790133045065232 ], [ 29.508784257582221, 40.790132108420245 ], [ 29.508784300945752, 40.790131172387667 ], [ 29.50878436057554, 40.790130237250423 ], [ 29.50878443645356, 40.79012930329116 ], [ 29.50878452855687, 40.790128370792175 ], [ 29.508784636857637, 40.790127440035313 ], [ 29.508784761323128, 40.790126511301921 ], [ 29.508784901915718, 40.790125584872698 ], [ 29.508785058592913, 40.790124661027669 ], [ 29.50878523130736, 40.79012374004607 ], [ 29.508785420006852, 40.790122822206278 ], [ 29.508785624634349, 40.790121907785711 ], [ 29.50878584512801, 40.790120997060768 ], [ 29.508786081421182, 40.790120090306708 ], [ 29.508786333442448, 40.790119187797615 ], [ 29.508786601115631, 40.79011828980628 ], [ 29.508786884359825, 40.79011739660411 ], [ 29.508787183089421, 40.790116508461097 ], [ 29.508787497214119, 40.790115625645683 ], [ 29.508787826638979, 40.790114748424706 ], [ 29.508788171264428, 40.790113877063312 ], [ 29.508788530986298, 40.790113011824872 ], [ 29.508788905695866, 40.790112152970913 ], [ 29.508789295279868, 40.790111300761033 ], [ 29.508789699620557, 40.790110455452812 ], [ 29.508790118595712, 40.790109617301745 ], [ 29.508790552078693, 40.790108786561184 ], [ 29.508790999938483, 40.790107963482214 ], [ 29.508760833298201, 40.790087717414913 ], [ 29.508760833298201, 40.790087717414913 ], [ 29.508760188854033, 40.790089308412931 ], [ 29.508759571937414, 40.790090910285862 ], [ 29.508758982731752, 40.790092522557444 ], [ 29.508758421412217, 40.790094144748359 ], [ 29.508757888145695, 40.790095776376319 ], [ 29.508757383090725, 40.790097416956236 ], [ 29.508756906397462, 40.790099066000359 ], [ 29.508756458207628, 40.790100723018419 ], [ 29.508756038654472, 40.790102387517784 ], [ 29.508755647862731, 40.790104059003596 ], [ 29.508755285948585, 40.790105736978902 ], [ 29.508754953019636, 40.790107420944842 ], [ 29.508754649174861, 40.790109110400778 ], [ 29.508754374504598, 40.79011080484441 ], [ 29.508754129090505, 40.790112503771986 ], [ 29.508753913005545, 40.790114206678403 ], [ 29.508753726313962, 40.790115913057392 ], [ 29.508753569071256, 40.790117622401624 ], [ 29.508753441324181, 40.79011933420292 ], [ 29.508753343110712, 40.790121047952347 ], [ 29.508753274460052, 40.790122763140403 ], [ 29.508753235392607, 40.790124479257159 ], [ 29.508753225919996, 40.790126195792404 ], [ 29.508753246045035, 40.79012791223581 ], [ 29.508753295761739, 40.790129628077075 ], [ 29.508753375055328, 40.790131342806063 ], [ 29.508753483902225, 40.790133055912989 ], [ 29.508753622270074, 40.790134766888535 ], [ 29.508753790117733, 40.790136475224031 ], [ 29.508753987395302, 40.790138180411567 ], [ 29.508754214044135, 40.790139881944199 ], [ 29.508754469996841, 40.79014157931605 ], [ 29.508754755177325, 40.790143272022483 ], [ 29.508755069500808, 40.790144959560259 ], [ 29.508755412873835, 40.790146641427654 ], [ 29.508755785194321, 40.790148317124654 ], [ 29.508756186351576, 40.790149986153068 ], [ 29.508756616226332, 40.790151648016689 ], [ 29.508757074690788, 40.790153302221427 ], [ 29.50875756160864, 40.790154948275493 ], [ 29.508758076835125, 40.790156585689509 ], [ 29.508758620217066, 40.79015821397666 ], [ 29.508759191592912, 40.790159832652854 ], [ 29.508759790792791, 40.790161441236862 ], [ 29.508760417638559, 40.79016303925043 ], [ 29.508761071943855, 40.79016462621847 ], [ 29.508761753514147, 40.790166201669173 ], [ 29.508762462146805, 40.79016776513415 ], [ 29.508763197631154, 40.790169316148585 ], [ 29.508763959748524, 40.790170854251343 ], [ 29.508764748272338, 40.790172378985147 ], [ 29.508765562968165, 40.790173889896693 ], [ 29.508766403593796, 40.790175386536774 ], [ 29.508767269899309, 40.790176868460435 ], [ 29.508768161627145, 40.790178335227104 ], [ 29.508769078512195, 40.790179786400692 ], [ 29.508770020281862, 40.790181221549773 ], [ 29.508770986656156, 40.790182640247664 ], [ 29.50877197734777, 40.790184042072582 ], [ 29.50877299206217, 40.790185426607771 ], [ 29.508774030497676, 40.790186793441585 ] ] ] ] } },
{ "type": "Feature", "properties": { "fid": 83, "lanelet_id": 78, "spd_limit": null, "reward": 0, "lanelet_type": "intersection", "pre_id": null, "next_id": null, "adjcnt_id": null, "center_b_id": "263" }, "geometry": { "type": "MultiPolygon", "coordinates": [ [ [ [ 29.508794900298213, 40.790166341037057 ], [ 29.508815770098749, 40.79014588863253 ], [ 29.508815770098749, 40.79014588863253 ], [ 29.50881556197103, 40.790145568788667 ], [ 29.508815359396841, 40.790145245398897 ], [ 29.508815162436584, 40.790144918559641 ], [ 29.508814971148976, 40.790144588368335 ], [ 29.508814785591053, 40.790144254923433 ], [ 29.508814605818134, 40.790143918324354 ], [ 29.50881443188382, 40.79014357867144 ], [ 29.50881426383997, 40.790143236065973 ], [ 29.508814101736686, 40.790142890610085 ], [ 29.508813945622293, 40.790142542406784 ], [ 29.50881379554334, 40.790142191559873 ], [ 29.508813651544575, 40.790141838173966 ], [ 29.508813513668922, 40.790141482354421 ], [ 29.508813381957498, 40.790141124207317 ], [ 29.508813256449567, 40.790140763839446 ], [ 29.50881313718255, 40.790140401358244 ], [ 29.508813024192005, 40.790140036871776 ], [ 29.508812917511619, 40.790139670488728 ], [ 29.508812817173201, 40.790139302318323 ], [ 29.508812723206663, 40.790138932470335 ], [ 29.508812635640023, 40.790138561055031 ], [ 29.508812554499389, 40.79013818818315 ], [ 29.508812479808952, 40.790137813965856 ], [ 29.508812411590981, 40.790137438514719 ], [ 29.508812349865813, 40.790137061941685 ], [ 29.508812294651854, 40.790136684359034 ], [ 29.508812245965565, 40.790136305879322 ], [ 29.50881220382146, 40.790135926615406 ], [ 29.508812168232105, 40.790135546680354 ], [ 29.508812139208111, 40.790135166187447 ], [ 29.508812116758129, 40.790134785250125 ], [ 29.508812100888857, 40.790134403981966 ], [ 29.508812091605026, 40.790134022496638 ], [ 29.508812088909398, 40.790133640907882 ], [ 29.508812092802785, 40.790133259329465 ], [ 29.508812103284018, 40.790132877875159 ], [ 29.508812120349976, 40.790132496658693 ], [ 29.508812143995574, 40.79013211579371 ], [ 29.508812174213755, 40.790131735393786 ], [ 29.508812210995515, 40.790131355572314 ], [ 29.508812254329889, 40.790130976442555 ], [ 29.50881230420395, 40.790130598117528 ], [ 29.508812360602835, 40.790130220710047 ], [ 29.508812423509724, 40.790129844332618 ], [ 29.508812492905868, 40.790129469097465 ], [ 29.508812568770569, 40.790129095116463 ], [ 29.508812651081215, 40.790128722501109 ], [ 29.508812739813262, 40.790128351362497 ], [ 29.508812834940251, 40.790127981811281 ], [ 29.508812936433831, 40.790127613957644 ], [ 29.508813044263732, 40.790127247911258 ], [ 29.50881315839781, 40.790126883781255 ], [ 29.508813278802034, 40.790126521676207 ], [ 29.50881340544051, 40.790126161704066 ], [ 29.508813538275476, 40.79012580397216 ], [ 29.50881367726733, 40.790125448587148 ], [ 29.508813822374631, 40.790125095654979 ], [ 29.508813973554119, 40.790124745280885 ], [ 29.508814130760722, 40.790124397569322 ], [ 29.508814293947562, 40.790124052623966 ], [ 29.508814463065988, 40.790123710547654 ], [ 29.508790999938483, 40.790107963482214 ], [ 29.508790999938483, 40.790107963482214 ], [ 29.508790552078693, 40.790108786561184 ], [ 29.508790118595712, 40.790109617301745 ], [ 29.508789699620557, 40.790110455452812 ], [ 29.508789295279868, 40.790111300761033 ], [ 29.508788905695866, 40.790112152970913 ], [ 29.508788530986298, 40.790113011824872 ], [ 29.508788171264428, 40.790113877063312 ], [ 29.508787826638979, 40.790114748424706 ], [ 29.508787497214119, 40.790115625645683 ], [ 29.508787183089421, 40.790116508461097 ], [ 29.508786884359825, 40.79011739660411 ], [ 29.508786601115631, 40.79011828980628 ], [ 29.508786333442448, 40.790119187797622 ], [ 29.508786081421185, 40.790120090306708 ], [ 29.50878584512801, 40.790120997060768 ], [ 29.508785624634353, 40.790121907785711 ], [ 29.508785420006852, 40.790122822206278 ], [ 29.50878523130736, 40.79012374004607 ], [ 29.508785058592917, 40.790124661027669 ], [ 29.508784901915718, 40.790125584872698 ], [ 29.508784761323128, 40.790126511301921 ], [ 29.508784636857641, 40.790127440035313 ], [ 29.50878452855687, 40.790128370792175 ], [ 29.50878443645356, 40.79012930329116 ], [ 29.508784360575543, 40.790130237250423 ], [ 29.508784300945756, 40.790131172387667 ], [ 29.508784257582221, 40.790132108420245 ], [ 29.508784230498044, 40.790133045065232 ], [ 29.508784219701418, 40.790133982039521 ], [ 29.508784225195598, 40.790134919059902 ], [ 29.50878424697893, 40.790135855843154 ], [ 29.508784285044825, 40.790136792106139 ], [ 29.508784339381776, 40.790137727565849 ], [ 29.508784409973369, 40.790138661939551 ], [ 29.508784496798256, 40.790139594944812 ], [ 29.5087845998302, 40.790140526299631 ], [ 29.508784719038058, 40.790141455722498 ], [ 29.508784854385798, 40.790142382932494 ], [ 29.508785005832507, 40.790143307649359 ], [ 29.508785173332413, 40.790144229593587 ], [ 29.508785356834892, 40.790145148486516 ], [ 29.508785556284469, 40.790146064050418 ], [ 29.508785771620868, 40.790146976008536 ], [ 29.508786002778997, 40.790147884085243 ], [ 29.508786249688988, 40.790148788006057 ], [ 29.508786512276213, 40.79014968749776 ], [ 29.508786790461304, 40.790150582288483 ], [ 29.508787084160172, 40.790151472107766 ], [ 29.508787393284049, 40.790152356686654 ], [ 29.508787717739498, 40.790153235757778 ], [ 29.508788057428454, 40.790154109055436 ], [ 29.50878841224824, 40.790154976315662 ], [ 29.50878878209161, 40.790155837276323 ], [ 29.508789166846778, 40.79015669167719 ], [ 29.50878956639745, 40.790157539260015 ], [ 29.508789980622854, 40.790158379768613 ], [ 29.508790409397793, 40.790159212948922 ], [ 29.508790852592664, 40.790160038549118 ], [ 29.508791310073512, 40.790160856319659 ], [ 29.508791781702055, 40.790161666013368 ], [ 29.508792267335743, 40.790162467385507 ], [ 29.508792766827792, 40.79016326019385 ], [ 29.508793280027223, 40.790164044198775 ], [ 29.508793806778922, 40.790164819163316 ], [ 29.508794346923672, 40.79016558485322 ], [ 29.508794900298213, 40.790166341037057 ] ] ] ] } },
{ "type": "Feature", "properties": { "fid": 84, "lanelet_id": 79, "spd_limit": null, "reward": 0, "lanelet_type": "intersection", "pre_id": null, "next_id": null, "adjcnt_id": null, "center_b_id": "260" }, "geometry": { "type": "MultiPolygon", "coordinates": [ [ [ [ 29.508689556640125, 40.790129368239718 ], [ 29.50869085199454, 40.790130380047458 ], [ 29.508692164636258, 40.790131369324804 ], [ 29.50869349417345, 40.79013233577647 ], [ 29.508694840209241, 40.790133279113952 ], [ 29.508696202341834, 40.790134199055672 ], [ 29.508697580164625, 40.79013509532701 ], [ 29.508698973266327, 40.790135967660433 ], [ 29.508700381231098, 40.790136815795549 ], [ 29.508701803638647, 40.790137639479177 ], [ 29.508703240064385, 40.790138438465448 ], [ 29.508704690079529, 40.790139212515861 ], [ 29.508706153251243, 40.790139961399355 ], [ 29.508707629142766, 40.790140684892393 ], [ 29.508709117313536, 40.790141382778998 ], [ 29.508710617319327, 40.790142054850861 ], [ 29.508712128712382, 40.790142700907353 ], [ 29.508713651041543, 40.790143320755625 ], [ 29.508715183852388, 40.79014391421066 ], [ 29.508716726687364, 40.790144481095304 ], [ 29.508718279085929, 40.790145021240328 ], [ 29.508719840584686, 40.790145534484516 ], [ 29.50872141071752, 40.790146020674641 ], [ 29.508722989015737, 40.790146479665594 ], [ 29.508724575008213, 40.790146911320349 ], [ 29.508726168221518, 40.790147315510062 ], [ 29.508727768180073, 40.790147692114076 ], [ 29.508729374406283, 40.790148041019975 ], [ 29.508730986420677, 40.790148362123617 ], [ 29.508732603742068, 40.790148655329141 ], [ 29.508734225887675, 40.790148920549022 ], [ 29.508735852373281, 40.7901491577041 ], [ 29.508737482713375, 40.790149366723575 ], [ 29.508739116421289, 40.790149547545063 ], [ 29.508740753009356, 40.790149700114576 ], [ 29.508742391989049, 40.790149824386582 ], [ 29.508744032871121, 40.790149920323977 ], [ 29.508745675165763, 40.790149987898133 ], [ 29.508747318382742, 40.790150027088863 ], [ 29.508748962031554, 40.790150037884487 ], [ 29.508750605621561, 40.790150020281772 ], [ 29.508752248662137, 40.790149974285974 ], [ 29.508753890662838, 40.790149899910823 ], [ 29.508755531133513, 40.790149797178522 ], [ 29.508757169584474, 40.790149666119731 ], [ 29.508758805526636, 40.790149506773581 ], [ 29.508760438471668, 40.790149319187627 ], [ 29.508762067932121, 40.790149103417875 ], [ 29.508763693421599, 40.790148859528728 ], [ 29.508765314454884, 40.790148587592988 ], [ 29.508766930548092, 40.790148287691828 ], [ 29.50876854121881, 40.790147959914769 ], [ 29.508770145986244, 40.79014760435966 ], [ 29.508771744371369, 40.790147221132628 ], [ 29.508773335897054, 40.790146810348077 ], [ 29.508774920088225, 40.790146372128618 ], [ 29.508776496471995, 40.790145906605069 ], [ 29.5087780645778, 40.790145413916392 ], [ 29.50877962393756, 40.790144894209647 ], [ 29.508781174085797, 40.790144347639981 ], [ 29.508782714559786, 40.790143774370534 ], [ 29.508784244899683, 40.790143174572442 ], [ 29.508785764648682, 40.79014254842474 ], [ 29.508787273353125, 40.790141896114335 ], [ 29.50878877056266, 40.790141217835952 ], [ 29.508790255830366, 40.790140513792061 ], [ 29.508791728712875, 40.79013978419281 ], [ 29.508793188770536, 40.790139029255997 ], [ 29.508794635567508, 40.790138249206969 ], [ 29.508796068671916, 40.790137444278578 ], [ 29.508797487655976, 40.790136614711102 ], [ 29.50879889209611, 40.790135760752165 ], [ 29.508800281573087, 40.79013488265668 ], [ 29.508801655672148, 40.790133980686761 ], [ 29.508803013983112, 40.790133055111646 ], [ 29.508804356100516, 40.790132106207629 ], [ 29.508805681623738, 40.790131134257969 ], [ 29.508806990157098, 40.79013013955278 ], [ 29.508808281309992, 40.790129122389004 ], [ 29.508809554697013, 40.79012808307025 ], [ 29.508810809938041, 40.790127021906777 ], [ 29.508812046658385, 40.790125939215343 ], [ 29.508813264488875, 40.790124835319126 ], [ 29.508814463065988, 40.790123710547654 ], [ 29.508790999938483, 40.790107963482214 ], [ 29.508790999938483, 40.790107963482214 ], [ 29.508790301974059, 40.790108641815038 ], [ 29.508789592356429, 40.790109307947588 ], [ 29.508788871298819, 40.790109961679704 ], [ 29.508788139017902, 40.790110602814956 ], [ 29.508787395733709, 40.790111231160694 ], [ 29.508786641669584, 40.790111846528106 ], [ 29.508785877052109, 40.790112448732287 ], [ 29.508785102111045, 40.790113037592292 ], [ 29.50878431707924, 40.790113612931165 ], [ 29.508783522192587, 40.79011417457604 ], [ 29.508782717689932, 40.790114722358148 ], [ 29.508781903813016, 40.790115256112884 ], [ 29.508781080806394, 40.790115775679872 ], [ 29.508780248917365, 40.790116280902993 ], [ 29.508779408395895, 40.79011677163043 ], [ 29.508778559494552, 40.790117247714733 ], [ 29.508777702468407, 40.790117709012847 ], [ 29.508776837574988, 40.790118155386153 ], [ 29.508775965074179, 40.79011858670053 ], [ 29.508775085228148, 40.790119002826373 ], [ 29.508774198301275, 40.790119403638649 ], [ 29.508773304560066, 40.790119789016913 ], [ 29.508772404273074, 40.790120158845376 ], [ 29.508771497710818, 40.790120513012894 ], [ 29.508770585145708, 40.790120851413064 ], [ 29.508769666851951, 40.790121173944193 ], [ 29.508768743105474, 40.79012148050937 ], [ 29.508767814183855, 40.79012177101648 ], [ 29.50876688036621, 40.790122045378219 ], [ 29.508765941933142, 40.790122303512156 ], [ 29.508764999166626, 40.790122545340729 ], [ 29.508764052349953, 40.790122770791264 ], [ 29.508763101767624, 40.790122979796024 ], [ 29.508762147705269, 40.790123172292205 ], [ 29.508761190449569, 40.790123348221961 ], [ 29.508760230288157, 40.790123507532435 ], [ 29.508759267509554, 40.790123650175751 ], [ 29.508758302403052, 40.790123776109048 ], [ 29.50875733525865, 40.790123885294491 ], [ 29.508756366366956, 40.790123977699267 ], [ 29.508755396019104, 40.790124053295607 ], [ 29.508754424506673, 40.790124112060802 ], [ 29.508753452121578, 40.790124153977189 ], [ 29.508752479156005, 40.790124179032183 ], [ 29.508751505902314, 40.79012418721824 ], [ 29.508750532652954, 40.790124178532913 ], [ 29.508749559700362, 40.790124152978805 ], [ 29.5087485873369, 40.790124110563596 ], [ 29.508747615854737, 40.790124051300033 ], [ 29.508746645545795, 40.790123975205923 ], [ 29.508745676701633, 40.790123882304123 ], [ 29.508744709613367, 40.790123772622565 ], [ 29.508743744571596, 40.790123646194189 ], [ 29.508742781866292, 40.790123503056996 ], [ 29.508741821786735, 40.790123343253995 ], [ 29.508740864621412, 40.790123166833197 ], [ 29.50873991065793, 40.790122973847616 ], [ 29.508738960182942, 40.790122764355246 ], [ 29.508738013482045, 40.790122538419034 ], [ 29.508737070839711, 40.790122296106865 ], [ 29.508736132539187, 40.790122037491557 ], [ 29.508735198862411, 40.790121762650806 ], [ 29.508734270089938, 40.790121471667213 ], [ 29.508733346500851, 40.790121164628204 ], [ 29.508732428372671, 40.790120841626042 ], [ 29.508731515981275, 40.79012050275778 ], [ 29.508730609600825, 40.790120148125247 ], [ 29.508729709503669, 40.790119777834995 ], [ 29.508728815960271, 40.790119391998303 ], [ 29.508727929239129, 40.790118990731095 ], [ 29.50872704960668, 40.790118574153951 ], [ 29.508726177327247, 40.790118142392046 ], [ 29.508725312662925, 40.79011769557512 ], [ 29.508724455873537, 40.790117233837421 ], [ 29.508723607216531, 40.790116757317705 ], [ 29.50872276694691, 40.790116266159153 ], [ 29.508721935317165, 40.790115760509352 ], [ 29.508721112577184, 40.790115240520237 ], [ 29.508720298974186, 40.790114706348049 ], [ 29.508719494752643, 40.790114158153315 ], [ 29.508718700154215, 40.790113596100745 ], [ 29.508717915417655, 40.790113020359236 ], [ 29.508717140778771, 40.790112431101775 ], [ 29.508716376470325, 40.790111828505431 ], [ 29.508715622721976, 40.79011121275127 ], [ 29.508714879760216, 40.790110584024319 ], [ 29.508714147808288, 40.790109942513496 ], [ 29.508713427086136, 40.790109288411571 ], [ 29.508712717810315, 40.790108621915081 ], [ 29.508689556640125, 40.790129368239718 ] ] ] ] } },
{ "type": "Feature", "properties": { "fid": 85, "lanelet_id": 80, "spd_limit": null, "reward": 0, "lanelet_type": "intersection", "pre_id": null, "next_id": null, "adjcnt_id": null, "center_b_id": "258" }, "geometry": { "type": "MultiPolygon", "coordinates": [ [ [ [ 29.508712717810315, 40.790108621915081 ], [ 29.50873360812405, 40.790089948535048 ], [ 29.50873360812405, 40.790089948535048 ], [ 29.508735888338812, 40.790089978402712 ], [ 29.50873816872954, 40.790089968938005 ], [ 29.508740448617818, 40.790089920143735 ], [ 29.508742727325387, 40.790089832034433 ], [ 29.50874500417434, 40.790089704636294 ], [ 29.508747278487323, 40.790089537987228 ], [ 29.508749549587726, 40.790089332136809 ], [ 29.508751816799911, 40.790089087146278 ], [ 29.508754079449382, 40.790088803088523 ], [ 29.508756336863012, 40.790088480048048 ], [ 29.508758588369222, 40.790088118120956 ], [ 29.508760833298201, 40.790087717414913 ], [ 29.508790999938483, 40.790107963482214 ], [ 29.508790999938483, 40.790107963482214 ], [ 29.508790301974059, 40.790108641815038 ], [ 29.508789592356429, 40.790109307947588 ], [ 29.508788871298819, 40.790109961679704 ], [ 29.508788139017902, 40.790110602814956 ], [ 29.508787395733709, 40.790111231160694 ], [ 29.508786641669584, 40.790111846528106 ], [ 29.508785877052109, 40.790112448732287 ], [ 29.508785102111045, 40.790113037592292 ], [ 29.50878431707924, 40.790113612931165 ], [ 29.508783522192587, 40.79011417457604 ], [ 29.508782717689932, 40.790114722358148 ], [ 29.508781903813016, 40.790115256112884 ], [ 29.508781080806394, 40.790115775679872 ], [ 29.508780248917365, 40.790116280902993 ], [ 29.508779408395895, 40.79011677163043 ], [ 29.508778559494552, 40.790117247714733 ], [ 29.508777702468407, 40.790117709012847 ], [ 29.508776837574988, 40.790118155386153 ], [ 29.508775965074179, 40.79011858670053 ], [ 29.508775085228148, 40.790119002826373 ], [ 29.508774198301275, 40.790119403638649 ], [ 29.508773304560066, 40.790119789016913 ], [ 29.508772404273074, 40.790120158845376 ], [ 29.508771497710818, 40.790120513012894 ], [ 29.508770585145708, 40.790120851413064 ], [ 29.508769666851951, 40.790121173944193 ], [ 29.508768743105474, 40.79012148050937 ], [ 29.508767814183855, 40.79012177101648 ], [ 29.50876688036621, 40.790122045378219 ], [ 29.508765941933142, 40.790122303512156 ], [ 29.508764999166626, 40.790122545340729 ], [ 29.508764052349953, 40.790122770791264 ], [ 29.508763101767624, 40.790122979796024 ], [ 29.508762147705269, 40.790123172292205 ], [ 29.508761190449569, 40.790123348221961 ], [ 29.508760230288157, 40.790123507532435 ], [ 29.508759267509554, 40.790123650175751 ], [ 29.508758302403052, 40.790123776109048 ], [ 29.50875733525865, 40.790123885294491 ], [ 29.508756366366956, 40.790123977699267 ], [ 29.508755396019104, 40.790124053295607 ], [ 29.508754424506673, 40.790124112060802 ], [ 29.508753452121578, 40.790124153977189 ], [ 29.508752479156005, 40.790124179032183 ], [ 29.508751505902314, 40.79012418721824 ], [ 29.508750532652954, 40.790124178532913 ], [ 29.508749559700362, 40.790124152978805 ], [ 29.5087485873369, 40.790124110563596 ], [ 29.508747615854737, 40.790124051300033 ], [ 29.508746645545795, 40.790123975205923 ], [ 29.508745676701633, 40.790123882304123 ], [ 29.508744709613367, 40.790123772622565 ], [ 29.508743744571596, 40.790123646194189 ], [ 29.508742781866292, 40.790123503056996 ], [ 29.508741821786735, 40.790123343253995 ], [ 29.508740864621412, 40.790123166833197 ], [ 29.50873991065793, 40.790122973847616 ], [ 29.508738960182942, 40.790122764355246 ], [ 29.508738013482045, 40.790122538419034 ], [ 29.508737070839711, 40.790122296106865 ], [ 29.508736132539187, 40.790122037491557 ], [ 29.508735198862411, 40.790121762650806 ], [ 29.508734270089938, 40.790121471667213 ], [ 29.508733346500851, 40.790121164628204 ], [ 29.508732428372671, 40.790120841626042 ], [ 29.508731515981275, 40.79012050275778 ], [ 29.508730609600825, 40.790120148125247 ], [ 29.508729709503669, 40.790119777834995 ], [ 29.508728815960271, 40.790119391998303 ], [ 29.508727929239129, 40.790118990731095 ], [ 29.50872704960668, 40.790118574153951 ], [ 29.508726177327247, 40.790118142392046 ], [ 29.508725312662925, 40.79011769557512 ], [ 29.508724455873537, 40.790117233837421 ], [ 29.508723607216531, 40.790116757317705 ], [ 29.50872276694691, 40.790116266159153 ], [ 29.508721935317165, 40.790115760509352 ], [ 29.508721112577184, 40.790115240520237 ], [ 29.508720298974186, 40.790114706348049 ], [ 29.508719494752643, 40.790114158153315 ], [ 29.508718700154215, 40.790113596100745 ], [ 29.508717915417655, 40.790113020359236 ], [ 29.508717140778771, 40.790112431101775 ], [ 29.508716376470325, 40.790111828505431 ], [ 29.508715622721976, 40.79011121275127 ], [ 29.508714879760216, 40.790110584024319 ], [ 29.508714147808288, 40.790109942513496 ], [ 29.508713427086136, 40.790109288411571 ], [ 29.508712717810315, 40.790108621915081 ] ] ] ] } },
{ "type": "Feature", "properties": { "fid": 86, "lanelet_id": 81, "spd_limit": null, "reward": 0, "lanelet_type": "intersection", "pre_id": null, "next_id": null, "adjcnt_id": null, "center_b_id": "307" }, "geometry": { "type": "MultiPolygon", "coordinates": [ [ [ [ 29.508982102409021, 40.790293438122326 ], [ 29.508981556275337, 40.79029320733283 ], [ 29.508981014232557, 40.790292967092491 ], [ 29.508980476444219, 40.79029271747379 ], [ 29.508979943072564, 40.790292458552038 ], [ 29.508979414278514, 40.790292190405353 ], [ 29.508978890221599, 40.790291913114629 ], [ 29.508978371059928, 40.790291626763526 ], [ 29.508977856950132, 40.790291331438432 ], [ 29.508977348047313, 40.790291027228442 ], [ 29.508976844505007, 40.79029071422535 ], [ 29.508976346475126, 40.790290392523573 ], [ 29.508975854107931, 40.790290062220173 ], [ 29.508975367551958, 40.790289723414794 ], [ 29.508974886954007, 40.790289376209664 ], [ 29.508974412459068, 40.79028902070953 ], [ 29.508973944210293, 40.790288657021641 ], [ 29.508973482348956, 40.79028828525572 ], [ 29.508973027014395, 40.790287905523932 ], [ 29.508972578343986, 40.790287517940833 ], [ 29.508972136473087, 40.790287122623361 ], [ 29.508971701535007, 40.790286719690783 ], [ 29.508971273660972, 40.790286309264658 ], [ 29.508970852980063, 40.79028589146882 ], [ 29.508970439619205, 40.790285466429296 ], [ 29.508970033703097, 40.790285034274333 ], [ 29.508969635354212, 40.790284595134317 ], [ 29.508969244692729, 40.790284149141719 ], [ 29.5089688618365, 40.790283696431096 ], [ 29.508968486901043, 40.790283237139036 ], [ 29.508968119999466, 40.790282771404108 ], [ 29.508967761242467, 40.790282299366808 ], [ 29.508967410738279, 40.790281821169557 ], [ 29.508967068592646, 40.790281336956632 ], [ 29.508966734908796, 40.790280846874104 ], [ 29.508966409787398, 40.790280351069839 ], [ 29.508966093326539, 40.790279849693412 ], [ 29.508965785621694, 40.790279342896099 ], [ 29.508965486765696, 40.790278830830779 ], [ 29.508965196848713, 40.790278313651953 ], [ 29.508964915958206, 40.790277791515656 ], [ 29.508964644178924, 40.790277264579402 ], [ 29.508964381592858, 40.790276733002173 ], [ 29.508964128279228, 40.79027619694434 ], [ 29.508963884314458, 40.79027565656763 ], [ 29.508963649772156, 40.790275112035076 ], [ 29.508963424723078, 40.790274563510962 ], [ 29.508963209235123, 40.790274011160768 ], [ 29.508963003373299, 40.790273455151144 ], [ 29.508962807199715, 40.790272895649828 ], [ 29.508962620773559, 40.790272332825623 ], [ 29.508962444151074, 40.790271766848335 ], [ 29.508962277385542, 40.790271197888714 ], [ 29.508962120527283, 40.790270626118414 ], [ 29.508961973623613, 40.790270051709925 ], [ 29.508961836718857, 40.790269474836563 ], [ 29.508961709854315, 40.790268895672348 ], [ 29.508961593068264, 40.79026831439203 ], [ 29.508961486395936, 40.790267731170964 ], [ 29.508961389869519, 40.790267146185116 ], [ 29.508961303518127, 40.79026655961097 ], [ 29.508961227367816, 40.790265971625487 ], [ 29.508961161441562, 40.790265382406069 ], [ 29.508961105759251, 40.790264792130479 ], [ 29.508961060337683, 40.790264200976793 ], [ 29.508961025190562, 40.790263609123372 ], [ 29.50896100032849, 40.790263016748767 ], [ 29.508960985758971, 40.790262424031702 ], [ 29.5089609814864, 40.790261831150985 ], [ 29.508960987512065, 40.790261238285503 ], [ 29.508961003834148, 40.790260645614104 ], [ 29.508961030447725, 40.790260053315606 ], [ 29.508961067344767, 40.790259461568695 ], [ 29.50896111451414, 40.790258870551909 ], [ 29.508961171941618, 40.790258280443545 ], [ 29.508961239609871, 40.790257691421644 ], [ 29.508961317498485, 40.790257103663905 ], [ 29.50896140558396, 40.790256517347657 ], [ 29.508961503839725, 40.790255932649792 ], [ 29.508961612236135, 40.790255349746701 ], [ 29.508961730740484, 40.79025476881425 ], [ 29.508961859317026, 40.790254190027703 ], [ 29.50896199792696, 40.790253613561674 ], [ 29.508962146528479, 40.790253039590084 ], [ 29.508962305076743, 40.790252468286106 ], [ 29.508962473523923, 40.790251899822081 ], [ 29.5089626518192, 40.790251334369529 ], [ 29.508962839908776, 40.790250772099043 ], [ 29.50896303773591, 40.790250213180244 ], [ 29.508963245240921, 40.790249657781771 ], [ 29.508963462361201, 40.79024910607118 ], [ 29.508963689031244, 40.790248558214913 ], [ 29.508963925182673, 40.790248014378271 ], [ 29.508964170744235, 40.790247474725312 ], [ 29.508964425641846, 40.790246939418857 ], [ 29.508964689798606, 40.790246408620405 ], [ 29.508964963134822, 40.790245882490083 ], [ 29.508965245568024, 40.790245361186642 ], [ 29.508965537013005, 40.790244844867345 ], [ 29.50896583738184, 40.790244333687966 ], [ 29.508966146583909, 40.790243827802726 ], [ 29.508966464525923, 40.790243327364252 ], [ 29.508966791111963, 40.790242832523518 ], [ 29.508967126243498, 40.790242343429817 ], [ 29.508967469819424, 40.790241860230708 ], [ 29.508967821736078, 40.790241383071972 ], [ 29.508968181887294, 40.790240912097559 ], [ 29.508968550164418, 40.79024044744957 ], [ 29.508968926456337, 40.79023998926818 ], [ 29.508969310649526, 40.790239537691619 ], [ 29.508969702628075, 40.790239092856133 ], [ 29.508970102273729, 40.790238654895923 ], [ 29.508992328611296, 40.790256081179372 ], [ 29.508992328611296, 40.790256081179372 ], [ 29.508987234017631, 40.790261219814923 ], [ 29.508987234017631, 40.790261219814923 ], [ 29.509004537444596, 40.790273716160819 ], [ 29.509004537444596, 40.790273716160819 ], [ 29.508982102409021, 40.790293438122326 ] ] ] ] } },
{ "type": "Feature", "properties": { "fid": 87, "lanelet_id": 82, "spd_limit": null, "reward": 0, "lanelet_type": "intersection", "pre_id": null, "next_id": null, "adjcnt_id": null, "center_b_id": "346" }, "geometry": { "type": "MultiPolygon", "coordinates": [ [ [ [ 29.508970102273729, 40.790238654895923 ], [ 29.508969702628075, 40.790239092856133 ], [ 29.508969310649526, 40.790239537691619 ], [ 29.508968926456337, 40.79023998926818 ], [ 29.508968550164418, 40.79024044744957 ], [ 29.508968181887298, 40.790240912097559 ], [ 29.508967821736078, 40.790241383071972 ], [ 29.508967469819424, 40.790241860230708 ], [ 29.508967126243501, 40.790242343429817 ], [ 29.508966791111966, 40.790242832523518 ], [ 29.508966464525926, 40.790243327364252 ], [ 29.508966146583909, 40.790243827802726 ], [ 29.508965837381844, 40.790244333687966 ], [ 29.508965537013008, 40.790244844867345 ], [ 29.508965245568024, 40.790245361186642 ], [ 29.508964963134822, 40.79024588249009 ], [ 29.50896468979861, 40.790246408620405 ], [ 29.50896442564185, 40.790246939418857 ], [ 29.508964170744235, 40.790247474725312 ], [ 29.508963925182673, 40.790248014378271 ], [ 29.508963689031248, 40.79024855821492 ], [ 29.508963462361201, 40.79024910607118 ], [ 29.508963245240921, 40.790249657781771 ], [ 29.508963037735914, 40.790250213180244 ], [ 29.508962839908776, 40.790250772099043 ], [ 29.5089626518192, 40.790251334369529 ], [ 29.508962473523926, 40.790251899822081 ], [ 29.508962305076746, 40.790252468286106 ], [ 29.508962146528482, 40.790253039590084 ], [ 29.508961997926964, 40.790253613561674 ], [ 29.508961859317026, 40.790254190027703 ], [ 29.508961730740488, 40.79025476881425 ], [ 29.508961612236135, 40.790255349746701 ], [ 29.508961503839728, 40.790255932649792 ], [ 29.508961405583964, 40.790256517347657 ], [ 29.508961317498485, 40.790257103663912 ], [ 29.508961239609871, 40.790257691421644 ], [ 29.508961171941621, 40.790258280443545 ], [ 29.508961114514143, 40.790258870551909 ], [ 29.508961067344767, 40.790259461568702 ], [ 29.508961030447729, 40.790260053315606 ], [ 29.508961003834152, 40.790260645614104 ], [ 29.508960987512069, 40.790261238285503 ], [ 29.508960981486403, 40.790261831150985 ], [ 29.508960985758975, 40.790262424031702 ], [ 29.508961000328494, 40.790263016748767 ], [ 29.508961025190565, 40.790263609123372 ], [ 29.508961060337686, 40.790264200976793 ], [ 29.508961105759251, 40.790264792130479 ], [ 29.508961161441565, 40.790265382406069 ], [ 29.50896122736782, 40.790265971625487 ], [ 29.508961303518131, 40.79026655961097 ], [ 29.508961389869519, 40.790267146185116 ], [ 29.50896148639594, 40.790267731170964 ], [ 29.508961593068268, 40.79026831439203 ], [ 29.508961709854319, 40.790268895672348 ], [ 29.508961836718857, 40.790269474836563 ], [ 29.508961973623617, 40.790270051709925 ], [ 29.508962120527286, 40.790270626118414 ], [ 29.508962277385546, 40.790271197888714 ], [ 29.508962444151077, 40.790271766848335 ], [ 29.508962620773563, 40.790272332825623 ], [ 29.508962807199719, 40.790272895649828 ], [ 29.508963003373299, 40.790273455151144 ], [ 29.508963209235123, 40.790274011160768 ], [ 29.508963424723081, 40.790274563510962 ], [ 29.508963649772159, 40.790275112035076 ], [ 29.508963884314461, 40.79027565656763 ], [ 29.508964128279228, 40.79027619694434 ], [ 29.508964381592858, 40.790276733002173 ], [ 29.508964644178924, 40.790277264579402 ], [ 29.508964915958209, 40.790277791515656 ], [ 29.508965196848713, 40.790278313651953 ], [ 29.5089654867657, 40.790278830830779 ], [ 29.508965785621694, 40.790279342896092 ], [ 29.508966093326539, 40.790279849693412 ], [ 29.508966409787398, 40.790280351069839 ], [ 29.508966734908796, 40.790280846874104 ], [ 29.508967068592646, 40.790281336956632 ], [ 29.508967410738279, 40.790281821169557 ], [ 29.508967761242467, 40.790282299366808 ], [ 29.508968119999469, 40.790282771404101 ], [ 29.508968486901043, 40.790283237139036 ], [ 29.508968861836504, 40.790283696431096 ], [ 29.508969244692729, 40.790284149141712 ], [ 29.508969635354216, 40.790284595134317 ], [ 29.5089700337031, 40.790285034274333 ], [ 29.508970439619205, 40.790285466429296 ], [ 29.508970852980067, 40.79028589146882 ], [ 29.508971273660972, 40.790286309264658 ], [ 29.50897170153501, 40.790286719690783 ], [ 29.508972136473087, 40.790287122623361 ], [ 29.508972578343986, 40.790287517940833 ], [ 29.508973027014399, 40.790287905523932 ], [ 29.508973482348956, 40.79028828525572 ], [ 29.508973944210297, 40.790288657021641 ], [ 29.508974412459068, 40.79028902070953 ], [ 29.508974886954007, 40.790289376209664 ], [ 29.508975367551958, 40.790289723414794 ], [ 29.508975854107931, 40.790290062220166 ], [ 29.508976346475126, 40.790290392523566 ], [ 29.508976844505007, 40.79029071422535 ], [ 29.508977348047313, 40.790291027228442 ], [ 29.508977856950136, 40.790291331438425 ], [ 29.508978371059932, 40.790291626763519 ], [ 29.508978890221599, 40.790291913114629 ], [ 29.508979414278514, 40.790292190405353 ], [ 29.508979943072564, 40.790292458552038 ], [ 29.508980476444219, 40.79029271747379 ], [ 29.508981014232557, 40.790292967092491 ], [ 29.508981556275337, 40.79029320733283 ], [ 29.508982102409021, 40.790293438122326 ], [ 29.508959667373443, 40.790313160083834 ], [ 29.508959667373443, 40.790313160083834 ], [ 29.508958731899401, 40.790312624338611 ], [ 29.50895780588565, 40.790312072402784 ], [ 29.508956889612374, 40.790311504443359 ], [ 29.508955983356813, 40.790310920632187 ], [ 29.508955087393183, 40.79031032114591 ], [ 29.508954201992573, 40.790309706165921 ], [ 29.508953327422887, 40.790309075878298 ], [ 29.508952463948745, 40.79030843047375 ], [ 29.508951611831417, 40.79030777014755 ], [ 29.508950771328728, 40.790307095099514 ], [ 29.508949942694997, 40.790306405533883 ], [ 29.508949126180941, 40.7903057016593 ], [ 29.508948322033625, 40.790304983688749 ], [ 29.508947530496354, 40.790304251839459 ], [ 29.508946751808637, 40.790303506332876 ], [ 29.508945986206079, 40.790302747394577 ], [ 29.508945233920333, 40.790301975254188 ], [ 29.508944495179023, 40.790301190145335 ], [ 29.508943770205672, 40.790300392305589 ], [ 29.508943059219643, 40.790299581976342 ], [ 29.508942362436056, 40.790298759402781 ], [ 29.508941680065742, 40.790297924833801 ], [ 29.508941012315173, 40.790297078521924 ], [ 29.50894035938639, 40.790296220723214 ], [ 29.508939721476953, 40.790295351697218 ], [ 29.508939098779877, 40.790294471706893 ], [ 29.508938491483576, 40.790293581018489 ], [ 29.508937899771798, 40.790292679901519 ], [ 29.508937323823588, 40.790291768628627 ], [ 29.508936763813207, 40.790290847475546 ], [ 29.508936219910105, 40.790289916720987 ], [ 29.508935692278847, 40.790288976646586 ], [ 29.508935181079085, 40.790288027536782 ], [ 29.508934686465494, 40.79028706967874 ], [ 29.508934208587732, 40.790286103362298 ], [ 29.508933747590394, 40.79028512887983 ], [ 29.508933303612963, 40.79028414652619 ], [ 29.508932876789778, 40.790283156598626 ], [ 29.508932467249988, 40.790282159396646 ], [ 29.508932075117499, 40.79028115522199 ], [ 29.508931700510974, 40.790280144378492 ], [ 29.508931343543747, 40.790279127172013 ], [ 29.508931004323834, 40.790278103910325 ], [ 29.508930682953874, 40.790277074903052 ], [ 29.508930379531105, 40.790276040461535 ], [ 29.508930094147335, 40.790275000898781 ], [ 29.508929826888913, 40.790273956529319 ], [ 29.508929577836703, 40.79027290766917 ], [ 29.508929347066069, 40.790271854635677 ], [ 29.508929134646827, 40.790270797747461 ], [ 29.508928940643255, 40.790269737324323 ], [ 29.508928765114053, 40.790268673687109 ], [ 29.508928608112331, 40.790267607157652 ], [ 29.508928469685596, 40.790266538058653 ], [ 29.508928349875731, 40.790265466713599 ], [ 29.508928248718988, 40.790264393446655 ], [ 29.508928166245969, 40.790263318582554 ], [ 29.508928102481637, 40.790262242446538 ], [ 29.508928057445278, 40.7902611653642 ], [ 29.508928031150525, 40.790260087661458 ], [ 29.508928023605332, 40.790259009664382 ], [ 29.50892803481198, 40.790257931699152 ], [ 29.50892806476708, 40.790256854091929 ], [ 29.508928113461565, 40.790255777168781 ], [ 29.508928180880705, 40.790254701255549 ], [ 29.508928267004102, 40.790253626677782 ], [ 29.508928371805695, 40.79025255376061 ], [ 29.508928495253773, 40.79025148282868 ], [ 29.508928637310984, 40.790250414206028 ], [ 29.508928797934345, 40.790249348215987 ], [ 29.508928977075257, 40.790248285181107 ], [ 29.508929174679515, 40.79024722542303 ], [ 29.508929390687328, 40.79024616926241 ], [ 29.508929625033339, 40.790245117018827 ], [ 29.508929877646644, 40.790244069010647 ], [ 29.508930148450801, 40.790243025554979 ], [ 29.50893043736388, 40.790241986967544 ], [ 29.508930744298457, 40.790240953562588 ], [ 29.508931069161662, 40.790239925652806 ], [ 29.508931411855201, 40.790238903549209 ], [ 29.508931772275385, 40.790237887561062 ], [ 29.508932150313157, 40.790236877995774 ], [ 29.508932545854133, 40.790235875158821 ], [ 29.508932958778633, 40.790234879353626 ], [ 29.508933388961719, 40.790233890881503 ], [ 29.508933836273226, 40.790232910041539 ], [ 29.508934300577806, 40.7902319371305 ], [ 29.508934781734975, 40.790230972442778 ], [ 29.50893527959915, 40.790230016270257 ], [ 29.508935794019685, 40.790229068902249 ], [ 29.508936324840928, 40.790228130625408 ], [ 29.508936871902272, 40.790227201723631 ], [ 29.508937435038188, 40.790226282477981 ], [ 29.508938014078282, 40.790225373166599 ], [ 29.508938608847355, 40.790224474064615 ], [ 29.508939219165445, 40.790223585444082 ], [ 29.50893984484788, 40.790222707573861 ], [ 29.508940485705349, 40.790221840719589 ], [ 29.508941141543943, 40.790220985143549 ], [ 29.508941812165222, 40.790220141104612 ], [ 29.508942497366274, 40.79021930885817 ], [ 29.508943196939772, 40.790218488656031 ], [ 29.508943910674049, 40.79021768074638 ], [ 29.508970102273729, 40.790238654895923 ] ] ] ] } },
{ "type": "Feature", "properties": { "fid": 89, "lanelet_id": 83, "spd_limit": null, "reward": 0, "lanelet_type": "intersection", "pre_id": null, "next_id": null, "adjcnt_id": null, "center_b_id": "90" }, "geometry": { "type": "MultiPolygon", "coordinates": [ [ [ [ 29.509032266602581, 40.790181958604492 ], [ 29.509107192178575, 40.790119557900894 ], [ 29.509107192178575, 40.790119557900894 ], [ 29.509131794606517, 40.790139687160121 ], [ 29.509131794606517, 40.790139687160121 ], [ 29.509123742902826, 40.790144160328836 ], [ 29.509123742902826, 40.790144160328836 ], [ 29.509055750738341, 40.790200969571536 ], [ 29.509055750738341, 40.790200969571536 ], [ 29.509032266602581, 40.790181958604492 ] ] ] ] } },
{ "type": "Feature", "properties": { "fid": 90, "lanelet_id": 84, "spd_limit": null, "reward": 0, "lanelet_type": "intersection", "pre_id": null, "next_id": null, "adjcnt_id": null, "center_b_id": "87" }, "geometry": { "type": "MultiPolygon", "coordinates": [ [ [ [ 29.509032266602581, 40.790181958604492 ], [ 29.509107192178575, 40.790119557900894 ], [ 29.509107192178575, 40.790119557900894 ], [ 29.509082589750637, 40.790099428641675 ], [ 29.509082589750637, 40.790099428641675 ], [ 29.509008782466822, 40.790162947637448 ], [ 29.509008782466822, 40.790162947637448 ], [ 29.509032266602581, 40.790181958604492 ] ] ] ] } },
{ "type": "Feature", "properties": { "fid": 91, "lanelet_id": 85, "spd_limit": null, "reward": 0, "lanelet_type": "intersection", "pre_id": null, "next_id": null, "adjcnt_id": null, "center_b_id": "97" }, "geometry": { "type": "MultiPolygon", "coordinates": [ [ [ [ 29.509048593668396, 40.790096297423574 ], [ 29.509049117726136, 40.790096635295725 ], [ 29.509049647508199, 40.790096964119485 ], [ 29.509050182858381, 40.790097283797898 ], [ 29.509050723618817, 40.790097594236705 ], [ 29.509051269630064, 40.790097895344367 ], [ 29.50905182073112, 40.790098187032093 ], [ 29.509052376759481, 40.790098469213888 ], [ 29.509052937551203, 40.790098741806531 ], [ 29.509053502940922, 40.790099004729647 ], [ 29.509054072761931, 40.790099257905723 ], [ 29.509054646846202, 40.790099501260094 ], [ 29.509055225024468, 40.790099734721011 ], [ 29.509055807126238, 40.790099958219628 ], [ 29.509056392979875, 40.790100171690042 ], [ 29.509056982412631, 40.790100375069322 ], [ 29.509057575250704, 40.790100568297483 ], [ 29.509058171319285, 40.79010075131756 ], [ 29.509058770442621, 40.790100924075581 ], [ 29.509059372444046, 40.790101086520608 ], [ 29.509059977146055, 40.790101238604741 ], [ 29.509060584370346, 40.790101380283133 ], [ 29.509061193937864, 40.790101511514017 ], [ 29.509061805668871, 40.79010163225869 ], [ 29.509062419382992, 40.790101742481554 ], [ 29.509063034899267, 40.790101842150108 ], [ 29.5090636520362, 40.79010193123495 ], [ 29.50906427061182, 40.790102009709834 ], [ 29.509064890443732, 40.790102077551602 ], [ 29.509065511349167, 40.790102134740259 ], [ 29.509066133145048, 40.790102181258945 ], [ 29.509066755648025, 40.790102217093938 ], [ 29.509067378674544, 40.790102242234667 ], [ 29.509068002040905, 40.790102256673734 ], [ 29.509068625563291, 40.790102260406861 ], [ 29.509069249057852, 40.790102253432963 ], [ 29.509069872340742, 40.790102235754091 ], [ 29.50907049522818, 40.790102207375462 ], [ 29.509071117536493, 40.790102168305438 ], [ 29.509071739082188, 40.790102118555538 ], [ 29.509072359681994, 40.790102058140441 ], [ 29.509072979152918, 40.790101987077954 ], [ 29.509073597312302, 40.790101905389029 ], [ 29.509074213977868, 40.790101813097756 ], [ 29.509074828967794, 40.790101710231347 ], [ 29.509075442100734, 40.790101596820136 ], [ 29.509076053195898, 40.790101472897568 ], [ 29.509076662073095, 40.790101338500172 ], [ 29.509077268552794, 40.790101193667581 ], [ 29.509077872456164, 40.790101038442508 ], [ 29.509078473605136, 40.790100872870717 ], [ 29.509079071822452, 40.79010069700103 ], [ 29.509079666931719, 40.79010051088531 ], [ 29.509080258757461, 40.790100314578424 ], [ 29.509080847125173, 40.790100108138262 ], [ 29.509081431861365, 40.790099891625701 ], [ 29.509082012793616, 40.79009966510457 ], [ 29.509082589750637, 40.790099428641675 ], [ 29.509107192178575, 40.790119557900894 ], [ 29.509107192178575, 40.790119557900894 ], [ 29.509106538298386, 40.790120260326098 ], [ 29.509105872273562, 40.790120951246784 ], [ 29.509105194306485, 40.790121630453015 ], [ 29.509104504603165, 40.790122297738407 ], [ 29.509103803373172, 40.790122952900191 ], [ 29.509103090829587, 40.790123595739288 ], [ 29.50910236718893, 40.790124226060371 ], [ 29.509101632671083, 40.790124843671897 ], [ 29.50910088749924, 40.790125448386199 ], [ 29.509100131899835, 40.79012604001953 ], [ 29.509099366102461, 40.790126618392115 ], [ 29.509098590339818, 40.79012718332821 ], [ 29.509097804847634, 40.790127734656146 ], [ 29.50909700986459, 40.790128272208399 ], [ 29.50909620563225, 40.790128795821623 ], [ 29.509095392394993, 40.790129305336713 ], [ 29.509094570399927, 40.790129800598841 ], [ 29.509093739896834, 40.790130281457529 ], [ 29.509092901138068, 40.790130747766646 ], [ 29.509092054378495, 40.790131199384511 ], [ 29.509091199875421, 40.790131636173889 ], [ 29.509090337888491, 40.790132058002051 ], [ 29.509089468679637, 40.790132464740822 ], [ 29.509088592512974, 40.790132856266609 ], [ 29.509087709654736, 40.790133232460448 ], [ 29.509086820373199, 40.790133593208019 ], [ 29.509085924938578, 40.790133938399705 ], [ 29.509085023622958, 40.790134267930618 ], [ 29.509084116700226, 40.790134581700627 ], [ 29.509083204445954, 40.790134879614385 ], [ 29.509082287137343, 40.790135161581368 ], [ 29.509081365053135, 40.790135427515899 ], [ 29.509080438473511, 40.790135677337169 ], [ 29.509079507680028, 40.790135910969262 ], [ 29.50907857295552, 40.790136128341196 ], [ 29.509077634584013, 40.790136329386911 ], [ 29.509076692850645, 40.790136514045322 ], [ 29.509075748041571, 40.790136682260311 ], [ 29.509074800443891, 40.790136833980775 ], [ 29.509073850345537, 40.790136969160599 ], [ 29.509072898035214, 40.790137087758715 ], [ 29.509071943802294, 40.790137189739085 ], [ 29.509070987936727, 40.790137275070713 ], [ 29.509070030728974, 40.790137343727679 ], [ 29.509069072469888, 40.790137395689115 ], [ 29.509068113450653, 40.790137430939239 ], [ 29.509067153962679, 40.790137449467338 ], [ 29.509066194297517, 40.790137451267775 ], [ 29.509065234746775, 40.790137436340004 ], [ 29.509064275602025, 40.790137404688565 ], [ 29.509063317154716, 40.790137356323079 ], [ 29.509062359696085, 40.790137291258233 ], [ 29.50906140351707, 40.790137209513809 ], [ 29.509060448908212, 40.790137111114639 ], [ 29.509059496159587, 40.790136996090624 ], [ 29.509058545560702, 40.790136864476708 ], [ 29.509057597400403, 40.790136716312901 ], [ 29.509056651966805, 40.79013655164421 ], [ 29.509055709547191, 40.790136370520678 ], [ 29.509054770427927, 40.790136172997343 ], [ 29.509053834894374, 40.790135959134219 ], [ 29.509052903230806, 40.790135728996297 ], [ 29.509051975720325, 40.790135482653497 ], [ 29.509051052644764, 40.790135220180687 ], [ 29.509050134284617, 40.79013494165762 ], [ 29.509049220918932, 40.790134647168927 ], [ 29.509048312825254, 40.790134336804087 ], [ 29.509047410279511, 40.790134010657411 ], [ 29.509046513555962, 40.790133668828013 ], [ 29.509045622927086, 40.790133311419744 ], [ 29.509044738663508, 40.790132938541227 ], [ 29.509043861033931, 40.790132550305749 ], [ 29.509042990305023, 40.79013214683129 ], [ 29.509042126741377, 40.790131728240453 ], [ 29.509041270605394, 40.790131294660419 ], [ 29.50904042215722, 40.790130846222951 ], [ 29.509039581654669, 40.790130383064309 ], [ 29.509038749353142, 40.79012990532523 ], [ 29.509037925505538, 40.790129413150879 ], [ 29.5090371103622, 40.790128906690811 ], [ 29.509036304170817, 40.790128386098914 ], [ 29.509035507176364, 40.790127851533384 ], [ 29.509034719621013, 40.790127303156659 ], [ 29.509033941744075, 40.790126741135367 ], [ 29.509033173781919, 40.790126165640281 ], [ 29.509032415967901, 40.790125576846279 ], [ 29.509031668532295, 40.790124974932269 ], [ 29.509030931702213, 40.790124360081151 ], [ 29.509030205701553, 40.790123732479756 ], [ 29.509029490750923, 40.790123092318794 ], [ 29.509028787067564, 40.790122439792782 ], [ 29.509028094865307, 40.790121775099998 ], [ 29.509027414354481, 40.79012109844242 ], [ 29.50902674574187, 40.790120410025651 ], [ 29.509026089230641, 40.790119710058889 ], [ 29.509025445020281, 40.790118998754821 ], [ 29.509048593668396, 40.790096297423574 ] ] ] ] } },
{ "type": "Feature", "properties": { "fid": 92, "lanelet_id": 86, "spd_limit": null, "reward": 0, "lanelet_type": "intersection", "pre_id": null, "next_id": null, "adjcnt_id": null, "center_b_id": "100" }, "geometry": { "type": "MultiPolygon", "coordinates": [ [ [ [ 29.509005203931849, 40.790138792526378 ], [ 29.509025445020281, 40.790118998754821 ], [ 29.509025445020281, 40.790118998754821 ], [ 29.509026089230641, 40.790119710058889 ], [ 29.50902674574187, 40.790120410025651 ], [ 29.509027414354481, 40.79012109844242 ], [ 29.509028094865307, 40.790121775099998 ], [ 29.509028787067564, 40.790122439792782 ], [ 29.509029490750923, 40.790123092318794 ], [ 29.509030205701553, 40.790123732479756 ], [ 29.509030931702213, 40.790124360081151 ], [ 29.509031668532295, 40.790124974932269 ], [ 29.509032415967901, 40.790125576846279 ], [ 29.509033173781919, 40.790126165640281 ], [ 29.509033941744075, 40.790126741135367 ], [ 29.509034719621013, 40.790127303156659 ], [ 29.509035507176364, 40.790127851533384 ], [ 29.509036304170817, 40.790128386098914 ], [ 29.5090371103622, 40.790128906690811 ], [ 29.509037925505538, 40.790129413150879 ], [ 29.509038749353142, 40.79012990532523 ], [ 29.509039581654669, 40.790130383064309 ], [ 29.50904042215722, 40.790130846222951 ], [ 29.509041270605394, 40.790131294660419 ], [ 29.509042126741377, 40.790131728240453 ], [ 29.509042990305023, 40.79013214683129 ], [ 29.509043861033931, 40.790132550305749 ], [ 29.509044738663508, 40.790132938541227 ], [ 29.509045622927086, 40.790133311419744 ], [ 29.509046513555962, 40.790133668828013 ], [ 29.509047410279511, 40.790134010657411 ], [ 29.509048312825254, 40.790134336804087 ], [ 29.509049220918932, 40.790134647168927 ], [ 29.509050134284617, 40.79013494165762 ], [ 29.509051052644764, 40.790135220180687 ], [ 29.509051975720325, 40.790135482653497 ], [ 29.509052903230806, 40.790135728996297 ], [ 29.509053834894374, 40.790135959134219 ], [ 29.509054770427927, 40.790136172997343 ], [ 29.509055709547191, 40.790136370520678 ], [ 29.509056651966805, 40.79013655164421 ], [ 29.509057597400403, 40.790136716312901 ], [ 29.509058545560702, 40.790136864476708 ], [ 29.509059496159587, 40.790136996090624 ], [ 29.509060448908212, 40.790137111114639 ], [ 29.50906140351707, 40.790137209513809 ], [ 29.509062359696085, 40.790137291258233 ], [ 29.509063317154716, 40.790137356323079 ], [ 29.509064275602025, 40.790137404688565 ], [ 29.509065234746775, 40.790137436340004 ], [ 29.509066194297517, 40.790137451267775 ], [ 29.509067153962679, 40.790137449467338 ], [ 29.509068113450653, 40.790137430939239 ], [ 29.509069072469888, 40.790137395689115 ], [ 29.509070030728974, 40.790137343727679 ], [ 29.509070987936727, 40.790137275070713 ], [ 29.509071943802294, 40.790137189739085 ], [ 29.509072898035214, 40.790137087758715 ], [ 29.509073850345537, 40.790136969160599 ], [ 29.509074800443891, 40.790136833980775 ], [ 29.509075748041571, 40.790136682260311 ], [ 29.509076692850645, 40.790136514045322 ], [ 29.509077634584013, 40.790136329386911 ], [ 29.50907857295552, 40.790136128341196 ], [ 29.509079507680028, 40.790135910969262 ], [ 29.509080438473511, 40.790135677337169 ], [ 29.509081365053135, 40.790135427515899 ], [ 29.509082287137343, 40.790135161581368 ], [ 29.509083204445954, 40.790134879614385 ], [ 29.509084116700226, 40.790134581700627 ], [ 29.509085023622958, 40.790134267930618 ], [ 29.509085924938578, 40.790133938399705 ], [ 29.509086820373199, 40.790133593208019 ], [ 29.509087709654736, 40.790133232460448 ], [ 29.509088592512974, 40.790132856266609 ], [ 29.509089468679637, 40.790132464740822 ], [ 29.509090337888491, 40.790132058002051 ], [ 29.509091199875421, 40.790131636173889 ], [ 29.509092054378495, 40.790131199384511 ], [ 29.509092901138068, 40.790130747766646 ], [ 29.509093739896834, 40.790130281457529 ], [ 29.509094570399927, 40.790129800598841 ], [ 29.509095392394993, 40.790129305336713 ], [ 29.50909620563225, 40.790128795821623 ], [ 29.50909700986459, 40.790128272208399 ], [ 29.509097804847634, 40.790127734656146 ], [ 29.509098590339818, 40.79012718332821 ], [ 29.509099366102461, 40.790126618392115 ], [ 29.509100131899835, 40.79012604001953 ], [ 29.50910088749924, 40.790125448386199 ], [ 29.509101632671083, 40.790124843671897 ], [ 29.50910236718893, 40.790124226060371 ], [ 29.509103090829587, 40.790123595739288 ], [ 29.509103803373172, 40.790122952900191 ], [ 29.509104504603165, 40.790122297738407 ], [ 29.509105194306485, 40.790121630453015 ], [ 29.509105872273562, 40.790120951246784 ], [ 29.509106538298386, 40.790120260326098 ], [ 29.509107192178575, 40.790119557900894 ], [ 29.509131794606517, 40.790139687160121 ], [ 29.509131794606517, 40.790139687160121 ], [ 29.509130361190696, 40.790140764573202 ], [ 29.50912890927059, 40.790141816917199 ], [ 29.50912743928459, 40.790142843874371 ], [ 29.509125951676534, 40.790143845134644 ], [ 29.509124446895573, 40.790144820395703 ], [ 29.50912292539606, 40.790145769363086 ], [ 29.509121387637382, 40.790146691750273 ], [ 29.50911983408384, 40.790147587278753 ], [ 29.509118265204506, 40.79014845567815 ], [ 29.509116681473078, 40.790149296686252 ], [ 29.509115083367732, 40.790150110049133 ], [ 29.509113471370998, 40.790150895521222 ], [ 29.509111845969588, 40.790151652865347 ], [ 29.509110207654263, 40.790152381852842 ], [ 29.509108556919688, 40.7901530822636 ], [ 29.509106894264278, 40.790153753886152 ], [ 29.509105220190037, 40.790154396517707 ], [ 29.509103535202431, 40.790155009964231 ], [ 29.509101839810214, 40.790155594040513 ], [ 29.50910013452528, 40.790156148570183 ], [ 29.509098419862511, 40.79015667338583 ], [ 29.509096696339622, 40.790157168328975 ], [ 29.509094964477001, 40.790157633250196 ], [ 29.50909322479756, 40.790158068009106 ], [ 29.509091477826562, 40.790158472474445 ], [ 29.509089724091481, 40.790158846524079 ], [ 29.509087964121825, 40.790159190045081 ], [ 29.509086198448991, 40.790159502933733 ], [ 29.509084427606087, 40.790159785095547 ], [ 29.509082652127802, 40.79016003644535 ], [ 29.509080872550204, 40.790160256907235 ], [ 29.509079089410609, 40.790160446414639 ], [ 29.509077303247409, 40.790160604910348 ], [ 29.509075514599903, 40.790160732346514 ], [ 29.509073724008147, 40.790160828684641 ], [ 29.50907193201278, 40.79016089389566 ], [ 29.509070139154868, 40.790160927959867 ], [ 29.509068345975731, 40.790160930866982 ], [ 29.50906655301679, 40.790160902616137 ], [ 29.509064760819403, 40.790160843215844 ], [ 29.509062969924692, 40.790160752684052 ], [ 29.509061180873388, 40.790160631048089 ], [ 29.509059394205668, 40.790160478344681 ], [ 29.509057610460989, 40.790160294619945 ], [ 29.509055830177918, 40.790160079929336 ], [ 29.509054053893983, 40.790159834337686 ], [ 29.509052282145507, 40.790159557919146 ], [ 29.50905051546744, 40.790159250757185 ], [ 29.509048754393199, 40.790158912944527 ], [ 29.509046999454512, 40.790158544583186 ], [ 29.509045251181256, 40.790158145784368 ], [ 29.509043510101293, 40.790157716668496 ], [ 29.509041776740315, 40.790157257365131 ], [ 29.509040051621675, 40.790156768012949 ], [ 29.509038335266254, 40.790156248759708 ], [ 29.50903662819227, 40.790155699762181 ], [ 29.509034930915149, 40.790155121186125 ], [ 29.509033243947353, 40.790154513206247 ], [ 29.509031567798242, 40.790153876006109 ], [ 29.509029902973893, 40.790153209778097 ], [ 29.509028249976978, 40.790152514723374 ], [ 29.509026609306591, 40.790151791051798 ], [ 29.509024981458104, 40.790151038981868 ], [ 29.509023366923021, 40.790150258740667 ], [ 29.509021766188823, 40.790149450563774 ], [ 29.509020179738826, 40.790148614695198 ], [ 29.509018608052031, 40.790147751387316 ], [ 29.509017051602985, 40.790146860900798 ], [ 29.509015510861634, 40.790145943504506 ], [ 29.509013986293176, 40.790144999475437 ], [ 29.509012478357931, 40.790144029098613 ], [ 29.509010987511196, 40.790143032667039 ], [ 29.509009514203107, 40.790142010481567 ], [ 29.509008058878507, 40.79014096285082 ], [ 29.509006621976805, 40.790139890091126 ], [ 29.509005203931849, 40.790138792526378 ] ] ] ] } },
{ "type": "Feature", "properties": { "fid": 93, "lanelet_id": 87, "spd_limit": null, "reward": 0, "lanelet_type": "intersection", "pre_id": null, "next_id": null, "adjcnt_id": null, "center_b_id": "94" }, "geometry": { "type": "MultiPolygon", "coordinates": [ [ [ [ 29.509055750738341, 40.790200969571536 ], [ 29.509056610500679, 40.790200246294347 ], [ 29.509057457547488, 40.790199508166388 ], [ 29.509058291622289, 40.790198755411183 ], [ 29.509059112472517, 40.790197988256651 ], [ 29.50905991984963, 40.790197206935098 ], [ 29.509060713509147, 40.790196411683091 ], [ 29.509061493210751, 40.790195602741449 ], [ 29.509062258718352, 40.790194780355115 ], [ 29.509063009800148, 40.790193944773094 ], [ 29.509063746228719, 40.790193096248416 ], [ 29.509064467781073, 40.790192235037999 ], [ 29.509065174238724, 40.790191361402634 ], [ 29.509065865387758, 40.790190475606835 ], [ 29.509066541018893, 40.790189577918838 ], [ 29.509067200927554, 40.790188668610455 ], [ 29.509067844913918, 40.790187747957027 ], [ 29.509068472782985, 40.790186816237323 ], [ 29.509069084344638, 40.790185873733471 ], [ 29.509069679413699, 40.790184920730852 ], [ 29.509070257809981, 40.790183957518039 ], [ 29.509070819358342, 40.790182984386696 ], [ 29.509071363888751, 40.790182001631486 ], [ 29.509071891236324, 40.790181009549983 ], [ 29.509072401241376, 40.790180008442583 ], [ 29.509072893749483, 40.790178998612433 ], [ 29.50907336861151, 40.790177980365293 ], [ 29.509073825683675, 40.790176954009503 ], [ 29.509074264827571, 40.790175919855834 ], [ 29.509074685910228, 40.790174878217428 ], [ 29.509075088804146, 40.790173829409689 ], [ 29.50907547338732, 40.790172773750207 ], [ 29.509075839543311, 40.790171711558614 ], [ 29.509076187161234, 40.790170643156564 ], [ 29.509076516135842, 40.790169568867547 ], [ 29.509076826367515, 40.790168489016871 ], [ 29.509077117762317, 40.790167403931513 ], [ 29.509077390232015, 40.790166313940027 ], [ 29.509077643694106, 40.790165219372469 ], [ 29.509077878071839, 40.790164120560263 ], [ 29.509078093294246, 40.790163017836143 ], [ 29.509078289296156, 40.790161911534 ], [ 29.509078466018224, 40.790160801988833 ], [ 29.509078623406939, 40.790159689536601 ], [ 29.509078761414639, 40.790158574514159 ], [ 29.509078879999539, 40.790157457259127 ], [ 29.509078979125729, 40.790156338109824 ], [ 29.509079058763195, 40.790155217405115 ], [ 29.509079118887822, 40.790154095484347 ], [ 29.509079159481406, 40.790152972687245 ], [ 29.509079180531657, 40.790151849353784 ], [ 29.509079182032195, 40.790150725824112 ], [ 29.509079163982573, 40.790149602438433 ], [ 29.509079126388251, 40.790148479536903 ], [ 29.509079069260615, 40.790147357459546 ], [ 29.50907899261696, 40.790146236546107 ], [ 29.509078896480499, 40.790145117136021 ], [ 29.509078780880337, 40.790143999568222 ], [ 29.509078645851478, 40.790142884181122 ], [ 29.509078491434813, 40.790141771312456 ], [ 29.509078317677098, 40.790140661299198 ], [ 29.509078124630943, 40.790139554477463 ], [ 29.509077912354805, 40.790138451182393 ], [ 29.509077680912956, 40.790137351748065 ], [ 29.509077430375484, 40.790136256507381 ], [ 29.509077160818251, 40.790135165791988 ], [ 29.509076872322872, 40.790134079932145 ], [ 29.509076564976709, 40.790132999256663 ], [ 29.509076238872822, 40.790131924092755 ], [ 29.509075894109959, 40.790130854765984 ], [ 29.509075530792511, 40.790129791600137 ], [ 29.509075149030494, 40.790128734917154 ], [ 29.509074748939501, 40.790127685036985 ], [ 29.509074330640679, 40.790126642277535 ], [ 29.509073894260688, 40.790125606954547 ], [ 29.509073439931669, 40.790124579381526 ], [ 29.509072967791187, 40.790123559869613 ], [ 29.509072477982208, 40.790122548727517 ], [ 29.509071970653046, 40.79012154626141 ], [ 29.509071445957318, 40.790120552774844 ], [ 29.5090709040539, 40.790119568568635 ], [ 29.509070345106885, 40.790118593940804 ], [ 29.509069769285517, 40.790117629186469 ], [ 29.509069176764157, 40.790116674597755 ], [ 29.50906856772222, 40.790115730463711 ], [ 29.509067942344121, 40.790114797070224 ], [ 29.509067300819225, 40.790113874699912 ], [ 29.509066643341782, 40.790112963632083 ], [ 29.509065970110882, 40.790112064142605 ], [ 29.509065281330376, 40.790111176503835 ], [ 29.509064577208825, 40.790110300984551 ], [ 29.509063857959436, 40.790109437849864 ], [ 29.509063123799997, 40.790108587361125 ], [ 29.509062374952812, 40.790107749775864 ], [ 29.509061611644629, 40.7901069253477 ], [ 29.509060834106581, 40.790106114326271 ], [ 29.509060042574102, 40.790105316957153 ], [ 29.50905923728687, 40.790104533481788 ], [ 29.509058418488724, 40.790103764137413 ], [ 29.509057586427595, 40.790103009156979 ], [ 29.50905674135543, 40.790102268769104 ], [ 29.509055883528116, 40.79010154319797 ], [ 29.509055013205405, 40.790100832663271 ], [ 29.509054130650828, 40.790100137380172 ], [ 29.509053236131617, 40.790099457559194 ], [ 29.509052329918639, 40.790098793406194 ], [ 29.509051412286293, 40.790098145122265 ], [ 29.509050483512432, 40.790097512903721 ], [ 29.509049543878294, 40.790096896941982 ], [ 29.509048593668396, 40.790096297423574 ], [ 29.509025445020281, 40.790118998754821 ], [ 29.509025445020281, 40.790118998754821 ], [ 29.509026040139769, 40.790119406036794 ], [ 29.509026628070927, 40.790119823628416 ], [ 29.509027208635167, 40.790120251402854 ], [ 29.509027781656151, 40.790120689230172 ], [ 29.509028346959827, 40.790121136977383 ], [ 29.509028904374485, 40.790121594508484 ], [ 29.509029453730815, 40.790122061684507 ], [ 29.509029994861947, 40.790122538363541 ], [ 29.509030527603525, 40.790123024400806 ], [ 29.509031051793727, 40.790123519648667 ], [ 29.509031567273329, 40.790124023956693 ], [ 29.509032073885766, 40.790124537171707 ], [ 29.509032571477146, 40.790125059137821 ], [ 29.509033059896339, 40.790125589696494 ], [ 29.509033538994984, 40.790126128686566 ], [ 29.509034008627559, 40.790126675944329 ], [ 29.509034468651414, 40.790127231303543 ], [ 29.509034918926822, 40.790127794595534 ], [ 29.509035359317014, 40.790128365649203 ], [ 29.50903578968822, 40.790128944291084 ], [ 29.50903620990972, 40.790129530345432 ], [ 29.509036619853877, 40.790130123634235 ], [ 29.509037019396168, 40.790130723977278 ], [ 29.509037408415235, 40.790131331192207 ], [ 29.509037786792916, 40.790131945094593 ], [ 29.509038154414284, 40.790132565497963 ], [ 29.50903851116767, 40.790133192213872 ], [ 29.509038856944716, 40.79013382505196 ], [ 29.509039191640394, 40.790134463820003 ], [ 29.509039515153038, 40.79013510832398 ], [ 29.509039827384388, 40.79013575836813 ], [ 29.509040128239604, 40.790136413754993 ], [ 29.509040417627304, 40.790137074285518 ], [ 29.509040695459582, 40.790137739759061 ], [ 29.509040961652055, 40.790138409973487 ], [ 29.509041216123865, 40.790139084725226 ], [ 29.509041458797718, 40.790139763809321 ], [ 29.509041689599904, 40.79014044701951 ], [ 29.509041908460318, 40.790141134148264 ], [ 29.509042115312479, 40.790141824986883 ], [ 29.509042310093562, 40.790142519325514 ], [ 29.509042492744399, 40.790143216953268 ], [ 29.509042663209517, 40.790143917658234 ], [ 29.509042821437127, 40.79014462122759 ], [ 29.50904296737918, 40.790145327447611 ], [ 29.509043100991342, 40.790146036103806 ], [ 29.509043222233025, 40.790146746980916 ], [ 29.509043331067407, 40.790147459863014 ], [ 29.509043427461432, 40.79014817453357 ], [ 29.509043511385816, 40.790148890775505 ], [ 29.509043582815071, 40.790149608371259 ], [ 29.509043641727501, 40.790150327102879 ], [ 29.509043688105209, 40.790151046752037 ], [ 29.509043721934106, 40.790151767100163 ], [ 29.509043743203925, 40.790152487928438 ], [ 29.509043751908195, 40.790153209017923 ], [ 29.509043748044281, 40.790153930149586 ], [ 29.509043731613353, 40.790154651104395 ], [ 29.509043702620399, 40.790155371663353 ], [ 29.50904366107423, 40.790156091607606 ], [ 29.509043606987465, 40.790156810718472 ], [ 29.509043540376531, 40.790157528777513 ], [ 29.509043461261658, 40.790158245566637 ], [ 29.509043369666884, 40.790158960868119 ], [ 29.509043265620022, 40.790159674464682 ], [ 29.509043149152681, 40.79016038613959 ], [ 29.509043020300236, 40.790161095676659 ], [ 29.509042879101827, 40.790161802860382 ], [ 29.509042725600338, 40.790162507475955 ], [ 29.509042559842399, 40.790163209309348 ], [ 29.509042381878356, 40.790163908147392 ], [ 29.509042191762262, 40.790164603777811 ], [ 29.509041989551871, 40.790165295989311 ], [ 29.509041775308596, 40.790165984571644 ], [ 29.509041549097514, 40.790166669315653 ], [ 29.509041310987335, 40.790167350013348 ], [ 29.509041061050386, 40.790168026457977 ], [ 29.509040799362584, 40.790168698444063 ], [ 29.509040526003414, 40.790169365767504 ], [ 29.50904024105591, 40.790170028225603 ], [ 29.509039944606617, 40.790170685617134 ], [ 29.509039636745584, 40.790171337742422 ], [ 29.509039317566323, 40.790171984403393 ], [ 29.509038987165784, 40.790172625403621 ], [ 29.509038645644321, 40.790173260548407 ], [ 29.509038293105668, 40.790173889644826 ], [ 29.509037929656913, 40.7901745125018 ], [ 29.509037555408444, 40.790175128930137 ], [ 29.509037170473942, 40.790175738742604 ], [ 29.50903677497033, 40.790176341753963 ], [ 29.509036369017736, 40.790176937781062 ], [ 29.509035952739467, 40.790177526642857 ], [ 29.509035526261968, 40.790178108160482 ], [ 29.509035089714775, 40.790178682157311 ], [ 29.509034643230489, 40.79017924845899 ], [ 29.509034186944728, 40.790179806893512 ], [ 29.509033720996086, 40.790180357291248 ], [ 29.509033245526091, 40.79018089948503 ], [ 29.509032760679169, 40.79018143331016 ], [ 29.509032266602581, 40.790181958604492 ], [ 29.509055750738341, 40.790200969571536 ] ] ] ] } },
{ "type": "Feature", "properties": { "fid": 94, "lanelet_id": 88, "spd_limit": null, "reward": 0, "lanelet_type": "intersection", "pre_id": null, "next_id": null, "adjcnt_id": null, "center_b_id": "92" }, "geometry": { "type": "MultiPolygon", "coordinates": [ [ [ [ 29.509032266602581, 40.790181958604492 ], [ 29.509032760679165, 40.79018143331016 ], [ 29.509033245526091, 40.79018089948503 ], [ 29.509033720996086, 40.790180357291248 ], [ 29.509034186944728, 40.790179806893512 ], [ 29.509034643230489, 40.79017924845899 ], [ 29.509035089714775, 40.790178682157311 ], [ 29.509035526261965, 40.790178108160482 ], [ 29.509035952739467, 40.79017752664285 ], [ 29.509036369017736, 40.790176937781062 ], [ 29.50903677497033, 40.790176341753963 ], [ 29.509037170473942, 40.790175738742604 ], [ 29.509037555408444, 40.790175128930137 ], [ 29.509037929656909, 40.7901745125018 ], [ 29.509038293105668, 40.790173889644826 ], [ 29.509038645644317, 40.790173260548407 ], [ 29.509038987165781, 40.790172625403621 ], [ 29.509039317566323, 40.790171984403393 ], [ 29.509039636745584, 40.790171337742422 ], [ 29.509039944606617, 40.790170685617134 ], [ 29.509040241055907, 40.790170028225603 ], [ 29.509040526003414, 40.790169365767504 ], [ 29.509040799362584, 40.790168698444063 ], [ 29.509041061050386, 40.790168026457977 ], [ 29.509041310987335, 40.790167350013348 ], [ 29.50904154909751, 40.790166669315653 ], [ 29.509041775308592, 40.790165984571644 ], [ 29.509041989551868, 40.790165295989311 ], [ 29.509042191762262, 40.790164603777811 ], [ 29.509042381878356, 40.790163908147392 ], [ 29.509042559842399, 40.790163209309348 ], [ 29.509042725600338, 40.790162507475955 ], [ 29.509042879101827, 40.790161802860382 ], [ 29.509043020300236, 40.790161095676659 ], [ 29.509043149152681, 40.79016038613959 ], [ 29.509043265620022, 40.790159674464682 ], [ 29.50904336966688, 40.790158960868119 ], [ 29.509043461261658, 40.790158245566637 ], [ 29.509043540376528, 40.790157528777513 ], [ 29.509043606987465, 40.790156810718472 ], [ 29.50904366107423, 40.790156091607606 ], [ 29.509043702620399, 40.790155371663353 ], [ 29.50904373161335, 40.790154651104395 ], [ 29.509043748044281, 40.790153930149586 ], [ 29.509043751908195, 40.790153209017923 ], [ 29.509043743203922, 40.790152487928438 ], [ 29.509043721934106, 40.790151767100163 ], [ 29.509043688105205, 40.790151046752037 ], [ 29.509043641727498, 40.790150327102879 ], [ 29.509043582815071, 40.790149608371259 ], [ 29.509043511385816, 40.790148890775505 ], [ 29.509043427461432, 40.79014817453357 ], [ 29.509043331067407, 40.790147459863014 ], [ 29.509043222233025, 40.790146746980916 ], [ 29.509043100991338, 40.790146036103806 ], [ 29.509042967379177, 40.790145327447618 ], [ 29.509042821437127, 40.79014462122759 ], [ 29.509042663209513, 40.790143917658234 ], [ 29.509042492744399, 40.790143216953268 ], [ 29.509042310093562, 40.790142519325514 ], [ 29.509042115312479, 40.790141824986883 ], [ 29.509041908460315, 40.790141134148264 ], [ 29.509041689599904, 40.79014044701951 ], [ 29.509041458797718, 40.790139763809321 ], [ 29.509041216123865, 40.790139084725226 ], [ 29.509040961652055, 40.790138409973487 ], [ 29.509040695459582, 40.790137739759061 ], [ 29.5090404176273, 40.790137074285518 ], [ 29.509040128239604, 40.790136413755 ], [ 29.509039827384388, 40.79013575836813 ], [ 29.509039515153038, 40.79013510832398 ], [ 29.50903919164039, 40.790134463820003 ], [ 29.509038856944713, 40.79013382505196 ], [ 29.50903851116767, 40.790133192213872 ], [ 29.509038154414281, 40.790132565497963 ], [ 29.509037786792916, 40.790131945094593 ], [ 29.509037408415235, 40.790131331192207 ], [ 29.509037019396168, 40.790130723977278 ], [ 29.509036619853877, 40.790130123634235 ], [ 29.50903620990972, 40.790129530345439 ], [ 29.50903578968822, 40.790128944291091 ], [ 29.509035359317011, 40.790128365649203 ], [ 29.509034918926822, 40.790127794595534 ], [ 29.509034468651414, 40.790127231303543 ], [ 29.509034008627559, 40.790126675944329 ], [ 29.509033538994984, 40.790126128686566 ], [ 29.509033059896339, 40.790125589696494 ], [ 29.509032571477146, 40.790125059137821 ], [ 29.509032073885763, 40.790124537171707 ], [ 29.509031567273329, 40.790124023956693 ], [ 29.509031051793727, 40.790123519648667 ], [ 29.509030527603525, 40.790123024400806 ], [ 29.509029994861947, 40.790122538363541 ], [ 29.509029453730815, 40.790122061684507 ], [ 29.509028904374485, 40.790121594508484 ], [ 29.509028346959827, 40.790121136977383 ], [ 29.509027781656151, 40.790120689230172 ], [ 29.509027208635167, 40.790120251402854 ], [ 29.509026628070927, 40.790119823628416 ], [ 29.509026040139769, 40.790119406036794 ], [ 29.509025445020281, 40.790118998754821 ], [ 29.509005203931849, 40.790138792526378 ], [ 29.509005203931849, 40.790138792526378 ], [ 29.509005446911932, 40.790138993570153 ], [ 29.509005686349006, 40.790139198820746 ], [ 29.509005922170246, 40.790139408215737 ], [ 29.509006154303925, 40.790139621691438 ], [ 29.509006382679445, 40.790139839182913 ], [ 29.509006607227342, 40.790140060624019 ], [ 29.509006827879318, 40.790140285947395 ], [ 29.509007044568261, 40.790140515084516 ], [ 29.509007257228269, 40.790140747965694 ], [ 29.509007465794657, 40.790140984520086 ], [ 29.509007670203989, 40.790141224675757 ], [ 29.509007870394097, 40.79014146835965 ], [ 29.509008066304091, 40.790141715497654 ], [ 29.509008257874385, 40.790141966014602 ], [ 29.509008445046714, 40.790142219834301 ], [ 29.509008627764146, 40.790142476879552 ], [ 29.50900880597111, 40.790142737072166 ], [ 29.509008979613405, 40.790143000333011 ], [ 29.509009148638214, 40.790143266582021 ], [ 29.509009312994131, 40.790143535738203 ], [ 29.509009472631163, 40.790143807719708 ], [ 29.50900962750076, 40.790144082443803 ], [ 29.509009777555818, 40.790144359826925 ], [ 29.509009922750696, 40.790144639784721 ], [ 29.509010063041231, 40.790144922232038 ], [ 29.509010198384757, 40.790145207082965 ], [ 29.509010328740111, 40.790145494250858 ], [ 29.509010454067639, 40.790145783648391 ], [ 29.509010574329224, 40.790146075187529 ], [ 29.509010689488292, 40.79014636877961 ], [ 29.509010799509817, 40.790146664335332 ], [ 29.509010904360331, 40.790146961764798 ], [ 29.509011004007949, 40.790147260977555 ], [ 29.509011098422356, 40.790147561882584 ], [ 29.509011187574842, 40.790147864388381 ], [ 29.509011271438293, 40.790148168402922 ], [ 29.509011349987194, 40.790148473833746 ], [ 29.509011423197659, 40.790148780587963 ], [ 29.509011491047424, 40.790149088572257 ], [ 29.509011553515844, 40.790149397692971 ], [ 29.509011610583926, 40.790149707856081 ], [ 29.509011662234311, 40.790150018967246 ], [ 29.50901170845129, 40.790150330931844 ], [ 29.5090117492208, 40.790150643654997 ], [ 29.50901178453045, 40.790150957041575 ], [ 29.509011814369497, 40.790151270996269 ], [ 29.509011838728863, 40.790151585423594 ], [ 29.509011857601145, 40.790151900227904 ], [ 29.509011870980594, 40.790152215313462 ], [ 29.509011878863149, 40.790152530584436 ], [ 29.509011881246405, 40.790152845944931 ], [ 29.509011878129645, 40.790153161299024 ], [ 29.509011869513813, 40.790153476550806 ], [ 29.509011855401528, 40.790153791604396 ], [ 29.509011835797086, 40.790154106363964 ], [ 29.509011810706447, 40.790154420733778 ], [ 29.509011780137239, 40.79015473461822 ], [ 29.509011744098768, 40.790155047921822 ], [ 29.509011702601992, 40.790155360549292 ], [ 29.509011655659528, 40.790155672405554 ], [ 29.509011603285657, 40.790155983395742 ], [ 29.50901154549631, 40.790156293425269 ], [ 29.509011482309063, 40.790156602399854 ], [ 29.509011413743131, 40.790156910225505 ], [ 29.509011339819374, 40.790157216808609 ], [ 29.509011260560268, 40.790157522055907 ], [ 29.509011175989929, 40.790157825874566 ], [ 29.509011086134073, 40.790158128172173 ], [ 29.50901099102003, 40.790158428856792 ], [ 29.509010890676734, 40.79015872783696 ], [ 29.509010785134702, 40.790159025021751 ], [ 29.509010674426033, 40.790159320320768 ], [ 29.5090105585844, 40.7901596136442 ], [ 29.509010437645035, 40.790159904902829 ], [ 29.509010311644726, 40.790160194008074 ], [ 29.509010180621789, 40.790160480871997 ], [ 29.509010044616083, 40.79016076540735 ], [ 29.509009903668971, 40.790161047527597 ], [ 29.509009757823325, 40.790161327146919 ], [ 29.509009607123495, 40.790161604180277 ], [ 29.509009451615327, 40.790161878543408 ], [ 29.509009291346114, 40.790162150152874 ], [ 29.509009126364599, 40.790162418926045 ], [ 29.509008956720969, 40.790162684781194 ], [ 29.509008782466822, 40.790162947637448 ], [ 29.509032266602581, 40.790181958604492 ] ] ] ] } },
{ "type": "Feature", "properties": { "fid": 95, "lanelet_id": 89, "spd_limit": null, "reward": 0, "lanelet_type": "intersection", "pre_id": null, "next_id": null, "adjcnt_id": null, "center_b_id": "421" }, "geometry": { "type": "MultiPolygon", "coordinates": [ [ [ [ 29.508731345029176, 40.789650933216315 ], [ 29.508753184091809, 40.789672519833744 ], [ 29.508753184091809, 40.789672519833744 ], [ 29.508827563219207, 40.789608162887433 ], [ 29.508827563219207, 40.789608162887433 ], [ 29.508806315667808, 40.78958713899447 ], [ 29.508806315667808, 40.78958713899447 ], [ 29.508731345029176, 40.789650933216315 ] ] ] ] } },
{ "type": "Feature", "properties": { "fid": 96, "lanelet_id": 90, "spd_limit": null, "reward": 0, "lanelet_type": "intersection", "pre_id": null, "next_id": null, "adjcnt_id": null, "center_b_id": "422" }, "geometry": { "type": "MultiPolygon", "coordinates": [ [ [ [ 29.508753184091809, 40.789672519833744 ], [ 29.508774399415316, 40.789693489922051 ], [ 29.508774399415316, 40.789693489922051 ], [ 29.508848810770608, 40.789629186780402 ], [ 29.508848810770608, 40.789629186780402 ], [ 29.508827563219207, 40.789608162887433 ], [ 29.508827563219207, 40.789608162887433 ], [ 29.508753184091809, 40.789672519833744 ] ] ] ] } },
{ "type": "Feature", "properties": { "fid": 97, "lanelet_id": 91, "spd_limit": null, "reward": 0, "lanelet_type": "intersection", "pre_id": null, "next_id": null, "adjcnt_id": null, "center_b_id": "204" }, "geometry": { "type": "MultiPolygon", "coordinates": [ [ [ [ 29.508774399415316, 40.789693489922051 ], [ 29.508774771089794, 40.789693122184239 ], [ 29.50877514911534, 40.78969276097834 ], [ 29.508775533377182, 40.789692406414026 ], [ 29.508775923758645, 40.789692058598952 ], [ 29.508776320141198, 40.789691717638718 ], [ 29.508776722404502, 40.789691383636843 ], [ 29.508777130426409, 40.789691056694743 ], [ 29.508777544083042, 40.78969073691168 ], [ 29.508777963248804, 40.789690424384759 ], [ 29.508778387796426, 40.789690119208856 ], [ 29.508778817597005, 40.789689821476635 ], [ 29.50877925252005, 40.789689531278491 ], [ 29.508779692433503, 40.789689248702544 ], [ 29.5087801372038, 40.789688973834579 ], [ 29.508780586695895, 40.789688706758056 ], [ 29.508781040773318, 40.789688447554063 ], [ 29.508781499298198, 40.789688196301306 ], [ 29.508781962131319, 40.789687953076061 ], [ 29.508782429132154, 40.789687717952191 ], [ 29.508782900158909, 40.789687491001068 ], [ 29.508783375068571, 40.789687272291616 ], [ 29.508783853716949, 40.789687061890227 ], [ 29.508784335958715, 40.789686859860787 ], [ 29.508784821647449, 40.789686666264636 ], [ 29.508785310635684, 40.789686481160558 ], [ 29.508785802774952, 40.78968630460475 ], [ 29.508786297915833, 40.789686136650822 ], [ 29.508786795907991, 40.789685977349762 ], [ 29.508787296600222, 40.789685826749945 ], [ 29.508787799840505, 40.789685684897094 ], [ 29.508788305476045, 40.789685551834275 ], [ 29.508788813353327, 40.789685427601896 ], [ 29.508789323318137, 40.789685312237673 ], [ 29.508789835215648, 40.789685205776628 ], [ 29.508790348890432, 40.789685108251085 ], [ 29.508790864186526, 40.789685019690666 ], [ 29.508791380947478, 40.78968494012225 ], [ 29.508791899016391, 40.789684869569996 ], [ 29.508792418235959, 40.789684808055334 ], [ 29.50879293844854, 40.78968475559693 ], [ 29.508793459496189, 40.789684712210722 ], [ 29.508793981220698, 40.789684677909868 ], [ 29.508794503463669, 40.7896846527048 ], [ 29.508795026066533, 40.789684636603162 ], [ 29.508795548870612, 40.789684629609837 ], [ 29.508796071717178, 40.789684631726963 ], [ 29.508796594447485, 40.789684642953887 ], [ 29.508797116902812, 40.789684663287197 ], [ 29.508797638924538, 40.789684692720726 ], [ 29.508798160354164, 40.789684731245536 ], [ 29.508798681033369, 40.789684778849939 ], [ 29.50879920080407, 40.789684835519459 ], [ 29.508799719508445, 40.78968490123691 ], [ 29.508800236989014, 40.789684975982333 ], [ 29.50880075308865, 40.789685059733031 ], [ 29.508801267650657, 40.789685152463576 ], [ 29.508801780518805, 40.789685254145816 ], [ 29.508802291537375, 40.789685364748877 ], [ 29.508802800551209, 40.789685484239172 ], [ 29.50880330740576, 40.789685612580428 ], [ 29.508803811947136, 40.789685749733678 ], [ 29.50880431402215, 40.789685895657279 ], [ 29.508804813478356, 40.789686050306919 ], [ 29.508805310164114, 40.789686213635648 ], [ 29.508805803928613, 40.789686385593875 ], [ 29.508806294621944, 40.78968656612939 ], [ 29.508806782095114, 40.789686755187375 ], [ 29.508827810519456, 40.789668547389795 ], [ 29.508827810519456, 40.789668547389795 ], [ 29.508827058377104, 40.789667943746849 ], [ 29.508826295864257, 40.789667353257997 ], [ 29.508825523210938, 40.789666776101377 ], [ 29.508824740650223, 40.789666212451081 ], [ 29.508823948418186, 40.789665662477155 ], [ 29.508823146753812, 40.789665126345497 ], [ 29.508822335898934, 40.78966460421784 ], [ 29.508821516098156, 40.789664096251691 ], [ 29.508820687598782, 40.789663602600285 ], [ 29.508819850650738, 40.789663123412538 ], [ 29.508819005506503, 40.789662658833002 ], [ 29.508818152421021, 40.789662209001825 ], [ 29.508817291651642, 40.789661774054707 ], [ 29.508816423458025, 40.789661354122849 ], [ 29.508815548102071, 40.789660949332927 ], [ 29.50881466584784, 40.789660559807061 ], [ 29.508813776961482, 40.789660185662754 ], [ 29.508812881711137, 40.789659827012862 ], [ 29.508811980366868, 40.789659483965586 ], [ 29.50881107320058, 40.78965915662441 ], [ 29.508810160485925, 40.789658845088077 ], [ 29.508809242498245, 40.789658549450571 ], [ 29.508808319514454, 40.789658269801066 ], [ 29.508807391812983, 40.789658006223924 ], [ 29.508806459673689, 40.789657758798661 ], [ 29.508805523377763, 40.789657527599921 ], [ 29.508804583207645, 40.789657312697436 ], [ 29.508803639446956, 40.789657114156043 ], [ 29.508802692380392, 40.789656932035626 ], [ 29.508801742293649, 40.789656766391133 ], [ 29.508800789473327, 40.789656617272527 ], [ 29.508799834206858, 40.789656484724787 ], [ 29.508798876782418, 40.789656368787909 ], [ 29.508797917488817, 40.789656269496867 ], [ 29.508796956615441, 40.789656186881601 ], [ 29.508795994452154, 40.789656120967045 ], [ 29.5087950312892, 40.789656071773074 ], [ 29.508794067417128, 40.789656039314536 ], [ 29.50879310312671, 40.789656023601218 ], [ 29.508792138708827, 40.789656024637857 ], [ 29.508791174454416, 40.789656042424149 ], [ 29.50879021065435, 40.789656076954721 ], [ 29.508789247599378, 40.789656128219157 ], [ 29.508788285580014, 40.789656196202003 ], [ 29.508787324886462, 40.789656280882731 ], [ 29.508786365808533, 40.789656382235812 ], [ 29.508785408635543, 40.78965650023067 ], [ 29.508784453656229, 40.789656634831708 ], [ 29.508783501158682, 40.789656785998318 ], [ 29.50878255143023, 40.789656953684904 ], [ 29.50878160475737, 40.789657137840877 ], [ 29.508780661425682, 40.789657338410684 ], [ 29.50877972171973, 40.789657555333825 ], [ 29.508778785922992, 40.789657788544865 ], [ 29.50877785431776, 40.789658037973439 ], [ 29.508776927185068, 40.789658303544321 ], [ 29.508776004804592, 40.789658585177385 ], [ 29.508775087454584, 40.789658882787677 ], [ 29.508774175411773, 40.78965919628542 ], [ 29.508773268951291, 40.789659525576049 ], [ 29.50877236834658, 40.789659870560214 ], [ 29.50877147386932, 40.789660231133858 ], [ 29.508770585789339, 40.78966060718821 ], [ 29.508769704374544, 40.789660998609826 ], [ 29.508768829890819, 40.789661405280626 ], [ 29.508767962601965, 40.789661827077936 ], [ 29.508767102769614, 40.789662263874511 ], [ 29.508766250653139, 40.78966271553859 ], [ 29.5087654065096, 40.789663181933918 ], [ 29.508764570593634, 40.789663662919807 ], [ 29.508763743157413, 40.789664158351158 ], [ 29.508762924450544, 40.789664668078522 ], [ 29.508762114719996, 40.789665191948124 ], [ 29.508761314210037, 40.789665729801946 ], [ 29.508760523162149, 40.789666281477722 ], [ 29.508759741814966, 40.789666846809041 ], [ 29.508758970404187, 40.78966742562536 ], [ 29.508758209162519, 40.789668017752078 ], [ 29.5087574583196, 40.789668623010563 ], [ 29.508756718101935, 40.789669241218242 ], [ 29.508755988732815, 40.789669872188618 ], [ 29.508755270432268, 40.789670515731345 ], [ 29.508754563416975, 40.789671171652301 ], [ 29.508753867900218, 40.789671839753616 ], [ 29.508753184091809, 40.789672519833744 ], [ 29.508774399415316, 40.789693489922051 ] ] ] ] } },
{ "type": "Feature", "properties": { "fid": 98, "lanelet_id": 92, "spd_limit": null, "reward": 0, "lanelet_type": "intersection", "pre_id": null, "next_id": null, "adjcnt_id": null, "center_b_id": "206" }, "geometry": { "type": "MultiPolygon", "coordinates": [ [ [ [ 29.508753184091809, 40.789672519833744 ], [ 29.508753867900218, 40.789671839753616 ], [ 29.508754563416975, 40.789671171652301 ], [ 29.508755270432268, 40.789670515731345 ], [ 29.508755988732815, 40.789669872188618 ], [ 29.508756718101935, 40.789669241218242 ], [ 29.5087574583196, 40.789668623010563 ], [ 29.508758209162519, 40.789668017752078 ], [ 29.508758970404187, 40.78966742562536 ], [ 29.508759741814966, 40.789666846809041 ], [ 29.508760523162149, 40.789666281477722 ], [ 29.508761314210037, 40.789665729801946 ], [ 29.508762114719996, 40.789665191948124 ], [ 29.508762924450544, 40.789664668078522 ], [ 29.508763743157413, 40.789664158351158 ], [ 29.508764570593634, 40.789663662919807 ], [ 29.5087654065096, 40.789663181933918 ], [ 29.508766250653139, 40.78966271553859 ], [ 29.508767102769614, 40.789662263874511 ], [ 29.508767962601965, 40.789661827077936 ], [ 29.508768829890819, 40.789661405280626 ], [ 29.508769704374544, 40.789660998609826 ], [ 29.508770585789339, 40.78966060718821 ], [ 29.50877147386932, 40.789660231133858 ], [ 29.50877236834658, 40.789659870560214 ], [ 29.508773268951291, 40.789659525576049 ], [ 29.508774175411773, 40.78965919628542 ], [ 29.508775087454584, 40.789658882787677 ], [ 29.508776004804592, 40.789658585177385 ], [ 29.508776927185068, 40.789658303544321 ], [ 29.50877785431776, 40.789658037973439 ], [ 29.508778785922992, 40.789657788544865 ], [ 29.50877972171973, 40.789657555333825 ], [ 29.508780661425682, 40.789657338410684 ], [ 29.50878160475737, 40.789657137840877 ], [ 29.50878255143023, 40.789656953684904 ], [ 29.508783501158682, 40.789656785998318 ], [ 29.508784453656229, 40.789656634831708 ], [ 29.508785408635543, 40.78965650023067 ], [ 29.508786365808533, 40.789656382235812 ], [ 29.508787324886462, 40.789656280882731 ], [ 29.508788285580014, 40.789656196202003 ], [ 29.508789247599378, 40.789656128219157 ], [ 29.50879021065435, 40.789656076954721 ], [ 29.508791174454416, 40.789656042424149 ], [ 29.508792138708827, 40.789656024637857 ], [ 29.50879310312671, 40.789656023601218 ], [ 29.508794067417128, 40.789656039314536 ], [ 29.5087950312892, 40.789656071773074 ], [ 29.508795994452154, 40.789656120967045 ], [ 29.508796956615441, 40.789656186881601 ], [ 29.508797917488817, 40.789656269496867 ], [ 29.508798876782418, 40.789656368787909 ], [ 29.508799834206858, 40.789656484724787 ], [ 29.508800789473327, 40.789656617272527 ], [ 29.508801742293649, 40.789656766391133 ], [ 29.508802692380392, 40.789656932035626 ], [ 29.508803639446956, 40.789657114156043 ], [ 29.508804583207645, 40.789657312697436 ], [ 29.508805523377763, 40.789657527599921 ], [ 29.508806459673689, 40.789657758798661 ], [ 29.508807391812983, 40.789658006223924 ], [ 29.508808319514454, 40.789658269801066 ], [ 29.508809242498245, 40.789658549450571 ], [ 29.508810160485925, 40.789658845088077 ], [ 29.50881107320058, 40.78965915662441 ], [ 29.508811980366868, 40.789659483965586 ], [ 29.508812881711137, 40.789659827012862 ], [ 29.508813776961482, 40.789660185662754 ], [ 29.50881466584784, 40.789660559807061 ], [ 29.508815548102071, 40.789660949332927 ], [ 29.508816423458025, 40.789661354122849 ], [ 29.508817291651642, 40.789661774054707 ], [ 29.508818152421021, 40.789662209001825 ], [ 29.508819005506503, 40.789662658833002 ], [ 29.508819850650738, 40.789663123412538 ], [ 29.508820687598782, 40.789663602600285 ], [ 29.508821516098156, 40.789664096251691 ], [ 29.508822335898934, 40.78966460421784 ], [ 29.508823146753812, 40.789665126345497 ], [ 29.508823948418186, 40.789665662477155 ], [ 29.508824740650223, 40.789666212451081 ], [ 29.508825523210938, 40.789666776101377 ], [ 29.508826295864257, 40.789667353257997 ], [ 29.508827058377104, 40.789667943746849 ], [ 29.508827810519456, 40.789668547389795 ], [ 29.50885132603285, 40.789647431418587 ], [ 29.50885132603285, 40.789647431418587 ], [ 29.508850183571411, 40.789646438560254 ], [ 29.508849023963876, 40.789645465782705 ], [ 29.50884784756315, 40.78964451338198 ], [ 29.508846654727254, 40.789643581647937 ], [ 29.508845445819208, 40.789642670864126 ], [ 29.508844221206925, 40.789641781307743 ], [ 29.508842981263097, 40.789640913249499 ], [ 29.508841726365088, 40.789640066953581 ], [ 29.508840456894795, 40.789639242677538 ], [ 29.50883917323857, 40.789638440672242 ], [ 29.508837875787076, 40.78963766118175 ], [ 29.508836564935166, 40.789636904443306 ], [ 29.50883524108178, 40.789636170687203 ], [ 29.508833904629814, 40.789635460136743 ], [ 29.508832555985997, 40.789634773008189 ], [ 29.508831195560767, 40.789634109510637 ], [ 29.508829823768146, 40.789633469846031 ], [ 29.508828441025621, 40.789632854209032 ], [ 29.508827047754007, 40.789632262786995 ], [ 29.508825644377328, 40.789631695759923 ], [ 29.508824231322677, 40.789631153300377 ], [ 29.508822809020099, 40.789630635573445 ], [ 29.508821377902446, 40.789630142736691 ], [ 29.508819938405257, 40.789629674940095 ], [ 29.508818490966622, 40.789629232326035 ], [ 29.50881703602705, 40.789628815029211 ], [ 29.508815574029324, 40.789628423176616 ], [ 29.508814105418384, 40.789628056887508 ], [ 29.508812630641177, 40.789627716273358 ], [ 29.508811150146531, 40.789627401437826 ], [ 29.508809664385012, 40.789627112476737 ], [ 29.508808173808788, 40.789626849478026 ], [ 29.50880667887149, 40.789626612521729 ], [ 29.508805180028087, 40.789626401679961 ], [ 29.508803677734722, 40.789626217016888 ], [ 29.508802172448593, 40.789626058588716 ], [ 29.50880066462782, 40.789625926443662 ], [ 29.508799154731278, 40.789625820621929 ], [ 29.508797643218482, 40.789625741155731 ], [ 29.508796130549442, 40.78962568806925 ], [ 29.50879461718451, 40.789625661378643 ], [ 29.508793103584257, 40.789625661092032 ], [ 29.508791590209327, 40.789625687209508 ], [ 29.508790077520288, 40.789625739723121 ], [ 29.508788565977508, 40.789625818616884 ], [ 29.508787056040997, 40.789625923866794 ], [ 29.508785548170284, 40.789626055440813 ], [ 29.508784042824271, 40.789626213298902 ], [ 29.508782540461077, 40.789626397393022 ], [ 29.508781041537929, 40.789626607667145 ], [ 29.508779546511004, 40.789626844057274 ], [ 29.508778055835286, 40.789627106491466 ], [ 29.508776569964439, 40.789627394889862 ], [ 29.508775089350667, 40.789627709164684 ], [ 29.508773614444571, 40.789628049220298 ], [ 29.508772145695019, 40.789628414953199 ], [ 29.508770683548999, 40.78962880625209 ], [ 29.508769228451495, 40.789629222997881 ], [ 29.508767780845343, 40.78962966506375 ], [ 29.508766341171096, 40.789630132315153 ], [ 29.508764909866901, 40.789630624609892 ], [ 29.508763487368356, 40.789631141798139 ], [ 29.508762074108368, 40.789631683722511 ], [ 29.508760670517052, 40.789632250218062 ], [ 29.508759277021561, 40.789632841112407 ], [ 29.508757894045985, 40.789633456225701 ], [ 29.508756522011215, 40.789634095370751 ], [ 29.508755161334808, 40.789634758353039 ], [ 29.508753812430861, 40.789635444970806 ], [ 29.508752475709898, 40.789636155015074 ], [ 29.508751151578725, 40.789636888269769 ], [ 29.508749840440323, 40.789637644511728 ], [ 29.508748542693716, 40.789638423510794 ], [ 29.508747258733855, 40.789639225029909 ], [ 29.508745988951492, 40.78964004882512 ], [ 29.508744733733067, 40.789640894645736 ], [ 29.508743493460585, 40.789641762234332 ], [ 29.508742268511508, 40.789642651326879 ], [ 29.508741059258622, 40.789643561652795 ], [ 29.508739866069952, 40.789644492935032 ], [ 29.508738689308625, 40.789645444890169 ], [ 29.50873752933277, 40.789646417228496 ], [ 29.508736386495407, 40.789647409654094 ], [ 29.508734694953947, 40.789648280275138 ], [ 29.508733461836592, 40.789648830717759 ], [ 29.508732394335983, 40.789649872808226 ], [ 29.508731345029176, 40.789650933216315 ], [ 29.508753184091809, 40.789672519833744 ] ] ] ] } },
{ "type": "Feature", "properties": { "fid": 99, "lanelet_id": 93, "spd_limit": null, "reward": 0, "lanelet_type": "intersection", "pre_id": null, "next_id": null, "adjcnt_id": null, "center_b_id": "201" }, "geometry": { "type": "MultiPolygon", "coordinates": [ [ [ [ 29.508806782095114, 40.789686755187375 ], [ 29.508827810519456, 40.789668547389795 ], [ 29.508827810519456, 40.789668547389795 ], [ 29.508827287914489, 40.789668153275286 ], [ 29.508826772233391, 40.789667750143536 ], [ 29.50882626363174, 40.789667338116161 ], [ 29.508825762262958, 40.789666917317462 ], [ 29.508825268278308, 40.789666487874378 ], [ 29.508824781826803, 40.78966604991647 ], [ 29.508824303055199, 40.789665603575848 ], [ 29.508823832107925, 40.789665148987169 ], [ 29.508823369127061, 40.789664686287573 ], [ 29.508822914252274, 40.789664215616639 ], [ 29.508822467620789, 40.789663737116364 ], [ 29.508822029367341, 40.789663250931092 ], [ 29.508821599624145, 40.789662757207502 ], [ 29.50882117852084, 40.789662256094537 ], [ 29.508820766184467, 40.789661747743367 ], [ 29.508820362739414, 40.789661232307346 ], [ 29.508819968307392, 40.789660709941977 ], [ 29.508819583007394, 40.789660180804837 ], [ 29.508819206955653, 40.789659645055565 ], [ 29.508818840265615, 40.789659102855772 ], [ 29.5088184830479, 40.789658554369026 ], [ 29.508818135410277, 40.789657999760806 ], [ 29.508817797457613, 40.789657439198415 ], [ 29.508817469291866, 40.789656872850955 ], [ 29.508817151012035, 40.789656300889291 ], [ 29.508816842714133, 40.789655723485964 ], [ 29.508816544491172, 40.789655140815164 ], [ 29.508816256433114, 40.789654553052664 ], [ 29.50881597862686, 40.78965396037578 ], [ 29.508815711156217, 40.789653362963314 ], [ 29.508815454101875, 40.789652760995487 ], [ 29.508815207541385, 40.789652154653901 ], [ 29.508814971549121, 40.789651544121469 ], [ 29.508814746196283, 40.789650929582372 ], [ 29.508814531550851, 40.789650311222012 ], [ 29.508814327677577, 40.789649689226927 ], [ 29.508814134637969, 40.789649063784758 ], [ 29.508813952490261, 40.789648435084182 ], [ 29.508813781289398, 40.789647803314871 ], [ 29.508813621087032, 40.789647168667408 ], [ 29.508813471931489, 40.789646531333254 ], [ 29.508813333867771, 40.789645891504676 ], [ 29.508813206937521, 40.789645249374693 ], [ 29.508813091179039, 40.789644605137028 ], [ 29.508812986627241, 40.789643958986026 ], [ 29.508812893313667, 40.789643311116613 ], [ 29.50881281126647, 40.789642661724237 ], [ 29.5088127405104, 40.789642011004808 ], [ 29.508812681066807, 40.789641359154629 ], [ 29.508812632953617, 40.789640706370342 ], [ 29.508812596185351, 40.789640052848888 ], [ 29.508812570773095, 40.789639398787408 ], [ 29.508812556724518, 40.789638744383225 ], [ 29.50881255404386, 40.789638089833751 ], [ 29.508812562731926, 40.789637435336452 ], [ 29.508812582786099, 40.789636781088767 ], [ 29.508812614200327, 40.789636127288077 ], [ 29.50881265696513, 40.789635474131607 ], [ 29.508812711067613, 40.789634821816406 ], [ 29.508812776491453, 40.789634170539266 ], [ 29.508812853216909, 40.78963352049665 ], [ 29.508812941220839, 40.789632871884663 ], [ 29.508813040476692, 40.78963222489898 ], [ 29.508813150954527, 40.789631579734774 ], [ 29.508813272621012, 40.78963093658669 ], [ 29.508813405439447, 40.789630295648735 ], [ 29.508813549369766, 40.789629657114268 ], [ 29.508813704368542, 40.789629021175926 ], [ 29.508813870389019, 40.789628388025548 ], [ 29.508814047381112, 40.789627757854142 ], [ 29.508814235291428, 40.789627130851819 ], [ 29.508814434063275, 40.789626507207728 ], [ 29.508814643636697, 40.789625887110013 ], [ 29.508814863948462, 40.789625270745731 ], [ 29.50881509493211, 40.789624658300831 ], [ 29.508815336517962, 40.789624049960075 ], [ 29.50881558863313, 40.789623445906983 ], [ 29.508815851201568, 40.78962284632378 ], [ 29.508816124144055, 40.78962225139135 ], [ 29.508816407378255, 40.789621661289168 ], [ 29.508816700818727, 40.789621076195253 ], [ 29.50881700437694, 40.789620496286112 ], [ 29.50881731796132, 40.789619921736694 ], [ 29.508817641477268, 40.789619352720322 ], [ 29.508817974827188, 40.789618789408664 ], [ 29.508818317910514, 40.789618231971644 ], [ 29.508818670623747, 40.789617680577429 ], [ 29.50881903286048, 40.789617135392376 ], [ 29.508819404511438, 40.789616596580935 ], [ 29.508819785464503, 40.789616064305669 ], [ 29.508820175604747, 40.789615538727141 ], [ 29.508820574814475, 40.789615020003907 ], [ 29.508820982973258, 40.789614508292459 ], [ 29.508821399957963, 40.789614003747161 ], [ 29.508821825642798, 40.789613506520233 ], [ 29.508822259899336, 40.789613016761663 ], [ 29.508822702596582, 40.789612534619209 ], [ 29.508823153600982, 40.789612060238312 ], [ 29.508823612776474, 40.789611593762096 ], [ 29.508824079984542, 40.78961113533127 ], [ 29.508824555084239, 40.789610685084142 ], [ 29.508825037932237, 40.789610243156531 ], [ 29.508825528382875, 40.789609809681771 ], [ 29.508826026288194, 40.789609384790616 ], [ 29.508826531497988, 40.789608968611248 ], [ 29.508827043859846, 40.789608561269226 ], [ 29.508827563219207, 40.789608162887433 ], [ 29.508806315667808, 40.78958713899447 ], [ 29.508806315667808, 40.78958713899447 ], [ 29.50880546367431, 40.789587910578916 ], [ 29.508804625164416, 40.789588696795569 ], [ 29.50880380038938, 40.789589497408841 ], [ 29.508802989596347, 40.789590312178824 ], [ 29.508802193028274, 40.789591140861376 ], [ 29.508801410923851, 40.789591983208183 ], [ 29.508800643517436, 40.789592838966833 ], [ 29.508799891038983, 40.78959370788089 ], [ 29.508799153713973, 40.789594589689997 ], [ 29.508798431763346, 40.789595484129912 ], [ 29.508797725403433, 40.789596390932623 ], [ 29.508797034845898, 40.789597309826391 ], [ 29.508796360297666, 40.789598240535881 ], [ 29.508795701960867, 40.789599182782197 ], [ 29.508795060032767, 40.789600136283006 ], [ 29.508794434705727, 40.789601100752577 ], [ 29.508793826167121, 40.789602075901918 ], [ 29.508793234599302, 40.789603061438825 ], [ 29.50879266017953, 40.789604057067969 ], [ 29.508792103079934, 40.78960506249102 ], [ 29.508791563467447, 40.789606077406695 ], [ 29.508791041503766, 40.789607101510882 ], [ 29.508790537345291, 40.789608134496703 ], [ 29.508790051143105, 40.789609176054626 ], [ 29.508789583042887, 40.789610225872543 ], [ 29.508789133184912, 40.789611283635878 ], [ 29.508788701703978, 40.789612349027671 ], [ 29.508788288729374, 40.789613421728674 ], [ 29.508787894384856, 40.789614501417461 ], [ 29.508787518788584, 40.789615587770491 ], [ 29.508787162053103, 40.789616680462245 ], [ 29.508786824285316, 40.789617779165297 ], [ 29.508786505586432, 40.789618883550418 ], [ 29.508786206051951, 40.789619993286671 ], [ 29.508785925771626, 40.789621108041537 ], [ 29.508785664829443, 40.789622227480976 ], [ 29.508785423303596, 40.78962335126954 ], [ 29.508785201266459, 40.789624479070483 ], [ 29.508784998784559, 40.789625610545869 ], [ 29.508784815918577, 40.789626745356649 ], [ 29.50878465272331, 40.789627883162773 ], [ 29.508784509247651, 40.789629023623299 ], [ 29.5087843855346, 40.789630166396485 ], [ 29.508784281621224, 40.789631311139892 ], [ 29.508784197538667, 40.789632457510514 ], [ 29.508784133312112, 40.789633605164823 ], [ 29.508784088960816, 40.789634753758939 ], [ 29.508784064498066, 40.789635902948667 ], [ 29.508784059931187, 40.789637052389672 ], [ 29.508784075261556, 40.78963820173751 ], [ 29.508784110484573, 40.789639350647775 ], [ 29.508784165589685, 40.789640498776208 ], [ 29.508784240560377, 40.789641645778765 ], [ 29.508784335374191, 40.789642791311749 ], [ 29.508784450002711, 40.789643935031897 ], [ 29.508784584411586, 40.789645076596493 ], [ 29.508784738560546, 40.78964621566346 ], [ 29.508784912403399, 40.789647351891489 ], [ 29.508785105888052, 40.789648484940102 ], [ 29.508785318956527, 40.789649614469781 ], [ 29.508785551544978, 40.789650740142065 ], [ 29.508785803583706, 40.789651861619639 ], [ 29.508786074997193, 40.789652978566451 ], [ 29.508786365704111, 40.789654090647815 ], [ 29.508786675617344, 40.789655197530493 ], [ 29.508787004644027, 40.789656298882804 ], [ 29.50878735268557, 40.789657394374728 ], [ 29.508787719637681, 40.789658483677997 ], [ 29.508788105390401, 40.789659566466206 ], [ 29.508788509828143, 40.789660642414901 ], [ 29.508788932829713, 40.78966171120166 ], [ 29.50878937426836, 40.789662772506233 ], [ 29.508789834011807, 40.789663826010589 ], [ 29.50879031192229, 40.789664871399054 ], [ 29.508790807856602, 40.789665908358373 ], [ 29.508791321666138, 40.789666936577817 ], [ 29.508791853196936, 40.789667955749287 ], [ 29.508792402289721, 40.78966896556738 ], [ 29.508792968779957, 40.789669965729509 ], [ 29.508793552497895, 40.789670955935975 ], [ 29.508794153268621, 40.789671935890055 ], [ 29.508794770912118, 40.789672905298112 ], [ 29.508795405243308, 40.789673863869659 ], [ 29.508796056072111, 40.789674811317461 ], [ 29.508796723203506, 40.78967574735762 ], [ 29.508797406437591, 40.789676671709643 ], [ 29.508798105569628, 40.789677584096545 ], [ 29.508798820390123, 40.789678484244938 ], [ 29.508799550684884, 40.789679371885086 ], [ 29.508800296235076, 40.789680246751011 ], [ 29.50880105681729, 40.789681108580552 ], [ 29.508801832203623, 40.789681957115469 ], [ 29.508802622161731, 40.789682792101495 ], [ 29.508803426454897, 40.789683613288425 ], [ 29.508804244842114, 40.789684420430191 ], [ 29.508805077078154, 40.789685213284933 ], [ 29.508805922913641, 40.789685991615066 ], [ 29.508806782095114, 40.789686755187375 ] ] ] ] } },
{ "type": "Feature", "properties": { "fid": 100, "lanelet_id": 94, "spd_limit": null, "reward": 0, "lanelet_type": "intersection", "pre_id": null, "next_id": null, "adjcnt_id": null, "center_b_id": "199" }, "geometry": { "type": "MultiPolygon", "coordinates": [ [ [ [ 29.508827810519456, 40.789668547389795 ], [ 29.508827287914489, 40.789668153275286 ], [ 29.508826772233391, 40.789667750143536 ], [ 29.50882626363174, 40.789667338116161 ], [ 29.508825762262958, 40.789666917317462 ], [ 29.508825268278308, 40.789666487874378 ], [ 29.508824781826803, 40.78966604991647 ], [ 29.508824303055199, 40.789665603575848 ], [ 29.508823832107925, 40.789665148987169 ], [ 29.508823369127061, 40.789664686287573 ], [ 29.508822914252274, 40.789664215616639 ], [ 29.508822467620789, 40.789663737116364 ], [ 29.508822029367341, 40.789663250931092 ], [ 29.508821599624145, 40.789662757207502 ], [ 29.50882117852084, 40.789662256094537 ], [ 29.508820766184467, 40.789661747743367 ], [ 29.508820362739414, 40.789661232307346 ], [ 29.508819968307392, 40.789660709941977 ], [ 29.508819583007394, 40.789660180804837 ], [ 29.508819206955653, 40.789659645055565 ], [ 29.508818840265615, 40.789659102855772 ], [ 29.5088184830479, 40.789658554369026 ], [ 29.508818135410277, 40.789657999760806 ], [ 29.508817797457613, 40.789657439198415 ], [ 29.508817469291866, 40.789656872850955 ], [ 29.508817151012035, 40.789656300889291 ], [ 29.508816842714133, 40.789655723485964 ], [ 29.508816544491172, 40.789655140815164 ], [ 29.508816256433111, 40.789654553052664 ], [ 29.508815978626856, 40.78965396037578 ], [ 29.508815711156217, 40.789653362963314 ], [ 29.508815454101875, 40.789652760995487 ], [ 29.508815207541382, 40.789652154653901 ], [ 29.508814971549121, 40.789651544121469 ], [ 29.508814746196283, 40.789650929582372 ], [ 29.508814531550851, 40.789650311222012 ], [ 29.508814327677577, 40.789649689226927 ], [ 29.508814134637969, 40.789649063784758 ], [ 29.508813952490257, 40.789648435084182 ], [ 29.508813781289398, 40.789647803314871 ], [ 29.508813621087029, 40.789647168667408 ], [ 29.508813471931489, 40.789646531333254 ], [ 29.508813333867771, 40.789645891504676 ], [ 29.508813206937521, 40.789645249374693 ], [ 29.508813091179036, 40.789644605137028 ], [ 29.508812986627238, 40.789643958986026 ], [ 29.508812893313664, 40.789643311116613 ], [ 29.50881281126647, 40.789642661724237 ], [ 29.5088127405104, 40.789642011004808 ], [ 29.508812681066804, 40.789641359154629 ], [ 29.508812632953617, 40.789640706370342 ], [ 29.508812596185347, 40.789640052848888 ], [ 29.508812570773092, 40.789639398787408 ], [ 29.508812556724518, 40.789638744383225 ], [ 29.508812554043857, 40.789638089833751 ], [ 29.508812562731926, 40.789637435336452 ], [ 29.508812582786099, 40.789636781088767 ], [ 29.508812614200323, 40.789636127288077 ], [ 29.50881265696513, 40.789635474131607 ], [ 29.508812711067613, 40.789634821816406 ], [ 29.50881277649145, 40.789634170539266 ], [ 29.508812853216906, 40.78963352049665 ], [ 29.508812941220839, 40.789632871884663 ], [ 29.508813040476692, 40.78963222489898 ], [ 29.508813150954524, 40.789631579734774 ], [ 29.508813272621012, 40.78963093658669 ], [ 29.508813405439447, 40.789630295648735 ], [ 29.508813549369762, 40.789629657114268 ], [ 29.508813704368539, 40.789629021175919 ], [ 29.508813870389016, 40.789628388025548 ], [ 29.508814047381112, 40.789627757854142 ], [ 29.508814235291425, 40.789627130851819 ], [ 29.508814434063275, 40.789626507207728 ], [ 29.508814643636693, 40.789625887110013 ], [ 29.508814863948459, 40.789625270745731 ], [ 29.50881509493211, 40.789624658300831 ], [ 29.508815336517959, 40.789624049960075 ], [ 29.50881558863313, 40.789623445906983 ], [ 29.508815851201565, 40.78962284632378 ], [ 29.508816124144055, 40.78962225139135 ], [ 29.508816407378255, 40.789621661289168 ], [ 29.508816700818723, 40.789621076195253 ], [ 29.508817004376937, 40.789620496286112 ], [ 29.50881731796132, 40.789619921736694 ], [ 29.508817641477268, 40.789619352720322 ], [ 29.508817974827188, 40.789618789408664 ], [ 29.508818317910514, 40.789618231971644 ], [ 29.508818670623747, 40.789617680577429 ], [ 29.50881903286048, 40.789617135392376 ], [ 29.508819404511438, 40.789616596580935 ], [ 29.5088197854645, 40.789616064305669 ], [ 29.508820175604747, 40.789615538727141 ], [ 29.508820574814475, 40.789615020003907 ], [ 29.508820982973258, 40.789614508292459 ], [ 29.508821399957963, 40.789614003747161 ], [ 29.508821825642794, 40.789613506520233 ], [ 29.508822259899336, 40.789613016761663 ], [ 29.508822702596582, 40.789612534619209 ], [ 29.508823153600982, 40.789612060238312 ], [ 29.508823612776474, 40.789611593762096 ], [ 29.508824079984542, 40.78961113533127 ], [ 29.508824555084239, 40.789610685084142 ], [ 29.508825037932237, 40.789610243156531 ], [ 29.508825528382875, 40.789609809681771 ], [ 29.508826026288194, 40.789609384790616 ], [ 29.508826531497988, 40.789608968611248 ], [ 29.508827043859846, 40.789608561269226 ], [ 29.508827563219207, 40.789608162887433 ], [ 29.508848810770608, 40.789629186780402 ], [ 29.508848810770608, 40.789629186780402 ], [ 29.508848747237462, 40.789629825074144 ], [ 29.508848694482165, 40.789630464348917 ], [ 29.508848652519738, 40.789631104422753 ], [ 29.50884862136213, 40.789631745113446 ], [ 29.508848601018201, 40.789632386238623 ], [ 29.508848591493752, 40.789633027615764 ], [ 29.508848592791487, 40.789633669062319 ], [ 29.508848604911041, 40.789634310395677 ], [ 29.508848627848959, 40.789634951433285 ], [ 29.508848661598719, 40.789635591992656 ], [ 29.508848706150705, 40.789636231891464 ], [ 29.508848761492242, 40.789636870947547 ], [ 29.508848827607576, 40.789637508978991 ], [ 29.50884890447788, 40.789638145804176 ], [ 29.50884899208128, 40.78963878124182 ], [ 29.508849090392836, 40.789639415111047 ], [ 29.50884919938456, 40.789640047231423 ], [ 29.50884931902543, 40.789640677423002 ], [ 29.508849449281389, 40.789641305506386 ], [ 29.508849590115357, 40.789641931302803 ], [ 29.508849741487246, 40.789642554634106 ], [ 29.508849903353962, 40.789643175322858 ], [ 29.508850075669436, 40.789643793192376 ], [ 29.508850258384609, 40.789644408066771 ], [ 29.508850451447472, 40.789645019771022 ], [ 29.508850654803073, 40.789645628130998 ], [ 29.508850868393516, 40.789646232973524 ], [ 29.508851092158011, 40.78964683412643 ], [ 29.50885132603285, 40.789647431418587 ], [ 29.508827810519456, 40.789668547389795 ] ] ] ] } },
{ "type": "Feature", "properties": { "fid": 101, "lanelet_id": 95, "spd_limit": null, "reward": 0, "lanelet_type": "intersection", "pre_id": null, "next_id": null, "adjcnt_id": null, "center_b_id": "84" }, "geometry": { "type": "MultiPolygon", "coordinates": [ [ [ [ 29.509131794606517, 40.790139687160121 ], [ 29.509190513998163, 40.790086618645148 ], [ 29.509190513998163, 40.790086618645148 ], [ 29.509165700335451, 40.790067162477797 ], [ 29.509165700335451, 40.790067162477797 ], [ 29.509107192178575, 40.790119557900894 ], [ 29.509107192178575, 40.790119557900894 ], [ 29.509131794606517, 40.790139687160121 ] ] ] ] } },
{ "type": "Feature", "properties": { "fid": 102, "lanelet_id": 96, "spd_limit": null, "reward": 0, "lanelet_type": "intersection", "pre_id": null, "next_id": null, "adjcnt_id": null, "center_b_id": "85" }, "geometry": { "type": "MultiPolygon", "coordinates": [ [ [ [ 29.509107192178575, 40.790119557900894 ], [ 29.509165700335451, 40.790067162477797 ], [ 29.509140886672739, 40.790047706310439 ], [ 29.509082589750637, 40.790099428641675 ], [ 29.509107192178575, 40.790119557900894 ] ] ] ] } },
{ "type": "Feature", "properties": { "fid": 103, "lanelet_id": 97, "spd_limit": null, "reward": 0, "lanelet_type": "intersection", "pre_id": null, "next_id": null, "adjcnt_id": null, "center_b_id": "107" }, "geometry": { "type": "MultiPolygon", "coordinates": [ [ [ [ 29.509153265816355, 40.790146396913194 ], [ 29.509152758854992, 40.790146043262816 ], [ 29.509152245950883, 40.790145698287759 ], [ 29.509151727252473, 40.790145362087863 ], [ 29.509151202909873, 40.790145034760421 ], [ 29.509150673074839, 40.790144716400171 ], [ 29.509150137900704, 40.790144407099248 ], [ 29.509149597542361, 40.790144106947167 ], [ 29.509149052156186, 40.790143816030792 ], [ 29.509148501900025, 40.790143534434321 ], [ 29.509147946933126, 40.790143262239255 ], [ 29.509147387416103, 40.790142999524363 ], [ 29.509146823510886, 40.790142746365674 ], [ 29.509146255380674, 40.790142502836467 ], [ 29.509145683189892, 40.790142269007212 ], [ 29.509145107104132, 40.790142044945583 ], [ 29.509144527290125, 40.790141830716429 ], [ 29.509143943915671, 40.790141626381747 ], [ 29.509143357149608, 40.790141432000681 ], [ 29.509142767161752, 40.790141247629471 ], [ 29.509142174122847, 40.790141073321493 ], [ 29.509141578204527, 40.790140909127182 ], [ 29.509140979579261, 40.790140755094065 ], [ 29.509140378420291, 40.790140611266715 ], [ 29.509139774901602, 40.790140477686755 ], [ 29.509139169197855, 40.790140354392854 ], [ 29.509138561484349, 40.790140241420687 ], [ 29.509137951936964, 40.790140138802954 ], [ 29.50913734073211, 40.790140046569348 ], [ 29.50913672804667, 40.790139964746572 ], [ 29.509136114057966, 40.790139893358294 ], [ 29.509135498943696, 40.790139832425183 ], [ 29.50913488288187, 40.790139781964868 ], [ 29.50913426605079, 40.790139741991958 ], [ 29.509133648628975, 40.79013971251802 ], [ 29.509133030795105, 40.790139693551581 ], [ 29.509132412727997, 40.790139685098133 ], [ 29.509131794606517, 40.790139687160121 ], [ 29.509107192178575, 40.790119557900894 ], [ 29.509107192178575, 40.790119557900894 ], [ 29.509108037954167, 40.790119047776329 ], [ 29.509108892428429, 40.790118552360184 ], [ 29.509109755345602, 40.790118071800741 ], [ 29.509110626447395, 40.790117606241843 ], [ 29.509111505473076, 40.790117155822848 ], [ 29.509112392159533, 40.790116720678562 ], [ 29.509113286241369, 40.790116300939239 ], [ 29.509114187450962, 40.790115896730519 ], [ 29.509115095518563, 40.790115508173379 ], [ 29.509116010172377, 40.790115135384127 ], [ 29.509116931138625, 40.790114778474347 ], [ 29.509117858141646, 40.790114437550862 ], [ 29.509118790903972, 40.790114112715727 ], [ 29.509119729146409, 40.790113804066166 ], [ 29.509120672588125, 40.790113511694564 ], [ 29.509121620946726, 40.79011323568843 ], [ 29.509122573938352, 40.790112976130381 ], [ 29.509123531277758, 40.790112733098113 ], [ 29.509124492678392, 40.790112506664357 ], [ 29.509125457852488, 40.790112296896901 ], [ 29.509126426511155, 40.790112103858526 ], [ 29.509127398364448, 40.790111927607015 ], [ 29.509128373121481, 40.790111768195125 ], [ 29.509129350490486, 40.790111625670562 ], [ 29.50913033017892, 40.790111500075994 ], [ 29.509131311893544, 40.790111391449017 ], [ 29.50913229534051, 40.790111299822136 ], [ 29.509133280225459, 40.79011122522278 ], [ 29.509134266253589, 40.790111167673281 ], [ 29.50913525312977, 40.790111127190862 ], [ 29.509136240558611, 40.790111103787645 ], [ 29.509137228244551, 40.790111097470628 ], [ 29.509138215891962, 40.790111108241703 ], [ 29.509139203205219, 40.79011113609765 ], [ 29.509140189888804, 40.790111181030127 ], [ 29.509141175647379, 40.790111243025684 ], [ 29.509142160185895, 40.790111322065769 ], [ 29.509143143209656, 40.790111418126727 ], [ 29.509144124424427, 40.790111531179797 ], [ 29.509145103536511, 40.790111661191141 ], [ 29.50914608025284, 40.790111808121843 ], [ 29.509147054281069, 40.790111971927935 ], [ 29.509148025329647, 40.790112152560376 ], [ 29.509148993107928, 40.790112349965106 ], [ 29.50914995732623, 40.790112564083032 ], [ 29.509150917695951, 40.79011279485006 ], [ 29.509151873929628, 40.790113042197135 ], [ 29.509152825741051, 40.790113306050202 ], [ 29.509153772845316, 40.7901135863303 ], [ 29.509154714958942, 40.790113882953527 ], [ 29.509155651799936, 40.790114195831094 ], [ 29.509156583087883, 40.790114524869367 ], [ 29.509157508544032, 40.790114869969841 ], [ 29.509158427891375, 40.790115231029233 ], [ 29.509159340854737, 40.79011560793947 ], [ 29.509160247160846, 40.79011600058773 ], [ 29.509161146538435, 40.790116408856484 ], [ 29.509162038718298, 40.790116832623539 ], [ 29.509162923433387, 40.79011727176205 ], [ 29.509163800418897, 40.790117726140572 ], [ 29.509164669412325, 40.790118195623101 ], [ 29.509165530153567, 40.790118680069114 ], [ 29.509166382384983, 40.790119179333601 ], [ 29.509167225851488, 40.790119693267137 ], [ 29.509168060300617, 40.790120221715881 ], [ 29.509168885482602, 40.79012076452166 ], [ 29.509169701150451, 40.790121321522001 ], [ 29.50917050706002, 40.790121892550189 ], [ 29.509171302970085, 40.790122477435297 ], [ 29.509172088642412, 40.790123076002267 ], [ 29.50917286384184, 40.79012368807193 ], [ 29.509173628336335, 40.790124313461078 ], [ 29.509174381897068, 40.790124951982534 ], [ 29.509175124298483, 40.790125603445162 ], [ 29.509175855318372, 40.790126267653974 ], [ 29.509153265816355, 40.790146396913194 ] ] ] ] } },
{ "type": "Feature", "properties": { "fid": 104, "lanelet_id": 98, "spd_limit": null, "reward": 0, "lanelet_type": "intersection", "pre_id": null, "next_id": null, "adjcnt_id": null, "center_b_id": "109" }, "geometry": { "type": "MultiPolygon", "coordinates": [ [ [ [ 29.509175855318372, 40.790126267653974 ], [ 29.509198444820388, 40.790106138394755 ], [ 29.509198444820388, 40.790106138394755 ], [ 29.509197305867005, 40.790105076482263 ], [ 29.50919614869937, 40.790104034447708 ], [ 29.509194973664361, 40.790103012603446 ], [ 29.509193781114217, 40.790102011255804 ], [ 29.509192571406416, 40.790101030704946 ], [ 29.509191344903584, 40.790100071244808 ], [ 29.509190101973392, 40.79009913316299 ], [ 29.509188842988422, 40.790098216740709 ], [ 29.50918756832607, 40.790097322252677 ], [ 29.509186278368439, 40.790096449967024 ], [ 29.509184973502215, 40.790095600145229 ], [ 29.509183654118544, 40.790094773042043 ], [ 29.509182320612933, 40.790093968905396 ], [ 29.509180973385124, 40.790093187976346 ], [ 29.509179612838963, 40.79009243048899 ], [ 29.509178239382294, 40.790091696670387 ], [ 29.509176853426837, 40.790090986740523 ], [ 29.509175455388046, 40.790090300912198 ], [ 29.509174045685004, 40.790089639390999 ], [ 29.509172624740295, 40.790089002375232 ], [ 29.509171192979863, 40.790088390055857 ], [ 29.509169750832903, 40.790087802616412 ], [ 29.509168298731719, 40.790087240233007 ], [ 29.509166837111596, 40.790086703074209 ], [ 29.509165366410681, 40.790086191301043 ], [ 29.509163887069835, 40.790085705066929 ], [ 29.509162399532514, 40.79008524451762 ], [ 29.509160904244627, 40.790084809791161 ], [ 29.509159401654411, 40.790084401017886 ], [ 29.50915789221229, 40.790084018320314 ], [ 29.509156376370736, 40.790083661813171 ], [ 29.50915485458415, 40.790083331603327 ], [ 29.509153327308709, 40.79008302778977 ], [ 29.509151795002236, 40.790082750463569 ], [ 29.509150258124063, 40.79008249970785 ], [ 29.509148717134888, 40.79008227559779 ], [ 29.50914717249665, 40.790082078200562 ], [ 29.509145624672374, 40.790081907575349 ], [ 29.509144074126045, 40.790081763773287 ], [ 29.50914252132246, 40.790081646837493 ], [ 29.509140966727095, 40.79008155680301 ], [ 29.509139410805965, 40.790081493696839 ], [ 29.509137854025479, 40.79008145753788 ], [ 29.509136296852304, 40.790081448336991 ], [ 29.509134739753225, 40.790081466096922 ], [ 29.509133183195008, 40.790081510812342 ], [ 29.509131627644255, 40.79008158246986 ], [ 29.50913007356726, 40.790081681047987 ], [ 29.509128521429883, 40.790081806517172 ], [ 29.509126971697402, 40.790081958839814 ], [ 29.509125424834366, 40.790082137970238 ], [ 29.509123881304479, 40.790082343854756 ], [ 29.509122341570428, 40.790082576431651 ], [ 29.50912080609378, 40.790082835631203 ], [ 29.509119275334807, 40.790083121375709 ], [ 29.509117749752384, 40.790083433579518 ], [ 29.509116229803823, 40.790083772149046 ], [ 29.509114715944747, 40.790084136982792 ], [ 29.509113208628968, 40.790084527971395 ], [ 29.509111708308318, 40.790084944997652 ], [ 29.509110215432543, 40.790085387936557 ], [ 29.509108730449153, 40.790085856655331 ], [ 29.509107253803297, 40.790086351013464 ], [ 29.509105785937614, 40.790086870862766 ], [ 29.509104327292125, 40.790087416047406 ], [ 29.509102878304081, 40.790087986403954 ], [ 29.509101439407832, 40.790088581761445 ], [ 29.509100011034711, 40.790089201941399 ], [ 29.509098593612894, 40.790089846757922 ], [ 29.509097187567278, 40.790090516017713 ], [ 29.509095793319336, 40.790091209520156 ], [ 29.509094411287023, 40.790091927057361 ], [ 29.509093041884618, 40.790092668414232 ], [ 29.509091685522627, 40.79009343336854 ], [ 29.509090342607632, 40.790094221690978 ], [ 29.509089013542191, 40.790095033145235 ], [ 29.509087698724716, 40.79009586748807 ], [ 29.509086398549343, 40.790096724469365 ], [ 29.509085113405813, 40.790097603832244 ], [ 29.509083843679374, 40.79009850531309 ], [ 29.509082589750637, 40.790099428641675 ], [ 29.509107192178575, 40.790119557900894 ], [ 29.509107192178575, 40.790119557900894 ], [ 29.509108037954167, 40.790119047776329 ], [ 29.509108892428429, 40.790118552360184 ], [ 29.509109755345602, 40.790118071800741 ], [ 29.509110626447395, 40.790117606241843 ], [ 29.509111505473076, 40.790117155822848 ], [ 29.509112392159533, 40.790116720678562 ], [ 29.509113286241366, 40.790116300939239 ], [ 29.509114187450962, 40.790115896730512 ], [ 29.509115095518563, 40.790115508173372 ], [ 29.509116010172377, 40.79011513538412 ], [ 29.509116931138625, 40.79011477847434 ], [ 29.509117858141646, 40.790114437550862 ], [ 29.509118790903972, 40.790114112715727 ], [ 29.509119729146409, 40.790113804066159 ], [ 29.509120672588121, 40.790113511694557 ], [ 29.509121620946726, 40.790113235688423 ], [ 29.509122573938352, 40.790112976130381 ], [ 29.509123531277758, 40.790112733098105 ], [ 29.509124492678392, 40.790112506664357 ], [ 29.509125457852488, 40.790112296896901 ], [ 29.509126426511152, 40.790112103858526 ], [ 29.509127398364448, 40.790111927607015 ], [ 29.509128373121481, 40.790111768195118 ], [ 29.509129350490486, 40.790111625670555 ], [ 29.50913033017892, 40.790111500075994 ], [ 29.509131311893544, 40.79011139144901 ], [ 29.50913229534051, 40.790111299822129 ], [ 29.509133280225459, 40.79011122522278 ], [ 29.509134266253589, 40.790111167673281 ], [ 29.50913525312977, 40.790111127190862 ], [ 29.509136240558611, 40.790111103787638 ], [ 29.509137228244551, 40.790111097470621 ], [ 29.509138215891962, 40.790111108241696 ], [ 29.509139203205219, 40.790111136097643 ], [ 29.509140189888804, 40.79011118103012 ], [ 29.509141175647379, 40.790111243025677 ], [ 29.509142160185895, 40.790111322065762 ], [ 29.509143143209656, 40.79011141812672 ], [ 29.509144124424427, 40.790111531179789 ], [ 29.509145103536511, 40.790111661191133 ], [ 29.509146080252844, 40.790111808121843 ], [ 29.509147054281069, 40.790111971927928 ], [ 29.509148025329647, 40.790112152560368 ], [ 29.509148993107928, 40.790112349965099 ], [ 29.50914995732623, 40.790112564083024 ], [ 29.509150917695951, 40.79011279485006 ], [ 29.509151873929632, 40.790113042197127 ], [ 29.509152825741051, 40.790113306050195 ], [ 29.509153772845316, 40.790113586330293 ], [ 29.509154714958942, 40.79011388295352 ], [ 29.509155651799936, 40.790114195831094 ], [ 29.509156583087883, 40.79011452486936 ], [ 29.509157508544032, 40.790114869969841 ], [ 29.509158427891375, 40.790115231029233 ], [ 29.509159340854737, 40.790115607939462 ], [ 29.50916024716085, 40.790116000587723 ], [ 29.509161146538435, 40.790116408856484 ], [ 29.509162038718298, 40.790116832623532 ], [ 29.50916292343339, 40.790117271762043 ], [ 29.509163800418897, 40.790117726140565 ], [ 29.509164669412325, 40.790118195623094 ], [ 29.509175855318372, 40.790126267653974 ] ] ] ] } },
{ "type": "Feature", "properties": { "fid": 105, "lanelet_id": 99, "spd_limit": null, "reward": 0, "lanelet_type": "intersection", "pre_id": null, "next_id": null, "adjcnt_id": null, "center_b_id": "104" }, "geometry": { "type": "MultiPolygon", "coordinates": [ [ [ [ 29.509153265816355, 40.790146396913194 ], [ 29.509175855318372, 40.790126267653974 ], [ 29.509175855318372, 40.790126267653974 ], [ 29.509175238493583, 40.790125723924035 ], [ 29.509174631216151, 40.790125169551253 ], [ 29.509174033669684, 40.79012460470323 ], [ 29.50917344603485, 40.790124029550761 ], [ 29.509172868489319, 40.790123444267728 ], [ 29.509172301207713, 40.7901228490311 ], [ 29.509171744361545, 40.790122244020843 ], [ 29.509171198119176, 40.790121629419886 ], [ 29.509170662645765, 40.790121005414044 ], [ 29.509170138103212, 40.790120372191986 ], [ 29.509169624650106, 40.790119729945168 ], [ 29.509169122441694, 40.790119078867775 ], [ 29.509168631629816, 40.790118419156649 ], [ 29.509168152362868, 40.790117751011266 ], [ 29.509167684785755, 40.790117074633628 ], [ 29.50916722903985, 40.790116390228242 ], [ 29.509166785262941, 40.790115698002033 ], [ 29.509166353589212, 40.790114998164299 ], [ 29.509165934149173, 40.790114290926631 ], [ 29.509165527069644, 40.790113576502861 ], [ 29.509165132473704, 40.790112855108994 ], [ 29.509164750480657, 40.790112126963145 ], [ 29.509164381205998, 40.790111392285468 ], [ 29.509164024761379, 40.790110651298086 ], [ 29.509163681254567, 40.790109904225041 ], [ 29.509163350789422, 40.790109151292206 ], [ 29.50916303346586, 40.790108392727234 ], [ 29.509162729379824, 40.790107628759465 ], [ 29.509162438623253, 40.790106859619897 ], [ 29.50916216128406, 40.790106085541062 ], [ 29.509161897446091, 40.79010530675702 ], [ 29.509161647189121, 40.790104523503217 ], [ 29.509161410588813, 40.790103736016484 ], [ 29.509161187716707, 40.790102944534901 ], [ 29.509160978640185, 40.790102149297788 ], [ 29.509160783422463, 40.790101350545569 ], [ 29.509160602122559, 40.790100548519753 ], [ 29.509160434795294, 40.790099743462825 ], [ 29.509160281491258, 40.790098935618204 ], [ 29.509160142256803, 40.790098125230131 ], [ 29.509160017134025, 40.790097312543622 ], [ 29.509159906160754, 40.790096497804406 ], [ 29.509159809370541, 40.790095681258805 ], [ 29.509159726792657, 40.790094863153698 ], [ 29.509159658452063, 40.790094043736453 ], [ 29.509159604369426, 40.790093223254807 ], [ 29.509159564561092, 40.790092401956834 ], [ 29.509159539039103, 40.790091580090845 ], [ 29.509159527811171, 40.790090757905347 ], [ 29.509159530880694, 40.790089935648915 ], [ 29.509159548246743, 40.790089113570154 ], [ 29.509159579904068, 40.790088291917627 ], [ 29.509159625843097, 40.790087470939753 ], [ 29.509159686049937, 40.790086650884753 ], [ 29.509159760506389, 40.790085832000571 ], [ 29.509159849189942, 40.790085014534796 ], [ 29.509159952073777, 40.79008419873459 ], [ 29.509160069126793, 40.790083384846604 ], [ 29.509160200313595, 40.790082573116912 ], [ 29.509160345594523, 40.790081763790944 ], [ 29.509160504925649, 40.790080957113403 ], [ 29.509160678258798, 40.790080153328184 ], [ 29.509160865541567, 40.790079352678305 ], [ 29.509161066717329, 40.790078555405842 ], [ 29.509161281725259, 40.790077761751853 ], [ 29.509161510500348, 40.790076971956296 ], [ 29.50916175297343, 40.790076186257963 ], [ 29.509162009071193, 40.790075404894409 ], [ 29.509162278716204, 40.790074628101884 ], [ 29.509162561826937, 40.790073856115235 ], [ 29.509162858317794, 40.79007308916789 ], [ 29.509163168099136, 40.790072327491721 ], [ 29.509163491077292, 40.790071571317021 ], [ 29.509163827154616, 40.790070820872423 ], [ 29.509164176229497, 40.790070076384815 ], [ 29.509164538196387, 40.790069338079306 ], [ 29.509164912945852, 40.790068606179105 ], [ 29.509165300364586, 40.790067880905504 ], [ 29.509165700335451, 40.790067162477797 ], [ 29.509140886672739, 40.790047706310439 ], [ 29.509140886672739, 40.790047706310439 ], [ 29.509140132857279, 40.790048560137784 ], [ 29.509139393931292, 40.790049426883002 ], [ 29.509138670116108, 40.790050306286474 ], [ 29.509137961628532, 40.79005119808479 ], [ 29.509137268680771, 40.790052102010833 ], [ 29.509136591480392, 40.790053017793852 ], [ 29.509135930230229, 40.790053945159535 ], [ 29.509135285128352, 40.790054883830109 ], [ 29.509134656367983, 40.79005583352442 ], [ 29.509134044137458, 40.790056793958009 ], [ 29.509133448620158, 40.790057764843183 ], [ 29.50913286999446, 40.790058745889148 ], [ 29.509132308433674, 40.79005973680205 ], [ 29.509131764106009, 40.790060737285067 ], [ 29.509131237174504, 40.790061747038543 ], [ 29.509130727796993, 40.79006276576002 ], [ 29.509130236126051, 40.790063793144348 ], [ 29.509129762308945, 40.790064828883814 ], [ 29.509129306487601, 40.790065872668173 ], [ 29.509128868798548, 40.790066924184778 ], [ 29.509128449372884, 40.790067983118682 ], [ 29.509128048336247, 40.790069049152684 ], [ 29.509127665808755, 40.790070121967489 ], [ 29.509127301904986, 40.790071201241751 ], [ 29.509126956733944, 40.790072286652197 ], [ 29.509126630399013, 40.790073377873718 ], [ 29.50912632299794, 40.790074474579448 ], [ 29.509126034622806, 40.790075576440906 ], [ 29.509125765359983, 40.790076683128042 ], [ 29.509125515290126, 40.790077794309376 ], [ 29.509125284488135, 40.790078909652067 ], [ 29.509125073023149, 40.790080028822047 ], [ 29.509124880958499, 40.790081151484088 ], [ 29.509124708351724, 40.79008227730192 ], [ 29.509124555254516, 40.790083405938326 ], [ 29.509124421712734, 40.790084537055236 ], [ 29.509124307766381, 40.790085670313864 ], [ 29.509124213449589, 40.790086805374756 ], [ 29.5091241387906, 40.79008794189793 ], [ 29.509124083811788, 40.790089079542959 ], [ 29.50912404852961, 40.790090217969095 ], [ 29.509124032954642, 40.790091356835326 ], [ 29.509124037091546, 40.79009249580055 ], [ 29.509124060939079, 40.790093634523593 ], [ 29.509124104490105, 40.790094772663394 ], [ 29.509124167731578, 40.790095909879028 ], [ 29.50912425064455, 40.790097045829874 ], [ 29.509124353204193, 40.790098180175683 ], [ 29.509124475379778, 40.790099312576672 ], [ 29.50912461713472, 40.790100442693671 ], [ 29.509124778426553, 40.790101570188163 ], [ 29.509124959206972, 40.790102694722435 ], [ 29.509125159421817, 40.790103815959654 ], [ 29.509125379011124, 40.790104933563974 ], [ 29.50912561790912, 40.790106047200645 ], [ 29.509125876044248, 40.790107156536095 ], [ 29.509126153339189, 40.790108261238046 ], [ 29.50912644971088, 40.790109360975606 ], [ 29.509126765070558, 40.790110455419381 ], [ 29.509127099323752, 40.790111544241533 ], [ 29.509127452370354, 40.790112627115938 ], [ 29.50912782410461, 40.790113703718248 ], [ 29.509128214415174, 40.790114773725982 ], [ 29.509128623185138, 40.790115836818643 ], [ 29.509129050292064, 40.790116892677801 ], [ 29.509129495608018, 40.790117940987194 ], [ 29.509129958999619, 40.790118981432826 ], [ 29.509130440328065, 40.790120013703046 ], [ 29.509130939449186, 40.790121037488667 ], [ 29.509131456213474, 40.790122052483028 ], [ 29.509131990466148, 40.790123058382115 ], [ 29.509132542047183, 40.790124054884622 ], [ 29.509133110791364, 40.790125041692072 ], [ 29.509133696528334, 40.790126018508886 ], [ 29.509134299082646, 40.790126985042477 ], [ 29.509134918273819, 40.790127941003341 ], [ 29.509135553916387, 40.790128886105144 ], [ 29.509136205819956, 40.790129820064791 ], [ 29.509136873789263, 40.790130742602535 ], [ 29.509137557624229, 40.790131653442053 ], [ 29.509138257120025, 40.790132552310517 ], [ 29.509138972067131, 40.790133438938696 ], [ 29.509139702251399, 40.79013431306101 ], [ 29.509140447454119, 40.790135174415639 ], [ 29.509141207452078, 40.790136022744576 ], [ 29.509141982017635, 40.790136857793726 ], [ 29.509142770918785, 40.790137679312963 ], [ 29.509143573919228, 40.790138487056218 ], [ 29.509144390778445, 40.79013928078156 ], [ 29.509145221251757, 40.790140060251225 ], [ 29.509146065090416, 40.790140825231752 ], [ 29.509146922041662, 40.790141575494005 ], [ 29.509147791848822, 40.790142310813252 ], [ 29.509148674251353, 40.790143030969247 ], [ 29.509149568984952, 40.790143735746277 ], [ 29.509150475781624, 40.790144424933253 ], [ 29.509151394369752, 40.790145098323734 ], [ 29.509152324474194, 40.790145755716011 ], [ 29.509153265816355, 40.790146396913194 ] ] ] ] } },
{ "type": "Feature", "properties": { "fid": 106, "lanelet_id": 100, "spd_limit": null, "reward": 0, "lanelet_type": "intersection", "pre_id": null, "next_id": null, "adjcnt_id": null, "center_b_id": "102" }, "geometry": { "type": "MultiPolygon", "coordinates": [ [ [ [ 29.509175855318372, 40.790126267653974 ], [ 29.509175238493583, 40.790125723924035 ], [ 29.509174631216151, 40.790125169551253 ], [ 29.509174033669684, 40.79012460470323 ], [ 29.50917344603485, 40.790124029550761 ], [ 29.509172868489319, 40.790123444267728 ], [ 29.509172301207713, 40.7901228490311 ], [ 29.509171744361545, 40.790122244020843 ], [ 29.509171198119176, 40.790121629419886 ], [ 29.509170662645765, 40.790121005414044 ], [ 29.509170138103212, 40.790120372191986 ], [ 29.509169624650106, 40.790119729945168 ], [ 29.509169122441694, 40.790119078867775 ], [ 29.509168631629816, 40.790118419156649 ], [ 29.509168152362868, 40.790117751011266 ], [ 29.509167684785755, 40.790117074633628 ], [ 29.50916722903985, 40.790116390228242 ], [ 29.509166785262941, 40.790115698002033 ], [ 29.509166353589212, 40.790114998164299 ], [ 29.509165934149173, 40.790114290926631 ], [ 29.509165527069644, 40.790113576502861 ], [ 29.509165132473704, 40.790112855108994 ], [ 29.509164750480657, 40.790112126963145 ], [ 29.509164381205998, 40.790111392285468 ], [ 29.509164024761379, 40.790110651298086 ], [ 29.509163681254567, 40.790109904225041 ], [ 29.509163350789422, 40.790109151292206 ], [ 29.50916303346586, 40.790108392727234 ], [ 29.509162729379824, 40.790107628759465 ], [ 29.509162438623253, 40.790106859619897 ], [ 29.50916216128406, 40.790106085541062 ], [ 29.509161897446091, 40.79010530675702 ], [ 29.509161647189121, 40.790104523503217 ], [ 29.509161410588813, 40.790103736016484 ], [ 29.509161187716707, 40.790102944534901 ], [ 29.509160978640185, 40.790102149297788 ], [ 29.509160783422463, 40.790101350545569 ], [ 29.509160602122559, 40.790100548519753 ], [ 29.509160434795294, 40.790099743462825 ], [ 29.509160281491258, 40.790098935618204 ], [ 29.509160142256803, 40.790098125230131 ], [ 29.509160017134025, 40.790097312543622 ], [ 29.509159906160754, 40.790096497804406 ], [ 29.509159809370541, 40.790095681258805 ], [ 29.509159726792657, 40.790094863153698 ], [ 29.509159658452063, 40.790094043736453 ], [ 29.509159604369426, 40.790093223254807 ], [ 29.509159564561092, 40.790092401956834 ], [ 29.509159539039103, 40.790091580090845 ], [ 29.509159527811171, 40.790090757905347 ], [ 29.509159530880694, 40.790089935648915 ], [ 29.509159548246743, 40.790089113570154 ], [ 29.509159579904068, 40.790088291917627 ], [ 29.509159625843097, 40.790087470939753 ], [ 29.509159686049937, 40.790086650884753 ], [ 29.509159760506389, 40.790085832000571 ], [ 29.509159849189942, 40.790085014534796 ], [ 29.509159952073777, 40.79008419873459 ], [ 29.509160069126793, 40.790083384846604 ], [ 29.509160200313595, 40.790082573116912 ], [ 29.509160345594523, 40.790081763790944 ], [ 29.509160504925649, 40.790080957113403 ], [ 29.509160678258798, 40.790080153328184 ], [ 29.509160865541567, 40.790079352678305 ], [ 29.509161066717329, 40.790078555405842 ], [ 29.509161281725259, 40.790077761751853 ], [ 29.509161510500348, 40.790076971956296 ], [ 29.50916175297343, 40.790076186257963 ], [ 29.509162009071193, 40.790075404894409 ], [ 29.509162278716204, 40.790074628101884 ], [ 29.509162561826937, 40.790073856115235 ], [ 29.509162858317794, 40.79007308916789 ], [ 29.509163168099136, 40.790072327491721 ], [ 29.509163491077292, 40.790071571317021 ], [ 29.509163827154616, 40.790070820872423 ], [ 29.509164176229497, 40.790070076384815 ], [ 29.509164538196387, 40.790069338079306 ], [ 29.509164912945852, 40.790068606179105 ], [ 29.509165300364586, 40.790067880905504 ], [ 29.509165700335451, 40.790067162477797 ], [ 29.509190513998163, 40.790086618645148 ], [ 29.509190513998163, 40.790086618645148 ], [ 29.509190490922279, 40.790087037167261 ], [ 29.509190475087522, 40.790087456025852 ], [ 29.50919046649863, 40.790087875095637 ], [ 29.50919046515817, 40.790088294251284 ], [ 29.509190471066542, 40.790088713367432 ], [ 29.509190484221985, 40.790089132318734 ], [ 29.509190504620555, 40.790089550979879 ], [ 29.509190532256163, 40.790089969225654 ], [ 29.509190567120534, 40.79009038693097 ], [ 29.509190609203241, 40.790090803970898 ], [ 29.509190658491704, 40.790091220220702 ], [ 29.509190714971176, 40.790091635555896 ], [ 29.509190778624767, 40.790092049852262 ], [ 29.509190849433441, 40.790092462985882 ], [ 29.509190927376014, 40.790092874833192 ], [ 29.509191012429184, 40.790093285271027 ], [ 29.509191104567503, 40.790093694176619 ], [ 29.509191203763422, 40.790094101427684 ], [ 29.509191309987269, 40.790094506902406 ], [ 29.509191423207273, 40.790094910479517 ], [ 29.509191543389573, 40.790095312038318 ], [ 29.509191670498225, 40.790095711458704 ], [ 29.509191804495213, 40.790096108621221 ], [ 29.509191945340461, 40.790096503407071 ], [ 29.509192092991842, 40.790096895698198 ], [ 29.509192247405199, 40.790097285377257 ], [ 29.509192408534343, 40.790097672327711 ], [ 29.509192576331092, 40.790098056433827 ], [ 29.509192750745253, 40.790098437580724 ], [ 29.509192931724662, 40.790098815654403 ], [ 29.509193119215197, 40.790099190541795 ], [ 29.509193313160775, 40.79009956213077 ], [ 29.509193513503394, 40.790099930310198 ], [ 29.509193720183134, 40.790100294969953 ], [ 29.509193933138182, 40.790100656000988 ], [ 29.509194152304843, 40.790101013295306 ], [ 29.509194377617568, 40.79010136674605 ], [ 29.509194609008972, 40.79010171624752 ], [ 29.509194846409848, 40.790102061695166 ], [ 29.509195089749191, 40.790102402985688 ], [ 29.509195338954225, 40.790102740017005 ], [ 29.509195593950416, 40.790103072688311 ], [ 29.509195854661499, 40.790103400900108 ], [ 29.509196121009495, 40.79010372455425 ], [ 29.509196392914749, 40.790104043553917 ], [ 29.509196670295935, 40.790104357803706 ], [ 29.509196953070095, 40.79010466720964 ], [ 29.509197241152656, 40.79010497167917 ], [ 29.509197534457449, 40.790105271121234 ], [ 29.509197832896763, 40.790105565446282 ], [ 29.509198136381332, 40.790105854566278 ], [ 29.509198444820388, 40.790106138394755 ], [ 29.509175855318372, 40.790126267653974 ] ] ] ] } },
{ "type": "Feature", "properties": { "fid": 107, "lanelet_id": 101, "spd_limit": null, "reward": 0, "lanelet_type": "intersection", "pre_id": null, "next_id": null, "adjcnt_id": null, "center_b_id": "29" }, "geometry": { "type": "MultiPolygon", "coordinates": [ [ [ [ 29.509210816085837, 40.7899873639943 ], [ 29.509234501854792, 40.790005974241332 ], [ 29.509234501854792, 40.790005974241332 ], [ 29.509235025637672, 40.790005554735032 ], [ 29.509235542091975, 40.790005126238832 ], [ 29.509236051063422, 40.790004688880728 ], [ 29.509236552399965, 40.790004242791369 ], [ 29.509237045951849, 40.790003788104023 ], [ 29.509237531571632, 40.790003324954519 ], [ 29.509238009114245, 40.790002853481198 ], [ 29.509238478437041, 40.790002373824905 ], [ 29.509238939399818, 40.790001886128934 ], [ 29.509239391864874, 40.790001390538961 ], [ 29.509239835697041, 40.790000887203043 ], [ 29.509240270763744, 40.790000376271536 ], [ 29.509240696935013, 40.789999857897065 ], [ 29.509241114083537, 40.78999933223448 ], [ 29.509241522084707, 40.789998799440816 ], [ 29.509241920816642, 40.78999825967523 ], [ 29.509242310160225, 40.789997713098963 ], [ 29.509242689999159, 40.789997159875291 ], [ 29.509243060219966, 40.789996600169481 ], [ 29.50924342071206, 40.789996034148729 ], [ 29.509243771367746, 40.789995461982116 ], [ 29.509244112082278, 40.789994883840571 ], [ 29.509244442753875, 40.78999429989679 ], [ 29.509244763283753, 40.78999371032522 ], [ 29.509245073576171, 40.789993115301975 ], [ 29.509245373538427, 40.789992515004805 ], [ 29.509245663080918, 40.789991909613043 ], [ 29.50924594211715, 40.78999129930753 ], [ 29.509246210563767, 40.78999068427057 ], [ 29.509246468340582, 40.789990064685909 ], [ 29.50924671537058, 40.789989440738616 ], [ 29.509246951579978, 40.789988812615093 ], [ 29.509247176898207, 40.789988180502966 ], [ 29.509247391257961, 40.789987544591071 ], [ 29.509247594595205, 40.78998690506937 ], [ 29.509247786849198, 40.789986262128899 ], [ 29.509247967962509, 40.789985615961733 ], [ 29.509248137881031, 40.789984966760883 ], [ 29.509248296554006, 40.7899843147203 ], [ 29.509248443934037, 40.78998366003475 ], [ 29.509248579977097, 40.78998300289981 ], [ 29.509248704642545, 40.789982343511781 ], [ 29.509248817893141, 40.789981682067648 ], [ 29.509248919695054, 40.78998101876499 ], [ 29.509249010017875, 40.789980353801958 ], [ 29.509249088834618, 40.789979687377198 ], [ 29.509249156121744, 40.789979019689781 ], [ 29.509249211859146, 40.789978350939165 ], [ 29.509249256030181, 40.789977681325126 ], [ 29.509249288621646, 40.789977011047696 ], [ 29.509249309623812, 40.789976340307092 ], [ 29.509249319030403, 40.789975669303701 ], [ 29.509249316838606, 40.789974998237952 ], [ 29.509249303049078, 40.789974327310311 ], [ 29.509249277665941, 40.789973656721216 ], [ 29.509249240696771, 40.789972986670975 ], [ 29.50924919215262, 40.789972317359755 ], [ 29.509249132047984, 40.789971648987496 ], [ 29.509249060400819, 40.789970981753861 ], [ 29.509248977232527, 40.789970315858163 ], [ 29.509248882567952, 40.789969651499334 ], [ 29.509248776435378, 40.78996898887582 ], [ 29.509248658866504, 40.789968328185573 ], [ 29.50924852989645, 40.789967669625959 ], [ 29.509248389563748, 40.789967013393699 ], [ 29.509248237910317, 40.789966359684833 ], [ 29.509248074981457, 40.789965708694645 ], [ 29.509247900825841, 40.78996506061759 ], [ 29.509247715495494, 40.789964415647276 ], [ 29.509247519045779, 40.789963773976375 ], [ 29.509247311535379, 40.789963135796555 ], [ 29.509247093026286, 40.789962501298476 ], [ 29.509246863583773, 40.789961870671661 ], [ 29.509246623276379, 40.789961244104511 ], [ 29.509246372175891, 40.789960621784182 ], [ 29.509246110357317, 40.789960003896589 ], [ 29.509245837898874, 40.789959390626308 ], [ 29.509245554881947, 40.789958782156532 ], [ 29.509245261391087, 40.789958178669039 ], [ 29.50924495751396, 40.789957580344101 ], [ 29.509244643341347, 40.789956987360448 ], [ 29.509244318967095, 40.789956399895225 ], [ 29.509243984488108, 40.789955818123921 ], [ 29.509243640004303, 40.78995524222033 ], [ 29.509243285618581, 40.78995467235648 ], [ 29.509242921436812, 40.789954108702617 ], [ 29.509242547567784, 40.789953551427104 ], [ 29.509242164123183, 40.789953000696428 ], [ 29.50924177121755, 40.789952456675096 ], [ 29.509241368968258, 40.789951919525627 ], [ 29.509240957495471, 40.789951389408486 ], [ 29.509240536922107, 40.789950866482023 ], [ 29.509240107373799, 40.789950350902451 ], [ 29.509239668978864, 40.789949842823788 ], [ 29.509239221868267, 40.789949342397819 ], [ 29.509238766175564, 40.789948849774021 ], [ 29.509238302036888, 40.789948365099562 ], [ 29.509237829590891, 40.789947888519222 ], [ 29.509237348978697, 40.789947420175366 ], [ 29.509236860343883, 40.789946960207914 ], [ 29.509236363832418, 40.789946508754255 ], [ 29.509235859592618, 40.789946065949252 ], [ 29.509235347775114, 40.789945631925193 ], [ 29.509213071873361, 40.789967061906623 ], [ 29.509213071873361, 40.789967061906623 ], [ 29.509213226876081, 40.78996726339868 ], [ 29.50921337834593, 40.789967467559826 ], [ 29.509213526236955, 40.789967674328139 ], [ 29.509213670504298, 40.789967883640877 ], [ 29.509213811104186, 40.78996809543456 ], [ 29.509213947993967, 40.789968309644919 ], [ 29.509214081132114, 40.78996852620697 ], [ 29.509214210478238, 40.789968745055027 ], [ 29.509214335993093, 40.789968966122686 ], [ 29.509214457638606, 40.789969189342891 ], [ 29.509214575377875, 40.789969414647921 ], [ 29.509214689175181, 40.789969641969414 ], [ 29.509214798995998, 40.789969871238426 ], [ 29.509214904807013, 40.789970102385389 ], [ 29.509215006576124, 40.789970335340193 ], [ 29.50921510427246, 40.789970570032153 ], [ 29.509215197866379, 40.789970806390073 ], [ 29.509215287329489, 40.789971044342259 ], [ 29.50921537263465, 40.78997128381652 ], [ 29.509215453755985, 40.789971524740196 ], [ 29.509215530668879, 40.789971767040207 ], [ 29.509215603350007, 40.789972010643055 ], [ 29.509215671777312, 40.789972255474822 ], [ 29.509215735930038, 40.789972501461236 ], [ 29.509215795788723, 40.789972748527681 ], [ 29.50921585133521, 40.789972996599204 ], [ 29.509215902552643, 40.789973245600535 ], [ 29.509215949425489, 40.789973495456145 ], [ 29.509215991939524, 40.78997374609024 ], [ 29.509216030081852, 40.78997399742677 ], [ 29.509216063840906, 40.789974249389502 ], [ 29.509216093206437, 40.789974501901987 ], [ 29.509216118169544, 40.789974754887623 ], [ 29.509216138722646, 40.789975008269671 ], [ 29.509216154859516, 40.78997526197125 ], [ 29.509216166575253, 40.789975515915401 ], [ 29.509216173866303, 40.78997577002508 ], [ 29.509216176730458, 40.789976024223208 ], [ 29.509216175166845, 40.789976278432661 ], [ 29.509216169175939, 40.789976532576318 ], [ 29.50921615875956, 40.789976786577085 ], [ 29.509216143920867, 40.789977040357904 ], [ 29.509216124664359, 40.78997729384178 ], [ 29.509216100995882, 40.789977546951825 ], [ 29.509216072922612, 40.789977799611243 ], [ 29.509216040453069, 40.78997805174339 ], [ 29.509216003597103, 40.789978303271774 ], [ 29.509215962365893, 40.78997855412009 ], [ 29.509215916771947, 40.78997880421224 ], [ 29.509215866829102, 40.789979053472344 ], [ 29.509215812552501, 40.7899793018248 ], [ 29.509215753958618, 40.789979549194257 ], [ 29.509215691065222, 40.789979795505666 ], [ 29.509215623891397, 40.789980040684313 ], [ 29.509215552457519, 40.789980284655805 ], [ 29.509215476785261, 40.789980527346145 ], [ 29.509215396897577, 40.789980768681694 ], [ 29.509215312818707, 40.789981008589251 ], [ 29.509215224574156, 40.789981246996021 ], [ 29.509215132190693, 40.789981483829692 ], [ 29.509215035696347, 40.7899817190184 ], [ 29.509214935120387, 40.789981952490812 ], [ 29.509214830493327, 40.789982184176097 ], [ 29.509214721846913, 40.789982414003958 ], [ 29.509214609214094, 40.789982641904679 ], [ 29.509214492629052, 40.789982867809123 ], [ 29.509214372127147, 40.789983091648757 ], [ 29.509214247744936, 40.78998331335567 ], [ 29.509214119520156, 40.789983532862607 ], [ 29.509213987491705, 40.789983750102977 ], [ 29.509213851699638, 40.789983965010876 ], [ 29.509213712185147, 40.789984177521106 ], [ 29.50921356899056, 40.789984387569199 ], [ 29.509213422159316, 40.789984595091425 ], [ 29.509213271735959, 40.78998480002484 ], [ 29.509213117766123, 40.789985002307269 ], [ 29.509212960296519, 40.789985201877336 ], [ 29.509212799374914, 40.789985398674517 ], [ 29.509212635050137, 40.789985592639091 ], [ 29.509212467372027, 40.789985783712225 ], [ 29.50921229639146, 40.789985971835947 ], [ 29.509212122160307, 40.789986156953198 ], [ 29.509211944731419, 40.789986339007804 ], [ 29.509211764158625, 40.789986517944541 ], [ 29.509211580496707, 40.789986693709132 ], [ 29.509211393801383, 40.789986866248242 ], [ 29.509211204129286, 40.78998703550954 ], [ 29.509211011537964, 40.789987201441669 ], [ 29.509210816085837, 40.7899873639943 ] ] ] ] } },
{ "type": "Feature", "properties": { "fid": 108, "lanelet_id": 102, "spd_limit": null, "reward": 0, "lanelet_type": "intersection", "pre_id": null, "next_id": null, "adjcnt_id": null, "center_b_id": "30" }, "geometry": { "type": "MultiPolygon", "coordinates": [ [ [ [ 29.509234501854792, 40.790005974241332 ], [ 29.509235025637672, 40.790005554735032 ], [ 29.509235542091975, 40.790005126238832 ], [ 29.509236051063422, 40.790004688880728 ], [ 29.509236552399965, 40.790004242791369 ], [ 29.509237045951849, 40.790003788104023 ], [ 29.509237531571632, 40.790003324954519 ], [ 29.509238009114245, 40.790002853481198 ], [ 29.509238478437041, 40.790002373824905 ], [ 29.509238939399818, 40.790001886128934 ], [ 29.509239391864874, 40.790001390538961 ], [ 29.509239835697041, 40.790000887203043 ], [ 29.509240270763744, 40.790000376271536 ], [ 29.509240696935013, 40.789999857897065 ], [ 29.509241114083537, 40.78999933223448 ], [ 29.509241522084707, 40.789998799440816 ], [ 29.509241920816642, 40.78999825967523 ], [ 29.509242310160225, 40.789997713098963 ], [ 29.509242689999159, 40.789997159875291 ], [ 29.509243060219966, 40.789996600169481 ], [ 29.50924342071206, 40.789996034148729 ], [ 29.509243771367746, 40.789995461982116 ], [ 29.509244112082278, 40.789994883840571 ], [ 29.509244442753875, 40.78999429989679 ], [ 29.509244763283753, 40.78999371032522 ], [ 29.509245073576171, 40.789993115301975 ], [ 29.509245373538427, 40.789992515004805 ], [ 29.509245663080918, 40.789991909613043 ], [ 29.50924594211715, 40.78999129930753 ], [ 29.509246210563767, 40.78999068427057 ], [ 29.509246468340582, 40.789990064685909 ], [ 29.50924671537058, 40.789989440738616 ], [ 29.509246951579978, 40.789988812615093 ], [ 29.509247176898207, 40.789988180502966 ], [ 29.509247391257961, 40.789987544591071 ], [ 29.509247594595205, 40.78998690506937 ], [ 29.509247786849198, 40.789986262128899 ], [ 29.509247967962509, 40.789985615961733 ], [ 29.509248137881031, 40.789984966760883 ], [ 29.509248296554006, 40.7899843147203 ], [ 29.509248443934037, 40.78998366003475 ], [ 29.509248579977097, 40.78998300289981 ], [ 29.509248704642545, 40.789982343511781 ], [ 29.509248817893141, 40.789981682067648 ], [ 29.509248919695054, 40.78998101876499 ], [ 29.509249010017875, 40.789980353801958 ], [ 29.509249088834618, 40.789979687377198 ], [ 29.509249156121744, 40.789979019689781 ], [ 29.509249211859146, 40.789978350939165 ], [ 29.509249256030181, 40.789977681325126 ], [ 29.509249288621646, 40.789977011047696 ], [ 29.509249309623812, 40.789976340307092 ], [ 29.509249319030403, 40.789975669303701 ], [ 29.509249316838606, 40.789974998237952 ], [ 29.509249303049078, 40.789974327310311 ], [ 29.509249277665941, 40.789973656721216 ], [ 29.509249240696771, 40.789972986670975 ], [ 29.50924919215262, 40.789972317359755 ], [ 29.509249132047984, 40.789971648987496 ], [ 29.509249060400819, 40.789970981753861 ], [ 29.509248977232527, 40.789970315858163 ], [ 29.509248882567952, 40.789969651499334 ], [ 29.509248776435378, 40.78996898887582 ], [ 29.509248658866504, 40.789968328185573 ], [ 29.50924852989645, 40.789967669625959 ], [ 29.509248389563748, 40.789967013393699 ], [ 29.509248237910317, 40.789966359684833 ], [ 29.509248074981457, 40.789965708694645 ], [ 29.509247900825841, 40.78996506061759 ], [ 29.509247715495494, 40.789964415647276 ], [ 29.509247519045779, 40.789963773976375 ], [ 29.509247311535379, 40.789963135796555 ], [ 29.509247093026286, 40.789962501298476 ], [ 29.509246863583773, 40.789961870671661 ], [ 29.509246623276379, 40.789961244104511 ], [ 29.509246372175891, 40.789960621784182 ], [ 29.509246110357317, 40.789960003896589 ], [ 29.509245837898874, 40.789959390626308 ], [ 29.509245554881947, 40.789958782156532 ], [ 29.509245261391087, 40.789958178669039 ], [ 29.50924495751396, 40.789957580344101 ], [ 29.509244643341347, 40.789956987360448 ], [ 29.509244318967095, 40.789956399895225 ], [ 29.509243984488108, 40.789955818123921 ], [ 29.509243640004303, 40.78995524222033 ], [ 29.509243285618581, 40.78995467235648 ], [ 29.509242921436812, 40.789954108702617 ], [ 29.509242547567784, 40.789953551427104 ], [ 29.509242164123183, 40.789953000696428 ], [ 29.50924177121755, 40.789952456675096 ], [ 29.509241368968258, 40.789951919525627 ], [ 29.509240957495471, 40.789951389408486 ], [ 29.509240536922107, 40.789950866482023 ], [ 29.509240107373799, 40.789950350902451 ], [ 29.509239668978864, 40.789949842823788 ], [ 29.509239221868267, 40.789949342397819 ], [ 29.509238766175564, 40.789948849774021 ], [ 29.509238302036888, 40.789948365099562 ], [ 29.509237829590891, 40.789947888519222 ], [ 29.509237348978697, 40.789947420175366 ], [ 29.509236860343883, 40.789946960207914 ], [ 29.509236363832418, 40.789946508754255 ], [ 29.509235859592618, 40.789946065949252 ], [ 29.509235347775114, 40.789945631925193 ], [ 29.509257623676866, 40.789924201943755 ], [ 29.509257623676866, 40.789924201943755 ], [ 29.509258493882452, 40.789924941959626 ], [ 29.50925935109354, 40.789925696989684 ], [ 29.509260195051123, 40.789926466805795 ], [ 29.509261025500187, 40.789927251175349 ], [ 29.509261842189805, 40.789928049861338 ], [ 29.509262644873207, 40.789928862622439 ], [ 29.509263433307851, 40.789929689213061 ], [ 29.509264207255502, 40.789930529383447 ], [ 29.509264966482313, 40.789931382879729 ], [ 29.509265710758868, 40.789932249444007 ], [ 29.509266439860276, 40.789933128814454 ], [ 29.509267153566238, 40.789934020725347 ], [ 29.509267851661097, 40.7899349249072 ], [ 29.50926853393392, 40.789935841086788 ], [ 29.509269200178544, 40.789936768987289 ], [ 29.509269850193665, 40.789937708328331 ], [ 29.509270483782867, 40.789938658826081 ], [ 29.509271100754713, 40.78993962019333 ], [ 29.509271700922771, 40.789940592139594 ], [ 29.509272284105698, 40.789941574371198 ], [ 29.509272850127282, 40.789942566591343 ], [ 29.509273398816489, 40.78994356850022 ], [ 29.509273930007531, 40.78994457979509 ], [ 29.509274443539898, 40.789945600170391 ], [ 29.509274939258429, 40.789946629317797 ], [ 29.509275417013331, 40.789947666926345 ], [ 29.509275876660247, 40.789948712682509 ], [ 29.509276318060294, 40.789949766270311 ], [ 29.509276741080097, 40.789950827371385 ], [ 29.509277145591831, 40.789951895665119 ], [ 29.509277531473277, 40.789952970828715 ], [ 29.509277898607831, 40.789954052537297 ], [ 29.509278246884563, 40.789955140464023 ], [ 29.509278576198238, 40.789956234280169 ], [ 29.509278886449344, 40.789957333655217 ], [ 29.509279177544144, 40.789958438256981 ], [ 29.509279449394679, 40.7899595477517 ], [ 29.509279701918803, 40.78996066180413 ], [ 29.509279935040219, 40.78996178007764 ], [ 29.509280148688479, 40.789962902234343 ], [ 29.509280342799034, 40.789964027935163 ], [ 29.509280517313229, 40.789965156839962 ], [ 29.509280672178335, 40.78996628860763 ], [ 29.509280807347555, 40.789967422896183 ], [ 29.509280922780047, 40.789968559362897 ], [ 29.50928101844093, 40.789969697664368 ], [ 29.509281094301304, 40.78997083745665 ], [ 29.509281150338243, 40.789971978395343 ], [ 29.509281186534817, 40.789973120135706 ], [ 29.509281202880089, 40.789974262332748 ], [ 29.50928119936912, 40.789975404641339 ], [ 29.509281176002968, 40.789976546716325 ], [ 29.509281132788697, 40.789977688212609 ], [ 29.509281069739362, 40.78997882878528 ], [ 29.509280986874018, 40.78997996808971 ], [ 29.509280884217695, 40.789981105781642 ], [ 29.509280761801421, 40.789982241517308 ], [ 29.509280619662182, 40.789983374953536 ], [ 29.509280457842927, 40.789984505747846 ], [ 29.509280276392548, 40.789985633558558 ], [ 29.509280075365876, 40.789986758044897 ], [ 29.509279854823649, 40.78998787886708 ], [ 29.509279614832515, 40.78998899568645 ], [ 29.509279355464979, 40.78999010816554 ], [ 29.509279076799416, 40.789991215968207 ], [ 29.509278778920031, 40.789992318759715 ], [ 29.509278461916825, 40.789993416206855 ], [ 29.509278125885587, 40.789994507978008 ], [ 29.509277770927852, 40.789995593743292 ], [ 29.509277397150871, 40.789996673174628 ], [ 29.509277004667592, 40.789997745945861 ], [ 29.509276593596599, 40.789998811732843 ], [ 29.509276164062104, 40.789999870213528 ], [ 29.509275716193898, 40.790000921068092 ], [ 29.50927525012731, 40.790001963979009 ], [ 29.509274766003159, 40.790002998631152 ], [ 29.509274263967733, 40.790004024711884 ], [ 29.509273744172727, 40.790005041911179 ], [ 29.509273206775202, 40.790006049921665 ], [ 29.509272651937536, 40.790007048438774 ], [ 29.50927207982738, 40.790008037160781 ], [ 29.509271490617603, 40.790009015788947 ], [ 29.509270884486245, 40.790009984027563 ], [ 29.509270261616447, 40.790010941584072 ], [ 29.509269622196417, 40.790011888169126 ], [ 29.509268966419363, 40.790012823496717 ], [ 29.509268294483437, 40.79001374728422 ], [ 29.509267606591667, 40.790014659252513 ], [ 29.509266902951911, 40.790015559126026 ], [ 29.509266183776777, 40.790016446632855 ], [ 29.509265449283571, 40.790017321504834 ], [ 29.509264699694228, 40.790018183477606 ], [ 29.509263935235246, 40.790019032290722 ], [ 29.509263156137614, 40.790019867687711 ], [ 29.509262362636736, 40.790020689416139 ], [ 29.509261554972387, 40.790021497227713 ], [ 29.509260733388604, 40.790022290878348 ], [ 29.509259898133639, 40.790023070128235 ], [ 29.509259049459875, 40.790023834741923 ], [ 29.509258187623743, 40.790024584488364 ], [ 29.509234501854792, 40.790005974241332 ] ] ] ] } },
{ "type": "Feature", "properties": { "fid": 109, "lanelet_id": 103, "spd_limit": null, "reward": 0, "lanelet_type": "intersection", "pre_id": null, "next_id": null, "adjcnt_id": null, "center_b_id": "34" }, "geometry": { "type": "MultiPolygon", "coordinates": [ [ [ [ 29.509325015329004, 40.789965652039442 ], [ 29.509324251937731, 40.789966626209136 ], [ 29.509323471760418, 40.789967586988084 ], [ 29.509322675031914, 40.789968534087087 ], [ 29.509321861992042, 40.789969467221049 ], [ 29.509321032885534, 40.78997038610909 ], [ 29.509320187961968, 40.789971290474611 ], [ 29.509319327475673, 40.789972180045389 ], [ 29.509318451685665, 40.789973054553649 ], [ 29.509317560855568, 40.789973913736148 ], [ 29.509316655253539, 40.789974757334271 ], [ 29.509315735152168, 40.789975585094076 ], [ 29.50931480082842, 40.789976396766406 ], [ 29.509313852563544, 40.789977192106925 ], [ 29.50931289064297, 40.789977970876237 ], [ 29.509311915356253, 40.78997873283992 ], [ 29.509310926996967, 40.789979477768604 ], [ 29.50930992586262, 40.78998020543807 ], [ 29.509308912254568, 40.789980915629272 ], [ 29.509307886477913, 40.789981608128436 ], [ 29.509306848841437, 40.789982282727109 ], [ 29.509305799657476, 40.789982939222227 ], [ 29.509304739241845, 40.78998357741618 ], [ 29.509303667913748, 40.789984197116866 ], [ 29.509302585995666, 40.789984798137745 ], [ 29.509301493813268, 40.789985380297892 ], [ 29.509300391695319, 40.789985943422089 ], [ 29.509299279973568, 40.789986487340812 ], [ 29.509298158982659, 40.789987011890339 ], [ 29.509297029060022, 40.789987516912774 ], [ 29.509295890545779, 40.789988002256102 ], [ 29.509294743782636, 40.789988467774229 ], [ 29.509293589115785, 40.789988913327029 ], [ 29.509292426892795, 40.789989338780373 ], [ 29.509291257463509, 40.789989744006206 ], [ 29.509290081179945, 40.78999012888255 ], [ 29.509288898396171, 40.789990493293551 ], [ 29.509287709468225, 40.789990837129508 ], [ 29.509286514753985, 40.789991160286931 ], [ 29.509285314613081, 40.789991462668546 ], [ 29.509284109406771, 40.789991744183325 ], [ 29.50928289949783, 40.789992004746537 ], [ 29.50928168525046, 40.789992244279745 ], [ 29.509280467030166, 40.789992462710849 ], [ 29.509279245203651, 40.789992659974097 ], [ 29.509278020138691, 40.7899928360101 ], [ 29.509276792204052, 40.789992990765889 ], [ 29.509275561769357, 40.789993124194865 ], [ 29.509274329204985, 40.789993236256869 ], [ 29.509273094881948, 40.789993326918172 ], [ 29.509271859171797, 40.78999339615148 ], [ 29.509270622446493, 40.789993443935948 ], [ 29.509269385078309, 40.789993470257208 ], [ 29.509268147439709, 40.789993475107323 ], [ 29.509266909903236, 40.789993458484837 ], [ 29.509265672841405, 40.789993420394751 ], [ 29.509264436626587, 40.789993360848534 ], [ 29.509263201630898, 40.789993279864113 ], [ 29.509261968226085, 40.78999317746586 ], [ 29.509260736783425, 40.789993053684597 ], [ 29.50925950767359, 40.789992908557593 ], [ 29.509258281266565, 40.789992742128526 ], [ 29.50925705793151, 40.789992554447487 ], [ 29.509255838036662, 40.78999234557098 ], [ 29.509254621949232, 40.78999211556188 ], [ 29.509253410035271, 40.789991864489423 ], [ 29.509252202659582, 40.789991592429175 ], [ 29.509251000185603, 40.789991299463033 ], [ 29.50924980297529, 40.789990985679196 ], [ 29.509248611389022, 40.789990651172104 ], [ 29.509247425785482, 40.789990296042447 ], [ 29.509246246521545, 40.789989920397133 ], [ 29.509245073952194, 40.789989524349231 ], [ 29.509243908430381, 40.789989108017956 ], [ 29.509242750306942, 40.789988671528626 ], [ 29.50924159993049, 40.789988215012634 ], [ 29.509240457647305, 40.789987738607394 ], [ 29.509239323801221, 40.78998724245632 ], [ 29.509238198733549, 40.789986726708747 ], [ 29.509237082782942, 40.78998619151993 ], [ 29.509235976285318, 40.789985637050961 ], [ 29.509234879573746, 40.789985063468741 ], [ 29.50923379297835, 40.789984470945939 ], [ 29.509232716826212, 40.789983859660893 ], [ 29.509231651441262, 40.789983229797627 ], [ 29.509230597144196, 40.789982581545722 ], [ 29.509229554252375, 40.78998191510032 ], [ 29.509228523079717, 40.789981230662022 ], [ 29.509227503936621, 40.789980528436857 ], [ 29.509226497129863, 40.789979808636204 ], [ 29.509225502962504, 40.789979071476729 ], [ 29.509224521733799, 40.789978317180335 ], [ 29.509223553739112, 40.789977545974061 ], [ 29.509222599269819, 40.789976758090056 ], [ 29.509221658613232, 40.789975953765492 ], [ 29.509220732052494, 40.789975133242464 ], [ 29.509219819866519, 40.789974296767973 ], [ 29.509218922329882, 40.789973444593805 ], [ 29.509218039712753, 40.789972576976474 ], [ 29.509217172280813, 40.78997169417714 ], [ 29.50921632029517, 40.789970796461546 ], [ 29.509215484012277, 40.789969884099911 ], [ 29.509214663683874, 40.789968957366867 ], [ 29.509213859556883, 40.789968016541366 ], [ 29.509213071873361, 40.789967061906623 ], [ 29.509235347775114, 40.789945631925193 ], [ 29.509235347775114, 40.789945631925193 ], [ 29.509235886314958, 40.78994619830172 ], [ 29.509236434619776, 40.789946755230226 ], [ 29.509236992523842, 40.789947302542373 ], [ 29.50923755985853, 40.789947840072728 ], [ 29.509238136452357, 40.78994836765883 ], [ 29.509238722131045, 40.789948885141207 ], [ 29.509239316717565, 40.789949392363447 ], [ 29.509239920032208, 40.789949889172235 ], [ 29.509240531892612, 40.789950375417419 ], [ 29.509241152113844, 40.789950850952025 ], [ 29.509241780508436, 40.789951315632308 ], [ 29.509242416886451, 40.789951769317838 ], [ 29.509243061055543, 40.789952211871466 ], [ 29.509243712821007, 40.789952643159438 ], [ 29.509244371985844, 40.789953063051385 ], [ 29.509245038350816, 40.789953471420411 ], [ 29.509245711714509, 40.789953868143066 ], [ 29.509246391873404, 40.789954253099445 ], [ 29.509247078621907, 40.789954626173198 ], [ 29.509247771752456, 40.789954987251548 ], [ 29.509248471055539, 40.789955336225376 ], [ 29.509249176319795, 40.789955672989187 ], [ 29.50924988733205, 40.789955997441197 ], [ 29.509250603877398, 40.789956309483337 ], [ 29.509251325739257, 40.789956609021296 ], [ 29.509252052699445, 40.789956895964529 ], [ 29.509252784538226, 40.789957170226316 ], [ 29.50925352103441, 40.789957431723757 ], [ 29.509254261965374, 40.789957680377803 ], [ 29.509255007107178, 40.789957916113309 ], [ 29.509255756234591, 40.789958138859014 ], [ 29.50925650912119, 40.7899583485476 ], [ 29.509257265539411, 40.789958545115681 ], [ 29.509258025260618, 40.789958728503848 ], [ 29.509258788055185, 40.789958898656664 ], [ 29.509259553692555, 40.789959055522708 ], [ 29.509260321941301, 40.789959199054557 ], [ 29.509261092569226, 40.789959329208841 ], [ 29.509261865343397, 40.789959445946202 ], [ 29.509262640030244, 40.789959549231376 ], [ 29.509263416395608, 40.789959639033128 ], [ 29.509264194204828, 40.789959715324322 ], [ 29.509264973222816, 40.789959778081894 ], [ 29.509265753214098, 40.789959827286886 ], [ 29.509266533942924, 40.789959862924412 ], [ 29.509267315173314, 40.789959884983709 ], [ 29.509268096669135, 40.789959893458111 ], [ 29.509268878194174, 40.789959888345045 ], [ 29.509269659512217, 40.789959869646069 ], [ 29.509270440387102, 40.78995983736683 ], [ 29.509271220582804, 40.789959791517077 ], [ 29.509271999863504, 40.789959732110688 ], [ 29.509272777993665, 40.789959659165596 ], [ 29.50927355473809, 40.789959572703864 ], [ 29.509274329862006, 40.789959472751626 ], [ 29.509275103131124, 40.789959359339086 ], [ 29.509275874311722, 40.789959232500522 ], [ 29.509276643170704, 40.78995909227428 ], [ 29.509277409475679, 40.789958938702732 ], [ 29.509278172995025, 40.78995877183231 ], [ 29.509278933497971, 40.78995859171345 ], [ 29.509279690754642, 40.789958398400579 ], [ 29.509280444536159, 40.789958191952145 ], [ 29.509281194614687, 40.789957972430535 ], [ 29.509281940763511, 40.789957739902107 ], [ 29.5092826827571, 40.789957494437147 ], [ 29.50928342037118, 40.789957236109835 ], [ 29.509284153382811, 40.789956964998268 ], [ 29.509284881570434, 40.789956681184378 ], [ 29.509285604713945, 40.789956384753964 ], [ 29.509286322594775, 40.78995607579661 ], [ 29.509287034995939, 40.789955754405703 ], [ 29.50928774170211, 40.789955420678389 ], [ 29.509288442499685, 40.789955074715536 ], [ 29.509289137176836, 40.789954716621708 ], [ 29.509289825523602, 40.789954346505155 ], [ 29.509290507331922, 40.789953964477739 ], [ 29.509291182395717, 40.789953570654923 ], [ 29.509291850510944, 40.789953165155758 ], [ 29.50929251147566, 40.789952748102792 ], [ 29.509293165090089, 40.789952319622088 ], [ 29.50929381115667, 40.789951879843159 ], [ 29.509294449480127, 40.789951428898931 ], [ 29.50929507986752, 40.789950966925701 ], [ 29.509295702128316, 40.789950494063099 ], [ 29.50929631607443, 40.789950010454064 ], [ 29.509296921520292, 40.789949516244754 ], [ 29.509297518282906, 40.789949011584554 ], [ 29.509298106181898, 40.789948496626003 ], [ 29.509298685039568, 40.789947971524747 ], [ 29.509299254680958, 40.789947436439498 ], [ 29.509299814933883, 40.78994689153199 ], [ 29.509300365629013, 40.789946336966928 ], [ 29.50930090659989, 40.789945772911928 ], [ 29.509325015329004, 40.789965652039442 ] ] ] ] } },
{ "type": "Feature", "properties": { "fid": 110, "lanelet_id": 104, "spd_limit": null, "reward": 0, "lanelet_type": "intersection", "pre_id": null, "next_id": null, "adjcnt_id": null, "center_b_id": "28" }, "geometry": { "type": "MultiPolygon", "coordinates": [ [ [ [ 29.50930090659989, 40.789945772911928 ], [ 29.509300365629013, 40.789946336966928 ], [ 29.509299814933883, 40.78994689153199 ], [ 29.509299254680958, 40.789947436439498 ], [ 29.509298685039568, 40.789947971524747 ], [ 29.509298106181898, 40.789948496626003 ], [ 29.509297518282906, 40.789949011584554 ], [ 29.509296921520292, 40.789949516244754 ], [ 29.50929631607443, 40.789950010454064 ], [ 29.509295702128316, 40.789950494063099 ], [ 29.50929507986752, 40.789950966925694 ], [ 29.509294449480127, 40.789951428898931 ], [ 29.50929381115667, 40.789951879843159 ], [ 29.509293165090089, 40.789952319622088 ], [ 29.50929251147566, 40.789952748102792 ], [ 29.509291850510941, 40.789953165155751 ], [ 29.509291182395717, 40.789953570654923 ], [ 29.509290507331922, 40.789953964477739 ], [ 29.509289825523602, 40.789954346505155 ], [ 29.509289137176836, 40.789954716621708 ], [ 29.509288442499685, 40.789955074715529 ], [ 29.50928774170211, 40.789955420678382 ], [ 29.509287034995939, 40.789955754405703 ], [ 29.509286322594775, 40.789956075796603 ], [ 29.509285604713945, 40.789956384753964 ], [ 29.509284881570434, 40.789956681184378 ], [ 29.509284153382811, 40.789956964998268 ], [ 29.50928342037118, 40.789957236109835 ], [ 29.509282682757096, 40.789957494437139 ], [ 29.509281940763508, 40.789957739902107 ], [ 29.509281194614687, 40.789957972430535 ], [ 29.509280444536159, 40.789958191952138 ], [ 29.509279690754642, 40.789958398400579 ], [ 29.509278933497971, 40.789958591713443 ], [ 29.509278172995025, 40.78995877183231 ], [ 29.509277409475679, 40.789958938702732 ], [ 29.509276643170704, 40.789959092274273 ], [ 29.509275874311722, 40.789959232500522 ], [ 29.509275103131124, 40.789959359339079 ], [ 29.509274329862006, 40.789959472751626 ], [ 29.50927355473809, 40.789959572703864 ], [ 29.509272777993665, 40.789959659165596 ], [ 29.509271999863504, 40.789959732110681 ], [ 29.509271220582804, 40.789959791517077 ], [ 29.509270440387102, 40.789959837366823 ], [ 29.509269659512217, 40.789959869646069 ], [ 29.509268878194174, 40.789959888345045 ], [ 29.509268096669135, 40.789959893458104 ], [ 29.509267315173314, 40.789959884983709 ], [ 29.509266533942924, 40.789959862924412 ], [ 29.509265753214098, 40.789959827286886 ], [ 29.509264973222816, 40.789959778081894 ], [ 29.509264194204832, 40.789959715324322 ], [ 29.509263416395608, 40.789959639033128 ], [ 29.509262640030244, 40.789959549231369 ], [ 29.509261865343397, 40.789959445946202 ], [ 29.509261092569226, 40.789959329208834 ], [ 29.509260321941301, 40.789959199054557 ], [ 29.509259553692555, 40.789959055522708 ], [ 29.509258788055185, 40.789958898656664 ], [ 29.509258025260618, 40.789958728503848 ], [ 29.509257265539411, 40.789958545115681 ], [ 29.50925650912119, 40.7899583485476 ], [ 29.509255756234591, 40.789958138859014 ], [ 29.509255007107178, 40.789957916113309 ], [ 29.509254261965374, 40.789957680377803 ], [ 29.50925352103441, 40.789957431723749 ], [ 29.50925278453823, 40.789957170226316 ], [ 29.509252052699445, 40.789956895964529 ], [ 29.509251325739257, 40.789956609021296 ], [ 29.509250603877398, 40.789956309483337 ], [ 29.50924988733205, 40.78995599744119 ], [ 29.509249176319795, 40.78995567298918 ], [ 29.509248471055542, 40.789955336225376 ], [ 29.509247771752456, 40.789954987251548 ], [ 29.509247078621911, 40.789954626173191 ], [ 29.509246391873404, 40.789954253099445 ], [ 29.509245711714513, 40.789953868143066 ], [ 29.509245038350816, 40.789953471420411 ], [ 29.509244371985844, 40.789953063051385 ], [ 29.509243712821007, 40.789952643159431 ], [ 29.509243061055543, 40.789952211871466 ], [ 29.509242416886451, 40.789951769317831 ], [ 29.509241780508436, 40.789951315632308 ], [ 29.509241152113844, 40.789950850952017 ], [ 29.509240531892615, 40.789950375417419 ], [ 29.509239920032208, 40.789949889172235 ], [ 29.509239316717569, 40.78994939236344 ], [ 29.509238722131045, 40.7899488851412 ], [ 29.509238136452357, 40.78994836765883 ], [ 29.50923755985853, 40.789947840072728 ], [ 29.509236992523842, 40.789947302542373 ], [ 29.509236434619776, 40.789946755230226 ], [ 29.509235886314958, 40.78994619830172 ], [ 29.509235347775114, 40.789945631925193 ], [ 29.509257623676866, 40.789924201943755 ], [ 29.509257623676866, 40.789924201943755 ], [ 29.509257869269849, 40.789924387733336 ], [ 29.509258118025485, 40.789924569266574 ], [ 29.509258369870018, 40.789924746489632 ], [ 29.509258624728769, 40.789924919349978 ], [ 29.509258882526176, 40.789925087796348 ], [ 29.509259143185801, 40.78992525177879 ], [ 29.509259406630353, 40.789925411248696 ], [ 29.509259672781717, 40.789925566158772 ], [ 29.509259941560984, 40.789925716463095 ], [ 29.509260212888453, 40.789925862117087 ], [ 29.509260486683676, 40.789926003077568 ], [ 29.509260762865473, 40.789926139302743 ], [ 29.509261041351948, 40.789926270752218 ], [ 29.509261322060535, 40.789926397387021 ], [ 29.509261604907994, 40.78992651916959 ], [ 29.509261889810467, 40.789926636063832 ], [ 29.509262176683471, 40.789926748035086 ], [ 29.50926246544195, 40.78992685505014 ], [ 29.509262756000286, 40.789926957077277 ], [ 29.509263048272324, 40.789927054086228 ], [ 29.509263342171405, 40.78992714604825 ], [ 29.509263637610385, 40.789927232936058 ], [ 29.509263934501664, 40.789927314723897 ], [ 29.509264232757211, 40.789927391387515 ], [ 29.50926453228859, 40.789927462904188 ], [ 29.509264833006991, 40.789927529252694 ], [ 29.509265134823249, 40.789927590413377 ], [ 29.509265437647873, 40.789927646368092 ], [ 29.509265741391069, 40.789927697100254 ], [ 29.509266045962779, 40.78992774259482 ], [ 29.509266351272693, 40.789927782838298 ], [ 29.509266657230288, 40.78992781781875 ], [ 29.509266963744842, 40.789927847525817 ], [ 29.509267270725474, 40.789927871950681 ], [ 29.509267578081161, 40.789927891086101 ], [ 29.509267885720767, 40.789927904926408 ], [ 29.50926819355308, 40.789927913467494 ], [ 29.509268501486819, 40.78992791670683 ], [ 29.509268809430687, 40.789927914643449 ], [ 29.509269117293368, 40.789927907277971 ], [ 29.509269424983586, 40.789927894612575 ], [ 29.509269732410104, 40.789927876651014 ], [ 29.50927003948177, 40.789927853398623 ], [ 29.509270346107535, 40.789927824862282 ], [ 29.509270652196481, 40.789927791050467 ], [ 29.509270957657854, 40.789927751973195 ], [ 29.509271262401075, 40.789927707642057 ], [ 29.509271566335794, 40.789927658070198 ], [ 29.509271869371887, 40.789927603272311 ], [ 29.5092721714195, 40.789927543264646 ], [ 29.509272472389082, 40.789927478064996 ], [ 29.509272772191384, 40.789927407692694 ], [ 29.509273070737517, 40.789927332168602 ], [ 29.509273367938963, 40.789927251515124 ], [ 29.509273663707592, 40.789927165756161 ], [ 29.509273957955713, 40.789927074917152 ], [ 29.509274250596075, 40.789926979025026 ], [ 29.509274541541913, 40.789926878108218 ], [ 29.509274830706953, 40.789926772196651 ], [ 29.509275118005462, 40.789926661321722 ], [ 29.509275403352248, 40.789926545516309 ], [ 29.509275686662708, 40.789926424814759 ], [ 29.509275967852837, 40.789926299252848 ], [ 29.50927624683926, 40.789926168867808 ], [ 29.509276523539256, 40.789926033698308 ], [ 29.509276797870779, 40.789925893784414 ], [ 29.50930090659989, 40.789945772911928 ] ] ] ] } },
{ "type": "Feature", "properties": { "fid": 111, "lanelet_id": 105, "spd_limit": null, "reward": 0, "lanelet_type": "intersection", "pre_id": null, "next_id": null, "adjcnt_id": null, "center_b_id": "172" }, "geometry": { "type": "MultiPolygon", "coordinates": [ [ [ [ 29.508982390771404, 40.78962795665899 ], [ 29.509006993199343, 40.789646296650723 ], [ 29.509006993199343, 40.789646296650723 ], [ 29.509007461825352, 40.789645518256187 ], [ 29.509007916804283, 40.789644731806852 ], [ 29.509008357997725, 40.789643937541953 ], [ 29.509008785271472, 40.789643135703109 ], [ 29.509009198495544, 40.789642326534242 ], [ 29.509009597544235, 40.789641510281506 ], [ 29.509009982296153, 40.789640687193206 ], [ 29.509010352634256, 40.789639857519731 ], [ 29.509010708445889, 40.789639021513466 ], [ 29.509011049622806, 40.789638179428735 ], [ 29.509011376061228, 40.789637331521696 ], [ 29.509011687661843, 40.789636478050291 ], [ 29.509011984329867, 40.789635619274144 ], [ 29.509012265975052, 40.7896347554545 ], [ 29.509012532511715, 40.789633886854133 ], [ 29.509012783858783, 40.78963301373728 ], [ 29.509013019939786, 40.789632136369541 ], [ 29.509013240682915, 40.789631255017824 ], [ 29.509013446021015, 40.789630369950224 ], [ 29.509013635891623, 40.789629481435995 ], [ 29.509013810236979, 40.789628589745419 ], [ 29.509013969004048, 40.789627695149754 ], [ 29.509014112144531, 40.789626797921137 ], [ 29.509014239614885, 40.78962589833251 ], [ 29.509014351376333, 40.78962499665753 ], [ 29.509014447394875, 40.789624093170495 ], [ 29.509014527641305, 40.789623188146244 ], [ 29.509014592091209, 40.789622281860083 ], [ 29.509014640724981, 40.789621374587725 ], [ 29.509014673527826, 40.789620466605143 ], [ 29.509014690489771, 40.789619558188569 ], [ 29.50901469160565, 40.789618649614333 ], [ 29.509014676875125, 40.789617741158828 ], [ 29.509014646302678, 40.789616833098414 ], [ 29.509014599897608, 40.789615925709327 ], [ 29.50901453767403, 40.789615019267593 ], [ 29.509014459650878, 40.789614114048966 ], [ 29.509014365851886, 40.789613210328795 ], [ 29.509014256305584, 40.789612308382019 ], [ 29.509014131045294, 40.789611408482997 ], [ 29.509013990109132, 40.78961051090549 ], [ 29.50901383353996, 40.789609615922537 ], [ 29.50901366138541, 40.789608723806403 ], [ 29.509013473697856, 40.789607834828466 ], [ 29.509013270534389, 40.789606949259166 ], [ 29.509013051956813, 40.789606067367885 ], [ 29.509012818031621, 40.7896051894229 ], [ 29.509012568829974, 40.789604315691292 ], [ 29.509012304427678, 40.789603446438846 ], [ 29.509012024905168, 40.789602581929998 ], [ 29.509011730347471, 40.789601722427726 ], [ 29.5090114208442, 40.789600868193503 ], [ 29.509011096489498, 40.789600019487182 ], [ 29.509010757382043, 40.789599176566945 ], [ 29.509010403624991, 40.789598339689221 ], [ 29.50901003532595, 40.789597509108575 ], [ 29.509009652596966, 40.789596685077683 ], [ 29.50900925555446, 40.789595867847218 ], [ 29.509008844319219, 40.789595057665778 ], [ 29.50900841901634, 40.789594254779828 ], [ 29.509007979775198, 40.789593459433611 ], [ 29.509007526729416, 40.789592671869066 ], [ 29.509007060016813, 40.789591892325781 ], [ 29.509006579779363, 40.789591121040893 ], [ 29.509006086163158, 40.789590358249029 ], [ 29.509005579318352, 40.78958960418224 ], [ 29.509005059399136, 40.789588859069902 ], [ 29.509004526563665, 40.789588123138685 ], [ 29.509003980974036, 40.789587396612475 ], [ 29.509003422796212, 40.789586679712265 ], [ 29.509002852199998, 40.789585972656155 ], [ 29.509002269358973, 40.789585275659221 ], [ 29.509001674450435, 40.789584588933501 ], [ 29.509001067655355, 40.789583912687888 ], [ 29.509000449158329, 40.789583247128114 ], [ 29.508999819147501, 40.78958259245664 ], [ 29.508999177814527, 40.789581948872609 ], [ 29.508998525354496, 40.789581316571812 ], [ 29.508997861965899, 40.789580695746594 ], [ 29.508997187850529, 40.789580086585808 ], [ 29.508996503213464, 40.789579489274772 ], [ 29.508995808262966, 40.789578903995185 ], [ 29.508995103210449, 40.789578330925096 ], [ 29.508994388270384, 40.789577770238822 ], [ 29.508993663660267, 40.789577222106942 ], [ 29.50899292960052, 40.789576686696186 ], [ 29.508992186314451, 40.789576164169432 ], [ 29.508991434028164, 40.789575654685642 ], [ 29.508990672970516, 40.789575158399799 ], [ 29.508989903373017, 40.789574675462866 ], [ 29.508989125469785, 40.789574206021761 ], [ 29.50898833949746, 40.789573750219297 ], [ 29.508971375593422, 40.789593625089118 ], [ 29.508971375593422, 40.789593625089118 ], [ 29.508971745971486, 40.789593758615929 ], [ 29.508972113968067, 40.789593898572491 ], [ 29.508972479471549, 40.789594044916349 ], [ 29.508972842371083, 40.789594197603122 ], [ 29.5089732025566, 40.789594356586498 ], [ 29.508973559918861, 40.789594521818259 ], [ 29.508973914349479, 40.78959469324829 ], [ 29.50897426574096, 40.789594870824608 ], [ 29.50897461398673, 40.78959505449334 ], [ 29.508974958981167, 40.789595244198793 ], [ 29.508975300619639, 40.789595439883428 ], [ 29.508975638798528, 40.789595641487892 ], [ 29.508975973415268, 40.789595848951045 ], [ 29.508976304368371, 40.789596062209959 ], [ 29.508976631557463, 40.789596281199955 ], [ 29.508976954883309, 40.789596505854618 ], [ 29.508977274247847, 40.789596736105814 ], [ 29.508977589554217, 40.789596971883704 ], [ 29.508977900706789, 40.789597213116785 ], [ 29.508978207611193, 40.78959745973188 ], [ 29.508978510174344, 40.78959771165421 ], [ 29.508978808304484, 40.789597968807357 ], [ 29.508979101911184, 40.789598231113338 ], [ 29.508979390905402, 40.789598498492587 ], [ 29.508979675199488, 40.789598770864011 ], [ 29.508979954707211, 40.789599048145014 ], [ 29.508980229343805, 40.789599330251484 ], [ 29.508980499025974, 40.789599617097871 ], [ 29.508980763671925, 40.789599908597168 ], [ 29.508981023201393, 40.789600204660971 ], [ 29.508981277535664, 40.789600505199488 ], [ 29.508981526597601, 40.789600810121563 ], [ 29.508981770311664, 40.789601119334719 ], [ 29.50898200860394, 40.789601432745172 ], [ 29.508982241402151, 40.789601750257873 ], [ 29.508982468635697, 40.789602071776514 ], [ 29.508982690235658, 40.789602397203581 ], [ 29.508982906134825, 40.789602726440386 ], [ 29.508983116267714, 40.789603059387062 ], [ 29.5089833205706, 40.789603395942635 ], [ 29.508983518981513, 40.789603736005027 ], [ 29.508983711440276, 40.789604079471097 ], [ 29.508983897888523, 40.789604426236686 ], [ 29.508984078269705, 40.789604776196612 ], [ 29.50898425252911, 40.789605129244741 ], [ 29.508984420613888, 40.789605485273988 ], [ 29.508984582473065, 40.789605844176386 ], [ 29.508984738057542, 40.789606205843072 ], [ 29.508984887320139, 40.789606570164352 ], [ 29.50898503021558, 40.789606937029738 ], [ 29.50898516670053, 40.789607306327966 ], [ 29.508985296733591, 40.789607677947025 ], [ 29.50898542027533, 40.789608051774202 ], [ 29.508985537288272, 40.789608427696123 ], [ 29.508985647736932, 40.789608805598782 ], [ 29.508985751587808, 40.789609185367546 ], [ 29.508985848809409, 40.789609566887243 ], [ 29.508985939372241, 40.78960995004217 ], [ 29.508986023248841, 40.789610334716102 ], [ 29.508986100413768, 40.789610720792382 ], [ 29.508986170843624, 40.789611108153913 ], [ 29.508986234517039, 40.789611496683214 ], [ 29.508986291414711, 40.789611886262442 ], [ 29.508986341519375, 40.789612276773447 ], [ 29.508986384815842, 40.789612668097782 ], [ 29.508986421290974, 40.789613060116771 ], [ 29.508986450933712, 40.789613452711507 ], [ 29.508986473735064, 40.789613845762929 ], [ 29.508986489688116, 40.789614239151824 ], [ 29.50898649878803, 40.789614632758877 ], [ 29.508986501032044, 40.789615026464709 ], [ 29.508986496419482, 40.789615420149921 ], [ 29.508986484951734, 40.789615813695107 ], [ 29.508986466632287, 40.789616206980902 ], [ 29.508986441466693, 40.789616599888035 ], [ 29.508986409462583, 40.789616992297333 ], [ 29.508986370629671, 40.789617384089787 ], [ 29.508986324979723, 40.78961777514656 ], [ 29.508986272526595, 40.789618165349061 ], [ 29.508986213286189, 40.789618554578936 ], [ 29.508986147276477, 40.789618942718135 ], [ 29.508986074517477, 40.789619329648943 ], [ 29.508985995031253, 40.789619715253998 ], [ 29.508985908841918, 40.789620099416361 ], [ 29.50898581597561, 40.789620482019508 ], [ 29.508985716460494, 40.789620862947409 ], [ 29.50898561032675, 40.789621242084522 ], [ 29.508985497606574, 40.789621619315859 ], [ 29.508985378334149, 40.78962199452701 ], [ 29.508985252545649, 40.789622367604181 ], [ 29.508985120279227, 40.789622738434211 ], [ 29.508984981574994, 40.789623106904642 ], [ 29.508984836475022, 40.789623472903713 ], [ 29.508984685023322, 40.789623836320416 ], [ 29.508984527265817, 40.789624197044539 ], [ 29.508984363250363, 40.789624554966672 ], [ 29.508984193026702, 40.789624909978258 ], [ 29.508984016646462, 40.789625261971622 ], [ 29.508983834163136, 40.789625610840019 ], [ 29.508983645632071, 40.789625956477629 ], [ 29.508983451110449, 40.789626298779631 ], [ 29.508983250657263, 40.789626637642201 ], [ 29.508983044333309, 40.789626972962566 ], [ 29.508982832201166, 40.789627304639026 ], [ 29.508982614325173, 40.789627632570991 ], [ 29.508982390771404, 40.78962795665899 ] ] ] ] } },
{ "type": "Feature", "properties": { "fid": 112, "lanelet_id": 106, "spd_limit": null, "reward": 0, "lanelet_type": "intersection", "pre_id": null, "next_id": null, "adjcnt_id": null, "center_b_id": "174" }, "geometry": { "type": "MultiPolygon", "coordinates": [ [ [ [ 29.509006993199343, 40.789646296650723 ], [ 29.509031595627281, 40.789664636642456 ], [ 29.509031595627281, 40.789664636642456 ], [ 29.509032392254536, 40.789663458807325 ], [ 29.509033168397529, 40.789662267374311 ], [ 29.509033923824219, 40.789661062699622 ], [ 29.509034658308749, 40.78965984514344 ], [ 29.509035371631523, 40.789658615069783 ], [ 29.50903606357927, 40.78965737284642 ], [ 29.50903673394512, 40.789656118844739 ], [ 29.509037382528643, 40.789654853439671 ], [ 29.509038009135924, 40.789653577009531 ], [ 29.50903861357963, 40.789652289935958 ], [ 29.509039195679037, 40.789650992603754 ], [ 29.509039755260119, 40.789649685400782 ], [ 29.509040292155564, 40.789648368717884 ], [ 29.509040806204855, 40.789647042948708 ], [ 29.509041297254306, 40.789645708489637 ], [ 29.5090417651571, 40.78964436573964 ], [ 29.509042209773348, 40.789643015100168 ], [ 29.509042630970114, 40.789641656975043 ], [ 29.509043028621473, 40.789640291770304 ], [ 29.509043402608537, 40.789638919894124 ], [ 29.50904375281949, 40.789637541756662 ], [ 29.509044079149628, 40.789636157769948 ], [ 29.509044381501386, 40.789634768347767 ], [ 29.509044659784362, 40.789633373905531 ], [ 29.509044913915364, 40.789631974860136 ], [ 29.509045143818405, 40.789630571629871 ], [ 29.509045349424753, 40.78962916463427 ], [ 29.509045530672932, 40.789627754294003 ], [ 29.50904568750876, 40.789626341030726 ], [ 29.50904581988534, 40.789624925266963 ], [ 29.509045927763097, 40.789623507426008 ], [ 29.509046011109778, 40.789622087931768 ], [ 29.509046069900464, 40.789620667208631 ], [ 29.509046104117576, 40.789619245681358 ], [ 29.509046113750884, 40.789617823774975 ], [ 29.509046098797512, 40.789616401914579 ], [ 29.50904605926193, 40.789614980525286 ], [ 29.509045995155951, 40.789613560032066 ], [ 29.509045906498752, 40.789612140859603 ], [ 29.50904579331683, 40.789610723432197 ], [ 29.50904565564403, 40.789609308173645 ], [ 29.509045493521509, 40.789607895507068 ], [ 29.509045306997741, 40.789606485854819 ], [ 29.509045096128496, 40.789605079638349 ], [ 29.509044860976811, 40.789603677278102 ], [ 29.509044601612995, 40.789602279193346 ], [ 29.509044318114594, 40.789600885802074 ], [ 29.509044010566367, 40.789599497520882 ], [ 29.509043679060262, 40.789598114764836 ], [ 29.509043323695394, 40.789596737947349 ], [ 29.50904294457801, 40.789595367480061 ], [ 29.509042541821454, 40.789594003772713 ], [ 29.509042115546144, 40.789592647233022 ], [ 29.509041665879529, 40.789591298266558 ], [ 29.509041192956047, 40.78958995727664 ], [ 29.509040696917094, 40.789588624664191 ], [ 29.509040177910972, 40.789587300827634 ], [ 29.509039636092854, 40.78958598616277 ], [ 29.509039071624731, 40.789584681062657 ], [ 29.509038484675369, 40.789583385917481 ], [ 29.509037875420248, 40.789582101114469 ], [ 29.509037244041526, 40.789580827037746 ], [ 29.50903659072797, 40.789579564068241 ], [ 29.509035915674907, 40.789578312583544 ], [ 29.509035219084165, 40.789577072957826 ], [ 29.509034501164006, 40.789575845561714 ], [ 29.509033762129075, 40.789574630762161 ], [ 29.509033002200326, 40.789573428922374 ], [ 29.509032221604961, 40.789572240401668 ], [ 29.509031420576363, 40.7895710655554 ], [ 29.50903059935402, 40.789569904734812 ], [ 29.509029758183459, 40.789568758286961 ], [ 29.509028897316171, 40.789567626554621 ], [ 29.509028017009541, 40.789566509876146 ], [ 29.509027117526756, 40.789565408585403 ], [ 29.509026199136745, 40.789564323011653 ], [ 29.509025262114086, 40.789563253479457 ], [ 29.50902430673893, 40.789562200308588 ], [ 29.509023333296909, 40.789561163813907 ], [ 29.509022342079064, 40.78956014430532 ], [ 29.509021333381746, 40.789559142087633 ], [ 29.509020307506532, 40.789558157460476 ], [ 29.509019264760141, 40.789557190718241 ], [ 29.509018205454328, 40.78955624214997 ], [ 29.509017129905807, 40.789555312039248 ], [ 29.509016038436137, 40.789554400664166 ], [ 29.509014931371645, 40.789553508297203 ], [ 29.509013809043321, 40.789552635205162 ], [ 29.509012671786714, 40.789551781649081 ], [ 29.509011519941843, 40.789550947884138 ], [ 29.509010353853082, 40.789550134159626 ], [ 29.509009173869067, 40.789549340718828 ], [ 29.50898833949746, 40.789573750219297 ], [ 29.50898833949746, 40.789573750219297 ], [ 29.508989124421344, 40.789574220364791 ], [ 29.508989901084355, 40.78957470403499 ], [ 29.508990669253471, 40.78957520108478 ], [ 29.508991428698234, 40.789575711365039 ], [ 29.508992179190788, 40.789576234722674 ], [ 29.508992920505971, 40.789576771000668 ], [ 29.508993652421378, 40.789577320038127 ], [ 29.508994374717417, 40.789577881670319 ], [ 29.508995087177382, 40.789578455728751 ], [ 29.508995789587527, 40.789579042041197 ], [ 29.508996481737103, 40.789579640431747 ], [ 29.508997163418464, 40.789580250720874 ], [ 29.508997834427085, 40.789580872725473 ], [ 29.508998494561649, 40.789581506258934 ], [ 29.508999143624106, 40.789582151131178 ], [ 29.508999781419718, 40.789582807148747 ], [ 29.509000407757142, 40.789583474114799 ], [ 29.509001022448455, 40.789584151829253 ], [ 29.509001625309246, 40.789584840088764 ], [ 29.509002216158638, 40.78958553868685 ], [ 29.509002794819366, 40.789586247413915 ], [ 29.50900336111782, 40.789586966057328 ], [ 29.509003914884097, 40.789587694401476 ], [ 29.509004455952059, 40.789588432227845 ], [ 29.509004984159375, 40.789589179315065 ], [ 29.50900549934757, 40.789589935439011 ], [ 29.509006001362078, 40.789590700372813 ], [ 29.509006490052283, 40.789591473886986 ], [ 29.509006965271571, 40.789592255749454 ], [ 29.509007426877361, 40.789593045725645 ], [ 29.509007874731168, 40.789593843578551 ], [ 29.509008308698622, 40.789594649068796 ], [ 29.50900872864953, 40.789595461954718 ], [ 29.509009134457891, 40.789596281992438 ], [ 29.509009526001957, 40.789597108935929 ], [ 29.509009903164259, 40.789597942537085 ], [ 29.509010265831638, 40.789598782545809 ], [ 29.509010613895288, 40.789599628710093 ], [ 29.509010947250779, 40.789600480776052 ], [ 29.509011265798105, 40.789601338488062 ], [ 29.509011569441689, 40.789602201588785 ], [ 29.509011858090435, 40.789603069819279 ], [ 29.509012131657741, 40.789603942919058 ], [ 29.509012390061532, 40.789604820626167 ], [ 29.509012633224277, 40.789605702677285 ], [ 29.509012861073032, 40.789606588807764 ], [ 29.509013073539428, 40.789607478751762 ], [ 29.509013270559727, 40.789608372242277 ], [ 29.509013452074814, 40.78960926901123 ], [ 29.509013618030238, 40.789610168789586 ], [ 29.509013768376199, 40.789611071307384 ], [ 29.509013903067601, 40.789611976293862 ], [ 29.509014022064026, 40.789612883477488 ], [ 29.509014125329774, 40.78961379258611 ], [ 29.509014212833865, 40.789614703346956 ], [ 29.509014284550048, 40.789615615486788 ], [ 29.509014340456801, 40.789616528731955 ], [ 29.509014380537355, 40.789617442808449 ], [ 29.509014404779684, 40.789618357442031 ], [ 29.509014413176512, 40.789619272358308 ], [ 29.509014405725328, 40.789620187282765 ], [ 29.509014382428358, 40.789621101940924 ], [ 29.509014343292595, 40.789622016058352 ], [ 29.50901428832978, 40.78962292936081 ], [ 29.509014217556409, 40.789623841574283 ], [ 29.509014130993705, 40.789624752425091 ], [ 29.509014028667647, 40.789625661639953 ], [ 29.509013910608932, 40.78962656894609 ], [ 29.509013776852978, 40.789627474071295 ], [ 29.50901362743992, 40.789628376744005 ], [ 29.509013462414579, 40.789629276693411 ], [ 29.509013281826469, 40.789630173649499 ], [ 29.509013085729766, 40.789631067343166 ], [ 29.509012874183313, 40.789631957506288 ], [ 29.509012647250564, 40.7896328438718 ], [ 29.509012404999616, 40.789633726173768 ], [ 29.509012147503146, 40.789634604147494 ], [ 29.509011874838404, 40.789635477529558 ], [ 29.509011587087198, 40.789636346057925 ], [ 29.509011284335859, 40.789637209472033 ], [ 29.509010966675216, 40.789638067512826 ], [ 29.509010634200578, 40.789638919922886 ], [ 29.509010287011691, 40.789639766446463 ], [ 29.509009925212723, 40.789640606829586 ], [ 29.509009548912214, 40.789641440820127 ], [ 29.509009158223069, 40.78964226816786 ], [ 29.509008753262496, 40.78964308862458 ], [ 29.509008334151996, 40.789643901944125 ], [ 29.509007901017313, 40.789644707882481 ], [ 29.509007453988389, 40.78964550619785 ], [ 29.509006993199343, 40.789646296650723 ] ] ] ] } },
{ "type": "Feature", "properties": { "fid": 113, "lanelet_id": 107, "spd_limit": null, "reward": 0, "lanelet_type": "intersection", "pre_id": null, "next_id": null, "adjcnt_id": null, "center_b_id": "177" }, "geometry": { "type": "MultiPolygon", "coordinates": [ [ [ [ 29.509031595627281, 40.789664636642456 ], [ 29.50903204263156, 40.7896642714488 ], [ 29.509032495895141, 40.789663914053548 ], [ 29.509032955281988, 40.78966356456398 ], [ 29.509033420654227, 40.789663223084979 ], [ 29.509033891872196, 40.789662889719018 ], [ 29.50903436879447, 40.789662564566164 ], [ 29.50903485127791, 40.789662247723996 ], [ 29.509035339177721, 40.789661939287598 ], [ 29.509035832347468, 40.789661639349546 ], [ 29.509036330639141, 40.789661347999854 ], [ 29.509036833903195, 40.789661065325966 ], [ 29.509037341988588, 40.789660791412722 ], [ 29.509037854742832, 40.789660526342317 ], [ 29.509038372012043, 40.789660270194311 ], [ 29.50903889364097, 40.789660023045577 ], [ 29.509039419473066, 40.789659784970297 ], [ 29.50903994935052, 40.789659556039915 ], [ 29.509040483114301, 40.78965933632314 ], [ 29.509041020604215, 40.789659125885919 ], [ 29.50904156165895, 40.789658924791397 ], [ 29.509042106116127, 40.789658733099934 ], [ 29.50904265381234, 40.789658550869056 ], [ 29.509043204583215, 40.789658378153462 ], [ 29.509043758263456, 40.789658215004984 ], [ 29.509044314686889, 40.789658061472579 ], [ 29.50904487368652, 40.789657917602341 ], [ 29.509045435094581, 40.789657783437434 ], [ 29.509045998742586, 40.789657659018133 ], [ 29.509046564461364, 40.789657544381768 ], [ 29.50904713208114, 40.78965743956276 ], [ 29.509047701431555, 40.789657344592555 ], [ 29.509048272341733, 40.789657259499656 ], [ 29.509048844640336, 40.789657184309604 ], [ 29.509049418155605, 40.789657119044968 ], [ 29.509049992715411, 40.789657063725329 ], [ 29.50905056814732, 40.789657018367301 ], [ 29.509051144278633, 40.789656982984482 ], [ 29.509051720936444, 40.789656957587496 ], [ 29.509052297947679, 40.789656942183967 ], [ 29.509052875139169, 40.789656936778528 ], [ 29.509053452337682, 40.789656941372783 ], [ 29.509054029369995, 40.789656955965363 ], [ 29.509054606062929, 40.789656980551882 ], [ 29.509055182243401, 40.789657015124973 ], [ 29.509055757738487, 40.789657059674248 ], [ 29.509056332375472, 40.789657114186348 ], [ 29.509056905981897, 40.789657178644902 ], [ 29.509057478385607, 40.789657253030569 ], [ 29.509058049414811, 40.789657337321032 ], [ 29.509058618898134, 40.789657431490973 ], [ 29.509059186664661, 40.789657535512156 ], [ 29.509059752543994, 40.789657649353337 ], [ 29.509060316366298, 40.78965777298037 ], [ 29.509060877962362, 40.78965790635614 ], [ 29.509061437163634, 40.789658049440625 ], [ 29.509061993802291, 40.789658202190871 ], [ 29.509062547711274, 40.789658364561049 ], [ 29.50906309872434, 40.789658536502422 ], [ 29.509063646676118, 40.789658717963384 ], [ 29.50906419140216, 40.789658908889479 ], [ 29.509064732738981, 40.789659109223408 ], [ 29.509065270524115, 40.789659318905038 ], [ 29.509065804596155, 40.789659537871444 ], [ 29.509066334794824, 40.789659766056907 ], [ 29.509066860960992, 40.789660003392953 ], [ 29.50908601425331, 40.789637377083814 ], [ 29.50908601425331, 40.789637377083814 ], [ 29.509084888380404, 40.789636819528667 ], [ 29.509083753009286, 40.789636281578879 ], [ 29.509082608481322, 40.789635763396198 ], [ 29.509081455140638, 40.789635265136418 ], [ 29.509080293333994, 40.78963478694935 ], [ 29.509079123410707, 40.789634328978771 ], [ 29.509077945722535, 40.789633891362371 ], [ 29.509076760623561, 40.789633474231735 ], [ 29.509075568470106, 40.789633077712267 ], [ 29.509074369620606, 40.789632701923196 ], [ 29.509073164435517, 40.789632346977498 ], [ 29.509071953277193, 40.789632012981905 ], [ 29.509070736509781, 40.789631700036836 ], [ 29.509069514499128, 40.789631408236367 ], [ 29.509068287612646, 40.789631137668252 ], [ 29.509067056219216, 40.789630888413832 ], [ 29.509065820689074, 40.789630660548049 ], [ 29.509064581393702, 40.789630454139413 ], [ 29.509063338705708, 40.78963026924999 ], [ 29.509062092998729, 40.789630105935366 ], [ 29.509060844647301, 40.789629964244639 ], [ 29.509059594026763, 40.789629844220414 ], [ 29.509058341513128, 40.789629745898786 ], [ 29.509057087482987, 40.789629669309299 ], [ 29.509055832313376, 40.789629614474997 ], [ 29.509054576381686, 40.789629581412363 ], [ 29.509053320065529, 40.789629570131332 ], [ 29.509052063742637, 40.7896295806353 ], [ 29.509050807790736, 40.789629612921111 ], [ 29.509049552587452, 40.789629666979053 ], [ 29.509048298510177, 40.789629742792876 ], [ 29.509047045935969, 40.789629840339785 ], [ 29.50904579524143, 40.789629959590449 ], [ 29.509044546802606, 40.789630100509015 ], [ 29.509043300994851, 40.789630263053112 ], [ 29.509042058192737, 40.789630447173877 ], [ 29.509040818769932, 40.789630652815937 ], [ 29.509039583099085, 40.789630879917475 ], [ 29.509038351551723, 40.789631128410207 ], [ 29.509037124498121, 40.789631398219413 ], [ 29.509035902307218, 40.789631689263985 ], [ 29.509034685346478, 40.789632001456397 ], [ 29.509033473981802, 40.789632334702802 ], [ 29.5090322685774, 40.789632688902998 ], [ 29.509031069495698, 40.789633063950482 ], [ 29.509029877097216, 40.789633459732499 ], [ 29.509028691740465, 40.789633876130054 ], [ 29.509027513781842, 40.789634313017942 ], [ 29.509026343575513, 40.789634770264811 ], [ 29.509025181473323, 40.789635247733187 ], [ 29.509024027824672, 40.789635745279504 ], [ 29.509022882976424, 40.789636262754172 ], [ 29.50902174727279, 40.789636800001603 ], [ 29.509020621055239, 40.789637356860268 ], [ 29.509019504662383, 40.789637933162737 ], [ 29.50901839842988, 40.789638528735743 ], [ 29.509017302690342, 40.789639143400208 ], [ 29.509016217773212, 40.789639776971327 ], [ 29.509015144004689, 40.789640429258618 ], [ 29.509014081707615, 40.78964110006595 ], [ 29.509013031201384, 40.789641789191634 ], [ 29.509011992801852, 40.789642496428478 ], [ 29.509010966821226, 40.78964322156385 ], [ 29.509009953567979, 40.789643964379714 ], [ 29.509008953346765, 40.789644724652732 ], [ 29.509007966458313, 40.789645502154322 ], [ 29.509006993199343, 40.789646296650723 ], [ 29.509031595627281, 40.789664636642456 ] ] ] ] } },
{ "type": "Feature", "properties": { "fid": 114, "lanelet_id": 108, "spd_limit": null, "reward": 0, "lanelet_type": "intersection", "pre_id": null, "next_id": null, "adjcnt_id": null, "center_b_id": "179" }, "geometry": { "type": "MultiPolygon", "coordinates": [ [ [ [ 29.50908601425331, 40.789637377083814 ], [ 29.509105167545627, 40.789614750774675 ], [ 29.509105167545627, 40.789614750774675 ], [ 29.509104006726272, 40.789613806674552 ], [ 29.509102829691663, 40.789612882869299 ], [ 29.509101636796583, 40.789611979637357 ], [ 29.509100428400583, 40.789611097250976 ], [ 29.509099204867894, 40.78961023597612 ], [ 29.509097966567307, 40.789609396072393 ], [ 29.509096713872061, 40.789608577792954 ], [ 29.509095447159744, 40.78960778138444 ], [ 29.509094166812154, 40.789607007086907 ], [ 29.509092873215216, 40.789606255133741 ], [ 29.50909156675883, 40.789605525751583 ], [ 29.509090247836788, 40.789604819160282 ], [ 29.509088916846633, 40.789604135572823 ], [ 29.50908757418954, 40.789603475195236 ], [ 29.509086220270213, 40.789602838226585 ], [ 29.509084855496734, 40.789602224858854 ], [ 29.509083480280477, 40.789601635276917 ], [ 29.509082095035946, 40.789601069658488 ], [ 29.509080700180679, 40.789600528174049 ], [ 29.509079296135102, 40.789600010986817 ], [ 29.509077883322416, 40.789599518252679 ], [ 29.509076462168466, 40.789599050120152 ], [ 29.509075033101606, 40.78959860673033 ], [ 29.509073596552582, 40.789598188216871 ], [ 29.509072152954388, 40.789597794705912 ], [ 29.50907070274215, 40.789597426316064 ], [ 29.509069246352983, 40.78959708315837 ], [ 29.509067784225859, 40.789596765336256 ], [ 29.509066316801491, 40.789596472945526 ], [ 29.509064844522182, 40.789596206074307 ], [ 29.509063367831697, 40.789595964803034 ], [ 29.509061887175132, 40.789595749204437 ], [ 29.509060402998781, 40.789595559343496 ], [ 29.509058915749996, 40.789595395277438 ], [ 29.50905742587706, 40.789595257055723 ], [ 29.509055933829035, 40.789595144719996 ], [ 29.509054440055653, 40.789595058304137 ], [ 29.509052945007159, 40.789594997834179 ], [ 29.509051449134184, 40.789594963328355 ], [ 29.509049952887601, 40.78959495479706 ], [ 29.509048456718407, 40.789594972242867 ], [ 29.509046961077566, 40.789595015660524 ], [ 29.509045466415888, 40.789595085036936 ], [ 29.509043973183889, 40.789595180351192 ], [ 29.509042481831646, 40.789595301574572 ], [ 29.509040992808682, 40.789595448670532 ], [ 29.509039506563802, 40.789595621594735 ], [ 29.509038023544989, 40.789595820295055 ], [ 29.509036544199247, 40.789596044711608 ], [ 29.509035068972469, 40.78959629477675 ], [ 29.509033598309315, 40.7895965704151 ], [ 29.509032132653065, 40.789596871543587 ], [ 29.509030672445483, 40.789597198071441 ], [ 29.509029218126702, 40.789597549900236 ], [ 29.509027770135077, 40.789597926923939 ], [ 29.509026328907055, 40.789598329028898 ], [ 29.50902489487704, 40.789598756093916 ], [ 29.50902346847727, 40.789599207990278 ], [ 29.509022050137688, 40.789599684581759 ], [ 29.509020640285797, 40.789600185724716 ], [ 29.509019239346554, 40.7896007112681 ], [ 29.509017847742218, 40.789601261053498 ], [ 29.509016465892238, 40.789601834915203 ], [ 29.50901509421313, 40.78960243268024 ], [ 29.509013733118334, 40.789603054168438 ], [ 29.50901238301811, 40.789603699192462 ], [ 29.50901104431939, 40.789604367557899 ], [ 29.509009717425684, 40.789605059063291 ], [ 29.509008402736939, 40.789605773500213 ], [ 29.509007100649416, 40.789606510653321 ], [ 29.509005811555586, 40.789607270300422 ], [ 29.509004535844003, 40.789608052212543 ], [ 29.509003273899186, 40.789608856154018 ], [ 29.509002026101502, 40.789609681882517 ], [ 29.509000792827056, 40.789610529149158 ], [ 29.508999574447575, 40.789611397698557 ], [ 29.5089983713303, 40.789612287268923 ], [ 29.508997183837863, 40.789613197592125 ], [ 29.508996012328197, 40.789614128393779 ], [ 29.508994857154413, 40.789615079393329 ], [ 29.508993718664694, 40.789616050304126 ], [ 29.508992597202198, 40.789617040833527 ], [ 29.508991493104954, 40.789618050682961 ], [ 29.508990406705752, 40.789619079548061 ], [ 29.50898933833205, 40.789620127118702 ], [ 29.508988288305869, 40.789621193079128 ], [ 29.508987256943701, 40.789622277108052 ], [ 29.508986244556421, 40.789623378878723 ], [ 29.508985251449175, 40.789624498059048 ], [ 29.508984277921297, 40.789625634311697 ], [ 29.508983324266225, 40.789626787294189 ], [ 29.508982390771404, 40.78962795665899 ], [ 29.508982390771404, 40.78962795665899 ], [ 29.509006993199343, 40.789646296650723 ], [ 29.509007966458313, 40.789645502154322 ], [ 29.509008953346765, 40.789644724652732 ], [ 29.509009953567979, 40.789643964379707 ], [ 29.509010966821226, 40.789643221563843 ], [ 29.509011992801852, 40.789642496428478 ], [ 29.509013031201384, 40.789641789191634 ], [ 29.509014081707612, 40.789641100065943 ], [ 29.509015144004685, 40.789640429258618 ], [ 29.509016217773212, 40.789639776971327 ], [ 29.509017302690342, 40.789639143400208 ], [ 29.50901839842988, 40.789638528735736 ], [ 29.509019504662383, 40.789637933162737 ], [ 29.509020621055239, 40.789637356860268 ], [ 29.50902174727279, 40.789636800001603 ], [ 29.509022882976424, 40.789636262754165 ], [ 29.509024027824672, 40.789635745279497 ], [ 29.509025181473323, 40.78963524773318 ], [ 29.509026343575513, 40.789634770264804 ], [ 29.509027513781838, 40.789634313017935 ], [ 29.509028691740465, 40.789633876130047 ], [ 29.509029877097213, 40.789633459732499 ], [ 29.509031069495695, 40.789633063950475 ], [ 29.5090322685774, 40.789632688902991 ], [ 29.509033473981798, 40.789632334702802 ], [ 29.509034685346478, 40.789632001456397 ], [ 29.509035902307218, 40.789631689263977 ], [ 29.509037124498121, 40.789631398219413 ], [ 29.509038351551723, 40.7896311284102 ], [ 29.509039583099085, 40.789630879917475 ], [ 29.509040818769932, 40.789630652815937 ], [ 29.509042058192737, 40.78963044717387 ], [ 29.509043300994851, 40.789630263053112 ], [ 29.509044546802606, 40.789630100509008 ], [ 29.50904579524143, 40.789629959590442 ], [ 29.509047045935969, 40.789629840339778 ], [ 29.509048298510177, 40.789629742792869 ], [ 29.509049552587452, 40.789629666979046 ], [ 29.509050807790736, 40.789629612921104 ], [ 29.509052063742637, 40.7896295806353 ], [ 29.509053320065529, 40.789629570131325 ], [ 29.509054576381686, 40.789629581412356 ], [ 29.509055832313376, 40.789629614474997 ], [ 29.509057087482987, 40.789629669309299 ], [ 29.509058341513128, 40.789629745898779 ], [ 29.509059594026763, 40.789629844220414 ], [ 29.509060844647301, 40.789629964244632 ], [ 29.509062092998729, 40.789630105935359 ], [ 29.509063338705708, 40.78963026924999 ], [ 29.509064581393702, 40.789630454139413 ], [ 29.509065820689074, 40.789630660548049 ], [ 29.509067056219216, 40.789630888413832 ], [ 29.509068287612646, 40.789631137668252 ], [ 29.509069514499128, 40.789631408236367 ], [ 29.509070736509784, 40.789631700036828 ], [ 29.509071953277193, 40.789632012981905 ], [ 29.509073164435517, 40.789632346977498 ], [ 29.509074369620606, 40.789632701923189 ], [ 29.509075568470106, 40.789633077712267 ], [ 29.509076760623561, 40.789633474231728 ], [ 29.509077945722535, 40.789633891362371 ], [ 29.509079123410707, 40.789634328978771 ], [ 29.509080293333994, 40.78963478694935 ], [ 29.509081455140638, 40.789635265136418 ], [ 29.509082608481322, 40.789635763396198 ], [ 29.509083753009286, 40.789636281578879 ], [ 29.509084888380404, 40.789636819528667 ], [ 29.50908601425331, 40.789637377083814 ] ] ] ] } },
{ "type": "Feature", "properties": { "fid": 115, "lanelet_id": 109, "spd_limit": null, "reward": 0, "lanelet_type": "intersection", "pre_id": null, "next_id": null, "adjcnt_id": null, "center_b_id": "428" }, "geometry": { "type": "MultiPolygon", "coordinates": [ [ [ [ 29.508852503823299, 40.789720702084246 ], [ 29.508934700714306, 40.789775920225736 ], [ 29.508956943535431, 40.7897542911195 ], [ 29.508873881729372, 40.789700461300839 ], [ 29.508852503823299, 40.789720702084246 ] ] ] ] } },
{ "type": "Feature", "properties": { "fid": 116, "lanelet_id": 110, "spd_limit": null, "reward": 0, "lanelet_type": "intersection", "pre_id": null, "next_id": null, "adjcnt_id": null, "center_b_id": "429" }, "geometry": { "type": "MultiPolygon", "coordinates": [ [ [ [ 29.508873881729372, 40.789700461300839 ], [ 29.508956943535431, 40.7897542911195 ], [ 29.508979186356555, 40.789732662013265 ], [ 29.508896437425896, 40.789679105375406 ], [ 29.508873881729372, 40.789700461300839 ] ] ] ] } },
{ "type": "Feature", "properties": { "fid": 117, "lanelet_id": 111, "spd_limit": null, "reward": 0, "lanelet_type": "intersection", "pre_id": null, "next_id": null, "adjcnt_id": null, "center_b_id": "162" }, "geometry": { "type": "MultiPolygon", "coordinates": [ [ [ [ 29.508876823989699, 40.789760586111427 ], [ 29.508951302248825, 40.789694606872857 ], [ 29.508926476162451, 40.789675819564252 ], [ 29.508850879611146, 40.789741127827519 ], [ 29.508876823989699, 40.789760586111427 ] ] ] ] } },
{ "type": "Feature", "properties": { "fid": 118, "lanelet_id": 112, "spd_limit": null, "reward": 0, "lanelet_type": "intersection", "pre_id": null, "next_id": null, "adjcnt_id": null, "center_b_id": "164" }, "geometry": { "type": "MultiPolygon", "coordinates": [ [ [ [ 29.508876823989699, 40.789760586111427 ], [ 29.508902768368252, 40.789780044395343 ], [ 29.508976128335199, 40.789713394181469 ], [ 29.508951302248825, 40.789694606872857 ], [ 29.508876823989699, 40.789760586111427 ] ] ] ] } },
{ "type": "Feature", "properties": { "fid": 119, "lanelet_id": 113, "spd_limit": null, "reward": 0, "lanelet_type": "intersection", "pre_id": null, "next_id": null, "adjcnt_id": null, "center_b_id": "190" }, "geometry": { "type": "MultiPolygon", "coordinates": [ [ [ [ 29.508850879611146, 40.789741127827519 ], [ 29.508851805854864, 40.789729778457804 ], [ 29.508852503823299, 40.789720702084246 ], [ 29.508873881729372, 40.789700461300839 ], [ 29.508873881729372, 40.789700461300839 ], [ 29.508874436460076, 40.789701281882579 ], [ 29.508874976896497, 40.789702111948252 ], [ 29.508875502876531, 40.789702951248891 ], [ 29.508876014242414, 40.789703799532731 ], [ 29.508876510840764, 40.789704656545354 ], [ 29.508876992522623, 40.789705522029692 ], [ 29.50887745914352, 40.789706395726142 ], [ 29.508877910563484, 40.789707277372649 ], [ 29.508878346647123, 40.789708166704763 ], [ 29.508878767263631, 40.789709063455732 ], [ 29.508879172286846, 40.789709967356579 ], [ 29.508879561595283, 40.789710878136184 ], [ 29.508879935072169, 40.789711795521363 ], [ 29.508880292605479, 40.789712719236945 ], [ 29.50888063408798, 40.789713649005876 ], [ 29.508880959417237, 40.789714584549259 ], [ 29.508881268495674, 40.789715525586487 ], [ 29.508881561230584, 40.789716471835305 ], [ 29.508881837534158, 40.789717423011879 ], [ 29.508882097323522, 40.789718378830919 ], [ 29.508882340520756, 40.789719339005728 ], [ 29.508882567052908, 40.789720303248295 ], [ 29.508882776852037, 40.789721271269407 ], [ 29.508882969855208, 40.789722242778709 ], [ 29.508883146004536, 40.789723217484799 ], [ 29.508883305247181, 40.789724195095317 ], [ 29.508883447535386, 40.789725175317038 ], [ 29.508883572826463, 40.789726157855945 ], [ 29.508883681082835, 40.78972714241732 ], [ 29.508883772272036, 40.78972812870586 ], [ 29.508883846366707, 40.789729116425718 ], [ 29.508883903344625, 40.789730105280647 ], [ 29.508883943188703, 40.78973109497403 ], [ 29.508883965886987, 40.789732085209025 ], [ 29.50888397143267, 40.789733075688602 ], [ 29.508883959824086, 40.789734066115678 ], [ 29.508883931064723, 40.789735056193173 ], [ 29.5088838851632, 40.789736045624117 ], [ 29.508883822133289, 40.789737034111745 ], [ 29.508883741993895, 40.789738021359547 ], [ 29.508883644769057, 40.789739007071411 ], [ 29.508883530487935, 40.789739990951674 ], [ 29.508883399184807, 40.789740972705225 ], [ 29.508883250899061, 40.789741952037595 ], [ 29.508883085675169, 40.789742928655031 ], [ 29.508882903562693, 40.789743902264604 ], [ 29.508882704616255, 40.789744872574275 ], [ 29.508882488895527, 40.789745839293012 ], [ 29.50888225646522, 40.78974680213085 ], [ 29.508882007395044, 40.789747760798988 ], [ 29.508881741759708, 40.789748715009878 ], [ 29.508881459638893, 40.789749664477299 ], [ 29.508881161117213, 40.789750608916478 ], [ 29.508880846284214, 40.789751548044123 ], [ 29.508880515234328, 40.789752481578546 ], [ 29.508880168066849, 40.789753409239744 ], [ 29.508879804885915, 40.789754330749453 ], [ 29.508879425800451, 40.789755245831287 ], [ 29.508879030924174, 40.789756154210764 ], [ 29.508878620375516, 40.789757055615418 ], [ 29.508878194277624, 40.789757949774881 ], [ 29.508877752758305, 40.789758836420937 ], [ 29.50887729594999, 40.789759715287659 ], [ 29.508876823989699, 40.789760586111427 ], [ 29.508850879611146, 40.789741127827519 ] ] ] ] } },
{ "type": "Feature", "properties": { "fid": 120, "lanelet_id": 114, "spd_limit": null, "reward": 0, "lanelet_type": "intersection", "pre_id": null, "next_id": null, "adjcnt_id": null, "center_b_id": "192" }, "geometry": { "type": "MultiPolygon", "coordinates": [ [ [ [ 29.508876823989699, 40.789760586111427 ], [ 29.508902768368252, 40.789780044395343 ], [ 29.508902768368252, 40.789780044395343 ], [ 29.508903581409854, 40.789779142315261 ], [ 29.508904378717229, 40.78977822629885 ], [ 29.508905160051537, 40.789777296620507 ], [ 29.508905925178716, 40.789776353558729 ], [ 29.508906673869571, 40.789775397396021 ], [ 29.508907405899819, 40.789774428418809 ], [ 29.508908121050176, 40.789773446917366 ], [ 29.508908819106413, 40.789772453185705 ], [ 29.508909499859413, 40.78977144752151 ], [ 29.508910163105256, 40.789770430226035 ], [ 29.508910808645258, 40.789769401604033 ], [ 29.508911436286038, 40.789768361963631 ], [ 29.508912045839583, 40.789767311616259 ], [ 29.508912637123291, 40.789766250876568 ], [ 29.508913209960046, 40.789765180062311 ], [ 29.508913764178235, 40.789764099494256 ], [ 29.508914299611849, 40.789763009496106 ], [ 29.508914816100486, 40.789761910394382 ], [ 29.508915313489428, 40.789760802518323 ], [ 29.508915791629676, 40.789759686199808 ], [ 29.508916250378, 40.789758561773247 ], [ 29.508916689596976, 40.789757429575467 ], [ 29.508917109155036, 40.789756289945636 ], [ 29.508917508926487, 40.789755143225129 ], [ 29.508917888791583, 40.789753989757479 ], [ 29.508918248636526, 40.789752829888201 ], [ 29.508918588353524, 40.789751663964758 ], [ 29.508918907840808, 40.789750492336402 ], [ 29.508919207002677, 40.789749315354122 ], [ 29.508919485749509, 40.78974813337048 ], [ 29.508919743997801, 40.789746946739562 ], [ 29.5089199816702, 40.789745755816831 ], [ 29.508920198695503, 40.789744560959043 ], [ 29.508920395008698, 40.789743362524121 ], [ 29.508920570550981, 40.789742160871086 ], [ 29.508920725269761, 40.789740956359886 ], [ 29.508920859118692, 40.789739749351362 ], [ 29.50892097205768, 40.789738540207075 ], [ 29.508921064052895, 40.789737329289238 ], [ 29.508921135076775, 40.789736116960604 ], [ 29.508921185108044, 40.789734903584325 ], [ 29.508921214131718, 40.789733689523885 ], [ 29.508921222139101, 40.789732475142976 ], [ 29.508921209127791, 40.789731260805368 ], [ 29.50892117510169, 40.78973004687483 ], [ 29.508921120070987, 40.78972883371501 ], [ 29.508921044052173, 40.78972762168933 ], [ 29.508920947068013, 40.789726411160849 ], [ 29.508920829147566, 40.789725202492207 ], [ 29.508920690326153, 40.789723996045467 ], [ 29.508920530645359, 40.789722792182033 ], [ 29.508920350153019, 40.789721591262541 ], [ 29.508920148903204, 40.789720393646732 ], [ 29.508919926956196, 40.789719199693359 ], [ 29.508919684378483, 40.789718009760094 ], [ 29.50891942124273, 40.789716824203396 ], [ 29.508919137627768, 40.789715643378393 ], [ 29.508918833618552, 40.789714467638838 ], [ 29.508918509306149, 40.789713297336917 ], [ 29.508918164787715, 40.789712132823212 ], [ 29.508917800166451, 40.789710974446564 ], [ 29.508917415551586, 40.789709822553981 ], [ 29.508917011058333, 40.789708677490516 ], [ 29.508916586807864, 40.789707539599199 ], [ 29.508916142927266, 40.789706409220884 ], [ 29.508915679549506, 40.789705286694193 ], [ 29.508915196813398, 40.789704172355385 ], [ 29.508914694863549, 40.78970306653828 ], [ 29.508914173850325, 40.789701969574132 ], [ 29.508913633929794, 40.789700881791553 ], [ 29.508913075263703, 40.789699803516392 ], [ 29.508912498019402, 40.789698735071667 ], [ 29.508911902369814, 40.789697676777429 ], [ 29.508911288493369, 40.789696628950715 ], [ 29.50891065657396, 40.789695591905399 ], [ 29.508910006800882, 40.789694565952153 ], [ 29.508909339368788, 40.789693551398301 ], [ 29.508908654477612, 40.789692548547762 ], [ 29.508907952332521, 40.789691557700962 ], [ 29.508907233143844, 40.789690579154708 ], [ 29.508906497127029, 40.789689613202135 ], [ 29.508905744502552, 40.789688660132612 ], [ 29.508904975495874, 40.789687720231633 ], [ 29.508904190337354, 40.78968679378076 ], [ 29.508903389262198, 40.789685881057522 ], [ 29.508902572510376, 40.789684982335331 ], [ 29.508901740326554, 40.789684097883402 ], [ 29.508900892960021, 40.789683227966698 ], [ 29.508900030664616, 40.789682372845796 ], [ 29.508899153698646, 40.789681532776868 ], [ 29.508898262324816, 40.789680708011552 ], [ 29.508897356810149, 40.789679898796933 ], [ 29.508896437425896, 40.789679105375406 ], [ 29.508873881729372, 40.789700461300839 ], [ 29.508873881729372, 40.789700461300839 ], [ 29.508874436460076, 40.789701281882579 ], [ 29.508874976896497, 40.789702111948252 ], [ 29.508875502876531, 40.789702951248891 ], [ 29.508876014242414, 40.789703799532731 ], [ 29.508876510840764, 40.789704656545354 ], [ 29.508876992522623, 40.789705522029692 ], [ 29.50887745914352, 40.789706395726142 ], [ 29.508877910563484, 40.789707277372649 ], [ 29.508878346647123, 40.789708166704763 ], [ 29.508878767263631, 40.789709063455732 ], [ 29.508879172286846, 40.789709967356579 ], [ 29.508879561595283, 40.789710878136184 ], [ 29.508879935072169, 40.789711795521363 ], [ 29.508880292605479, 40.789712719236945 ], [ 29.50888063408798, 40.789713649005876 ], [ 29.508880959417237, 40.789714584549259 ], [ 29.508881268495674, 40.789715525586487 ], [ 29.508881561230584, 40.789716471835305 ], [ 29.508881837534158, 40.789717423011879 ], [ 29.508882097323522, 40.789718378830919 ], [ 29.508882340520756, 40.789719339005728 ], [ 29.508882567052908, 40.789720303248295 ], [ 29.508882776852037, 40.789721271269407 ], [ 29.508882969855208, 40.789722242778709 ], [ 29.508883146004536, 40.789723217484799 ], [ 29.508883305247181, 40.789724195095317 ], [ 29.508883447535386, 40.789725175317038 ], [ 29.508883572826463, 40.789726157855945 ], [ 29.508883681082835, 40.78972714241732 ], [ 29.508883772272036, 40.78972812870586 ], [ 29.508883846366707, 40.789729116425718 ], [ 29.508883903344625, 40.789730105280647 ], [ 29.508883943188703, 40.78973109497403 ], [ 29.508883965886987, 40.789732085209025 ], [ 29.50888397143267, 40.789733075688602 ], [ 29.508883959824086, 40.789734066115678 ], [ 29.508883931064723, 40.789735056193173 ], [ 29.5088838851632, 40.789736045624117 ], [ 29.508883822133289, 40.789737034111745 ], [ 29.508883741993895, 40.789738021359547 ], [ 29.508883644769057, 40.789739007071411 ], [ 29.508883530487935, 40.789739990951674 ], [ 29.508883399184807, 40.789740972705225 ], [ 29.508883250899061, 40.789741952037595 ], [ 29.508883085675169, 40.789742928655031 ], [ 29.508882903562693, 40.789743902264604 ], [ 29.508882704616255, 40.789744872574275 ], [ 29.508882488895527, 40.789745839293012 ], [ 29.50888225646522, 40.78974680213085 ], [ 29.508882007395044, 40.789747760798988 ], [ 29.508881741759708, 40.789748715009878 ], [ 29.508881459638893, 40.789749664477299 ], [ 29.508881161117213, 40.789750608916478 ], [ 29.508880846284214, 40.789751548044123 ], [ 29.508880515234328, 40.789752481578546 ], [ 29.508880168066849, 40.789753409239744 ], [ 29.508879804885915, 40.789754330749453 ], [ 29.508879425800451, 40.789755245831287 ], [ 29.508879030924174, 40.789756154210764 ], [ 29.508878620375516, 40.789757055615418 ], [ 29.508878194277624, 40.789757949774881 ], [ 29.508877752758305, 40.789758836420937 ], [ 29.50887729594999, 40.789759715287659 ], [ 29.508876823989699, 40.789760586111427 ] ] ] ] } },
{ "type": "Feature", "properties": { "fid": 121, "lanelet_id": 115, "spd_limit": null, "reward": 0, "lanelet_type": "intersection", "pre_id": null, "next_id": null, "adjcnt_id": null, "center_b_id": "320" }, "geometry": { "type": "MultiPolygon", "coordinates": [ [ [ [ 29.508976128335199, 40.789713394181469 ], [ 29.50897599725532, 40.789713633817897 ], [ 29.508975870343946, 40.789713875687816 ], [ 29.508975747639113, 40.789714119718717 ], [ 29.508975629177613, 40.78971436583744 ], [ 29.508975514994948, 40.789714613970212 ], [ 29.508975405125351, 40.789714864042651 ], [ 29.508975299601754, 40.789715115979796 ], [ 29.50897519845579, 40.789715369706123 ], [ 29.508975101717784, 40.789715625145575 ], [ 29.50897500941673, 40.789715882221572 ], [ 29.508974921580297, 40.78971614085706 ], [ 29.508974838234817, 40.789716400974505 ], [ 29.508974759405273, 40.789716662495934 ], [ 29.508974685115295, 40.789716925342951 ], [ 29.508974615387157, 40.789717189436757 ], [ 29.508974550241756, 40.789717454698199 ], [ 29.50897448969862, 40.789717721047751 ], [ 29.508974433775904, 40.78971798840557 ], [ 29.508974382490365, 40.789718256691508 ], [ 29.508974335857381, 40.789718525825158 ], [ 29.50897429389093, 40.789718795725825 ], [ 29.50897425660359, 40.789719066312607 ], [ 29.50897422400654, 40.789719337504401 ], [ 29.508974196109552, 40.789719609219901 ], [ 29.508974172920986, 40.789719881377657 ], [ 29.508974154447799, 40.789720153896084 ], [ 29.508974140695525, 40.789720426693499 ], [ 29.508974131668285, 40.789720699688118 ], [ 29.508974127368788, 40.789720972798115 ], [ 29.508974127798318, 40.789721245941614 ], [ 29.508974132956755, 40.789721519036732 ], [ 29.508974142842543, 40.789721792001608 ], [ 29.508974157452723, 40.789722064754422 ], [ 29.508974176782917, 40.789722337213405 ], [ 29.508974200827328, 40.789722609296888 ], [ 29.508974229578751, 40.789722880923307 ], [ 29.508974263028563, 40.789723152011227 ], [ 29.508974301166738, 40.789723422479405 ], [ 29.508974343981848, 40.789723692246753 ], [ 29.508974391461052, 40.789723961232397 ], [ 29.508974443590123, 40.78972422935572 ], [ 29.508974500353432, 40.789724496536337 ], [ 29.508974561733961, 40.789724762694156 ], [ 29.508974627713311, 40.789725027749391 ], [ 29.508974698271707, 40.789725291622595 ], [ 29.508974773387997, 40.789725554234657 ], [ 29.508974853039661, 40.78972581550687 ], [ 29.508974937202822, 40.789726075360896 ], [ 29.508975025852255, 40.789726333718853 ], [ 29.508975118961381, 40.789726590503285 ], [ 29.508975216502293, 40.789726845637219 ], [ 29.508975318445746, 40.789727099044178 ], [ 29.508975424761189, 40.789727350648192 ], [ 29.508975535416745, 40.789727600373844 ], [ 29.508975650379245, 40.789727848146278 ], [ 29.508975769614231, 40.789728093891213 ], [ 29.508975893085953, 40.789728337534982 ], [ 29.508976020757405, 40.789728579004553 ], [ 29.508976152590311, 40.789728818227545 ], [ 29.508976288545156, 40.789729055132241 ], [ 29.508976428581182, 40.789729289647624 ], [ 29.508976572656412, 40.7897295217034 ], [ 29.508976720727656, 40.789729751229999 ], [ 29.50897687275053, 40.789729978158626 ], [ 29.50897702867946, 40.789730202421246 ], [ 29.508977188467703, 40.789730423950637 ], [ 29.508977352067362, 40.789730642680389 ], [ 29.508977519429394, 40.789730858544942 ], [ 29.508977690503631, 40.789731071479579 ], [ 29.508977865238791, 40.789731281420472 ], [ 29.508978043582491, 40.789731488304689 ], [ 29.508978225481272, 40.789731692070205 ], [ 29.508978410880605, 40.789731892655951 ], [ 29.508978599724916, 40.789732090001792 ], [ 29.508978791957595, 40.789732284048569 ], [ 29.508978987521015, 40.789732474738116 ], [ 29.508979186356555, 40.789732662013265 ], [ 29.508956943535431, 40.7897542911195 ], [ 29.508956943535431, 40.7897542911195 ], [ 29.508956397102814, 40.789753993848983 ], [ 29.508955855899199, 40.789753687161841 ], [ 29.508955320086834, 40.789753371150013 ], [ 29.508954789826372, 40.789753045908249 ], [ 29.508954265276792, 40.789752711534064 ], [ 29.508953746595356, 40.789752368127701 ], [ 29.508953233937575, 40.789752015792118 ], [ 29.508952727457149, 40.789751654632958 ], [ 29.508952227305929, 40.789751284758495 ], [ 29.508951733633868, 40.789750906279622 ], [ 29.508951246588975, 40.789750519309813 ], [ 29.50895076631727, 40.789750123965085 ], [ 29.508950292962748, 40.789749720363979 ], [ 29.508949826667322, 40.789749308627485 ], [ 29.508949367570803, 40.789748888879053 ], [ 29.508948915810826, 40.789748461244528 ], [ 29.508948471522839, 40.789748025852127 ], [ 29.508948034840042, 40.789747582832376 ], [ 29.508947605893361, 40.789747132318105 ], [ 29.508947184811401, 40.789746674444388 ], [ 29.508946771720407, 40.789746209348493 ], [ 29.508946366744226, 40.789745737169866 ], [ 29.50894597000428, 40.789745258050068 ], [ 29.508945581619514, 40.789744772132757 ], [ 29.508945201706371, 40.789744279563607 ], [ 29.508944830378759, 40.789743780490305 ], [ 29.508944467747998, 40.78974327506247 ], [ 29.508944113922819, 40.78974276343164 ], [ 29.508943769009299, 40.789742245751214 ], [ 29.508943433110847, 40.789741722176394 ], [ 29.508943106328168, 40.789741192864156 ], [ 29.508942788759242, 40.789740657973198 ], [ 29.508942480499279, 40.789740117663882 ], [ 29.508942181640695, 40.789739572098206 ], [ 29.508941892273093, 40.789739021439736 ], [ 29.508941612483234, 40.78973846585356 ], [ 29.508941342354998, 40.789737905506257 ], [ 29.508941081969375, 40.789737340565829 ], [ 29.508940831404431, 40.789736771201653 ], [ 29.508940590735289, 40.789736197584418 ], [ 29.508940360034106, 40.789735619886123 ], [ 29.508940139370051, 40.78973503827995 ], [ 29.508939928809276, 40.789734452940287 ], [ 29.508939728414916, 40.789733864042617 ], [ 29.508939538247052, 40.789733271763509 ], [ 29.508939358362692, 40.789732676280529 ], [ 29.508939188815773, 40.789732077772214 ], [ 29.508939029657128, 40.789731476418005 ], [ 29.508938880934476, 40.789730872398188 ], [ 29.508938742692401, 40.789730265893873 ], [ 29.508938614972351, 40.78972965708688 ], [ 29.508938497812622, 40.789729046159749 ], [ 29.508938391248336, 40.789728433295643 ], [ 29.508938295311445, 40.789727818678301 ], [ 29.508938210030713, 40.789727202492003 ], [ 29.508938135431706, 40.789726584921482 ], [ 29.508938071536789, 40.789725966151892 ], [ 29.508938018365122, 40.789725346368755 ], [ 29.508937975932643, 40.789724725757893 ], [ 29.508937944252075, 40.78972410450536 ], [ 29.508937923332919, 40.789723482797434 ], [ 29.508937913181441, 40.789722860820497 ], [ 29.508937913800693, 40.78972223876103 ], [ 29.50893792519048, 40.789721616805537 ], [ 29.508937947347395, 40.789720995140492 ], [ 29.50893798026479, 40.789720373952271 ], [ 29.508938023932796, 40.789719753427114 ], [ 29.508938078338325, 40.789719133751071 ], [ 29.508938143465063, 40.789718515109925 ], [ 29.50893821929348, 40.789717897689151 ], [ 29.50893830580085, 40.789717281673859 ], [ 29.508938402961231, 40.78971666724874 ], [ 29.508938510745494, 40.789716054598017 ], [ 29.508938629121324, 40.789715443905358 ], [ 29.50893875805323, 40.789714835353863 ], [ 29.50893889750256, 40.789714229125977 ], [ 29.5089390474275, 40.789713625403465 ], [ 29.508939207783104, 40.789713024367323 ], [ 29.508939378521294, 40.789712426197752 ], [ 29.508939559590878, 40.789711831074094 ], [ 29.508939750937575, 40.789711239174778 ], [ 29.508939952504011, 40.789710650677257 ], [ 29.508940164229756, 40.789710065757973 ], [ 29.508940386051332, 40.789709484592287 ], [ 29.508940617902233, 40.789708907354452 ], [ 29.508940859712947, 40.789708334217522 ], [ 29.508941111410977, 40.789707765353334 ], [ 29.508941372920862, 40.78970720093244 ], [ 29.508941644164192, 40.78970664112407 ], [ 29.508941925059649, 40.789706086096047 ], [ 29.508942215523017, 40.789705536014786 ], [ 29.508942515467208, 40.789704991045205 ], [ 29.5089428248023, 40.789704451350694 ], [ 29.508943143435545, 40.789703917093064 ], [ 29.508943471271415, 40.789703388432486 ], [ 29.508943808211619, 40.789702865527467 ], [ 29.508944154155138, 40.789702348534775 ], [ 29.508944508998255, 40.789701837609414 ], [ 29.508944872634583, 40.789701332904571 ], [ 29.508945244955097, 40.789700834571555 ], [ 29.508945625848174, 40.789700342759772 ], [ 29.508946015199612, 40.789699857616682 ], [ 29.508946412892683, 40.789699379287732 ], [ 29.508946818808148, 40.789698907916332 ], [ 29.508947232824315, 40.789698443643807 ], [ 29.50894765481705, 40.789697986609355 ], [ 29.508948084659838, 40.789697536949994 ], [ 29.508948522223804, 40.789697094800545 ], [ 29.508948967377762, 40.789696660293565 ], [ 29.508949419988248, 40.789696233559326 ], [ 29.508949879919562, 40.789695814725775 ], [ 29.508950347033814, 40.789695403918472 ], [ 29.508950821190954, 40.78969500126059 ], [ 29.508951302248825, 40.789694606872857 ], [ 29.508976128335199, 40.789713394181469 ] ] ] ] } },
{ "type": "Feature", "properties": { "fid": 122, "lanelet_id": 116, "spd_limit": null, "reward": 0, "lanelet_type": "intersection", "pre_id": null, "next_id": null, "adjcnt_id": null, "center_b_id": "322" }, "geometry": { "type": "MultiPolygon", "coordinates": [ [ [ [ 29.508956943535431, 40.7897542911195 ], [ 29.508934700714306, 40.789775920225736 ], [ 29.508934700714306, 40.789775920225736 ], [ 29.508933784469157, 40.789775381925509 ], [ 29.508932877735052, 40.789774827754442 ], [ 29.50893198078688, 40.789774257880524 ], [ 29.508931093896546, 40.789773672476528 ], [ 29.508930217332917, 40.789773071719914 ], [ 29.508929351361729, 40.7897724557928 ], [ 29.508928496245503, 40.78977182488191 ], [ 29.508927652243472, 40.789771179178516 ], [ 29.508926819611496, 40.789770518878356 ], [ 29.508925998601995, 40.789769844181599 ], [ 29.508925189463863, 40.789769155292795 ], [ 29.508924392442388, 40.789768452420773 ], [ 29.508923607779192, 40.789767735778618 ], [ 29.508922835712152, 40.789767005583585 ], [ 29.508922076475319, 40.789766262057029 ], [ 29.508921330298865, 40.789765505424356 ], [ 29.508920597408991, 40.789764735914936 ], [ 29.508919878027879, 40.789763953762062 ], [ 29.508919172373609, 40.789763159202842 ], [ 29.508918480660103, 40.789762352478142 ], [ 29.508917803097063, 40.789761533832532 ], [ 29.508917139889892, 40.78976070351419 ], [ 29.508916491239638, 40.789759861774826 ], [ 29.508915857342952, 40.789759008869616 ], [ 29.508915238391996, 40.789758145057121 ], [ 29.50891463457441, 40.789757270599218 ], [ 29.508914046073244, 40.789756385760995 ], [ 29.508913473066904, 40.789755490810691 ], [ 29.508912915729098, 40.789754586019626 ], [ 29.508912374228785, 40.789753671662076 ], [ 29.508911848730129, 40.789752748015246 ], [ 29.50891133939243, 40.789751815359139 ], [ 29.5089108463701, 40.789750873976494 ], [ 29.5089103698126, 40.789749924152687 ], [ 29.508909909864396, 40.789748966175679 ], [ 29.508909466664932, 40.789748000335862 ], [ 29.508909040348559, 40.789747026926058 ], [ 29.50890863104452, 40.789746046241341 ], [ 29.508908238876895, 40.789745058579022 ], [ 29.508907863964573, 40.789744064238505 ], [ 29.50890750642121, 40.789743063521236 ], [ 29.508907166355193, 40.789742056730589 ], [ 29.508906843869621, 40.78974104417177 ], [ 29.508906539062252, 40.78974002615174 ], [ 29.508906252025493, 40.789739002979125 ], [ 29.508905982846358, 40.789737974964098 ], [ 29.50890573160645, 40.789736942418301 ], [ 29.508905498381935, 40.789735905654766 ], [ 29.508905283243514, 40.789734864987786 ], [ 29.508905086256409, 40.789733820732842 ], [ 29.508904907480336, 40.789732773206502 ], [ 29.508904746969492, 40.789731722726337 ], [ 29.508904604772535, 40.789730669610805 ], [ 29.508904480932578, 40.789729614179151 ], [ 29.508904375487159, 40.789728556751342 ], [ 29.508904288468244, 40.789727497647938 ], [ 29.508904219902217, 40.789726437190019 ], [ 29.50890416980986, 40.789725375699057 ], [ 29.508904138206358, 40.789724313496848 ], [ 29.508904125101296, 40.789723250905411 ], [ 29.508904130498646, 40.78972218824687 ], [ 29.50890415439677, 40.789721125843379 ], [ 29.508904196788425, 40.789720064016997 ], [ 29.508904257660756, 40.789719003089637 ], [ 29.508904336995315, 40.789717943382918 ], [ 29.508904434768045, 40.789716885218091 ], [ 29.50890455094931, 40.789715828915945 ], [ 29.508904685503889, 40.789714774796707 ], [ 29.50890483839099, 40.789713723179929 ], [ 29.508905009564266, 40.789712674384425 ], [ 29.508905198971824, 40.789711628728128 ], [ 29.508905406556242, 40.789710586528045 ], [ 29.508905632254596, 40.78970954810012 ], [ 29.508905875998458, 40.789708513759152 ], [ 29.508906137713939, 40.789707483818709 ], [ 29.5089064173217, 40.78970645859102 ], [ 29.508906714736977, 40.789705438386896 ], [ 29.508907029869604, 40.789704423515609 ], [ 29.508907362624047, 40.789703414284816 ], [ 29.508907712899436, 40.789702411000484 ], [ 29.508908080589578, 40.789701413966746 ], [ 29.508908465583005, 40.789700423485868 ], [ 29.508908867763012, 40.789699439858119 ], [ 29.508909287007668, 40.78969846338169 ], [ 29.50890972318988, 40.789697494352595 ], [ 29.508910176177423, 40.789696533064607 ], [ 29.508910645832966, 40.789695579809141 ], [ 29.508911132014131, 40.78969463487519 ], [ 29.508911634573533, 40.7896936985492 ], [ 29.508912153358814, 40.789692771115028 ], [ 29.508912688212707, 40.789691852853835 ], [ 29.508913238973069, 40.789690944043997 ], [ 29.508913805472933, 40.789690044961013 ], [ 29.50891438754056, 40.789689155877447 ], [ 29.508914984999496, 40.78968827706283 ], [ 29.508915597668619, 40.789687408783585 ], [ 29.508916225362192, 40.789686551302921 ], [ 29.508916867889933, 40.789685704880803 ], [ 29.508917525057058, 40.789684869773815 ], [ 29.508918196664336, 40.789684046235124 ], [ 29.508918882508169, 40.789683234514399 ], [ 29.508919582380646, 40.789682434857703 ], [ 29.50892029606959, 40.789681647507464 ], [ 29.508921023358649, 40.789680872702377 ], [ 29.508921764027342, 40.78968011067731 ], [ 29.508922517851126, 40.789679361663289 ], [ 29.508923284601483, 40.789678625887376 ], [ 29.508924064045967, 40.789677903572617 ], [ 29.508924855948287, 40.789677194938001 ], [ 29.508925660068371, 40.78967650019834 ], [ 29.508926476162451, 40.789675819564252 ], [ 29.508951302248825, 40.789694606872857 ], [ 29.508951302248825, 40.789694606872857 ], [ 29.508950821190954, 40.78969500126059 ], [ 29.508950347033814, 40.789695403918472 ], [ 29.508949879919562, 40.789695814725775 ], [ 29.508949419988248, 40.789696233559326 ], [ 29.508948967377762, 40.789696660293565 ], [ 29.508948522223804, 40.789697094800545 ], [ 29.508948084659838, 40.789697536949994 ], [ 29.50894765481705, 40.789697986609355 ], [ 29.508947232824315, 40.789698443643807 ], [ 29.508946818808148, 40.789698907916332 ], [ 29.508946412892683, 40.789699379287732 ], [ 29.508946015199612, 40.789699857616682 ], [ 29.508945625848174, 40.789700342759772 ], [ 29.508945244955097, 40.789700834571555 ], [ 29.508944872634583, 40.789701332904571 ], [ 29.508944508998255, 40.789701837609414 ], [ 29.508944154155138, 40.789702348534775 ], [ 29.508943808211619, 40.789702865527467 ], [ 29.508943471271415, 40.789703388432486 ], [ 29.508943143435545, 40.789703917093064 ], [ 29.5089428248023, 40.789704451350694 ], [ 29.508942515467208, 40.789704991045205 ], [ 29.508942215523017, 40.789705536014786 ], [ 29.508941925059649, 40.789706086096047 ], [ 29.508941644164192, 40.78970664112407 ], [ 29.508941372920862, 40.78970720093244 ], [ 29.508941111410977, 40.789707765353334 ], [ 29.508940859712947, 40.789708334217522 ], [ 29.508940617902233, 40.789708907354452 ], [ 29.508940386051332, 40.789709484592287 ], [ 29.508940164229756, 40.789710065757973 ], [ 29.508939952504011, 40.789710650677257 ], [ 29.508939750937575, 40.789711239174778 ], [ 29.508939559590878, 40.789711831074094 ], [ 29.508939378521294, 40.789712426197752 ], [ 29.508939207783104, 40.789713024367323 ], [ 29.5089390474275, 40.789713625403465 ], [ 29.50893889750256, 40.789714229125977 ], [ 29.50893875805323, 40.789714835353863 ], [ 29.508938629121324, 40.789715443905358 ], [ 29.508938510745494, 40.789716054598017 ], [ 29.508938402961231, 40.78971666724874 ], [ 29.50893830580085, 40.789717281673859 ], [ 29.50893821929348, 40.789717897689151 ], [ 29.508938143465063, 40.789718515109925 ], [ 29.508938078338325, 40.789719133751071 ], [ 29.508938023932796, 40.789719753427114 ], [ 29.50893798026479, 40.789720373952271 ], [ 29.508937947347395, 40.789720995140492 ], [ 29.50893792519048, 40.789721616805537 ], [ 29.508937913800693, 40.78972223876103 ], [ 29.508937913181441, 40.789722860820497 ], [ 29.508937923332919, 40.789723482797434 ], [ 29.508937944252075, 40.78972410450536 ], [ 29.508937975932643, 40.789724725757893 ], [ 29.508938018365122, 40.789725346368755 ], [ 29.508938071536789, 40.789725966151892 ], [ 29.508938135431706, 40.789726584921482 ], [ 29.508938210030713, 40.789727202492003 ], [ 29.508938295311445, 40.789727818678301 ], [ 29.508938391248336, 40.789728433295643 ], [ 29.508938497812622, 40.789729046159749 ], [ 29.508938614972351, 40.78972965708688 ], [ 29.508938742692401, 40.789730265893873 ], [ 29.508938880934476, 40.789730872398188 ], [ 29.508939029657128, 40.789731476418005 ], [ 29.508939188815773, 40.789732077772214 ], [ 29.508939358362692, 40.789732676280529 ], [ 29.508939538247052, 40.789733271763509 ], [ 29.508939728414916, 40.789733864042617 ], [ 29.508939928809276, 40.789734452940287 ], [ 29.508940139370051, 40.78973503827995 ], [ 29.508940360034106, 40.789735619886123 ], [ 29.508940590735289, 40.789736197584418 ], [ 29.508940831404431, 40.789736771201653 ], [ 29.508941081969375, 40.789737340565829 ], [ 29.508941342354998, 40.789737905506257 ], [ 29.508941612483234, 40.78973846585356 ], [ 29.508941892273093, 40.789739021439736 ], [ 29.508942181640695, 40.789739572098206 ], [ 29.508942480499279, 40.789740117663882 ], [ 29.508942788759242, 40.789740657973198 ], [ 29.508943106328168, 40.789741192864156 ], [ 29.508943433110847, 40.789741722176394 ], [ 29.508943769009299, 40.789742245751214 ], [ 29.508944113922819, 40.78974276343164 ], [ 29.508944467747998, 40.78974327506247 ], [ 29.508944830378759, 40.789743780490305 ], [ 29.508945201706371, 40.789744279563607 ], [ 29.508945581619514, 40.789744772132757 ], [ 29.50894597000428, 40.789745258050068 ], [ 29.508946366744226, 40.789745737169866 ], [ 29.508946771720407, 40.789746209348493 ], [ 29.508947184811401, 40.789746674444388 ], [ 29.508947605893361, 40.789747132318105 ], [ 29.508948034840042, 40.789747582832376 ], [ 29.508948471522839, 40.789748025852127 ], [ 29.508948915810826, 40.789748461244528 ], [ 29.508949367570803, 40.789748888879053 ], [ 29.508949826667322, 40.789749308627485 ], [ 29.508950292962748, 40.789749720363979 ], [ 29.50895076631727, 40.789750123965085 ], [ 29.508951246588975, 40.789750519309813 ], [ 29.508951733633868, 40.789750906279622 ], [ 29.508952227305929, 40.789751284758495 ], [ 29.508952727457149, 40.789751654632958 ], [ 29.508953233937575, 40.789752015792118 ], [ 29.508953746595356, 40.789752368127701 ], [ 29.508954265276792, 40.789752711534064 ], [ 29.508954789826372, 40.789753045908249 ], [ 29.508955320086834, 40.789753371150013 ], [ 29.508955855899199, 40.789753687161841 ], [ 29.508956397102814, 40.789753993848983 ], [ 29.508956943535431, 40.7897542911195 ] ] ] ] } },
{ "type": "Feature", "properties": { "fid": 123, "lanelet_id": 117, "spd_limit": null, "reward": 0, "lanelet_type": "intersection", "pre_id": null, "next_id": null, "adjcnt_id": null, "center_b_id": "194" }, "geometry": { "type": "MultiPolygon", "coordinates": [ [ [ [ 29.508896437425896, 40.789679105375406 ], [ 29.508873881729372, 40.789700461300839 ], [ 29.508873881729372, 40.789700461300839 ], [ 29.50887460456072, 40.789701075310283 ], [ 29.508875337921104, 40.789701676704745 ], [ 29.508876081590394, 40.789702265303703 ], [ 29.508876835345362, 40.789702840930495 ], [ 29.508877598959756, 40.789703403412318 ], [ 29.508878372204368, 40.789703952580346 ], [ 29.50887915484709, 40.789704488269734 ], [ 29.508879946653003, 40.789705010319686 ], [ 29.508880747384428, 40.789705518573498 ], [ 29.508881556801015, 40.789706012878604 ], [ 29.508882374659802, 40.789706493086641 ], [ 29.508883200715296, 40.789706959053454 ], [ 29.508884034719543, 40.789707410639181 ], [ 29.508884876422197, 40.789707847708272 ], [ 29.508885725570611, 40.789708270129537 ], [ 29.508886581909898, 40.789708677776169 ], [ 29.508887445183014, 40.789709070525809 ], [ 29.508888315130829, 40.789709448260574 ], [ 29.508889191492216, 40.789709810867066 ], [ 29.508890074004118, 40.78971015823646 ], [ 29.508890962401637, 40.789710490264476 ], [ 29.508891856418099, 40.789710806851446 ], [ 29.508892755785158, 40.789711107902349 ], [ 29.508893660232847, 40.789711393326826 ], [ 29.508894569489684, 40.789711663039185 ], [ 29.508895483282739, 40.789711916958474 ], [ 29.508896401337719, 40.78971215500848 ], [ 29.508897323379053, 40.789712377117745 ], [ 29.508898249129981, 40.789712583219597 ], [ 29.508899178312618, 40.78971277325217 ], [ 29.508900110648053, 40.789712947158428 ], [ 29.508901045856433, 40.789713104886168 ], [ 29.508901983657037, 40.78971324638804 ], [ 29.508902923768364, 40.789713371621581 ], [ 29.508903865908231, 40.789713480549182 ], [ 29.508904809793837, 40.789713573138165 ], [ 29.508905755141853, 40.789713649360728 ], [ 29.508906701668518, 40.789713709193997 ], [ 29.508907649089721, 40.789713752620003 ], [ 29.508908597121071, 40.789713779625721 ], [ 29.508909545478005, 40.789713790203038 ], [ 29.508910493875852, 40.789713784348784 ], [ 29.508911442029941, 40.789713762064714 ], [ 29.508912389655659, 40.789713723357515 ], [ 29.508913336468567, 40.789713668238811 ], [ 29.508914282184456, 40.789713596725136 ], [ 29.508915226519459, 40.78971350883797 ], [ 29.508916169190115, 40.789713404603681 ], [ 29.508917109913465, 40.789713284053569 ], [ 29.508918048407136, 40.789713147223807 ], [ 29.508918984389421, 40.789712994155479 ], [ 29.508919917579369, 40.789712824894522 ], [ 29.508920847696867, 40.789712639491739 ], [ 29.508921774462728, 40.789712438002795 ], [ 29.508922697598759, 40.789712220488163 ], [ 29.508923616827872, 40.789711987013135 ], [ 29.508924531874143, 40.789711737647792 ], [ 29.508925442462903, 40.789711472466983 ], [ 29.508926348320827, 40.789711191550317 ], [ 29.508927249176001, 40.7897108949821 ], [ 29.50892814475802, 40.789710582851363 ], [ 29.508929034798062, 40.789710255251791 ], [ 29.508929919028962, 40.789709912281722 ], [ 29.508930797185304, 40.789709554044109 ], [ 29.508931669003495, 40.789709180646476 ], [ 29.508932534221845, 40.789708792200912 ], [ 29.508933392580644, 40.789708388824003 ], [ 29.508934243822235, 40.789707970636847 ], [ 29.508935087691111, 40.789707537764954 ], [ 29.508935923933965, 40.789707090338268 ], [ 29.508936752299785, 40.789706628491089 ], [ 29.508937572539924, 40.789706152362044 ], [ 29.508938384408172, 40.789705662094057 ], [ 29.508939187660836, 40.789705157834291 ], [ 29.508939982056798, 40.789704639734104 ], [ 29.508940767357615, 40.789704107949014 ], [ 29.508941543327559, 40.78970356263865 ], [ 29.508942309733712, 40.789703003966686 ], [ 29.508943066346028, 40.789702432100825 ], [ 29.508943812937385, 40.789701847212726 ], [ 29.508944549283694, 40.789701249477943 ], [ 29.508945275163921, 40.78970063907591 ], [ 29.508945990360179, 40.789700016189833 ], [ 29.508946694657794, 40.789699381006692 ], [ 29.508947387845357, 40.789698733717152 ], [ 29.508948069714798, 40.789698074515492 ], [ 29.508948740061438, 40.789697403599604 ], [ 29.508949398684059, 40.789696721170863 ], [ 29.508950045384974, 40.789696027434104 ], [ 29.508950679970056, 40.789695322597581 ], [ 29.508951302248825, 40.789694606872857 ], [ 29.508926476162451, 40.789675819564252 ], [ 29.508926476162451, 40.789675819564252 ], [ 29.508910361333783, 40.789679104768858 ], [ 29.508910361333783, 40.789679104768858 ], [ 29.508896437425896, 40.789679105375406 ] ] ] ] } },
{ "type": "Feature", "properties": { "fid": 124, "lanelet_id": 118, "spd_limit": null, "reward": 0, "lanelet_type": "intersection", "pre_id": null, "next_id": null, "adjcnt_id": null, "center_b_id": "196" }, "geometry": { "type": "MultiPolygon", "coordinates": [ [ [ [ 29.508852503823299, 40.789720702084246 ], [ 29.508873881729372, 40.789700461300839 ], [ 29.508873881729372, 40.789700461300839 ], [ 29.50887460456072, 40.789701075310283 ], [ 29.508875337921104, 40.789701676704745 ], [ 29.508876081590394, 40.789702265303703 ], [ 29.508876835345362, 40.789702840930495 ], [ 29.508877598959756, 40.789703403412318 ], [ 29.508878372204368, 40.789703952580346 ], [ 29.50887915484709, 40.789704488269734 ], [ 29.508879946653003, 40.789705010319686 ], [ 29.508880747384428, 40.789705518573498 ], [ 29.508881556801015, 40.789706012878604 ], [ 29.508882374659802, 40.789706493086641 ], [ 29.508883200715296, 40.789706959053454 ], [ 29.508884034719543, 40.789707410639181 ], [ 29.508884876422197, 40.789707847708272 ], [ 29.508885725570611, 40.789708270129537 ], [ 29.508886581909898, 40.789708677776169 ], [ 29.508887445183014, 40.789709070525809 ], [ 29.508888315130829, 40.789709448260574 ], [ 29.508889191492216, 40.789709810867066 ], [ 29.508890074004118, 40.78971015823646 ], [ 29.508890962401637, 40.789710490264476 ], [ 29.508891856418099, 40.789710806851446 ], [ 29.508892755785158, 40.789711107902349 ], [ 29.508893660232847, 40.789711393326826 ], [ 29.508894569489684, 40.789711663039185 ], [ 29.508895483282739, 40.789711916958474 ], [ 29.508896401337719, 40.78971215500848 ], [ 29.508897323379053, 40.789712377117745 ], [ 29.508898249129981, 40.789712583219597 ], [ 29.508899178312618, 40.78971277325217 ], [ 29.508900110648053, 40.789712947158428 ], [ 29.508901045856433, 40.789713104886168 ], [ 29.508901983657037, 40.78971324638804 ], [ 29.508902923768364, 40.789713371621581 ], [ 29.508903865908231, 40.789713480549182 ], [ 29.508904809793837, 40.789713573138165 ], [ 29.508905755141853, 40.789713649360728 ], [ 29.508906701668518, 40.789713709193997 ], [ 29.508907649089721, 40.789713752620003 ], [ 29.508908597121071, 40.789713779625721 ], [ 29.508909545478005, 40.789713790203038 ], [ 29.508910493875852, 40.789713784348784 ], [ 29.508911442029941, 40.789713762064714 ], [ 29.508912389655659, 40.789713723357515 ], [ 29.508913336468567, 40.789713668238811 ], [ 29.508914282184456, 40.789713596725136 ], [ 29.508915226519459, 40.78971350883797 ], [ 29.508916169190115, 40.789713404603681 ], [ 29.508917109913465, 40.789713284053569 ], [ 29.508918048407136, 40.789713147223807 ], [ 29.508918984389421, 40.789712994155479 ], [ 29.508919917579369, 40.789712824894522 ], [ 29.508920847696867, 40.789712639491739 ], [ 29.508921774462728, 40.789712438002795 ], [ 29.508922697598759, 40.789712220488163 ], [ 29.508923616827872, 40.789711987013135 ], [ 29.508924531874143, 40.789711737647792 ], [ 29.508925442462903, 40.789711472466983 ], [ 29.508926348320827, 40.789711191550317 ], [ 29.508927249176001, 40.7897108949821 ], [ 29.50892814475802, 40.789710582851363 ], [ 29.508929034798062, 40.789710255251791 ], [ 29.508929919028962, 40.789709912281722 ], [ 29.508930797185304, 40.789709554044109 ], [ 29.508931669003495, 40.789709180646476 ], [ 29.508932534221845, 40.789708792200912 ], [ 29.508933392580644, 40.789708388824003 ], [ 29.508934243822235, 40.789707970636847 ], [ 29.508935087691111, 40.789707537764954 ], [ 29.508935923933965, 40.789707090338268 ], [ 29.508936752299785, 40.789706628491089 ], [ 29.508937572539924, 40.789706152362044 ], [ 29.508938384408172, 40.789705662094057 ], [ 29.508939187660836, 40.789705157834291 ], [ 29.508939982056798, 40.789704639734104 ], [ 29.508940767357615, 40.789704107949014 ], [ 29.508941543327559, 40.78970356263865 ], [ 29.508942309733712, 40.789703003966686 ], [ 29.508943066346028, 40.789702432100825 ], [ 29.508943812937385, 40.789701847212726 ], [ 29.508944549283694, 40.789701249477943 ], [ 29.508945275163921, 40.78970063907591 ], [ 29.508945990360179, 40.789700016189833 ], [ 29.508946694657794, 40.789699381006692 ], [ 29.508947387845357, 40.789698733717152 ], [ 29.508948069714798, 40.789698074515492 ], [ 29.508948740061438, 40.789697403599604 ], [ 29.508949398684059, 40.789696721170863 ], [ 29.508950045384974, 40.789696027434104 ], [ 29.508950679970056, 40.789695322597581 ], [ 29.508951302248825, 40.789694606872857 ], [ 29.508976128335199, 40.789713394181469 ], [ 29.508976128335199, 40.789713394181469 ], [ 29.508975242365384, 40.78971452180582 ], [ 29.508974336899382, 40.789715633835726 ], [ 29.508973412211624, 40.789716729934149 ], [ 29.508972468582375, 40.789717809768867 ], [ 29.508971506297627, 40.789718873012617 ], [ 29.50897052564904, 40.789719919343128 ], [ 29.508969526933836, 40.789720948443282 ], [ 29.508968510454704, 40.789721960001174 ], [ 29.508967476519725, 40.789722953710218 ], [ 29.508966425442274, 40.789723929269229 ], [ 29.508965357540912, 40.78972488638253 ], [ 29.508964273139306, 40.78972582476004 ], [ 29.508963172566123, 40.789726744117345 ], [ 29.508962056154925, 40.789727644175805 ], [ 29.508960924244086, 40.789728524662628 ], [ 29.508959777176667, 40.789729385310949 ], [ 29.50895861530033, 40.78973022585992 ], [ 29.508957438967219, 40.789731046054776 ], [ 29.508956248533863, 40.789731845646934 ], [ 29.50895504436107, 40.789732624394055 ], [ 29.508953826813801, 40.789733382060099 ], [ 29.508952596261079, 40.789734118415446 ], [ 29.508951353075862, 40.789734833236899 ], [ 29.508950097634948, 40.789735526307823 ], [ 29.508948830318836, 40.789736197418144 ], [ 29.508947551511636, 40.78973684636447 ], [ 29.508946261600929, 40.789737472950115 ], [ 29.508944960977672, 40.789738076985159 ], [ 29.508943650036063, 40.789738658286538 ], [ 29.508942329173429, 40.789739216678065 ], [ 29.508940998790106, 40.789739751990496 ], [ 29.508939659289307, 40.789740264061592 ], [ 29.508938311077021, 40.789740752736158 ], [ 29.508936954561868, 40.789741217866066 ], [ 29.508935590154991, 40.789741659310359 ], [ 29.508934218269914, 40.789742076935227 ], [ 29.508932839322441, 40.789742470614108 ], [ 29.508931453730508, 40.789742840227674 ], [ 29.508930061914068, 40.789743185663909 ], [ 29.50892866429496, 40.789743506818112 ], [ 29.50892726129678, 40.789743803592941 ], [ 29.508925853344756, 40.789744075898454 ], [ 29.50892444086562, 40.789744323652123 ], [ 29.508923024287469, 40.789744546778849 ], [ 29.508921604039649, 40.78974474521101 ], [ 29.508920180552614, 40.789744918888466 ], [ 29.508918754257806, 40.789745067758574 ], [ 29.508917325587507, 40.789745191776213 ], [ 29.508915894974734, 40.789745290903802 ], [ 29.508914462853074, 40.789745365111287 ], [ 29.50891302965659, 40.789745414376185 ], [ 29.508911595819661, 40.789745438683561 ], [ 29.508910161776857, 40.789745438026053 ], [ 29.508908727962819, 40.789745412403853 ], [ 29.508907294812111, 40.789745361824728 ], [ 29.508905862759107, 40.789745286304004 ], [ 29.508904432237831, 40.789745185864582 ], [ 29.508903003681858, 40.789745060536902 ], [ 29.508901577524163, 40.789744910358934 ], [ 29.508900154196994, 40.78974473537621 ], [ 29.508898734131733, 40.789744535641759 ], [ 29.508897317758784, 40.789744311216118 ], [ 29.508895905507433, 40.789744062167308 ], [ 29.508894497805706, 40.78974378857081 ], [ 29.508893095080261, 40.789743490509544 ], [ 29.508891697756241, 40.789743168073855 ], [ 29.50889030625715, 40.789742821361465 ], [ 29.50888892100474, 40.789742450477462 ], [ 29.508887542418851, 40.789742055534248 ], [ 29.508886170917318, 40.789741636651527 ], [ 29.508884806915816, 40.789741193956253 ], [ 29.50888345082776, 40.789740727582611 ], [ 29.50888210306416, 40.789740237671936 ], [ 29.508880764033496, 40.78973972437273 ], [ 29.508879434141615, 40.789739187840553 ], [ 29.508878113791585, 40.78973862823802 ], [ 29.508876803383583, 40.789738045734751 ], [ 29.508875503314776, 40.789737440507281 ], [ 29.508874213979194, 40.789736812739051 ], [ 29.508872935767616, 40.789736162620329 ], [ 29.50887166906745, 40.78973549034815 ], [ 29.50887041426261, 40.789734796126275 ], [ 29.508869171733412, 40.789734080165111 ], [ 29.508867941856447, 40.789733342681657 ], [ 29.508866725004474, 40.789732583899436 ], [ 29.508865521546298, 40.789731804048415 ], [ 29.508864331846674, 40.789731003364956 ], [ 29.50886315626618, 40.789730182091738 ], [ 29.508861995161119, 40.789729340477678 ], [ 29.508860848883401, 40.789728478777853 ], [ 29.508859717780446, 40.789727597253439 ], [ 29.508858602195076, 40.789726696171599 ], [ 29.508857502465411, 40.789725775805451 ], [ 29.508856418924754, 40.789724836433933 ], [ 29.50885535190152, 40.789723878341761 ], [ 29.508854301719101, 40.789722901819317 ], [ 29.508853268695795, 40.789721907162573 ], [ 29.508852253144692, 40.789720894672989 ], [ 29.508851255373596, 40.789719864657442 ], [ 29.508852503823299, 40.789720702084246 ] ] ] ] } },
{ "type": "Feature", "properties": { "fid": 125, "lanelet_id": 119, "spd_limit": null, "reward": 0, "lanelet_type": "intersection", "pre_id": null, "next_id": null, "adjcnt_id": null, "center_b_id": "315" }, "geometry": { "type": "MultiPolygon", "coordinates": [ [ [ [ 29.508902768368252, 40.789780044395343 ], [ 29.508903057255157, 40.789779729130956 ], [ 29.508903351552167, 40.78977941891079 ], [ 29.508903651171213, 40.789779113827677 ], [ 29.508903956022642, 40.789778813972902 ], [ 29.508904266015236, 40.789778519436197 ], [ 29.508904581056235, 40.789778230305693 ], [ 29.508904901051366, 40.789777946667904 ], [ 29.508905225904883, 40.789777668607712 ], [ 29.508905555519572, 40.789777396208308 ], [ 29.508905889796807, 40.789777129551204 ], [ 29.508906228636565, 40.789776868716203 ], [ 29.508906571937452, 40.789776613781349 ], [ 29.50890691959674, 40.78977636482292 ], [ 29.508907271510402, 40.789776121915423 ], [ 29.508907627573134, 40.789775885131533 ], [ 29.508907987678388, 40.789775654542105 ], [ 29.508908351718418, 40.789775430216146 ], [ 29.508908719584284, 40.789775212220768 ], [ 29.508909091165911, 40.789775000621212 ], [ 29.508909466352115, 40.789774795480795 ], [ 29.508909845030626, 40.789774596860894 ], [ 29.508910227088133, 40.789774404820946 ], [ 29.508910612410311, 40.789774219418419 ], [ 29.508911000881863, 40.789774040708785 ], [ 29.508911392386544, 40.78977386874552 ], [ 29.508911786807204, 40.789773703580082 ], [ 29.508912184025821, 40.789773545261895 ], [ 29.508912583923539, 40.789773393838331 ], [ 29.50891298638069, 40.789773249354703 ], [ 29.508913391276852, 40.789773111854238 ], [ 29.508913798490866, 40.789772981378086 ], [ 29.508914207900883, 40.789772857965289 ], [ 29.508914619384392, 40.789772741652776 ], [ 29.508915032818265, 40.789772632475348 ], [ 29.508915448078792, 40.789772530465676 ], [ 29.508915865041715, 40.789772435654285 ], [ 29.508916283582266, 40.78977234806954 ], [ 29.508916703575206, 40.789772267737661 ], [ 29.508917124894857, 40.789772194682676 ], [ 29.508917547415148, 40.789772128926451 ], [ 29.508917971009652, 40.789772070488652 ], [ 29.508918395551614, 40.789772019386781 ], [ 29.508918820913998, 40.789771975636114 ], [ 29.508919246969526, 40.789771939249754 ], [ 29.508919673590707, 40.789771910238585 ], [ 29.508920100649881, 40.789771888611277 ], [ 29.508920528019264, 40.789771874374324 ], [ 29.508920955570968, 40.789771867531968 ], [ 29.508921383177064, 40.789771868086262 ], [ 29.508921810709591, 40.789771876037037 ], [ 29.508922238040629, 40.789771891381925 ], [ 29.508922665042299, 40.789771914116322 ], [ 29.50892309158683, 40.789771944233429 ], [ 29.508923517546592, 40.789771981724236 ], [ 29.508923942794123, 40.789772026577523 ], [ 29.508924367202173, 40.789772078779869 ], [ 29.508924790643754, 40.789772138315655 ], [ 29.50892521299215, 40.789772205167068 ], [ 29.508925634120985, 40.789772279314093 ], [ 29.508926053904247, 40.789772360734553 ], [ 29.508926472216324, 40.789772449404083 ], [ 29.508926888932045, 40.789772545296152 ], [ 29.508927303926711, 40.789772648382062 ], [ 29.508927717076151, 40.789772758630967 ], [ 29.508928128256731, 40.789772876009877 ], [ 29.508928537345419, 40.789773000483677 ], [ 29.508928944219797, 40.789773132015107 ], [ 29.508929348758123, 40.789773270564822 ], [ 29.508929750839343, 40.789773416091357 ], [ 29.508930150343144, 40.789773568551162 ], [ 29.50893054714998, 40.78977372789862 ], [ 29.508930941141116, 40.789773894086061 ], [ 29.50893133219866, 40.789774067063739 ], [ 29.508931720205592, 40.789774246779899 ], [ 29.508932105045812, 40.789774433180767 ], [ 29.508932486604163, 40.789774626210573 ], [ 29.508932864766468, 40.789774825811541 ], [ 29.508933239419576, 40.789775031923959 ], [ 29.508933610451376, 40.789775244486144 ], [ 29.508933977750843, 40.789775463434495 ], [ 29.508934341208075, 40.789775688703493 ], [ 29.508934700714306, 40.789775920225736 ], [ 29.508956943535431, 40.7897542911195 ], [ 29.508956943535431, 40.7897542911195 ], [ 29.508955845744531, 40.789753685992707 ], [ 29.508954737603553, 40.789753100034631 ], [ 29.508953619447176, 40.789752533422231 ], [ 29.508952491613094, 40.789751986326642 ], [ 29.508951354441933, 40.789751458913095 ], [ 29.508950208277142, 40.789750951340871 ], [ 29.508949053464871, 40.789750463763276 ], [ 29.508947890353895, 40.789749996327551 ], [ 29.508946719295491, 40.789749549174878 ], [ 29.508945540643335, 40.789749122440305 ], [ 29.508944354753403, 40.78974871625271 ], [ 29.508943161983851, 40.789748330734767 ], [ 29.508941962694905, 40.789747966002906 ], [ 29.50894075724878, 40.78974762216729 ], [ 29.508939546009533, 40.789747299331751 ], [ 29.508938329342978, 40.789746997593802 ], [ 29.508937107616571, 40.789746717044565 ], [ 29.508935881199285, 40.789746457768771 ], [ 29.508934650461519, 40.789746219844723 ], [ 29.50893341577498, 40.789746003344284 ], [ 29.508932177512555, 40.789745808332839 ], [ 29.50893093604822, 40.789745634869284 ], [ 29.508929691756919, 40.789745483006001 ], [ 29.508928445014448, 40.789745352788863 ], [ 29.508927196197337, 40.789745244257197 ], [ 29.508925945682755, 40.789745157443782 ], [ 29.508924693848368, 40.789745092374829 ], [ 29.508923441072255, 40.78974504907 ], [ 29.508922187732775, 40.789745027542367 ], [ 29.508920934208451, 40.789745027798432 ], [ 29.508919680877867, 40.789745049838118 ], [ 29.508918428119554, 40.789745093654773 ], [ 29.508917176311858, 40.78974515923516 ], [ 29.508915925832845, 40.78974524655947 ], [ 29.508914677060179, 40.78974535560134 ], [ 29.508913430371013, 40.789745486327824 ], [ 29.50891218614186, 40.789745638699451 ], [ 29.5089109447485, 40.789745812670198 ], [ 29.508909706565852, 40.789746008187528 ], [ 29.508908471967864, 40.789746225192381 ], [ 29.508907241327407, 40.789746463619231 ], [ 29.508906015016152, 40.789746723396057 ], [ 29.508904793404461, 40.789747004444415 ], [ 29.508903576861286, 40.789747306679416 ], [ 29.508902365754036, 40.789747630009778 ], [ 29.508901160448488, 40.789747974337864 ], [ 29.508899961308657, 40.789748339559665 ], [ 29.508898768696707, 40.789748725564884 ], [ 29.508897582972821, 40.789749132236949 ], [ 29.508896404495111, 40.789749559453028 ], [ 29.508895233619491, 40.789750007084102 ], [ 29.508894070699586, 40.789750474994982 ], [ 29.508892916086612, 40.789750963044341 ], [ 29.508891770129285, 40.789751471084791 ], [ 29.508890633173696, 40.789751998962885 ], [ 29.508889505563229, 40.78975254651921 ], [ 29.508888387638432, 40.78975311358839 ], [ 29.508887279736943, 40.789753699999153 ], [ 29.508886182193365, 40.789754305574405 ], [ 29.508885095339167, 40.789754930131245 ], [ 29.508884019502599, 40.789755573481052 ], [ 29.50888295500858, 40.789756235429529 ], [ 29.508881902178604, 40.789756915776749 ], [ 29.508880861330642, 40.789757614317232 ], [ 29.508879832779044, 40.789758330840023 ], [ 29.50887881683445, 40.789759065128713 ], [ 29.508877813803693, 40.789759816961535 ], [ 29.508876823989699, 40.789760586111427 ], [ 29.508902768368252, 40.789780044395343 ] ] ] ] } },
{ "type": "Feature", "properties": { "fid": 126, "lanelet_id": 120, "spd_limit": null, "reward": 0, "lanelet_type": "intersection", "pre_id": null, "next_id": null, "adjcnt_id": null, "center_b_id": "317" }, "geometry": { "type": "MultiPolygon", "coordinates": [ [ [ [ 29.508956943535431, 40.7897542911195 ], [ 29.508979186356555, 40.789732662013265 ], [ 29.508979186356555, 40.789732662013265 ], [ 29.508977768052276, 40.789731645442494 ], [ 29.508976332263568, 40.789730653719772 ], [ 29.508974879425711, 40.789729687145766 ], [ 29.508973409979149, 40.789728746013481 ], [ 29.508971924369366, 40.789727830608257 ], [ 29.50897042304674, 40.78972694120759 ], [ 29.508968906466418, 40.789726078081131 ], [ 29.508967375088169, 40.789725241490537 ], [ 29.508965829376248, 40.789724431689436 ], [ 29.508964269799261, 40.789723648923321 ], [ 29.508962696830011, 40.789722893429513 ], [ 29.508961110945364, 40.789722165437034 ], [ 29.508959512626102, 40.789721465166586 ], [ 29.508957902356773, 40.789720792830472 ], [ 29.508956280625551, 40.789720148632519 ], [ 29.508954647924085, 40.789719532768018 ], [ 29.508953004747347, 40.789718945423672 ], [ 29.508951351593488, 40.789718386777558 ], [ 29.508949688963686, 40.789717856999019 ], [ 29.50894801736198, 40.789717356248673 ], [ 29.508946337295146, 40.789716884678334 ], [ 29.508944649272511, 40.789716442430951 ], [ 29.508942953805821, 40.789716029640608 ], [ 29.50894125140908, 40.789715646432441 ], [ 29.508939542598391, 40.789715292922629 ], [ 29.508937827891799, 40.789714969218338 ], [ 29.508936107809138, 40.789714675417706 ], [ 29.508934382871878, 40.789714411609808 ], [ 29.508932653602951, 40.789714177874608 ], [ 29.508930920526609, 40.789713974282975 ], [ 29.508929184168256, 40.789713800896628 ], [ 29.508927445054287, 40.789713657768125 ], [ 29.508925703711938, 40.789713544940874 ], [ 29.508923960669119, 40.789713462449058 ], [ 29.508922216454259, 40.789713410317702 ], [ 29.508920471596131, 40.78971338856261 ], [ 29.508918726623719, 40.789713397190368 ], [ 29.508916982066026, 40.789713436198362 ], [ 29.508915238451941, 40.789713505574774 ], [ 29.508913496310061, 40.789713605298559 ], [ 29.508911756168541, 40.789713735339497 ], [ 29.508910018554921, 40.78971389565816 ], [ 29.508908283995986, 40.789714086205947 ], [ 29.508906553017585, 40.789714306925084 ], [ 29.508904826144487, 40.789714557748667 ], [ 29.508903103900217, 40.789714838600645 ], [ 29.50890138680689, 40.789715149395889 ], [ 29.508899675385074, 40.789715490040159 ], [ 29.508897970153598, 40.789715860430199 ], [ 29.508896271629432, 40.789716260453716 ], [ 29.5088945803275, 40.78971668998944 ], [ 29.508892896760539, 40.789717148907144 ], [ 29.508891221438951, 40.78971763706771 ], [ 29.508889554870628, 40.78971815432314 ], [ 29.508887897560808, 40.789718700516623 ], [ 29.508886250011926, 40.789719275482582 ], [ 29.50888461272346, 40.789719879046693 ], [ 29.508882986191772, 40.78972051102599 ], [ 29.508881370909968, 40.789721171228877 ], [ 29.508879767367738, 40.789721859455206 ], [ 29.508878176051216, 40.789722575496334 ], [ 29.508876597442832, 40.789723319135184 ], [ 29.508875032021162, 40.789724090146308 ], [ 29.508873480260778, 40.789724888295964 ], [ 29.508871942632119, 40.789725713342186 ], [ 29.508870419601337, 40.789726565034854 ], [ 29.508868911630156, 40.789727443115765 ], [ 29.50886741917574, 40.789728347318707 ], [ 29.508865942690537, 40.789729277369581 ], [ 29.508864482622172, 40.789730232986408 ], [ 29.508863039413278, 40.789731213879499 ], [ 29.508861613501381, 40.789732219751471 ], [ 29.508860205318765, 40.789733250297388 ], [ 29.508858815292342, 40.789734305204824 ], [ 29.50885744384351, 40.789735384153971 ], [ 29.508856091388044, 40.789736486817738 ], [ 29.508854758335957, 40.789737612861828 ], [ 29.508853445091383, 40.789738761944875 ], [ 29.508852152052444, 40.789739933718522 ], [ 29.508850879611146, 40.789741127827519 ], [ 29.508876823989699, 40.789760586111427 ], [ 29.508876823989699, 40.789760586111427 ], [ 29.508877797381313, 40.789759823985122 ], [ 29.508878783759993, 40.789759078743657 ], [ 29.508879782832885, 40.789758350608302 ], [ 29.508880794303362, 40.789757639795234 ], [ 29.508881817871117, 40.789756946515503 ], [ 29.508882853232251, 40.789756270974927 ], [ 29.508883900079365, 40.789755613374091 ], [ 29.50888495810165, 40.789754973908238 ], [ 29.508886026984975, 40.789754352767211 ], [ 29.508887106411994, 40.789753750135439 ], [ 29.50888819606222, 40.789753166191836 ], [ 29.508889295612132, 40.78975260110979 ], [ 29.508890404735279, 40.789752055057058 ], [ 29.50889152310236, 40.789751528195772 ], [ 29.508892650381327, 40.789751020682353 ], [ 29.508893786237493, 40.78975053266749 ], [ 29.508894930333621, 40.789750064296065 ], [ 29.508896082330029, 40.789749615707144 ], [ 29.508897241884686, 40.789749187033912 ], [ 29.508898408653319, 40.789748778403649 ], [ 29.508899582289516, 40.789748389937664 ], [ 29.508900762444821, 40.789748021751301 ], [ 29.508901948768845, 40.789747673953876 ], [ 29.508903140909368, 40.789747346648646 ], [ 29.508904338512441, 40.789747039932791 ], [ 29.5089055412225, 40.789746753897383 ], [ 29.508906748682453, 40.78974648862733 ], [ 29.508907960533808, 40.789746244201396 ], [ 29.508909176416761, 40.789746020692164 ], [ 29.508910395970322, 40.789745818165976 ], [ 29.508911618832396, 40.789745636682973 ], [ 29.508912844639923, 40.789745476297036 ], [ 29.508914073028954, 40.789745337055784 ], [ 29.508915303634783, 40.789745219000551 ], [ 29.508916536092038, 40.789745122166394 ], [ 29.508917770034802, 40.78974504658207 ], [ 29.508919005096722, 40.789744992270002 ], [ 29.508920240911099, 40.789744959246335 ], [ 29.508921477111024, 40.789744947520859 ], [ 29.508922713329465, 40.789744957097064 ], [ 29.508923949199392, 40.789744987972099 ], [ 29.508925184353867, 40.789745040136808 ], [ 29.508926418426181, 40.789745113575691 ], [ 29.508927651049927, 40.78974520826695 ], [ 29.508928881859145, 40.789745324182476 ], [ 29.508930110488407, 40.789745461287843 ], [ 29.508931336572925, 40.789745619542352 ], [ 29.508932559748679, 40.78974579889902 ], [ 29.508933779652509, 40.789745999304586 ], [ 29.508934995922218, 40.789746220699556 ], [ 29.508936208196697, 40.78974646301819 ], [ 29.508937416116026, 40.789746726188554 ], [ 29.508938619321565, 40.789747010132508 ], [ 29.508939817456085, 40.789747314765748 ], [ 29.508941010163859, 40.789747639997834 ], [ 29.508942197090771, 40.789747985732191 ], [ 29.508943377884417, 40.78974835186618 ], [ 29.508944552194226, 40.789748738291095 ], [ 29.508945719671541, 40.789749144892205 ], [ 29.508946879969734, 40.789749571548789 ], [ 29.508948032744314, 40.789750018134178 ], [ 29.508949177653022, 40.789750484515771 ], [ 29.508950314355936, 40.789750970555097 ], [ 29.50895144251556, 40.789751476107867 ], [ 29.508952561796949, 40.789752001023963 ], [ 29.508953671867786, 40.78975254514755 ], [ 29.508954772398489, 40.789753108317072 ], [ 29.508955863062312, 40.78975369036533 ], [ 29.508956943535431, 40.7897542911195 ] ] ] ] } },
{ "type": "Feature", "properties": { "fid": 127, "lanelet_id": 121, "spd_limit": null, "reward": 0, "lanelet_type": "intersection", "pre_id": null, "next_id": null, "adjcnt_id": null, "center_b_id": "438" }, "geometry": { "type": "MultiPolygon", "coordinates": [ [ [ [ 29.50865048435211, 40.789898663485204 ], [ 29.508736867870709, 40.789954332863864 ], [ 29.508757983841921, 40.789935136526395 ], [ 29.508673519957071, 40.789877547513996 ], [ 29.50865048435211, 40.789898663485204 ] ] ] ] } },
{ "type": "Feature", "properties": { "fid": 128, "lanelet_id": 122, "spd_limit": null, "reward": 0, "lanelet_type": "intersection", "pre_id": null, "next_id": null, "adjcnt_id": null, "center_b_id": "439" }, "geometry": { "type": "MultiPolygon", "coordinates": [ [ [ [ 29.508757983841921, 40.789935136526395 ], [ 29.508779099813133, 40.789915940188934 ], [ 29.508696555562029, 40.789856431542781 ], [ 29.508673519957071, 40.789877547513996 ], [ 29.508757983841921, 40.789935136526395 ] ] ] ] } },
{ "type": "Feature", "properties": { "fid": 129, "lanelet_id": 123, "spd_limit": null, "reward": 0, "lanelet_type": "intersection", "pre_id": null, "next_id": null, "adjcnt_id": null, "center_b_id": "441" }, "geometry": { "type": "MultiPolygon", "coordinates": [ [ [ [ 29.508676828594403, 40.789934334910356 ], [ 29.508702399660731, 40.789953401056309 ], [ 29.508775730376712, 40.789886953127663 ], [ 29.508748891364416, 40.789869955086544 ], [ 29.508676828594403, 40.789934334910356 ] ] ] ] } },
{ "type": "Feature", "properties": { "fid": 130, "lanelet_id": 124, "spd_limit": null, "reward": 0, "lanelet_type": "intersection", "pre_id": null, "next_id": null, "adjcnt_id": null, "center_b_id": "440" }, "geometry": { "type": "MultiPolygon", "coordinates": [ [ [ [ 29.508651257528072, 40.78991526876441 ], [ 29.508676828594403, 40.789934334910356 ], [ 29.508748891364416, 40.789869955086544 ], [ 29.50872205235212, 40.789852957045419 ], [ 29.508651257528072, 40.78991526876441 ] ] ] ] } },
{ "type": "Feature", "properties": { "fid": 131, "lanelet_id": 125, "spd_limit": null, "reward": 0, "lanelet_type": "intersection", "pre_id": null, "next_id": null, "adjcnt_id": null, "center_b_id": "223" }, "geometry": { "type": "MultiPolygon", "coordinates": [ [ [ [ 29.508702399660731, 40.789953401056309 ], [ 29.508702874053476, 40.78995311857043 ], [ 29.508703353277667, 40.789952844360812 ], [ 29.508703837188939, 40.789952578510054 ], [ 29.508704325641503, 40.789952321098241 ], [ 29.508704818488209, 40.789952072202944 ], [ 29.508705315580574, 40.789951831899124 ], [ 29.508705816768845, 40.789951600259187 ], [ 29.508706321902036, 40.789951377352914 ], [ 29.508706830827965, 40.789951163247459 ], [ 29.508707343393311, 40.789950958007324 ], [ 29.508707859443657, 40.78995076169435 ], [ 29.508708378823535, 40.789950574367658 ], [ 29.508708901376476, 40.789950396083704 ], [ 29.508709426945053, 40.789950226896188 ], [ 29.508709955370932, 40.789950066856079 ], [ 29.508710486494916, 40.789949916011601 ], [ 29.508711020157001, 40.789949774408186 ], [ 29.508711556196406, 40.789949642088494 ], [ 29.508712094451649, 40.789949519092403 ], [ 29.50871263476057, 40.789949405456952 ], [ 29.508713176960395, 40.789949301216382 ], [ 29.508713720887776, 40.789949206402092 ], [ 29.508714266378849, 40.789949121042653 ], [ 29.508714813269279, 40.78994904516378 ], [ 29.508715361394305, 40.789948978788324 ], [ 29.508715910588798, 40.789948921936293 ], [ 29.508716460687307, 40.789948874624805 ], [ 29.508717011524105, 40.78994883686812 ], [ 29.508717562933246, 40.789948808677607 ], [ 29.508718114748607, 40.789948790061764 ], [ 29.508718666803954, 40.78994878102619 ], [ 29.508719218932967, 40.789948781573621 ], [ 29.508719770969307, 40.789948791703885 ], [ 29.508720322746672, 40.789948811413929 ], [ 29.508720874098827, 40.789948840697818 ], [ 29.508721424859672, 40.789948879546728 ], [ 29.508721974863281, 40.789948927948949 ], [ 29.508722523943959, 40.789948985889907 ], [ 29.508723071936288, 40.789949053352153 ], [ 29.508723618675173, 40.78994913031535 ], [ 29.508724163995911, 40.789949216756312 ], [ 29.508724707734206, 40.789949312649014 ], [ 29.508725249726258, 40.789949417964543 ], [ 29.508725789808782, 40.789949532671194 ], [ 29.508726327819065, 40.789949656734393 ], [ 29.508726863595033, 40.789949790116772 ], [ 29.508727396975271, 40.78994993277815 ], [ 29.508727927799089, 40.789950084675539 ], [ 29.508728455906574, 40.789950245763187 ], [ 29.508728981138624, 40.789950415992557 ], [ 29.508729503337005, 40.789950595312376 ], [ 29.508730022344398, 40.789950783668608 ], [ 29.508730538004446, 40.789950981004516 ], [ 29.508731050161799, 40.789951187260648 ], [ 29.508731558662159, 40.789951402374875 ], [ 29.50873206335234, 40.789951626282374 ], [ 29.50873256408029, 40.7899518589157 ], [ 29.508733060695164, 40.789952100204765 ], [ 29.508733553047342, 40.789952350076881 ], [ 29.508734040988507, 40.789952608456773 ], [ 29.508734524371651, 40.789952875266593 ], [ 29.508735003051154, 40.789953150425966 ], [ 29.508735476882801, 40.789953433851998 ], [ 29.508735945723849, 40.789953725459299 ], [ 29.508736409433052, 40.789954025160014 ], [ 29.508736867870709, 40.789954332863864 ], [ 29.508757983841921, 40.789935136526395 ], [ 29.508757983841921, 40.789935136526395 ], [ 29.508756561961867, 40.789934433626939 ], [ 29.508755128149733, 40.789933755398877 ], [ 29.508753682833568, 40.789933102044678 ], [ 29.508752226444837, 40.789932473759386 ], [ 29.508750759418326, 40.78993187073057 ], [ 29.508749282191989, 40.78993129313826 ], [ 29.508747795206826, 40.789930741154876 ], [ 29.50874629890675, 40.789930214945201 ], [ 29.508744793738455, 40.789929714666336 ], [ 29.508743280151286, 40.789929240467629 ], [ 29.508741758597097, 40.789928792490642 ], [ 29.508740229530122, 40.789928370869106 ], [ 29.508738693406837, 40.789927975728894 ], [ 29.508737150685825, 40.789927607187963 ], [ 29.508735601827642, 40.78992726535634 ], [ 29.508734047294666, 40.789926950336074 ], [ 29.508732487550983, 40.789926662221205 ], [ 29.508730923062224, 40.789926401097752 ], [ 29.508729354295443, 40.789926167043653 ], [ 29.508727781718967, 40.789925960128798 ], [ 29.508726205802258, 40.789925780414947 ], [ 29.508724627015784, 40.78992562795576 ], [ 29.508723045830862, 40.789925502796741 ], [ 29.508721462719532, 40.789925404975257 ], [ 29.508719878154398, 40.789925334520518 ], [ 29.508718292608506, 40.78992529145355 ], [ 29.508716706555198, 40.789925275787205 ], [ 29.508715120467958, 40.789925287526174 ], [ 29.508713534820288, 40.789925326666939 ], [ 29.508711950085555, 40.789925393197819 ], [ 29.508710366736853, 40.789925487098962 ], [ 29.508708785246863, 40.789925608342323 ], [ 29.508707206087717, 40.789925756891712 ], [ 29.508705629730841, 40.789925932702786 ], [ 29.508704056646827, 40.78992613572305 ], [ 29.5087024873053, 40.789926365891901 ], [ 29.508700922174754, 40.78992662314063 ], [ 29.508699361722432, 40.789926907392434 ], [ 29.508697806414183, 40.789927218562454 ], [ 29.508696256714316, 40.789927556557799 ], [ 29.508694713085465, 40.789927921277574 ], [ 29.508693175988459, 40.789928312612879 ], [ 29.508691645882166, 40.789928730446903 ], [ 29.508690123223378, 40.789929174654901 ], [ 29.508688608466652, 40.789929645104266 ], [ 29.508687102064201, 40.789930141654558 ], [ 29.508685604465732, 40.789930664157531 ], [ 29.508684116118324, 40.789931212457205 ], [ 29.508682637466304, 40.789931786389893 ], [ 29.508681168951092, 40.789932385784262 ], [ 29.508679711011091, 40.789933010461368 ], [ 29.508678264081542, 40.789933660234723 ], [ 29.508676828594403, 40.789934334910356 ], [ 29.508702399660731, 40.789953401056309 ] ] ] ] } },
{ "type": "Feature", "properties": { "fid": 132, "lanelet_id": 126, "spd_limit": null, "reward": 0, "lanelet_type": "intersection", "pre_id": null, "next_id": null, "adjcnt_id": null, "center_b_id": "230" }, "geometry": { "type": "MultiPolygon", "coordinates": [ [ [ [ 29.508676828594403, 40.789934334910356 ], [ 29.508651257528072, 40.78991526876441 ], [ 29.508651257528072, 40.78991526876441 ], [ 29.508653247810024, 40.789914189745147 ], [ 29.508655256472622, 40.789913145341302 ], [ 29.508657282913887, 40.789912135865883 ], [ 29.508659326526512, 40.789911161621426 ], [ 29.508661386698037, 40.789910222899898 ], [ 29.508663462811047, 40.789909319982634 ], [ 29.508665554243343, 40.789908453140221 ], [ 29.508667660368143, 40.789907622632455 ], [ 29.508669780554253, 40.789906828708226 ], [ 29.508671914166271, 40.789906071605472 ], [ 29.508674060564768, 40.789905351551091 ], [ 29.508676219106484, 40.789904668760876 ], [ 29.508678389144521, 40.789904023439455 ], [ 29.508680570028535, 40.789903415780223 ], [ 29.508682761104929, 40.789902845965301 ], [ 29.508684961717059, 40.789902314165445 ], [ 29.508687171205409, 40.789901820540038 ], [ 29.508689388907818, 40.789901365237014 ], [ 29.508691614159659, 40.789900948392834 ], [ 29.508693846294033, 40.789900570132403 ], [ 29.508696084641993, 40.789900230569103 ], [ 29.508698328532716, 40.789899929804683 ], [ 29.50870057729373, 40.789899667929291 ], [ 29.508702830251099, 40.789899445021405 ], [ 29.508705086729623, 40.789899261147831 ], [ 29.508707346053054, 40.789899116363671 ], [ 29.50870960754429, 40.789899010712318 ], [ 29.508711870525577, 40.789898944225428 ], [ 29.508714134318723, 40.789898916922937 ], [ 29.508716398245276, 40.789898928813024 ], [ 29.508718661626762, 40.789898979892129 ], [ 29.508720923784857, 40.789899070144934 ], [ 29.508723184041614, 40.789899199544394 ], [ 29.508725441719644, 40.789899368051735 ], [ 29.508727696142344, 40.789899575616452 ], [ 29.508729946634077, 40.789899822176345 ], [ 29.508732192520387, 40.789900107657516 ], [ 29.5087344331282, 40.789900431974402 ], [ 29.508736667786025, 40.789900795029823 ], [ 29.508738895824145, 40.789901196714965 ], [ 29.508741116574839, 40.789901636909448 ], [ 29.50874332937256, 40.789902115481347 ], [ 29.508745533554151, 40.789902632287237 ], [ 29.508747728459038, 40.789903187172236 ], [ 29.508749913429419, 40.789903779970054 ], [ 29.508752087810478, 40.789904410503027 ], [ 29.508754250950567, 40.789905078582194 ], [ 29.50875640220141, 40.789905784007331 ], [ 29.508758540918297, 40.789906526567037 ], [ 29.508760666460262, 40.789907306038764 ], [ 29.508762778190302, 40.789908122188905 ], [ 29.508764875475542, 40.789908974772878 ], [ 29.508766957687449, 40.789909863535165 ], [ 29.508769024201992, 40.789910788209411 ], [ 29.508771074399856, 40.789911748518499 ], [ 29.50877310766661, 40.789912744174629 ], [ 29.508775123392901, 40.789913774879409 ], [ 29.508777120974628, 40.789914840323945 ], [ 29.508779099813133, 40.789915940188934 ], [ 29.508757983841921, 40.789935136526395 ], [ 29.508757983841921, 40.789935136526395 ], [ 29.508756561961867, 40.789934433626939 ], [ 29.508755128149733, 40.789933755398877 ], [ 29.508753682833568, 40.789933102044678 ], [ 29.508752226444837, 40.789932473759386 ], [ 29.508750759418326, 40.78993187073057 ], [ 29.508749282191989, 40.78993129313826 ], [ 29.508747795206826, 40.789930741154876 ], [ 29.50874629890675, 40.789930214945201 ], [ 29.508744793738455, 40.789929714666336 ], [ 29.508743280151286, 40.789929240467629 ], [ 29.508741758597097, 40.789928792490642 ], [ 29.508740229530122, 40.789928370869106 ], [ 29.508738693406837, 40.789927975728894 ], [ 29.508737150685825, 40.789927607187963 ], [ 29.508735601827642, 40.78992726535634 ], [ 29.508734047294666, 40.789926950336074 ], [ 29.508732487550983, 40.789926662221205 ], [ 29.508730923062224, 40.789926401097752 ], [ 29.508729354295443, 40.789926167043653 ], [ 29.508727781718967, 40.789925960128798 ], [ 29.508726205802258, 40.789925780414947 ], [ 29.508724627015784, 40.78992562795576 ], [ 29.508723045830862, 40.789925502796741 ], [ 29.508721462719532, 40.789925404975257 ], [ 29.508719878154398, 40.789925334520518 ], [ 29.508718292608506, 40.78992529145355 ], [ 29.508716706555198, 40.789925275787205 ], [ 29.508715120467958, 40.789925287526174 ], [ 29.508713534820288, 40.789925326666939 ], [ 29.508711950085555, 40.789925393197819 ], [ 29.508710366736853, 40.789925487098962 ], [ 29.508708785246863, 40.789925608342323 ], [ 29.508707206087717, 40.789925756891712 ], [ 29.508705629730841, 40.789925932702786 ], [ 29.508704056646827, 40.78992613572305 ], [ 29.5087024873053, 40.789926365891901 ], [ 29.508700922174754, 40.78992662314063 ], [ 29.508699361722432, 40.789926907392434 ], [ 29.508697806414183, 40.789927218562454 ], [ 29.508696256714316, 40.789927556557799 ], [ 29.508694713085465, 40.789927921277574 ], [ 29.508693175988459, 40.789928312612879 ], [ 29.508691645882166, 40.789928730446903 ], [ 29.508690123223378, 40.789929174654901 ], [ 29.508688608466652, 40.789929645104266 ], [ 29.508687102064201, 40.789930141654558 ], [ 29.508685604465732, 40.789930664157531 ], [ 29.508684116118324, 40.789931212457205 ], [ 29.508682637466304, 40.789931786389893 ], [ 29.508681168951092, 40.789932385784262 ], [ 29.508679711011091, 40.789933010461368 ], [ 29.508678264081542, 40.789933660234723 ], [ 29.508676828594403, 40.789934334910356 ] ] ] ] } },
{ "type": "Feature", "properties": { "fid": 133, "lanelet_id": 127, "spd_limit": null, "reward": 0, "lanelet_type": "intersection", "pre_id": null, "next_id": null, "adjcnt_id": null, "center_b_id": "224" }, "geometry": { "type": "MultiPolygon", "coordinates": [ [ [ [ 29.508775730376712, 40.789886953127663 ], [ 29.508775516034653, 40.789887286117263 ], [ 29.508775307521727, 40.789887622787653 ], [ 29.508775104901119, 40.789887963036797 ], [ 29.50877490823423, 40.789888306761583 ], [ 29.508774717580671, 40.789888653857837 ], [ 29.508774532998213, 40.789889004220377 ], [ 29.508774354542801, 40.789889357743014 ], [ 29.50877418226851, 40.789889714318619 ], [ 29.508774016227559, 40.789890073839125 ], [ 29.50877385647026, 40.78989043619557 ], [ 29.508773703045033, 40.789890801278155 ], [ 29.508773555998371, 40.789891168976226 ], [ 29.50877341537484, 40.789891539178349 ], [ 29.508773281217056, 40.789891911772337 ], [ 29.508773153565681, 40.789892286645276 ], [ 29.508773032459391, 40.789892663683545 ], [ 29.508772917934898, 40.789893042772889 ], [ 29.508772810026908, 40.789893423798425 ], [ 29.508772708768117, 40.78989380664467 ], [ 29.508772614189219, 40.789894191195607 ], [ 29.508772526318872, 40.789894577334692 ], [ 29.508772445183709, 40.789894964944907 ], [ 29.508772370808316, 40.789895353908776 ], [ 29.508772303215235, 40.789895744108428 ], [ 29.508772242424953, 40.789896135425607 ], [ 29.508772188455886, 40.789896527741718 ], [ 29.508772141324396, 40.789896920937871 ], [ 29.508772101044766, 40.789897314894901 ], [ 29.508772067629202, 40.789897709493417 ], [ 29.508772041087827, 40.78989810461384 ], [ 29.50877202142869, 40.789898500136417 ], [ 29.508772008657747, 40.789898895941285 ], [ 29.508772002778869, 40.789899291908498 ], [ 29.508772003793833, 40.789899687918044 ], [ 29.508772011702341, 40.789900083849915 ], [ 29.508772026501987, 40.789900479584119 ], [ 29.508772048188288, 40.789900875000733 ], [ 29.508772076754674, 40.789901269979914 ], [ 29.508772112192489, 40.78990166440196 ], [ 29.508772154490988, 40.789902058147348 ], [ 29.50877220363736, 40.789902451096737 ], [ 29.508772259616702, 40.789902843131053 ], [ 29.508772322412053, 40.789903234131479 ], [ 29.508772392004385, 40.789903623979527 ], [ 29.508772468372602, 40.789904012557045 ], [ 29.508772551493564, 40.78990439974627 ], [ 29.50877264134208, 40.789904785429869 ], [ 29.508772737890922, 40.78990516949095 ], [ 29.508772841110826, 40.789905551813121 ], [ 29.508772950970517, 40.789905932280519 ], [ 29.508773067436692, 40.789906310777837 ], [ 29.508773190474063, 40.789906687190374 ], [ 29.508773320045336, 40.789907061404051 ], [ 29.50877345611125, 40.789907433305459 ], [ 29.508773598630565, 40.78990780278189 ], [ 29.508773747560092, 40.789908169721379 ], [ 29.508773902854696, 40.789908534012717 ], [ 29.50877406446731, 40.789908895545501 ], [ 29.508774232348962, 40.789909254210166 ], [ 29.508774406448772, 40.789909609898018 ], [ 29.508774586713976, 40.789909962501262 ], [ 29.508774773089943, 40.78991031191304 ], [ 29.508774965520193, 40.789910658027459 ], [ 29.508775163946407, 40.789911000739622 ], [ 29.508775368308449, 40.789911339945675 ], [ 29.508775578544387, 40.789911675542818 ], [ 29.508775794590512, 40.789912007429344 ], [ 29.50877601638134, 40.789912335504667 ], [ 29.508776243849663, 40.789912659669369 ], [ 29.508776476926542, 40.78991297982521 ], [ 29.508776715541341, 40.789913295875152 ], [ 29.508776959621748, 40.789913607723427 ], [ 29.508777209093793, 40.789913915275527 ], [ 29.508777463881867, 40.789914218438234 ], [ 29.508777723908757, 40.789914517119684 ], [ 29.508777989095663, 40.789914811229352 ], [ 29.508778259362213, 40.789915100678108 ], [ 29.508778534626504, 40.789915385378229 ], [ 29.508778814805115, 40.789915665243448 ], [ 29.508779099813133, 40.789915940188934 ], [ 29.508757983841921, 40.789935136526395 ], [ 29.508757983841921, 40.789935136526395 ], [ 29.508757334952588, 40.789934599961718 ], [ 29.508756695520027, 40.789934052161556 ], [ 29.508756065738748, 40.789933493292558 ], [ 29.50875544580034, 40.789932923524724 ], [ 29.508754835893381, 40.789932343031381 ], [ 29.508754236203409, 40.789931751989116 ], [ 29.508753646912854, 40.789931150577729 ], [ 29.508753068200974, 40.789930538980165 ], [ 29.508752500243816, 40.78992991738248 ], [ 29.508751943214158, 40.789929285973756 ], [ 29.50875139728144, 40.789928644946073 ], [ 29.508750862611745, 40.789927994494441 ], [ 29.508750339367715, 40.78992733481671 ], [ 29.508749827708524, 40.789926666113573 ], [ 29.508749327789822, 40.789925988588436 ], [ 29.508748839763676, 40.789925302447415 ], [ 29.508748363778555, 40.789924607899231 ], [ 29.508747899979248, 40.789923905155163 ], [ 29.508747448506846, 40.789923194428994 ], [ 29.508747009498688, 40.789922475936926 ], [ 29.508746583088321, 40.789921749897523 ], [ 29.508746169405459, 40.78992101653165 ], [ 29.508745768575942, 40.789920276062396 ], [ 29.508745380721709, 40.789919528715011 ], [ 29.508745005960741, 40.789918774716845 ], [ 29.508744644407045, 40.789918014297264 ], [ 29.508744296170605, 40.789917247687583 ], [ 29.508743961357354, 40.789916475121011 ], [ 29.508743640069142, 40.789915696832573 ], [ 29.508743332403704, 40.789914913059008 ], [ 29.508743038454639, 40.789914124038752 ], [ 29.508742758311364, 40.789913330011821 ], [ 29.508742492059095, 40.78991253121977 ], [ 29.508742239778829, 40.789911727905583 ], [ 29.508742001547311, 40.789910920313631 ], [ 29.508741777437013, 40.789910108689583 ], [ 29.508741567516104, 40.789909293280338 ], [ 29.508741371848448, 40.789908474333956 ], [ 29.508741190493566, 40.789907652099544 ], [ 29.508741023506623, 40.789906826827242 ], [ 29.508740870938421, 40.789905998768084 ], [ 29.508740732835371, 40.789905168173981 ], [ 29.508740609239482, 40.789904335297592 ], [ 29.508740500188356, 40.789903500392292 ], [ 29.508740405715159, 40.789902663712041 ], [ 29.508740325848638, 40.789901825511379 ], [ 29.508740260613084, 40.789900986045275 ], [ 29.508740210028346, 40.789900145569099 ], [ 29.508740174109807, 40.789899304338526 ], [ 29.508740152868395, 40.789898462609465 ], [ 29.508740146310572, 40.789897620637959 ], [ 29.508740154438335, 40.789896778680145 ], [ 29.508740177249209, 40.789895936992153 ], [ 29.508740214736253, 40.789895095830012 ], [ 29.508740266888069, 40.789894255449624 ], [ 29.508740333688788, 40.789893416106615 ], [ 29.508740415118087, 40.789892578056325 ], [ 29.508740511151203, 40.789891741553689 ], [ 29.508740621758918, 40.789890906853174 ], [ 29.508740746907581, 40.789890074208699 ], [ 29.508740886559128, 40.789889243873546 ], [ 29.508741040671076, 40.789888416100311 ], [ 29.50874120919654, 40.789887591140804 ], [ 29.508741392084254, 40.789886769245982 ], [ 29.508741589278589, 40.789885950665862 ], [ 29.508741800719552, 40.789885135649463 ], [ 29.508742026342826, 40.789884324444706 ], [ 29.508742266079778, 40.789883517298364 ], [ 29.508742519857474, 40.789882714455977 ], [ 29.508742787598717, 40.789881916161768 ], [ 29.50874306922206, 40.789881122658585 ], [ 29.50874336464183, 40.789880334187799 ], [ 29.508743673768166, 40.789879550989276 ], [ 29.508743996507025, 40.789878773301261 ], [ 29.50874433276023, 40.789878001360336 ], [ 29.508744682425498, 40.789877235401313 ], [ 29.508745045396452, 40.789876475657209 ], [ 29.508745421562683, 40.789875722359135 ], [ 29.508745810809756, 40.789874975736254 ], [ 29.508746213019261, 40.789874236015677 ], [ 29.508746628068849, 40.789873503422434 ], [ 29.508747055832259, 40.78987277817938 ], [ 29.508747496179364, 40.789872060507143 ], [ 29.508747948976207, 40.789871350624026 ], [ 29.508748414085055, 40.789870648745989 ], [ 29.508748891364416, 40.789869955086544 ], [ 29.508775730376712, 40.789886953127663 ] ] ] ] } },
{ "type": "Feature", "properties": { "fid": 134, "lanelet_id": 128, "spd_limit": null, "reward": 0, "lanelet_type": "intersection", "pre_id": null, "next_id": null, "adjcnt_id": null, "center_b_id": "232" }, "geometry": { "type": "MultiPolygon", "coordinates": [ [ [ [ 29.508736867870709, 40.789954332863864 ], [ 29.508757983841921, 40.789935136526395 ], [ 29.508757983841921, 40.789935136526395 ], [ 29.508757334952588, 40.789934599961718 ], [ 29.508756695520027, 40.789934052161556 ], [ 29.508756065738748, 40.789933493292558 ], [ 29.50875544580034, 40.789932923524724 ], [ 29.508754835893381, 40.789932343031381 ], [ 29.508754236203409, 40.789931751989116 ], [ 29.508753646912854, 40.789931150577729 ], [ 29.508753068200974, 40.789930538980165 ], [ 29.508752500243816, 40.78992991738248 ], [ 29.508751943214158, 40.789929285973756 ], [ 29.50875139728144, 40.789928644946073 ], [ 29.508750862611745, 40.789927994494441 ], [ 29.508750339367715, 40.78992733481671 ], [ 29.508749827708524, 40.789926666113573 ], [ 29.508749327789822, 40.789925988588436 ], [ 29.508748839763676, 40.789925302447415 ], [ 29.508748363778555, 40.789924607899231 ], [ 29.508747899979248, 40.789923905155163 ], [ 29.508747448506846, 40.789923194428994 ], [ 29.508747009498688, 40.789922475936926 ], [ 29.508746583088321, 40.789921749897523 ], [ 29.508746169405459, 40.78992101653165 ], [ 29.508745768575942, 40.789920276062396 ], [ 29.508745380721709, 40.789919528715011 ], [ 29.508745005960741, 40.789918774716845 ], [ 29.508744644407045, 40.789918014297264 ], [ 29.508744296170605, 40.789917247687583 ], [ 29.508743961357354, 40.789916475121011 ], [ 29.508743640069142, 40.789915696832573 ], [ 29.508743332403704, 40.789914913059008 ], [ 29.508743038454639, 40.789914124038752 ], [ 29.508742758311364, 40.789913330011821 ], [ 29.508742492059095, 40.78991253121977 ], [ 29.508742239778829, 40.789911727905583 ], [ 29.508742001547311, 40.789910920313631 ], [ 29.508741777437013, 40.789910108689583 ], [ 29.508741567516104, 40.789909293280338 ], [ 29.508741371848448, 40.789908474333956 ], [ 29.508741190493566, 40.789907652099544 ], [ 29.508741023506623, 40.789906826827242 ], [ 29.508740870938421, 40.789905998768084 ], [ 29.508740732835371, 40.789905168173981 ], [ 29.508740609239482, 40.789904335297592 ], [ 29.508740500188356, 40.789903500392292 ], [ 29.508740405715159, 40.789902663712041 ], [ 29.508740325848638, 40.789901825511379 ], [ 29.508740260613084, 40.789900986045275 ], [ 29.508740210028346, 40.789900145569099 ], [ 29.508740174109807, 40.789899304338526 ], [ 29.508740152868395, 40.789898462609465 ], [ 29.508740146310572, 40.789897620637959 ], [ 29.508740154438335, 40.789896778680145 ], [ 29.508740177249209, 40.789895936992153 ], [ 29.508740214736253, 40.789895095830012 ], [ 29.508740266888069, 40.789894255449624 ], [ 29.508740333688788, 40.789893416106615 ], [ 29.508740415118087, 40.789892578056325 ], [ 29.508740511151203, 40.789891741553689 ], [ 29.508740621758918, 40.789890906853174 ], [ 29.508740746907581, 40.789890074208699 ], [ 29.508740886559128, 40.789889243873546 ], [ 29.508741040671076, 40.789888416100311 ], [ 29.50874120919654, 40.789887591140804 ], [ 29.508741392084254, 40.789886769245982 ], [ 29.508741589278589, 40.789885950665862 ], [ 29.508741800719552, 40.789885135649463 ], [ 29.508742026342826, 40.789884324444706 ], [ 29.508742266079778, 40.789883517298364 ], [ 29.508742519857474, 40.789882714455977 ], [ 29.508742787598717, 40.789881916161768 ], [ 29.50874306922206, 40.789881122658585 ], [ 29.50874336464183, 40.789880334187799 ], [ 29.508743673768166, 40.789879550989276 ], [ 29.508743996507025, 40.789878773301261 ], [ 29.50874433276023, 40.789878001360336 ], [ 29.508744682425498, 40.789877235401313 ], [ 29.508745045396452, 40.789876475657209 ], [ 29.508745421562683, 40.789875722359135 ], [ 29.508745810809756, 40.789874975736254 ], [ 29.508746213019261, 40.789874236015677 ], [ 29.508746628068849, 40.789873503422434 ], [ 29.508747055832259, 40.78987277817938 ], [ 29.508747496179364, 40.789872060507143 ], [ 29.508747948976207, 40.789871350624026 ], [ 29.508748414085055, 40.789870648745989 ], [ 29.508748891364416, 40.789869955086544 ], [ 29.50872205235212, 40.789852957045419 ], [ 29.50872205235212, 40.789852957045419 ], [ 29.508721321267121, 40.789854012761417 ], [ 29.50872060851135, 40.789855080937791 ], [ 29.508719914297128, 40.789856161256338 ], [ 29.508719238831254, 40.789857253395247 ], [ 29.508718582314938, 40.789858357029189 ], [ 29.508717944943747, 40.789859471829402 ], [ 29.508717326907547, 40.789860597463807 ], [ 29.508716728390443, 40.789861733597078 ], [ 29.50871614957072, 40.789862879890798 ], [ 29.50871559062081, 40.789864036003486 ], [ 29.508715051707206, 40.78986520159075 ], [ 29.508714532990453, 40.78986637630539 ], [ 29.508714034625065, 40.789867559797464 ], [ 29.508713556759496, 40.789868751714423 ], [ 29.508713099536102, 40.789869951701228 ], [ 29.508712663091078, 40.789871159400398 ], [ 29.508712247554438, 40.789872374452187 ], [ 29.508711853049967, 40.789873596494644 ], [ 29.508711479695176, 40.789874825163743 ], [ 29.508711127601288, 40.789876060093476 ], [ 29.508710796873185, 40.789877300915968 ], [ 29.508710487609388, 40.789878547261608 ], [ 29.508710199902019, 40.789879798759124 ], [ 29.508709933836787, 40.7898810550357 ], [ 29.508709689492946, 40.789882315717115 ], [ 29.508709466943284, 40.789883580427833 ], [ 29.508709266254094, 40.789884848791111 ], [ 29.508709087485158, 40.789886120429117 ], [ 29.508708930689735, 40.789887394963046 ], [ 29.508708795914526, 40.789888672013241 ], [ 29.508708683199679, 40.789889951199271 ], [ 29.508708592578774, 40.7898912321401 ], [ 29.508708524078806, 40.789892514454145 ], [ 29.508708477720173, 40.789893797759419 ], [ 29.508708453516693, 40.789895081673642 ], [ 29.50870845147557, 40.789896365814364 ], [ 29.508708471597416, 40.789897649799045 ], [ 29.508708513876236, 40.789898933245205 ], [ 29.508708578299434, 40.78990021577053 ], [ 29.50870866484782, 40.789901496992961 ], [ 29.508708773495613, 40.789902776530852 ], [ 29.508708904210447, 40.789904054003031 ], [ 29.508709056953386, 40.789905329028969 ], [ 29.508709231678928, 40.78990660122885 ], [ 29.508709428335028, 40.789907870223701 ], [ 29.5087096468631, 40.789909135635504 ], [ 29.508709887198048, 40.789910397087311 ], [ 29.508710149268282, 40.789911654203351 ], [ 29.508710432995734, 40.789912906609146 ], [ 29.508710738295886, 40.789914153931626 ], [ 29.50871106507779, 40.789915395799227 ], [ 29.508711413244107, 40.789916631842011 ], [ 29.508711782691119, 40.789917861691784 ], [ 29.508712173308773, 40.789919084982181 ], [ 29.50871258498071, 40.789920301348808 ], [ 29.508713017584299, 40.789921510429316 ], [ 29.508713470990674, 40.789922711863547 ], [ 29.50871394506477, 40.789923905293605 ], [ 29.508714439665365, 40.78992509036398 ], [ 29.508714954645125, 40.789926266721665 ], [ 29.508715489850648, 40.789927434016228 ], [ 29.508716045122497, 40.789928591899951 ], [ 29.508716620295271, 40.789929740027922 ], [ 29.508717215197628, 40.789930878058122 ], [ 29.508717829652358, 40.789932005651544 ], [ 29.508718463476423, 40.789933122472306 ], [ 29.508719116481011, 40.789934228187711 ], [ 29.508719788471605, 40.789935322468381 ], [ 29.50872047924803, 40.789936404988346 ], [ 29.508721188604508, 40.789937475425148 ], [ 29.508721916329733, 40.789938533459903 ], [ 29.508722662206925, 40.789939578777442 ], [ 29.508723426013898, 40.789940611066385 ], [ 29.508724207523123, 40.789941630019221 ], [ 29.508725006501798, 40.789942635332416 ], [ 29.50872582271192, 40.78994362670651 ], [ 29.508726655910351, 40.789944603846173 ], [ 29.508727505848892, 40.789945566460332 ], [ 29.508728372274359, 40.789946514262247 ], [ 29.508729254928653, 40.789947446969563 ], [ 29.508730153548843, 40.789948364304458 ], [ 29.508731067867242, 40.789949265993656 ], [ 29.508731997611491, 40.789950151768565 ], [ 29.508732942504626, 40.789951021365319 ], [ 29.508733902265178, 40.789951874524874 ], [ 29.508734876607249, 40.789952710993092 ], [ 29.508735865240592, 40.789953530520798 ], [ 29.508736867870709, 40.789954332863864 ] ] ] ] } },
{ "type": "Feature", "properties": { "fid": 135, "lanelet_id": 129, "spd_limit": null, "reward": 0, "lanelet_type": "intersection", "pre_id": null, "next_id": null, "adjcnt_id": null, "center_b_id": "225" }, "geometry": { "type": "MultiPolygon", "coordinates": [ [ [ [ 29.508696555562029, 40.789856431542781 ], [ 29.508697417203994, 40.789856532479618 ], [ 29.508698280470263, 40.789856618424196 ], [ 29.5086991451, 40.789856689350536 ], [ 29.508700010831944, 40.789856745237202 ], [ 29.508700877404518, 40.789856786067325 ], [ 29.508701744555879, 40.78985681182855 ], [ 29.50870261202401, 40.789856822513102 ], [ 29.508703479546806, 40.789856818117755 ], [ 29.508704346862142, 40.789856798643832 ], [ 29.508705213707948, 40.789856764097216 ], [ 29.508706079822307, 40.789856714488351 ], [ 29.508706944943519, 40.789856649832224 ], [ 29.508707808810179, 40.789856570148373 ], [ 29.508708671161266, 40.789856475460873 ], [ 29.508709531736219, 40.789856365798329 ], [ 29.508710390275009, 40.789856241193888 ], [ 29.508711246518224, 40.789856101685189 ], [ 29.508712100207148, 40.789855947314386 ], [ 29.508712951083833, 40.789855778128128 ], [ 29.508713798891183, 40.789855594177538 ], [ 29.508714643373029, 40.789855395518195 ], [ 29.508715484274205, 40.789855182210118 ], [ 29.508716321340628, 40.789854954317761 ], [ 29.508717154319378, 40.789854711909996 ], [ 29.50871798295876, 40.789854455060052 ], [ 29.508718807008403, 40.789854183845542 ], [ 29.508719626219314, 40.789853898348419 ], [ 29.508720440343961, 40.789853598654943 ], [ 29.508721249136357, 40.789853284855674 ], [ 29.50872205235212, 40.789852957045419 ], [ 29.508748891364416, 40.789869955086544 ], [ 29.508748891364416, 40.789869955086544 ], [ 29.508748206145039, 40.78987067913355 ], [ 29.508747508446405, 40.789871391163238 ], [ 29.508746798479233, 40.78987209096055 ], [ 29.50874607645796, 40.789872778314134 ], [ 29.508745342600655, 40.789873453016376 ], [ 29.508744597128967, 40.789874114863508 ], [ 29.508743840268046, 40.789874763655625 ], [ 29.508743072246489, 40.789875399196774 ], [ 29.508742293296262, 40.789876021295001 ], [ 29.508741503652633, 40.789876629762418 ], [ 29.508740703554093, 40.78987722441525 ], [ 29.5087398932423, 40.789877805073893 ], [ 29.508739072961987, 40.78987837156297 ], [ 29.508738242960909, 40.789878923711385 ], [ 29.508737403489746, 40.789879461352371 ], [ 29.508736554802049, 40.789879984323548 ], [ 29.508735697154137, 40.789880492466963 ], [ 29.508734830805057, 40.789880985629139 ], [ 29.508733956016464, 40.789881463661125 ], [ 29.508733073052571, 40.789881926418545 ], [ 29.508732182180061, 40.789882373761628 ], [ 29.508731283668006, 40.789882805555266 ], [ 29.508730377787781, 40.789883221669051 ], [ 29.508729464812987, 40.789883621977289 ], [ 29.508728545019373, 40.789884006359088 ], [ 29.508727618684738, 40.789884374698353 ], [ 29.50872668608887, 40.789884726883827 ], [ 29.508725747513438, 40.789885062809148 ], [ 29.508724803241918, 40.789885382372844 ], [ 29.508723853559509, 40.78988568547841 ], [ 29.508722898753042, 40.789885972034298 ], [ 29.508721939110899, 40.789886241953951 ], [ 29.50872097492292, 40.789886495155848 ], [ 29.508720006480313, 40.78988673156352 ], [ 29.508719034075586, 40.789886951105565 ], [ 29.50871805800243, 40.789887153715668 ], [ 29.508717078555645, 40.789887339332637 ], [ 29.508716096031055, 40.78988750790041 ], [ 29.508715110725415, 40.789887659368084 ], [ 29.508714122936311, 40.789887793689893 ], [ 29.508713132962086, 40.789887910825286 ], [ 29.508712141101746, 40.789888010738871 ], [ 29.508711147654857, 40.789888093400478 ], [ 29.50871015292147, 40.789888158785139 ], [ 29.508709157202027, 40.789888206873108 ], [ 29.508708160797262, 40.789888237649862 ], [ 29.508707164008122, 40.789888251106099 ], [ 29.508706167135664, 40.789888247237762 ], [ 29.508705170480972, 40.789888226046017 ], [ 29.50870417434507, 40.789888187537258 ], [ 29.508703179028814, 40.789888131723124 ], [ 29.508702184832824, 40.78988805862047 ], [ 29.508701192057377, 40.789887968251378 ], [ 29.50870020100232, 40.789887860643134 ], [ 29.508699211966977, 40.789887735828245 ], [ 29.508698225250072, 40.789887593844412 ], [ 29.508697241149619, 40.78988743473451 ], [ 29.508696259962846, 40.789887258546599 ], [ 29.5086952819861, 40.789887065333893 ], [ 29.508694307514762, 40.789886855154755 ], [ 29.508693336843148, 40.789886628072651 ], [ 29.508692370264431, 40.789886384156176 ], [ 29.508691408070543, 40.789886123479 ], [ 29.508690450552102, 40.789885846119851 ], [ 29.508689497998304, 40.789885552162502 ], [ 29.508688550696846, 40.789885241695735 ], [ 29.508687608933844, 40.789884914813328 ], [ 29.50868667299374, 40.789884571613996 ], [ 29.508685743159209, 40.789884212201407 ], [ 29.508684819711092, 40.789883836684112 ], [ 29.508683902928301, 40.789883445175519 ], [ 29.508682993087728, 40.789883037793885 ], [ 29.508682090464173, 40.789882614662254 ], [ 29.508681195330254, 40.78988217590841 ], [ 29.508680307956332, 40.789881721664884 ], [ 29.508679428610414, 40.789881252068867 ], [ 29.508678557558092, 40.78988076726219 ], [ 29.508677695062453, 40.789880267391275 ], [ 29.508676841383988, 40.789879752607099 ], [ 29.508675996780539, 40.789879223065149 ], [ 29.508675161507202, 40.789878678925362 ], [ 29.508674335816249, 40.789878120352071 ], [ 29.508673519957071, 40.789877547513996 ], [ 29.508696555562029, 40.789856431542781 ] ] ] ] } },
{ "type": "Feature", "properties": { "fid": 136, "lanelet_id": 130, "spd_limit": null, "reward": 0, "lanelet_type": "intersection", "pre_id": null, "next_id": null, "adjcnt_id": null, "center_b_id": "236" }, "geometry": { "type": "MultiPolygon", "coordinates": [ [ [ [ 29.50865048435211, 40.789898663485204 ], [ 29.508673519957071, 40.789877547513996 ], [ 29.508673519957071, 40.789877547513996 ], [ 29.508674335816252, 40.789878120352071 ], [ 29.508675161507202, 40.789878678925355 ], [ 29.508675996780539, 40.789879223065149 ], [ 29.508676841383988, 40.789879752607099 ], [ 29.508677695062453, 40.789880267391275 ], [ 29.508678557558095, 40.78988076726219 ], [ 29.508679428610414, 40.789881252068867 ], [ 29.508680307956332, 40.789881721664884 ], [ 29.508681195330258, 40.78988217590841 ], [ 29.508682090464173, 40.789882614662254 ], [ 29.508682993087728, 40.789883037793885 ], [ 29.508683902928301, 40.789883445175519 ], [ 29.508684819711092, 40.789883836684112 ], [ 29.508685743159209, 40.789884212201407 ], [ 29.50868667299374, 40.789884571613996 ], [ 29.508687608933847, 40.789884914813328 ], [ 29.508688550696849, 40.789885241695735 ], [ 29.508689497998304, 40.789885552162502 ], [ 29.508690450552105, 40.789885846119851 ], [ 29.508691408070547, 40.789886123479 ], [ 29.508692370264431, 40.789886384156176 ], [ 29.508693336843148, 40.789886628072651 ], [ 29.508694307514762, 40.789886855154748 ], [ 29.5086952819861, 40.789887065333893 ], [ 29.508696259962846, 40.789887258546599 ], [ 29.508697241149619, 40.78988743473451 ], [ 29.508698225250072, 40.789887593844405 ], [ 29.508699211966977, 40.789887735828245 ], [ 29.50870020100232, 40.789887860643134 ], [ 29.508701192057377, 40.789887968251371 ], [ 29.508702184832824, 40.78988805862047 ], [ 29.508703179028814, 40.789888131723124 ], [ 29.50870417434507, 40.789888187537258 ], [ 29.508705170480972, 40.78988822604601 ], [ 29.508706167135664, 40.789888247237762 ], [ 29.508707164008122, 40.789888251106099 ], [ 29.508708160797262, 40.789888237649862 ], [ 29.508709157202027, 40.789888206873108 ], [ 29.50871015292147, 40.789888158785139 ], [ 29.508711147654857, 40.789888093400478 ], [ 29.508712141101746, 40.789888010738871 ], [ 29.508713132962086, 40.789887910825286 ], [ 29.508714122936311, 40.789887793689893 ], [ 29.508715110725415, 40.789887659368077 ], [ 29.508716096031055, 40.78988750790041 ], [ 29.508717078555645, 40.789887339332637 ], [ 29.50871805800243, 40.789887153715661 ], [ 29.508719034075586, 40.789886951105558 ], [ 29.508720006480313, 40.78988673156352 ], [ 29.508720974922916, 40.789886495155848 ], [ 29.508721939110899, 40.789886241953944 ], [ 29.508722898753042, 40.789885972034291 ], [ 29.508723853559506, 40.78988568547841 ], [ 29.508724803241918, 40.789885382372844 ], [ 29.508725747513438, 40.789885062809141 ], [ 29.50872668608887, 40.789884726883827 ], [ 29.508727618684738, 40.789884374698353 ], [ 29.50872854501937, 40.789884006359088 ], [ 29.508729464812987, 40.789883621977289 ], [ 29.508730377787781, 40.789883221669051 ], [ 29.508731283668006, 40.789882805555266 ], [ 29.508732182180061, 40.789882373761628 ], [ 29.508733073052571, 40.789881926418538 ], [ 29.508733956016464, 40.789881463661125 ], [ 29.508734830805057, 40.789880985629132 ], [ 29.508735697154137, 40.789880492466963 ], [ 29.508736554802045, 40.789879984323548 ], [ 29.508737403489746, 40.789879461352371 ], [ 29.508738242960909, 40.789878923711385 ], [ 29.508739072961987, 40.78987837156297 ], [ 29.5087398932423, 40.789877805073893 ], [ 29.508740703554093, 40.78987722441525 ], [ 29.508741503652633, 40.789876629762418 ], [ 29.508742293296262, 40.789876021295001 ], [ 29.508743072246489, 40.789875399196774 ], [ 29.508743840268046, 40.789874763655625 ], [ 29.508744597128963, 40.789874114863508 ], [ 29.508745342600655, 40.789873453016376 ], [ 29.50874607645796, 40.789872778314134 ], [ 29.508746798479233, 40.78987209096055 ], [ 29.508747508446405, 40.789871391163238 ], [ 29.508748206145039, 40.78987067913355 ], [ 29.508748891364416, 40.789869955086544 ], [ 29.508775730376712, 40.789886953127663 ], [ 29.508775730376712, 40.789886953127663 ], [ 29.508774491160494, 40.789888150982776 ], [ 29.508773231392766, 40.78988932720511 ], [ 29.508771951451113, 40.789890481442114 ], [ 29.508770651719164, 40.789891613347834 ], [ 29.508769332586485, 40.789892722583012 ], [ 29.508767994448455, 40.789893808815179 ], [ 29.508766637706149, 40.789894871718765 ], [ 29.508765262766222, 40.789895910975176 ], [ 29.508763870040777, 40.789896926272938 ], [ 29.508762459947253, 40.789897917307727 ], [ 29.508761032908289, 40.789898883782506 ], [ 29.508759589351609, 40.789899825407602 ], [ 29.508758129709882, 40.789900741900773 ], [ 29.508756654420608, 40.789901632987338 ], [ 29.508755163925965, 40.789902498400203 ], [ 29.508753658672696, 40.789903337879977 ], [ 29.508752139111966, 40.789904151175058 ], [ 29.508750605699227, 40.78990493804168 ], [ 29.508749058894082, 40.789905698243984 ], [ 29.508747499160151, 40.78990643155413 ], [ 29.508745926964927, 40.789907137752323 ], [ 29.508744342779639, 40.789907816626886 ], [ 29.508742747079111, 40.789908467974357 ], [ 29.508741140341613, 40.789909091599505 ], [ 29.508739523048732, 40.789909687315408 ], [ 29.508737895685211, 40.789910254943521 ], [ 29.508736258738814, 40.789910794313705 ], [ 29.508734612700177, 40.789911305264305 ], [ 29.508732958062662, 40.789911787642161 ], [ 29.50873129532221, 40.789912241302709 ], [ 29.508729624977185, 40.789912666109956 ], [ 29.508727947528236, 40.789913061936595 ], [ 29.508726263478135, 40.789913428663972 ], [ 29.508724573331644, 40.789913766182174 ], [ 29.508722877595339, 40.78991407439004 ], [ 29.508721176777478, 40.789914353195194 ], [ 29.508719471387845, 40.78991460251406 ], [ 29.508717761937586, 40.789914822271918 ], [ 29.508716048939071, 40.789915012402901 ], [ 29.508714332905729, 40.789915172850023 ], [ 29.508712614351904, 40.789915303565188 ], [ 29.508710893792692, 40.789915404509223 ], [ 29.508709171743785, 40.789915475651874 ], [ 29.508707448721335, 40.789915516971803 ], [ 29.508705725241771, 40.789915528456646 ], [ 29.50870400182167, 40.789915510102944 ], [ 29.508702278977587, 40.789915461916209 ], [ 29.5087005572259, 40.789915383910873 ], [ 29.508698837082665, 40.789915276110328 ], [ 29.508697119063456, 40.789915138546881 ], [ 29.508695403683209, 40.789914971261759 ], [ 29.508693691456067, 40.789914774305103 ], [ 29.508691982895233, 40.789914547735954 ], [ 29.508690278512809, 40.78991429162221 ], [ 29.508688578819637, 40.78991400604064 ], [ 29.508686884325169, 40.789913691076841 ], [ 29.508685195537282, 40.789913346825216 ], [ 29.508683512962154, 40.789912973388944 ], [ 29.508681837104103, 40.789912570879956 ], [ 29.508680168465418, 40.789912139418895 ], [ 29.508678507546239, 40.789911679135074 ], [ 29.508676854844392, 40.789911190166464 ], [ 29.50867521085523, 40.789910672659616 ], [ 29.508673576071502, 40.789910126769641 ], [ 29.508671950983192, 40.789909552660156 ], [ 29.50867033607739, 40.789908950503239 ], [ 29.508668731838124, 40.78990832047937 ], [ 29.508667138746222, 40.789907662777388 ], [ 29.50866555727918, 40.78990697759442 ], [ 29.508663987911007, 40.789906265135826 ], [ 29.508662431112082, 40.789905525615168 ], [ 29.50866088734902, 40.789904759254085 ], [ 29.508659357084525, 40.789903966282282 ], [ 29.508657840777264, 40.789903146937426 ], [ 29.508656338881707, 40.789902301465105 ], [ 29.508654851848018, 40.789901430118725 ], [ 29.508653380121899, 40.789900533159454 ], [ 29.508651924144463, 40.789899610856132 ], [ 29.50865048435211, 40.789898663485204 ] ] ] ] } },
{ "type": "Feature", "properties": { "fid": 137, "lanelet_id": 131, "spd_limit": null, "reward": 0, "lanelet_type": "intersection", "pre_id": null, "next_id": null, "adjcnt_id": null, "center_b_id": "222" }, "geometry": { "type": "MultiPolygon", "coordinates": [ [ [ [ 29.508651257528072, 40.78991526876441 ], [ 29.508651384889596, 40.789914981960841 ], [ 29.508651507299057, 40.789914693009003 ], [ 29.50865162472023, 40.789914401994373 ], [ 29.508651737118374, 40.789914109003078 ], [ 29.508651844460232, 40.789913814121796 ], [ 29.508651946714046, 40.789913517437789 ], [ 29.508652043849555, 40.78991321903883 ], [ 29.50865213583802, 40.789912919013226 ], [ 29.508652222652223, 40.789912617449737 ], [ 29.50865230426648, 40.789912314437593 ], [ 29.508652380656635, 40.789912010066459 ], [ 29.508652451800096, 40.789911704426387 ], [ 29.508652517675802, 40.789911397607817 ], [ 29.508652578264265, 40.789911089701533 ], [ 29.508652633547563, 40.789910780798635 ], [ 29.508652683509329, 40.78991047099052 ], [ 29.508652728134788, 40.789910160368869 ], [ 29.50865276741073, 40.789909849025577 ], [ 29.508652801325539, 40.789909537052772 ], [ 29.508652829869177, 40.789909224542768 ], [ 29.508652853033201, 40.789908911588022 ], [ 29.508652870810753, 40.789908598281144 ], [ 29.508652883196575, 40.789908284714826 ], [ 29.508652890187001, 40.789907970981851 ], [ 29.508652891779967, 40.789907657175057 ], [ 29.508652887974996, 40.789907343387284 ], [ 29.508652878773219, 40.789907029711379 ], [ 29.508652864177353, 40.789906716240161 ], [ 29.508652844191719, 40.789906403066382 ], [ 29.508652818822235, 40.789906090282699 ], [ 29.5086527880764, 40.789905777981659 ], [ 29.508652751963318, 40.789905466255675 ], [ 29.508652710493671, 40.789905155196983 ], [ 29.508652663679729, 40.789904844897613 ], [ 29.508652611535343, 40.789904535449381 ], [ 29.508652554075944, 40.789904226943854 ], [ 29.508652491318532, 40.789903919472309 ], [ 29.508652423281678, 40.789903613125723 ], [ 29.50865234998551, 40.789903307994742 ], [ 29.508652271451716, 40.789903004169645 ], [ 29.508652187703536, 40.789902701740338 ], [ 29.508652098765747, 40.789902400796301 ], [ 29.508652004664668, 40.789902101426584 ], [ 29.508651905428138, 40.789901803719758 ], [ 29.50865180108552, 40.789901507763908 ], [ 29.508651691667691, 40.789901213646615 ], [ 29.508651577207022, 40.789900921454901 ], [ 29.508651457737383, 40.789900631275216 ], [ 29.508651333294125, 40.789900343193423 ], [ 29.508651203914066, 40.789900057294766 ], [ 29.508651069635487, 40.789899773663826 ], [ 29.508650930498124, 40.789899492384542 ], [ 29.508650786543139, 40.789899213540124 ], [ 29.508650637813133, 40.789898937213096 ], [ 29.50865048435211, 40.789898663485204 ], [ 29.508673519957071, 40.789877547513996 ], [ 29.508673519957071, 40.789877547513996 ], [ 29.508674067548579, 40.789878752858421 ], [ 29.508674594416956, 40.789879967404168 ], [ 29.508675100407654, 40.789881190794972 ], [ 29.508675585372256, 40.789882422671987 ], [ 29.508676049168507, 40.789883662673873 ], [ 29.508676491660371, 40.789884910436911 ], [ 29.508676912718048, 40.789886165595107 ], [ 29.508677312218033, 40.789887427780279 ], [ 29.508677690043147, 40.789888696622199 ], [ 29.508678046082558, 40.7898899717487 ], [ 29.508678380231839, 40.789891252785743 ], [ 29.508678692392969, 40.789892539357574 ], [ 29.50867898247439, 40.789893831086808 ], [ 29.508679250391008, 40.789895127594555 ], [ 29.508679496064239, 40.789896428500512 ], [ 29.508679719422023, 40.789897733423096 ], [ 29.508679920398844, 40.789899041979538 ], [ 29.508680098935745, 40.78990035378601 ], [ 29.508680254980362, 40.78990166845773 ], [ 29.508680388486926, 40.789902985609068 ], [ 29.508680499416268, 40.789904304853671 ], [ 29.508680587735856, 40.789905625804579 ], [ 29.508680653419781, 40.789906948074318 ], [ 29.508680696448778, 40.789908271275046 ], [ 29.508680716810222, 40.789909595018621 ], [ 29.508680714498148, 40.789910918916767 ], [ 29.508680689513227, 40.789912242581153 ], [ 29.508680641862789, 40.789913565623507 ], [ 29.508680571560813, 40.789914887655762 ], [ 29.50868047862792, 40.78991620829013 ], [ 29.508680363091369, 40.789917527139231 ], [ 29.508680224985049, 40.789918843816217 ], [ 29.508680064349473, 40.78992015793488 ], [ 29.508679881231753, 40.789921469109757 ], [ 29.508679675685606, 40.789922776956239 ], [ 29.508679447771325, 40.789924081090717 ], [ 29.508679197555761, 40.789925381130644 ], [ 29.508678925112307, 40.789926676694698 ], [ 29.50867863052088, 40.789927967402853 ], [ 29.508678313867886, 40.789929252876512 ], [ 29.508677975246215, 40.789930532738616 ], [ 29.508677614755182, 40.789931806613751 ], [ 29.508677232500538, 40.789933074128264 ], [ 29.508676828594403, 40.789934334910356 ], [ 29.508651257528072, 40.78991526876441 ] ] ] ] } },
{ "type": "Feature", "properties": { "fid": 138, "lanelet_id": 132, "spd_limit": null, "reward": 0, "lanelet_type": "intersection", "pre_id": null, "next_id": null, "adjcnt_id": null, "center_b_id": "234" }, "geometry": { "type": "MultiPolygon", "coordinates": [ [ [ [ 29.508676828594403, 40.789934334910356 ], [ 29.508702399660731, 40.789953401056309 ], [ 29.508702399660731, 40.789953401056309 ], [ 29.508703170425672, 40.789952260096413 ], [ 29.508703921166354, 40.789951105862244 ], [ 29.508704651654217, 40.789949938705206 ], [ 29.508705361666877, 40.789948758980621 ], [ 29.508706050988177, 40.789947567047641 ], [ 29.508706719408259, 40.789946363269138 ], [ 29.50870736672363, 40.789945148011597 ], [ 29.508707992737222, 40.789943921644991 ], [ 29.508708597258451, 40.789942684542666 ], [ 29.508709180103274, 40.789941437081247 ], [ 29.508709741094258, 40.78994017964051 ], [ 29.508710280060608, 40.789938912603276 ], [ 29.508710796838244, 40.789937636355283 ], [ 29.50871129126984, 40.789936351285057 ], [ 29.508711763204868, 40.789935057783836 ], [ 29.508712212499653, 40.789933756245411 ], [ 29.508712639017414, 40.789932447066022 ], [ 29.508713042628301, 40.789931130644227 ], [ 29.508713423209439, 40.789929807380808 ], [ 29.508713780644964, 40.789928477678615 ], [ 29.508714114826059, 40.789927141942457 ], [ 29.508714425650982, 40.789925800578992 ], [ 29.50871471302511, 40.789924453996584 ], [ 29.508714976860958, 40.789923102605179 ], [ 29.508715217078198, 40.789921746816198 ], [ 29.508715433603697, 40.7899203870424 ], [ 29.508715626371544, 40.789919023697749 ], [ 29.508715795323045, 40.7899176571973 ], [ 29.50871594040677, 40.789916287957077 ], [ 29.508716061578546, 40.789914916393926 ], [ 29.508716158801484, 40.789913542925404 ], [ 29.508716232045987, 40.789912167969653 ], [ 29.508716281289757, 40.78991079194526 ], [ 29.508716306517801, 40.78990941527114 ], [ 29.508716307722437, 40.789908038366413 ], [ 29.508716284903304, 40.789906661650257 ], [ 29.50871623806734, 40.789905285541806 ], [ 29.508716167228812, 40.789903910459998 ], [ 29.508716072409282, 40.789902536823462 ], [ 29.508715953637619, 40.789901165050388 ], [ 29.50871581094998, 40.789899795558391 ], [ 29.508715644389802, 40.78989842876441 ], [ 29.508715454007799, 40.789897065084546 ], [ 29.508715239861928, 40.789895704933961 ], [ 29.508715002017382, 40.789894348726726 ], [ 29.508714740546573, 40.789892996875736 ], [ 29.508714455529098, 40.789891649792551 ], [ 29.508714147051734, 40.789890307887262 ], [ 29.508713815208388, 40.789888971568409 ], [ 29.50871346010009, 40.789887641242821 ], [ 29.508713081834948, 40.789886317315499 ], [ 29.50871268052812, 40.789885000189493 ], [ 29.508712256301781, 40.789883690265796 ], [ 29.508711809285082, 40.789882387943194 ], [ 29.508711339614113, 40.789881093618177 ], [ 29.508710847431857, 40.789879807684777 ], [ 29.50871033288816, 40.789878530534487 ], [ 29.508709796139662, 40.789877262556125 ], [ 29.508709237349777, 40.789876004135706 ], [ 29.508708656688622, 40.789874755656349 ], [ 29.508708054332967, 40.789873517498144 ], [ 29.508707430466199, 40.789872290038026 ], [ 29.508706785278246, 40.789871073649692 ], [ 29.508706118965531, 40.789869868703455 ], [ 29.508705431730899, 40.78986867556614 ], [ 29.50870472378358, 40.789867494600998 ], [ 29.508703995339097, 40.789866326167555 ], [ 29.508703246619216, 40.789865170621525 ], [ 29.508702477851877, 40.78986402831471 ], [ 29.508701689271128, 40.789862899594873 ], [ 29.508700881117036, 40.78986178480563 ], [ 29.508700053635643, 40.789860684286381 ], [ 29.508699207078866, 40.789859598372153 ], [ 29.508698341704424, 40.789858527393555 ], [ 29.508697457775778, 40.789857471676633 ], [ 29.508696555562029, 40.789856431542781 ], [ 29.508673519957071, 40.789877547513996 ], [ 29.508673519957071, 40.789877547513996 ], [ 29.508674067548579, 40.789878752858421 ], [ 29.508674594416956, 40.789879967404168 ], [ 29.508675100407654, 40.789881190794972 ], [ 29.508675585372256, 40.789882422671987 ], [ 29.508676049168507, 40.789883662673873 ], [ 29.508676491660371, 40.789884910436911 ], [ 29.508676912718048, 40.789886165595107 ], [ 29.508677312218033, 40.789887427780272 ], [ 29.508677690043147, 40.789888696622199 ], [ 29.508678046082562, 40.7898899717487 ], [ 29.508678380231839, 40.789891252785743 ], [ 29.508678692392973, 40.789892539357574 ], [ 29.50867898247439, 40.789893831086808 ], [ 29.508679250391008, 40.789895127594555 ], [ 29.508679496064243, 40.789896428500512 ], [ 29.508679719422027, 40.789897733423096 ], [ 29.508679920398844, 40.789899041979538 ], [ 29.508680098935749, 40.78990035378601 ], [ 29.508680254980366, 40.78990166845773 ], [ 29.508680388486926, 40.789902985609068 ], [ 29.508680499416268, 40.789904304853671 ], [ 29.508680587735856, 40.789905625804579 ], [ 29.508680653419784, 40.789906948074318 ], [ 29.508680696448778, 40.789908271275046 ], [ 29.508680716810225, 40.789909595018621 ], [ 29.508680714498148, 40.789910918916767 ], [ 29.508680689513227, 40.789912242581153 ], [ 29.508680641862792, 40.789913565623507 ], [ 29.508680571560816, 40.789914887655762 ], [ 29.508680478627923, 40.78991620829013 ], [ 29.508680363091372, 40.789917527139231 ], [ 29.508680224985053, 40.789918843816217 ], [ 29.508680064349473, 40.78992015793488 ], [ 29.508679881231753, 40.789921469109757 ], [ 29.50867967568561, 40.789922776956239 ], [ 29.508679447771328, 40.789924081090717 ], [ 29.508679197555761, 40.789925381130644 ], [ 29.50867892511231, 40.789926676694698 ], [ 29.50867863052088, 40.789927967402853 ], [ 29.50867831386789, 40.789929252876512 ], [ 29.508677975246215, 40.789930532738616 ], [ 29.508677614755186, 40.789931806613758 ], [ 29.508677232500538, 40.789933074128264 ], [ 29.508676828594403, 40.789934334910356 ] ] ] ] } },
{ "type": "Feature", "properties": { "fid": 139, "lanelet_id": 133, "spd_limit": null, "reward": 0, "lanelet_type": "lane_follow", "pre_id": null, "next_id": null, "adjcnt_id": null, "center_b_id": "216" }, "geometry": { "type": "MultiPolygon", "coordinates": [ [ [ [ 29.508757983841921, 40.789935136526395 ], [ 29.508779099813133, 40.789915940188934 ], [ 29.508779099813133, 40.789915940188934 ], [ 29.508864523514855, 40.789972569384453 ], [ 29.508864523514855, 40.789972569384453 ], [ 29.50884388745208, 40.789992245630359 ], [ 29.50884388745208, 40.789992245630359 ], [ 29.508757983841921, 40.789935136526395 ] ] ] ] } },
{ "type": "Feature", "properties": { "fid": 140, "lanelet_id": 134, "spd_limit": null, "reward": 0, "lanelet_type": "intersection", "pre_id": null, "next_id": null, "adjcnt_id": null, "center_b_id": "335" }, "geometry": { "type": "MultiPolygon", "coordinates": [ [ [ [ 29.509159355933036, 40.789722449947504 ], [ 29.509159518917407, 40.789722803507011 ], [ 29.509159675718486, 40.789723159851867 ], [ 29.509159826288688, 40.789723518873934 ], [ 29.509159970582324, 40.789723880464287 ], [ 29.509160108555616, 40.789724244513188 ], [ 29.509160240166697, 40.789724610910177 ], [ 29.509160365375624, 40.789724979544083 ], [ 29.509160484144413, 40.789725350303044 ], [ 29.509160596437024, 40.789725723074561 ], [ 29.509160702219376, 40.789726097745515 ], [ 29.50916080145938, 40.789726474202226 ], [ 29.509160894126914, 40.78972685233046 ], [ 29.509160980193869, 40.789727232015473 ], [ 29.509161059634124, 40.789727613142063 ], [ 29.509161132423571, 40.789727995594582 ], [ 29.509161198540127, 40.789728379256978 ], [ 29.509161257963733, 40.789728764012835 ], [ 29.509161310676351, 40.789729149745398 ], [ 29.509161356661988, 40.789729536337632 ], [ 29.509161395906695, 40.789729923672219 ], [ 29.509161428398556, 40.789730311631644 ], [ 29.509161454127717, 40.789730700098168 ], [ 29.509161473086372, 40.789731088953928 ], [ 29.509161485268763, 40.789731478080924 ], [ 29.5091614906712, 40.789731867361091 ], [ 29.509161489292037, 40.789732256676295 ], [ 29.509161481131695, 40.789732645908416 ], [ 29.509161466192651, 40.789733034939339 ], [ 29.509161444479439, 40.789733423651015 ], [ 29.509161415998648, 40.789733811925501 ], [ 29.509161380758915, 40.789734199644975 ], [ 29.509161338770937, 40.7897345866918 ], [ 29.509161290047459, 40.789734972948523 ], [ 29.509161234603255, 40.789735358297939 ], [ 29.509161172455155, 40.789735742623122 ], [ 29.509161103622016, 40.789736125807451 ], [ 29.50916102812473, 40.789736507734659 ], [ 29.509160945986196, 40.78973688828885 ], [ 29.50916085723134, 40.789737267354553 ], [ 29.509160761887099, 40.789737644816746 ], [ 29.509160659982399, 40.789738020560897 ], [ 29.509160551548167, 40.789738394472984 ], [ 29.509160436617297, 40.789738766439555 ], [ 29.509160315224673, 40.789739136347734 ], [ 29.509160187407119, 40.789739504085283 ], [ 29.509160053203431, 40.789739869540618 ], [ 29.509159912654322, 40.789740232602846 ], [ 29.509159765802444, 40.789740593161795 ], [ 29.509159612692358, 40.789740951108072 ], [ 29.509159453370522, 40.789741306333049 ], [ 29.509159287885279, 40.789741658728943 ], [ 29.509184205689905, 40.789760538284575 ], [ 29.509184205689905, 40.789760538284575 ], [ 29.509184668408707, 40.789759895044661 ], [ 29.509185119871219, 40.789759243855066 ], [ 29.509185559940882, 40.789758584912747 ], [ 29.509185988484596, 40.789757918417017 ], [ 29.509186405372748, 40.789757244569444 ], [ 29.509186810479246, 40.789756563573839 ], [ 29.509187203681567, 40.789755875636189 ], [ 29.509187584860783, 40.789755180964548 ], [ 29.509187953901602, 40.789754479769023 ], [ 29.509188310692405, 40.789753772261712 ], [ 29.509188655125286, 40.789753058656579 ], [ 29.50918898709606, 40.789752339169482 ], [ 29.509189306504325, 40.789751614018023 ], [ 29.509189613253472, 40.789750883421526 ], [ 29.509189907250729, 40.789750147600962 ], [ 29.509190188407167, 40.789749406778895 ], [ 29.509190456637757, 40.789748661179381 ], [ 29.509190711861361, 40.789747911027931 ], [ 29.509190954000797, 40.789747156551442 ], [ 29.509191182982818, 40.789746397978099 ], [ 29.509191398738171, 40.789745635537344 ], [ 29.509191601201604, 40.789744869459774 ], [ 29.509191790311874, 40.789744099977092 ], [ 29.509191966011787, 40.78974332732205 ], [ 29.509192128248202, 40.789742551728324 ], [ 29.509192276972048, 40.789741773430499 ], [ 29.509192412138344, 40.78974099266398 ], [ 29.509192533706205, 40.789740209664913 ], [ 29.509192641638869, 40.789739424670124 ], [ 29.509192735903685, 40.789738637917033 ], [ 29.509192816472144, 40.7897378496436 ], [ 29.509192883319876, 40.789737060088243 ], [ 29.509192936426668, 40.789736269489765 ], [ 29.50919297577645, 40.789735478087287 ], [ 29.509193001357328, 40.789734686120184 ], [ 29.509193013161557, 40.789733893827972 ], [ 29.509193011185573, 40.789733101450302 ], [ 29.50919299542997, 40.789732309226821 ], [ 29.509192965899519, 40.789731517397144 ], [ 29.509192922603145, 40.789730726200766 ], [ 29.509192865553942, 40.789729935876991 ], [ 29.509192794769174, 40.789729146664854 ], [ 29.509192710270241, 40.789728358803053 ], [ 29.509192612082707, 40.789727572529891 ], [ 29.509192500236264, 40.789726788083172 ], [ 29.509192374764744, 40.789726005700153 ], [ 29.509192235706095, 40.789725225617481 ], [ 29.509192083102377, 40.789724448071091 ], [ 29.509191916999747, 40.789723673296159 ], [ 29.50919173744844, 40.789722901527014 ], [ 29.509191544502766, 40.789722132997092 ], [ 29.509191338221079, 40.789721367938824 ], [ 29.509191118665772, 40.789720606583614 ], [ 29.509190885903251, 40.789719849161749 ], [ 29.509190640003919, 40.789719095902299 ], [ 29.509190381042142, 40.789718347033094 ], [ 29.509190109096249, 40.789717602780641 ], [ 29.509189824248494, 40.789716863370039 ], [ 29.509189526585029, 40.789716129024924 ], [ 29.509189216195882, 40.789715399967413 ], [ 29.50918889317493, 40.789714676418001 ], [ 29.509188557619879, 40.789713958595541 ], [ 29.509188209632214, 40.789713246717128 ], [ 29.50918784931719, 40.789712540998089 ], [ 29.509187476783783, 40.789711841651865 ], [ 29.509187092144671, 40.789711148889971 ], [ 29.509186695516185, 40.789710462921953 ], [ 29.509186287018291, 40.789709783955267 ], [ 29.509185866774544, 40.78970911219529 ], [ 29.509185434912045, 40.789708447845179 ], [ 29.509184991561416, 40.789707791105883 ], [ 29.509184536856747, 40.789707142176042 ], [ 29.509184070935568, 40.789706501251914 ], [ 29.509183593938797, 40.789705868527356 ], [ 29.50918310601071, 40.78970524419374 ], [ 29.509182607298882, 40.789704628439893 ], [ 29.509182097954149, 40.789704021452067 ], [ 29.509181578130562, 40.78970342341384 ], [ 29.509181047985354, 40.789702834506087 ], [ 29.50918050767886, 40.789702254906935 ], [ 29.509179957374506, 40.789701684791687 ], [ 29.509179397238729, 40.789701124332765 ], [ 29.509178827440952, 40.789700573699704 ], [ 29.509178248153507, 40.789700033059027 ], [ 29.509159355933036, 40.789722449947504 ] ] ] ] } },
{ "type": "Feature", "properties": { "fid": 141, "lanelet_id": 135, "spd_limit": null, "reward": 0, "lanelet_type": "intersection", "pre_id": null, "next_id": null, "adjcnt_id": null, "center_b_id": "337" }, "geometry": { "type": "MultiPolygon", "coordinates": [ [ [ [ 29.509184205689905, 40.789760538284575 ], [ 29.50920777108022, 40.789778524903191 ], [ 29.50920777108022, 40.789778524903191 ], [ 29.509208561393777, 40.789777695952345 ], [ 29.509209337223588, 40.789776853430467 ], [ 29.509210098336659, 40.789775997590574 ], [ 29.509210844504398, 40.789775128689705 ], [ 29.509211575502725, 40.789774246988813 ], [ 29.509212291112096, 40.789773352752682 ], [ 29.509212991117597, 40.789772446249884 ], [ 29.509213675308999, 40.78977152775267 ], [ 29.509214343480824, 40.789770597536865 ], [ 29.509214995432405, 40.789769655881855 ], [ 29.50921563096794, 40.789768703070436 ], [ 29.509216249896568, 40.789767739388765 ], [ 29.509216852032409, 40.789766765126245 ], [ 29.509217437194621, 40.789765780575486 ], [ 29.509218005207476, 40.789764786032158 ], [ 29.509218555900375, 40.789763781794967 ], [ 29.509219089107937, 40.789762768165488 ], [ 29.509219604670029, 40.789761745448153 ], [ 29.509220102431808, 40.789760713950102 ], [ 29.509220582243792, 40.789759673981116 ], [ 29.509221043961876, 40.789758625853537 ], [ 29.509221487447398, 40.789757569882127 ], [ 29.50922191256717, 40.78975650638403 ], [ 29.509222319193512, 40.789755435678643 ], [ 29.509222707204309, 40.789754358087514 ], [ 29.509223076483032, 40.789753273934274 ], [ 29.509223426918776, 40.789752183544522 ], [ 29.509223758406296, 40.789751087245726 ], [ 29.509224070846042, 40.789749985367138 ], [ 29.509224364144174, 40.789748878239671 ], [ 29.509224638212615, 40.789747766195831 ], [ 29.509224892969051, 40.78974664956958 ], [ 29.509225128336972, 40.78974552869628 ], [ 29.509225344245696, 40.789744403912543 ], [ 29.509225540630375, 40.789743275556184 ], [ 29.509225717432034, 40.789742143966066 ], [ 29.509225874597572, 40.789741009482036 ], [ 29.50922601207979, 40.789739872444805 ], [ 29.509226129837398, 40.789738733195861 ], [ 29.509226227835033, 40.789737592077337 ], [ 29.50922630604326, 40.789736449431942 ], [ 29.509226364438593, 40.789735305602846 ], [ 29.509226403003492, 40.789734160933563 ], [ 29.509226421726382, 40.789733015767865 ], [ 29.509226420601635, 40.789731870449678 ], [ 29.509226399629586, 40.789730725322961 ], [ 29.509226358816541, 40.789729580731631 ], [ 29.509226298174749, 40.789728437019434 ], [ 29.509226217722428, 40.789727294529854 ], [ 29.509226117483738, 40.789726153606004 ], [ 29.509225997488784, 40.789725014590537 ], [ 29.509225857773604, 40.78972387782553 ], [ 29.509225698380153, 40.789722743652369 ], [ 29.509225519356303, 40.789721612411689 ], [ 29.509225320755824, 40.789720484443215 ], [ 29.509225102638354, 40.789719360085719 ], [ 29.509224865069402, 40.789718239676859 ], [ 29.50922460812032, 40.789717123553125 ], [ 29.509224331868268, 40.789716012049716 ], [ 29.509224036396212, 40.789714905500446 ], [ 29.509223721792896, 40.789713804237643 ], [ 29.509223388152797, 40.789712708592027 ], [ 29.50922303557612, 40.78971161889266 ], [ 29.50922266416875, 40.78971053546681 ], [ 29.509222274042227, 40.789709458639841 ], [ 29.509221865313719, 40.789708388735157 ], [ 29.509221438105978, 40.78970732607408 ], [ 29.509220992547302, 40.789706270975749 ], [ 29.5092205287715, 40.789705223757039 ], [ 29.509220046917864, 40.789704184732457 ], [ 29.509219547131099, 40.789703154214038 ], [ 29.509219029561308, 40.789702132511273 ], [ 29.509218494363928, 40.789701119931017 ], [ 29.509217941699688, 40.789700116777361 ], [ 29.509217371734572, 40.789699123351575 ], [ 29.509216784639751, 40.789698139952016 ], [ 29.509216180591547, 40.789697166874021 ], [ 29.509215559771366, 40.789696204409829 ], [ 29.509214922365658, 40.789695252848489 ], [ 29.509214268565852, 40.789694312475774 ], [ 29.509213598568302, 40.789693383574111 ], [ 29.509212912574217, 40.789692466422473 ], [ 29.509212210789624, 40.789691561296287 ], [ 29.509211493425287, 40.789690668467401 ], [ 29.509210760696643, 40.789689788203944 ], [ 29.50921001282375, 40.789688920770281 ], [ 29.509209250031212, 40.789688066426926 ], [ 29.509208472548117, 40.789687225430463 ], [ 29.509207680607961, 40.789686398033453 ], [ 29.50920687444858, 40.789685584484388 ], [ 29.509206054312088, 40.789684785027603 ], [ 29.509205220444787, 40.78968399990319 ], [ 29.509204373097113, 40.789683229346942 ], [ 29.509203512523538, 40.789682473590268 ], [ 29.509202638982519, 40.789681732860153 ], [ 29.509201752736399, 40.789681007379045 ], [ 29.509200854051343, 40.789680297364832 ], [ 29.509199943197242, 40.789679603030741 ], [ 29.50919902044765, 40.789678924585303 ], [ 29.509198086079696, 40.789678262232265 ], [ 29.509197140373985, 40.789677616170557 ], [ 29.509178248153507, 40.789700033059027 ], [ 29.509178248153507, 40.789700033059027 ], [ 29.509178827440952, 40.789700573699704 ], [ 29.509179397238729, 40.789701124332765 ], [ 29.509179957374506, 40.789701684791687 ], [ 29.50918050767886, 40.789702254906935 ], [ 29.509181047985354, 40.789702834506087 ], [ 29.509181578130562, 40.78970342341384 ], [ 29.509182097954149, 40.789704021452067 ], [ 29.509182607298882, 40.789704628439893 ], [ 29.509183106010713, 40.78970524419374 ], [ 29.509183593938801, 40.789705868527356 ], [ 29.509184070935568, 40.789706501251914 ], [ 29.509184536856747, 40.789707142176042 ], [ 29.509184991561416, 40.789707791105883 ], [ 29.509185434912045, 40.789708447845179 ], [ 29.509185866774544, 40.78970911219529 ], [ 29.509186287018295, 40.789709783955267 ], [ 29.509186695516188, 40.789710462921953 ], [ 29.509187092144671, 40.789711148889971 ], [ 29.509187476783787, 40.789711841651865 ], [ 29.50918784931719, 40.789712540998089 ], [ 29.509188209632217, 40.789713246717128 ], [ 29.509188557619879, 40.789713958595534 ], [ 29.509188893174933, 40.789714676418001 ], [ 29.509189216195882, 40.789715399967413 ], [ 29.509189526585029, 40.789716129024924 ], [ 29.509189824248494, 40.789716863370039 ], [ 29.509190109096252, 40.789717602780641 ], [ 29.509190381042142, 40.789718347033094 ], [ 29.509190640003919, 40.789719095902299 ], [ 29.509190885903251, 40.789719849161749 ], [ 29.509191118665775, 40.789720606583614 ], [ 29.509191338221079, 40.789721367938824 ], [ 29.509191544502766, 40.789722132997092 ], [ 29.509191737448443, 40.789722901527014 ], [ 29.509191916999747, 40.789723673296159 ], [ 29.509192083102381, 40.789724448071091 ], [ 29.509192235706099, 40.789725225617481 ], [ 29.509192374764748, 40.789726005700153 ], [ 29.509192500236267, 40.789726788083172 ], [ 29.509192612082707, 40.789727572529891 ], [ 29.509192710270245, 40.789728358803053 ], [ 29.509192794769174, 40.789729146664854 ], [ 29.509192865553945, 40.789729935876991 ], [ 29.509192922603145, 40.789730726200766 ], [ 29.509192965899519, 40.789731517397144 ], [ 29.509192995429974, 40.789732309226821 ], [ 29.509193011185573, 40.789733101450302 ], [ 29.509193013161561, 40.789733893827972 ], [ 29.509193001357328, 40.789734686120184 ], [ 29.50919297577645, 40.789735478087287 ], [ 29.509192936426668, 40.789736269489765 ], [ 29.50919288331988, 40.789737060088243 ], [ 29.509192816472144, 40.7897378496436 ], [ 29.509192735903685, 40.789738637917033 ], [ 29.509192641638869, 40.789739424670124 ], [ 29.509192533706209, 40.789740209664913 ], [ 29.509192412138344, 40.78974099266398 ], [ 29.509192276972048, 40.789741773430499 ], [ 29.509192128248202, 40.789742551728324 ], [ 29.509191966011787, 40.78974332732205 ], [ 29.509191790311874, 40.789744099977099 ], [ 29.509191601201604, 40.789744869459774 ], [ 29.509191398738174, 40.789745635537344 ], [ 29.509191182982818, 40.789746397978099 ], [ 29.509190954000797, 40.789747156551442 ], [ 29.509190711861365, 40.789747911027931 ], [ 29.509190456637757, 40.789748661179381 ], [ 29.509190188407167, 40.789749406778895 ], [ 29.509189907250729, 40.789750147600962 ], [ 29.509189613253476, 40.789750883421526 ], [ 29.509189306504325, 40.789751614018023 ], [ 29.50918898709606, 40.789752339169482 ], [ 29.509188655125286, 40.789753058656586 ], [ 29.509188310692409, 40.789753772261712 ], [ 29.509187953901602, 40.789754479769023 ], [ 29.509187584860783, 40.789755180964548 ], [ 29.50918720368157, 40.789755875636189 ], [ 29.50918681047925, 40.789756563573839 ], [ 29.509186405372748, 40.789757244569444 ], [ 29.509185988484596, 40.789757918417017 ], [ 29.509185559940882, 40.789758584912747 ], [ 29.509185119871219, 40.789759243855066 ], [ 29.509184668408711, 40.789759895044661 ], [ 29.509184205689905, 40.789760538284575 ] ] ] ] } },
{ "type": "Feature", "properties": { "fid": 142, "lanelet_id": 136, "spd_limit": null, "reward": 0, "lanelet_type": "intersection", "pre_id": null, "next_id": null, "adjcnt_id": null, "center_b_id": "329" }, "geometry": { "type": "MultiPolygon", "coordinates": [ [ [ [ 29.50920777108022, 40.789778524903191 ], [ 29.509208396231774, 40.78977823096217 ], [ 29.509209026329135, 40.789777947778283 ], [ 29.509209661187214, 40.789777675434735 ], [ 29.509210300619532, 40.789777414011503 ], [ 29.509210944438259, 40.789777163585384 ], [ 29.509211592454282, 40.789776924229947 ], [ 29.509212244477251, 40.789776696015487 ], [ 29.509212900315642, 40.789776479009049 ], [ 29.509213559776814, 40.78977627327437 ], [ 29.509214222667051, 40.789776078871888 ], [ 29.509214888791639, 40.789775895858703 ], [ 29.50921555795491, 40.789775724288575 ], [ 29.509216229960305, 40.789775564211894 ], [ 29.50921690461043, 40.789775415675692 ], [ 29.509217581707109, 40.789775278723596 ], [ 29.509218261051458, 40.78977515339583 ], [ 29.509218942443923, 40.789775039729207 ], [ 29.509219625684356, 40.78977493775713 ], [ 29.509220310572058, 40.789774847509534 ], [ 29.509220996905849, 40.789774769012936 ], [ 29.509221684484132, 40.789774702290394 ], [ 29.509222373104937, 40.789774647361504 ], [ 29.509223062565983, 40.789774604242403 ], [ 29.509223752664752, 40.78977457294576 ], [ 29.509224443198537, 40.789774553480761 ], [ 29.509225133964499, 40.789774545853135 ], [ 29.509225824759728, 40.789774550065104 ], [ 29.509226515381318, 40.789774566115447 ], [ 29.509227205626402, 40.789774593999446 ], [ 29.509227895292227, 40.789774633708909 ], [ 29.509228584176213, 40.789774685232167 ], [ 29.509229272076006, 40.789774748554095 ], [ 29.509229958789547, 40.789774823656082 ], [ 29.509230644115114, 40.78977491051608 ], [ 29.509231327851403, 40.78977500910856 ], [ 29.509232009797575, 40.789775119404574 ], [ 29.509232689753315, 40.789775241371721 ], [ 29.509233367518892, 40.78977537497417 ], [ 29.509234042895223, 40.789775520172682 ], [ 29.509234715683917, 40.789775676924606 ], [ 29.509235385687354, 40.78977584518389 ], [ 29.509236052708726, 40.789776024901116 ], [ 29.509254099008881, 40.789753185052483 ], [ 29.509254099008881, 40.789753185052483 ], [ 29.509252993636149, 40.789752699618312 ], [ 29.509251880037098, 40.78975223336478 ], [ 29.509250758544521, 40.789751786431225 ], [ 29.509249629493574, 40.7897513589512 ], [ 29.509248493221676, 40.789750951052469 ], [ 29.509247350068392, 40.789750562856923 ], [ 29.509246200375358, 40.789750194480582 ], [ 29.50924504448615, 40.789749846033523 ], [ 29.509243882746208, 40.789749517619889 ], [ 29.509242715502715, 40.789749209337828 ], [ 29.509241543104498, 40.789748921279454 ], [ 29.509240365901924, 40.789748653530864 ], [ 29.509239184246798, 40.78974840617208 ], [ 29.509237998492257, 40.789748179277005 ], [ 29.509236808992657, 40.789747972913467 ], [ 29.509235616103481, 40.789747787143121 ], [ 29.509234420181219, 40.789747622021494 ], [ 29.509233221583273, 40.789747477597935 ], [ 29.509232020667834, 40.789747353915587 ], [ 29.509230817793803, 40.789747251011434 ], [ 29.509229613320645, 40.789747168916215 ], [ 29.509228407608322, 40.789747107654463 ], [ 29.509227201017158, 40.789747067244498 ], [ 29.509225993907737, 40.789747047698384 ], [ 29.5092247866408, 40.789747049021969 ], [ 29.509223579577139, 40.789747071214862 ], [ 29.509222373077481, 40.789747114270419 ], [ 29.509221167502385, 40.789747178175773 ], [ 29.509219963212136, 40.789747262911838 ], [ 29.509218760566629, 40.789747368453284 ], [ 29.509217559925279, 40.789747494768569 ], [ 29.509216361646889, 40.789747641819943 ], [ 29.509215166089561, 40.789747809563465 ], [ 29.509213973610592, 40.789747997949007 ], [ 29.509212784566344, 40.789748206920258 ], [ 29.509211599312163, 40.789748436414783 ], [ 29.509210418202262, 40.789748686363986 ], [ 29.509209241589609, 40.789748956693174 ], [ 29.509208069825831, 40.789749247321566 ], [ 29.509206903261113, 40.789749558162299 ], [ 29.509205742244074, 40.789749889122483 ], [ 29.509204587121687, 40.78975024010321 ], [ 29.509203438239151, 40.789750610999597 ], [ 29.509202295939811, 40.789751001700793 ], [ 29.509201160565038, 40.789751412090041 ], [ 29.509200032454142, 40.789751842044701 ], [ 29.509198911944249, 40.789752291436272 ], [ 29.509197799370224, 40.789752760130469 ], [ 29.50919669506456, 40.789753247987214 ], [ 29.50919559935727, 40.789753754860712 ], [ 29.50919451257581, 40.789754280599489 ], [ 29.509193435044956, 40.78975482504643 ], [ 29.509192367086733, 40.78975538803882 ], [ 29.509191309020292, 40.789755969408425 ], [ 29.509190261161834, 40.789756568981488 ], [ 29.50918922382451, 40.789757186578832 ], [ 29.509188197318327, 40.789757822015901 ], [ 29.509187181950054, 40.789758475102779 ], [ 29.509186178023128, 40.789759145644311 ], [ 29.509185185837577, 40.789759833440087 ], [ 29.509184205689905, 40.789760538284575 ], [ 29.50920777108022, 40.789778524903191 ] ] ] ] } },
{ "type": "Feature", "properties": { "fid": 143, "lanelet_id": 137, "spd_limit": null, "reward": 0, "lanelet_type": "intersection", "pre_id": null, "next_id": null, "adjcnt_id": null, "center_b_id": "332" }, "geometry": { "type": "MultiPolygon", "coordinates": [ [ [ [ 29.509159287885279, 40.789741658728943 ], [ 29.509184205689905, 40.789760538284575 ], [ 29.509184205689905, 40.789760538284575 ], [ 29.509185185837577, 40.789759833440087 ], [ 29.509186178023128, 40.789759145644304 ], [ 29.509187181950054, 40.789758475102779 ], [ 29.509188197318327, 40.789757822015901 ], [ 29.50918922382451, 40.789757186578832 ], [ 29.509190261161834, 40.789756568981488 ], [ 29.509191309020288, 40.789755969408425 ], [ 29.509192367086733, 40.78975538803882 ], [ 29.509193435044956, 40.78975482504643 ], [ 29.50919451257581, 40.789754280599489 ], [ 29.50919559935727, 40.789753754860712 ], [ 29.50919669506456, 40.789753247987214 ], [ 29.509197799370224, 40.789752760130469 ], [ 29.509198911944249, 40.789752291436272 ], [ 29.509200032454142, 40.789751842044694 ], [ 29.509201160565038, 40.789751412090041 ], [ 29.509202295939811, 40.789751001700786 ], [ 29.509203438239151, 40.78975061099959 ], [ 29.509204587121687, 40.78975024010321 ], [ 29.509205742244074, 40.789749889122483 ], [ 29.509206903261113, 40.789749558162292 ], [ 29.509208069825831, 40.789749247321559 ], [ 29.509209241589609, 40.789748956693174 ], [ 29.509210418202262, 40.789748686363986 ], [ 29.509211599312163, 40.789748436414776 ], [ 29.509212784566344, 40.789748206920258 ], [ 29.509213973610592, 40.789747997949 ], [ 29.509215166089561, 40.789747809563465 ], [ 29.509216361646889, 40.789747641819943 ], [ 29.509217559925276, 40.789747494768569 ], [ 29.509218760566629, 40.789747368453284 ], [ 29.509219963212132, 40.789747262911838 ], [ 29.509221167502385, 40.789747178175773 ], [ 29.509222373077481, 40.789747114270412 ], [ 29.509223579577139, 40.789747071214855 ], [ 29.5092247866408, 40.789747049021969 ], [ 29.509225993907737, 40.789747047698384 ], [ 29.509227201017158, 40.789747067244498 ], [ 29.509228407608322, 40.789747107654463 ], [ 29.509229613320645, 40.789747168916215 ], [ 29.509230817793799, 40.789747251011434 ], [ 29.509232020667834, 40.789747353915587 ], [ 29.509233221583273, 40.789747477597928 ], [ 29.509234420181219, 40.789747622021494 ], [ 29.509235616103481, 40.789747787143121 ], [ 29.509236808992657, 40.789747972913467 ], [ 29.509237998492257, 40.789748179277005 ], [ 29.509239184246798, 40.78974840617208 ], [ 29.509240365901924, 40.789748653530864 ], [ 29.509241543104498, 40.789748921279454 ], [ 29.509242715502715, 40.789749209337828 ], [ 29.509243882746208, 40.789749517619889 ], [ 29.50924504448615, 40.789749846033523 ], [ 29.509246200375358, 40.789750194480582 ], [ 29.509247350068392, 40.789750562856923 ], [ 29.509248493221676, 40.789750951052469 ], [ 29.509249629493574, 40.7897513589512 ], [ 29.509250758544521, 40.789751786431225 ], [ 29.509251880037098, 40.78975223336478 ], [ 29.509252993636149, 40.789752699618319 ], [ 29.509254099008881, 40.789753185052483 ], [ 29.509272145309037, 40.78973034520385 ], [ 29.509272145309037, 40.78973034520385 ], [ 29.50927096094949, 40.789729486554407 ], [ 29.50926976190102, 40.789728648539388 ], [ 29.509268548523089, 40.789727831410026 ], [ 29.509267321179454, 40.789727035411282 ], [ 29.509266080238053, 40.789726260781798 ], [ 29.509264826070915, 40.789725507753779 ], [ 29.50926355905402, 40.789724776552994 ], [ 29.509262279567206, 40.789724067398645 ], [ 29.509260987994054, 40.789723380503318 ], [ 29.509259684721755, 40.789722716072944 ], [ 29.509258370141019, 40.789722074306717 ], [ 29.509257044645945, 40.789721455397022 ], [ 29.509255708633901, 40.789720859529403 ], [ 29.509254362505406, 40.789720286882499 ], [ 29.509253006664014, 40.789719737627983 ], [ 29.509251641516197, 40.78971921193051 ], [ 29.509250267471202, 40.789718709947685 ], [ 29.509248884940963, 40.789718231829994 ], [ 29.509247494339935, 40.789717777720767 ], [ 29.509246096085015, 40.789717347756145 ], [ 29.509244690595377, 40.789716942065027 ], [ 29.509243278292377, 40.78971656076903 ], [ 29.509241859599406, 40.789716203982465 ], [ 29.50924043494177, 40.789715871812298 ], [ 29.509239004746565, 40.789715564358104 ], [ 29.509237569442551, 40.789715281712063 ], [ 29.509236129460014, 40.789715023958891 ], [ 29.509234685230648, 40.789714791175875 ], [ 29.509233237187409, 40.789714583432797 ], [ 29.509231785764413, 40.789714400791937 ], [ 29.509230331396775, 40.78971424330804 ], [ 29.509228874520502, 40.789714111028331 ], [ 29.509227415572344, 40.789714003992458 ], [ 29.509225954989684, 40.789713922232515 ], [ 29.509224493210382, 40.789713865773003 ], [ 29.509223030672668, 40.789713834630859 ], [ 29.50922156781499, 40.789713828815408 ], [ 29.509220105075901, 40.789713848328404 ], [ 29.509218642893913, 40.789713893163992 ], [ 29.509217181707367, 40.789713963308728 ], [ 29.509215721954316, 40.789714058741588 ], [ 29.509214264072376, 40.789714179433957 ], [ 29.509212808498603, 40.789714325349664 ], [ 29.509211355669361, 40.789714496444951 ], [ 29.509209906020196, 40.789714692668539 ], [ 29.509208459985693, 40.789714913961589 ], [ 29.509207017999358, 40.789715160257771 ], [ 29.509205580493479, 40.789715431483245 ], [ 29.509204147899013, 40.789715727556697 ], [ 29.509202720645426, 40.789716048389366 ], [ 29.509201299160598, 40.78971639388508 ], [ 29.509199883870675, 40.789716763940255 ], [ 29.509198475199941, 40.789717158443949 ], [ 29.509197073570704, 40.789717577277905 ], [ 29.509195679403156, 40.789718020316556 ], [ 29.50919429311525, 40.789718487427081 ], [ 29.509192915122583, 40.789718978469452 ], [ 29.509191545838259, 40.78971949329646 ], [ 29.509190185672775, 40.789720031753752 ], [ 29.509188835033896, 40.789720593679924 ], [ 29.509187494326525, 40.789721178906497 ], [ 29.509186163952595, 40.789721787258046 ], [ 29.509184844310933, 40.789722418552181 ], [ 29.509183535797156, 40.789723072599649 ], [ 29.50918223880354, 40.789723749204377 ], [ 29.509180953718907, 40.789724448163525 ], [ 29.509179680928515, 40.789725169267555 ], [ 29.509178420813935, 40.789725912300291 ], [ 29.509177173752928, 40.789726677038971 ], [ 29.509175940119352, 40.789727463254337 ], [ 29.509174720283038, 40.78972827071069 ], [ 29.509173514609678, 40.789729099165974 ], [ 29.509172323460721, 40.789729948371814 ], [ 29.509171147193257, 40.789730818073636 ], [ 29.509169986159922, 40.789731708010706 ], [ 29.509168840708774, 40.789732617916236 ], [ 29.509167711183217, 40.78973354751745 ], [ 29.509166597921858, 40.789734496535651 ], [ 29.509165501258451, 40.789735464686352 ], [ 29.50916442152176, 40.789736451679296 ], [ 29.509163359035472, 40.7897374572186 ], [ 29.509162314118118, 40.789738481002814 ], [ 29.509161287082947, 40.789739522725021 ], [ 29.509160278237854, 40.789740582072923 ], [ 29.509159287885279, 40.789741658728943 ] ] ] ] } },
{ "type": "Feature", "properties": { "fid": 144, "lanelet_id": 138, "spd_limit": null, "reward": 0, "lanelet_type": "intersection", "pre_id": null, "next_id": null, "adjcnt_id": null, "center_b_id": "446" }, "geometry": { "type": "MultiPolygon", "coordinates": [ [ [ [ 29.508825980868462, 40.790030848265168 ], [ 29.508888248988086, 40.789974608995252 ], [ 29.508911824490035, 40.789996564806231 ], [ 29.508850816130057, 40.790050464522515 ], [ 29.508825980868462, 40.790030848265168 ] ] ] ] } },
{ "type": "Feature", "properties": { "fid": 145, "lanelet_id": 139, "spd_limit": null, "reward": 0, "lanelet_type": "intersection", "pre_id": null, "next_id": null, "adjcnt_id": null, "center_b_id": "448" }, "geometry": { "type": "MultiPolygon", "coordinates": [ [ [ [ 29.508850816130057, 40.790050464522515 ], [ 29.508875651391648, 40.790070080779863 ], [ 29.50893539999198, 40.790018520617203 ], [ 29.508911824490035, 40.789996564806231 ], [ 29.508850816130057, 40.790050464522515 ] ] ] ] } },
{ "type": "Feature", "properties": { "fid": 146, "lanelet_id": 140, "spd_limit": null, "reward": 0, "lanelet_type": "intersection", "pre_id": null, "next_id": null, "adjcnt_id": null, "center_b_id": "443" }, "geometry": { "type": "MultiPolygon", "coordinates": [ [ [ [ 29.508823251389305, 40.790011921876257 ], [ 29.508893467992326, 40.790067381294897 ], [ 29.508915333820461, 40.790041826170651 ], [ 29.50884388745208, 40.789992245630359 ], [ 29.508823251389305, 40.790011921876257 ] ] ] ] } },
{ "type": "Feature", "properties": { "fid": 147, "lanelet_id": 141, "spd_limit": null, "reward": 0, "lanelet_type": "intersection", "pre_id": null, "next_id": null, "adjcnt_id": null, "center_b_id": "445" }, "geometry": { "type": "MultiPolygon", "coordinates": [ [ [ [ 29.508915333820461, 40.790041826170651 ], [ 29.50893539999198, 40.790018520617203 ], [ 29.508864523514855, 40.789972569384453 ], [ 29.50884388745208, 40.789992245630359 ], [ 29.508915333820461, 40.790041826170651 ] ] ] ] } },
{ "type": "Feature", "properties": { "fid": 148, "lanelet_id": 142, "spd_limit": null, "reward": 0, "lanelet_type": "intersection", "pre_id": null, "next_id": null, "adjcnt_id": null, "center_b_id": "288" }, "geometry": { "type": "MultiPolygon", "coordinates": [ [ [ [ 29.508875651391648, 40.790070080779863 ], [ 29.508876613447796, 40.790069790420873 ], [ 29.508877580244242, 40.790069516258491 ], [ 29.508878551508321, 40.790069258370025 ], [ 29.508879526966126, 40.790069016828205 ], [ 29.508880506342553, 40.79006879170116 ], [ 29.508881489361404, 40.790068583052367 ], [ 29.508882475745445, 40.790068390940682 ], [ 29.508883465216499, 40.790068215420277 ], [ 29.508884457495512, 40.790068056540647 ], [ 29.508885452302646, 40.790067914346615 ], [ 29.508886449357345, 40.790067788878268 ], [ 29.508887448378417, 40.790067680170999 ], [ 29.508888449084125, 40.790067588255461 ], [ 29.508889451192243, 40.790067513157574 ], [ 29.508890454420165, 40.790067454898519 ], [ 29.508891458484953, 40.790067413494732 ], [ 29.50889246310345, 40.790067388957887 ], [ 29.508893467992326, 40.790067381294897 ], [ 29.508915333820461, 40.790041826170651 ], [ 29.508915333820461, 40.790041826170651 ], [ 29.508913959510018, 40.790041454236786 ], [ 29.508912578978642, 40.790041106103033 ], [ 29.508911192638461, 40.790040781873323 ], [ 29.50890980090335, 40.790040481644454 ], [ 29.508908404188784, 40.790040205506052 ], [ 29.50890700291173, 40.790039953540557 ], [ 29.508905597490514, 40.790039725823178 ], [ 29.508904188344705, 40.790039522421907 ], [ 29.50890277589497, 40.79003934339746 ], [ 29.508901360562984, 40.790039188803291 ], [ 29.508899942771261, 40.790039058685537 ], [ 29.508898522943063, 40.790038953083048 ], [ 29.508897101502257, 40.79003887202736 ], [ 29.508895678873188, 40.790038815542658 ], [ 29.508894255480552, 40.790038783645805 ], [ 29.508892831749289, 40.790038776346336 ], [ 29.508891408104425, 40.790038793646417 ], [ 29.508889984970963, 40.790038835540884 ], [ 29.508888562773759, 40.790038902017237 ], [ 29.508887141937382, 40.790038993055632 ], [ 29.508885722886003, 40.790039108628882 ], [ 29.508884306043253, 40.790039248702492 ], [ 29.508882891832105, 40.790039413234638 ], [ 29.508881480674752, 40.790039602176208 ], [ 29.508880072992469, 40.790039815470799 ], [ 29.50887866920549, 40.790040053054724 ], [ 29.508877269732903, 40.790040314857066 ], [ 29.508875874992487, 40.790040600799671 ], [ 29.508874485400625, 40.790040910797167 ], [ 29.508873101372153, 40.790041244757013 ], [ 29.508871723320247, 40.790041602579514 ], [ 29.508870351656302, 40.790041984157845 ], [ 29.50886898678981, 40.790042389378094 ], [ 29.508867629128222, 40.790042818119282 ], [ 29.508866279076848, 40.790043270253427 ], [ 29.508864937038723, 40.790043745645548 ], [ 29.50886360341449, 40.790044244153719 ], [ 29.50886227860228, 40.790044765629126 ], [ 29.508860962997591, 40.790045309916088 ], [ 29.508859656993174, 40.790045876852119 ], [ 29.50885836097892, 40.790046466267967 ], [ 29.508857075341727, 40.79004707798768 ], [ 29.508855800465398, 40.790047711828628 ], [ 29.508854536730531, 40.790048367601592 ], [ 29.508853284514394, 40.790049045110806 ], [ 29.50885204419081, 40.790049744154011 ], [ 29.508850816130057, 40.790050464522515 ], [ 29.508875651391648, 40.790070080779863 ] ] ] ] } },
{ "type": "Feature", "properties": { "fid": 149, "lanelet_id": 143, "spd_limit": null, "reward": 0, "lanelet_type": "intersection", "pre_id": null, "next_id": null, "adjcnt_id": null, "center_b_id": "290" }, "geometry": { "type": "MultiPolygon", "coordinates": [ [ [ [ 29.508825980868462, 40.790030848265168 ], [ 29.508850816130057, 40.790050464522515 ], [ 29.508850816130057, 40.790050464522515 ], [ 29.50885204419081, 40.790049744154011 ], [ 29.508853284514394, 40.790049045110806 ], [ 29.508854536730531, 40.790048367601592 ], [ 29.508855800465398, 40.790047711828628 ], [ 29.508857075341723, 40.790047077987673 ], [ 29.50885836097892, 40.790046466267967 ], [ 29.508859656993174, 40.790045876852119 ], [ 29.508860962997588, 40.790045309916088 ], [ 29.50886227860228, 40.790044765629126 ], [ 29.50886360341449, 40.790044244153719 ], [ 29.508864937038723, 40.790043745645548 ], [ 29.508866279076848, 40.790043270253427 ], [ 29.508867629128222, 40.790042818119282 ], [ 29.508868986789807, 40.790042389378087 ], [ 29.508870351656302, 40.790041984157845 ], [ 29.508871723320247, 40.790041602579514 ], [ 29.508873101372153, 40.790041244757013 ], [ 29.508874485400625, 40.790040910797167 ], [ 29.508875874992487, 40.790040600799671 ], [ 29.508877269732903, 40.790040314857066 ], [ 29.50887866920549, 40.790040053054724 ], [ 29.508880072992469, 40.790039815470791 ], [ 29.508881480674752, 40.790039602176208 ], [ 29.508882891832105, 40.790039413234638 ], [ 29.508884306043253, 40.790039248702485 ], [ 29.508885722886003, 40.790039108628875 ], [ 29.508887141937382, 40.790038993055624 ], [ 29.508888562773759, 40.790038902017237 ], [ 29.508889984970963, 40.790038835540884 ], [ 29.508891408104425, 40.79003879364641 ], [ 29.508892831749289, 40.790038776346329 ], [ 29.508894255480552, 40.790038783645805 ], [ 29.508895678873188, 40.790038815542651 ], [ 29.508897101502257, 40.790038872027353 ], [ 29.508898522943063, 40.790038953083048 ], [ 29.508899942771261, 40.790039058685537 ], [ 29.508901360562984, 40.790039188803284 ], [ 29.50890277589497, 40.79003934339746 ], [ 29.508904188344705, 40.790039522421907 ], [ 29.508905597490514, 40.790039725823178 ], [ 29.50890700291173, 40.79003995354055 ], [ 29.508908404188784, 40.790040205506052 ], [ 29.50890980090335, 40.790040481644454 ], [ 29.508911192638461, 40.790040781873323 ], [ 29.508912578978642, 40.790041106103033 ], [ 29.508913959510018, 40.790041454236786 ], [ 29.508915333820461, 40.790041826170651 ], [ 29.50893539999198, 40.790018520617203 ], [ 29.50893539999198, 40.790018520617203 ], [ 29.508933663426436, 40.790017769105333 ], [ 29.508931914081437, 40.790017047841147 ], [ 29.508930152483785, 40.790016357041843 ], [ 29.508928379163983, 40.790015696915454 ], [ 29.508926594656064, 40.790015067660775 ], [ 29.508924799497422, 40.790014469467302 ], [ 29.508922994228669, 40.790013902515192 ], [ 29.508921179393457, 40.790013366975167 ], [ 29.508919355538318, 40.790012863008506 ], [ 29.508917523212496, 40.790012390766982 ], [ 29.5089156829678, 40.790011950392802 ], [ 29.508913835358403, 40.790011542018597 ], [ 29.508911980940717, 40.790011165767332 ], [ 29.508910120273192, 40.790010821752325 ], [ 29.508908253916161, 40.790010510077167 ], [ 29.508906382431675, 40.790010230835726 ], [ 29.508904506383324, 40.790009984112089 ], [ 29.508902626336077, 40.790009769980557 ], [ 29.508900742856103, 40.790009588505619 ], [ 29.508898856510605, 40.790009439741922 ], [ 29.508896967867656, 40.790009323734267 ], [ 29.50889507749601, 40.790009240517591 ], [ 29.508893185964954, 40.790009190116947 ], [ 29.508891293844112, 40.790009172547528 ], [ 29.508889401703289, 40.790009187814604 ], [ 29.508887510112306, 40.790009235913594 ], [ 29.508885619640804, 40.790009316830009 ], [ 29.508883730858095, 40.790009430539484 ], [ 29.508881844332979, 40.790009577007766 ], [ 29.508879960633578, 40.790009756190756 ], [ 29.508878080327168, 40.790009968034489 ], [ 29.508876203979995, 40.790010212475167 ], [ 29.508874332157109, 40.790010489439183 ], [ 29.508872465422215, 40.790010798843127 ], [ 29.508870604337471, 40.790011140593819 ], [ 29.508868749463335, 40.79001151458835 ], [ 29.508866901358399, 40.790011920714093 ], [ 29.508865060579215, 40.790012358848735 ], [ 29.508863227680131, 40.790012828860334 ], [ 29.508861403213114, 40.790013330607358 ], [ 29.508859587727599, 40.790013863938697 ], [ 29.508857781770317, 40.790014428693738 ], [ 29.508855985885127, 40.79001502470242 ], [ 29.508854200612848, 40.790015651785247 ], [ 29.508852426491121, 40.790016309753376 ], [ 29.508850664054208, 40.79001699840866 ], [ 29.508848913832868, 40.790017717543712 ], [ 29.508847176354173, 40.790018466941973 ], [ 29.508845452141358, 40.790019246377753 ], [ 29.508843741713669, 40.790020055616338 ], [ 29.508842045586196, 40.790020894414027 ], [ 29.508840364269719, 40.790021762518208 ], [ 29.508838698270566, 40.790022659667464 ], [ 29.508837048090445, 40.790023585591619 ], [ 29.508835414226304, 40.790024540011835 ], [ 29.50883379717018, 40.790025522640683 ], [ 29.508832197409042, 40.79002653318225 ], [ 29.508830615424653, 40.790027571332224 ], [ 29.508829051693425, 40.790028636777954 ], [ 29.50882750668627, 40.790029729198601 ], [ 29.508825980868462, 40.790030848265168 ] ] ] ] } },
{ "type": "Feature", "properties": { "fid": 150, "lanelet_id": 144, "spd_limit": null, "reward": 0, "lanelet_type": "intersection", "pre_id": null, "next_id": null, "adjcnt_id": null, "center_b_id": "292" }, "geometry": { "type": "MultiPolygon", "coordinates": [ [ [ [ 29.50893539999198, 40.790018520617203 ], [ 29.508915333820461, 40.790041826170651 ], [ 29.508915333820461, 40.790041826170651 ], [ 29.508914916364589, 40.790041482639033 ], [ 29.508914504917055, 40.790041131933599 ], [ 29.508914099601121, 40.790040774159408 ], [ 29.508913700538219, 40.790040409423646 ], [ 29.508913307847894, 40.790040037835581 ], [ 29.508912921647799, 40.79003965950654 ], [ 29.508912542053626, 40.790039274549869 ], [ 29.508912169179101, 40.790038883080882 ], [ 29.508911803135931, 40.790038485216868 ], [ 29.508911444033775, 40.790038081077014 ], [ 29.508911091980217, 40.790037670782404 ], [ 29.508910747080726, 40.790037254455946 ], [ 29.508910409438631, 40.79003683222237 ], [ 29.508910079155083, 40.790036404208173 ], [ 29.508909756329029, 40.790035970541581 ], [ 29.508909441057181, 40.790035531352508 ], [ 29.508909133433995, 40.790035086772534 ], [ 29.508908833551629, 40.790034636934848 ], [ 29.50890854149992, 40.790034181974214 ], [ 29.508908257366365, 40.790033722026934 ], [ 29.508907981236089, 40.790033257230803 ], [ 29.50890771319181, 40.79003278772506 ], [ 29.508907453313835, 40.790032313650364 ], [ 29.508907201680021, 40.790031835148746 ], [ 29.508906958365749, 40.790031352363556 ], [ 29.508906723443914, 40.790030865439419 ], [ 29.508906496984896, 40.790030374522232 ], [ 29.508906279056539, 40.790029879759047 ], [ 29.508906069724134, 40.790029381298091 ], [ 29.508905869050384, 40.790028879288705 ], [ 29.50890567709542, 40.790028373881277 ], [ 29.508905493916743, 40.790027865227223 ], [ 29.508905319569227, 40.790027353478926 ], [ 29.508905154105111, 40.790026838789693 ], [ 29.508904997573961, 40.790026321313725 ], [ 29.508904850022674, 40.790025801206049 ], [ 29.508904711495454, 40.79002527862248 ], [ 29.508904582033804, 40.790024753719578 ], [ 29.508904461676501, 40.790024226654594 ], [ 29.508904350459609, 40.790023697585433 ], [ 29.508904248416442, 40.790023166670586 ], [ 29.508904155577579, 40.790022634069125 ], [ 29.508904071970825, 40.790022099940593 ], [ 29.508903997621232, 40.790021564445013 ], [ 29.508903932551068, 40.79002102774281 ], [ 29.508903876779836, 40.790020489994781 ], [ 29.508903830324236, 40.790019951362012 ], [ 29.508903793198193, 40.79001941200589 ], [ 29.508903765412821, 40.790018872087977 ], [ 29.508903746976451, 40.790018331770035 ], [ 29.508903737894606, 40.790017791213934 ], [ 29.508903738170002, 40.79001725058162 ], [ 29.50890374780256, 40.790016710035054 ], [ 29.508903766789391, 40.790016169736177 ], [ 29.508903795124809, 40.790015629846849 ], [ 29.508903832800328, 40.790015090528826 ], [ 29.508903879804656, 40.790014551943671 ], [ 29.508903936123716, 40.790014014252733 ], [ 29.508904001740632, 40.790013477617109 ], [ 29.508904076635748, 40.790012942197556 ], [ 29.508904160786624, 40.790012408154475 ], [ 29.508904254168051, 40.79001187564787 ], [ 29.508904356752055, 40.790011344837268 ], [ 29.5089044685079, 40.790010815881679 ], [ 29.50890458940211, 40.790010288939591 ], [ 29.508904719398462, 40.790009764168857 ], [ 29.508904858458017, 40.790009241726686 ], [ 29.508905006539106, 40.79000872176961 ], [ 29.508905163597376, 40.790008204453379 ], [ 29.508905329585769, 40.790007689932992 ], [ 29.508905504454557, 40.790007178362579 ], [ 29.508905688151351, 40.790006669895412 ], [ 29.508905880621125, 40.79000616468381 ], [ 29.508906081806209, 40.790005662879125 ], [ 29.508906291646337, 40.790005164631701 ], [ 29.508906510078642, 40.790004670090795 ], [ 29.508906737037684, 40.790004179404569 ], [ 29.50890697245547, 40.790003692720035 ], [ 29.508907216261477, 40.790003210182974 ], [ 29.508907468382656, 40.790002731937967 ], [ 29.508907728743477, 40.790002258128283 ], [ 29.508907997265947, 40.790001788895864 ], [ 29.508908273869611, 40.790001324381286 ], [ 29.508908558471607, 40.790000864723723 ], [ 29.508908850986675, 40.790000410060863 ], [ 29.508909151327178, 40.789999960528931 ], [ 29.508909459403139, 40.78999951626259 ], [ 29.508909775122262, 40.789999077394945 ], [ 29.508910098389968, 40.789998644057469 ], [ 29.508910429109402, 40.789998216379985 ], [ 29.508910767181494, 40.789997794490617 ], [ 29.508911112504954, 40.789997378515757 ], [ 29.508911464976336, 40.789996968580027 ], [ 29.508911824490035, 40.789996564806231 ], [ 29.50893539999198, 40.790018520617203 ] ] ] ] } },
{ "type": "Feature", "properties": { "fid": 151, "lanelet_id": 145, "spd_limit": null, "reward": 0, "lanelet_type": "intersection", "pre_id": null, "next_id": null, "adjcnt_id": null, "center_b_id": "294" }, "geometry": { "type": "MultiPolygon", "coordinates": [ [ [ [ 29.508893467992326, 40.790067381294897 ], [ 29.508915333820461, 40.790041826170651 ], [ 29.508915333820461, 40.790041826170651 ], [ 29.508914917728969, 40.790041507779321 ], [ 29.508914507215767, 40.79004118222737 ], [ 29.508914102404063, 40.790040849612495 ], [ 29.508913703415367, 40.790040510034544 ], [ 29.508913310369426, 40.790040163595435 ], [ 29.508912923384219, 40.790039810399144 ], [ 29.508912542575899, 40.790039450551696 ], [ 29.508912168058757, 40.790039084161087 ], [ 29.50891179994521, 40.790038711337289 ], [ 29.508911438345741, 40.790038332192211 ], [ 29.508911083368886, 40.790037946839647 ], [ 29.508910735121191, 40.790037555395259 ], [ 29.508910393707179, 40.790037157976535 ], [ 29.508910059229326, 40.790036754702768 ], [ 29.508909731788027, 40.790036345694993 ], [ 29.508909411481554, 40.79003593107597 ], [ 29.508909098406058, 40.790035510970156 ], [ 29.508908792655497, 40.790035085503632 ], [ 29.508908494321645, 40.79003465480411 ], [ 29.508908203494048, 40.790034219000852 ], [ 29.508907920259993, 40.790033778224675 ], [ 29.508907644704497, 40.790033332607877 ], [ 29.508907376910265, 40.790032882284194 ], [ 29.508907116957673, 40.790032427388809 ], [ 29.508906864924743, 40.790031968058237 ], [ 29.508906620887128, 40.79003150443036 ], [ 29.50890638491807, 40.790031036644329 ], [ 29.508906157088397, 40.790030564840549 ], [ 29.508905937466494, 40.790030089160631 ], [ 29.508905726118272, 40.79002960974735 ], [ 29.508905523107174, 40.790029126744592 ], [ 29.50890532849413, 40.790028640297336 ], [ 29.50890514233755, 40.790028150551592 ], [ 29.508904964693315, 40.790027657654349 ], [ 29.50890479561474, 40.790027161753557 ], [ 29.508904635152572, 40.790026662998045 ], [ 29.508904483354975, 40.790026161537519 ], [ 29.50890434026751, 40.790025657522492 ], [ 29.508904205933128, 40.790025151104246 ], [ 29.508904080392146, 40.79002464243478 ], [ 29.50890396368224, 40.790024131666762 ], [ 29.508903855838451, 40.790023618953505 ], [ 29.508903756893137, 40.790023104448899 ], [ 29.508903666876005, 40.790022588307366 ], [ 29.508903585814068, 40.790022070683825 ], [ 29.508903513731656, 40.790021551733645 ], [ 29.508903450650408, 40.790021031612575 ], [ 29.508903396589254, 40.790020510476744 ], [ 29.508903351564424, 40.790019988482555 ], [ 29.508903315589428, 40.790019465786692 ], [ 29.508903288675068, 40.790018942546034 ], [ 29.508903270829421, 40.79001841891764 ], [ 29.508903262057842, 40.790017895058661 ], [ 29.508903262362963, 40.790017371126346 ], [ 29.508903271744696, 40.79001684727794 ], [ 29.50890329020022, 40.790016323670685 ], [ 29.508903317724002, 40.790015800461731 ], [ 29.508903354307773, 40.790015277808124 ], [ 29.508903399940561, 40.790014755866729 ], [ 29.50890345460866, 40.790014234794214 ], [ 29.508903518295671, 40.790013714746976 ], [ 29.508903590982474, 40.790013195881102 ], [ 29.508903672647254, 40.790012678352326 ], [ 29.508903763265494, 40.790012162315989 ], [ 29.508903862810001, 40.790011647926981 ], [ 29.508903971250895, 40.790011135339682 ], [ 29.508904088555632, 40.790010624707946 ], [ 29.508904214688997, 40.790010116185044 ], [ 29.508904349613132, 40.790009609923608 ], [ 29.508904493287542, 40.790009106075587 ], [ 29.508904645669105, 40.790008604792206 ], [ 29.508904806712085, 40.790008106223929 ], [ 29.508904976368139, 40.790007610520398 ], [ 29.508905154586351, 40.790007117830399 ], [ 29.508905341313227, 40.790006628301811 ], [ 29.508905536492723, 40.790006142081559 ], [ 29.508905740066258, 40.79000565931559 ], [ 29.508905951972725, 40.790005180148796 ], [ 29.508906172148521, 40.790004704725 ], [ 29.508906400527568, 40.790004233186899 ], [ 29.508906637041314, 40.790003765676026 ], [ 29.508906881618767, 40.790003302332707 ], [ 29.508907134186522, 40.790002843296001 ], [ 29.508907394668775, 40.790002388703698 ], [ 29.508907662987333, 40.790001938692235 ], [ 29.508907939061672, 40.79000149339668 ], [ 29.50890822280892, 40.7900010529507 ], [ 29.508908514143915, 40.790000617486477 ], [ 29.508908812979215, 40.79000018713473 ], [ 29.508909119225127, 40.789999762024614 ], [ 29.508909432789725, 40.789999342283728 ], [ 29.508909753578902, 40.789998928038067 ], [ 29.508910081496367, 40.789998519411945 ], [ 29.508910416443701, 40.789998116528032 ], [ 29.508910758320368, 40.789997719507241 ], [ 29.508911107023756, 40.789997328468729 ], [ 29.508911462449205, 40.789996943529886 ], [ 29.508911824490035, 40.789996564806231 ], [ 29.508888248988086, 40.789974608995252 ], [ 29.508888248988086, 40.789974608995252 ], [ 29.508887485195366, 40.789975307256718 ], [ 29.508886733653259, 40.789976018686872 ], [ 29.508885994588784, 40.789976743070817 ], [ 29.508885268225175, 40.789977480189741 ], [ 29.508884554781847, 40.789978229820989 ], [ 29.508883854474295, 40.789978991738131 ], [ 29.508883167514064, 40.789979765711024 ], [ 29.508882494108651, 40.789980551505877 ], [ 29.508881834461469, 40.789981348885327 ], [ 29.50888118877177, 40.789982157608527 ], [ 29.508880557234594, 40.789982977431187 ], [ 29.5088799400407, 40.789983808105667 ], [ 29.508879337376523, 40.789984649381061 ], [ 29.508878749424099, 40.789985501003244 ], [ 29.50887817636103, 40.789986362714984 ], [ 29.508877618360415, 40.789987234255982 ], [ 29.508877075590807, 40.789988115362981 ], [ 29.508876548216151, 40.789989005769833 ], [ 29.508876036395744, 40.789989905207591 ], [ 29.508875540284194, 40.789990813404557 ], [ 29.508875060031354, 40.789991730086399 ], [ 29.508874595782292, 40.789992654976231 ], [ 29.508874147677236, 40.789993587794683 ], [ 29.508873715851543, 40.789994528259975 ], [ 29.508873300435649, 40.789995476088038 ], [ 29.508872901555034, 40.789996430992559 ], [ 29.50887251933019, 40.789997392685116 ], [ 29.50887215387657, 40.789998360875202 ], [ 29.508871805304558, 40.789999335270373 ], [ 29.508871473719452, 40.790000315576307 ], [ 29.508871159221407, 40.790001301496879 ], [ 29.508870861905418, 40.790002292734286 ], [ 29.508870581861299, 40.790003288989119 ], [ 29.508870319173635, 40.790004289960443 ], [ 29.508870073921777, 40.7900052953459 ], [ 29.508869846179806, 40.79000630484181 ], [ 29.508869636016509, 40.790007318143239 ], [ 29.508869443495374, 40.790008334944112 ], [ 29.508869268674552, 40.790009354937283 ], [ 29.508869111606849, 40.790010377814667 ], [ 29.508868972339712, 40.790011403267279 ], [ 29.508868850915203, 40.790012430985378 ], [ 29.508868747370006, 40.790013460658521 ], [ 29.508868661735391, 40.790014491975697 ], [ 29.508868594037228, 40.790015524625375 ], [ 29.508868544295972, 40.790016558295633 ], [ 29.508868512526636, 40.790017592674239 ], [ 29.508868498738824, 40.790018627448752 ], [ 29.508868502936703, 40.790019662306605 ], [ 29.508868525118999, 40.790020696935208 ], [ 29.508868565279013, 40.790021731022037 ], [ 29.508868623404616, 40.790022764254736 ], [ 29.508868699478249, 40.790023796321208 ], [ 29.508868793476932, 40.790024826909701 ], [ 29.508868905372278, 40.790025855708919 ], [ 29.508869035130481, 40.7900268824081 ], [ 29.508869182712345, 40.790027906697119 ], [ 29.508869348073301, 40.790028928266572 ], [ 29.508869531163388, 40.790029946807891 ], [ 29.508869731927309, 40.790030962013411 ], [ 29.508869950304419, 40.790031973576475 ], [ 29.508870186228755, 40.79003298119153 ], [ 29.508870439629053, 40.790033984554221 ], [ 29.50887071042877, 40.790034983361465 ], [ 29.508870998546112, 40.790035977311561 ], [ 29.508871303894043, 40.790036966104282 ], [ 29.508871626380333, 40.790037949440944 ], [ 29.508871965907574, 40.790038927024519 ], [ 29.508872322373204, 40.790039898559726 ], [ 29.508872695669549, 40.790040863753092 ], [ 29.508873085683852, 40.790041822313071 ], [ 29.508873492298306, 40.790042773950127 ], [ 29.508873915390087, 40.790043718376801 ], [ 29.508874354831395, 40.790044655307824 ], [ 29.508874810489491, 40.790045584460174 ], [ 29.50887528222674, 40.7900465055532 ], [ 29.508875769900651, 40.790047418308674 ], [ 29.50887627336391, 40.790048322450893 ], [ 29.508876792464445, 40.790049217706738 ], [ 29.508877327045457, 40.790050103805797 ], [ 29.508877876945469, 40.790050980480409 ], [ 29.508878441998373, 40.790051847465762 ], [ 29.508879022033494, 40.790052704499985 ], [ 29.508879616875625, 40.790053551324192 ], [ 29.508880226345084, 40.790054387682595 ], [ 29.508880850257778, 40.79005521332256 ], [ 29.508881488425246, 40.790056027994687 ], [ 29.50888214065472, 40.790056831452908 ], [ 29.508882806749188, 40.790057623454523 ], [ 29.50888348650745, 40.790058403760298 ], [ 29.508884179724177, 40.790059172134534 ], [ 29.508884886189975, 40.790059928345137 ], [ 29.50888560569145, 40.790060672163676 ], [ 29.508886338011266, 40.790061403365485 ], [ 29.508887082928215, 40.79006212172969 ], [ 29.508887840217294, 40.790062827039307 ], [ 29.508888609649752, 40.790063519081279 ], [ 29.508889390993168, 40.790064197646579 ], [ 29.508890184011538, 40.790064862530222 ], [ 29.508890988465314, 40.790065513531388 ], [ 29.508891804111503, 40.790066150453434 ], [ 29.508892630703738, 40.790066773103959 ], [ 29.508893467992326, 40.790067381294897 ] ] ] ] } },
{ "type": "Feature", "properties": { "fid": 152, "lanelet_id": 146, "spd_limit": null, "reward": 0, "lanelet_type": "intersection", "pre_id": null, "next_id": null, "adjcnt_id": null, "center_b_id": "278" }, "geometry": { "type": "MultiPolygon", "coordinates": [ [ [ [ 29.508864523514855, 40.789972569384453 ], [ 29.508865127260105, 40.789972822628549 ], [ 29.508865735296023, 40.789973065390186 ], [ 29.508866347440637, 40.789973297596703 ], [ 29.508866963510723, 40.789973519178616 ], [ 29.508867583321894, 40.78997373006959 ], [ 29.508868206688646, 40.789973930206521 ], [ 29.508868833424401, 40.789974119529496 ], [ 29.508869463341576, 40.78997429798185 ], [ 29.508870096251645, 40.789974465510184 ], [ 29.508870731965171, 40.789974622064349 ], [ 29.508871370291889, 40.789974767597485 ], [ 29.508872011040751, 40.789974902066042 ], [ 29.508872654019974, 40.789975025429769 ], [ 29.508873299037123, 40.789975137651744 ], [ 29.508873945899143, 40.789975238698382 ], [ 29.508874594412429, 40.789975328539441 ], [ 29.508875244382878, 40.78997540714802 ], [ 29.508875895615958, 40.789975474500608 ], [ 29.508876547916753, 40.789975530577031 ], [ 29.508877201090034, 40.789975575360515 ], [ 29.508877854940302, 40.789975608837658 ], [ 29.508878509271867, 40.789975630998434 ], [ 29.508879163888881, 40.789975641836207 ], [ 29.508879818595425, 40.789975641347745 ], [ 29.508880473195539, 40.789975629533188 ], [ 29.508881127493307, 40.789975606396069 ], [ 29.508881781292896, 40.789975571943323 ], [ 29.508882434398625, 40.789975526185245 ], [ 29.508883086615018, 40.789975469135548 ], [ 29.508883737746874, 40.789975400811294 ], [ 29.508884387599302, 40.789975321232937 ], [ 29.508885035977809, 40.789975230424304 ], [ 29.508885682688327, 40.789975128412557 ], [ 29.508886327537304, 40.789975015228237 ], [ 29.508886970331737, 40.789974890905221 ], [ 29.508887610879235, 40.789974755480713 ], [ 29.508888248988086, 40.789974608995252 ], [ 29.508911824490035, 40.789996564806231 ], [ 29.508911824490035, 40.789996564806231 ], [ 29.508910848747128, 40.789997080812242 ], [ 29.508909864280881, 40.78999757997417 ], [ 29.508908871382044, 40.789998062144598 ], [ 29.508907870343858, 40.789998527181126 ], [ 29.508906861461963, 40.789998974946407 ], [ 29.508905845034324, 40.789999405308201 ], [ 29.508904821361124, 40.789999818139407 ], [ 29.508903790744693, 40.790000213318095 ], [ 29.508902753489412, 40.790000590727566 ], [ 29.508901709901622, 40.790000950256342 ], [ 29.508900660289527, 40.790001291798255 ], [ 29.508899604963123, 40.790001615252429 ], [ 29.508898544234082, 40.790001920523331 ], [ 29.50889747841568, 40.790002207520814 ], [ 29.508896407822689, 40.790002476160112 ], [ 29.508895332771296, 40.790002726361877 ], [ 29.508894253579005, 40.790002958052234 ], [ 29.508893170564537, 40.790003171162738 ], [ 29.508892084047751, 40.790003365630461 ], [ 29.508890994349532, 40.790003541397965 ], [ 29.508889901791711, 40.790003698413337 ], [ 29.508888806696955, 40.790003836630213 ], [ 29.508887709388695, 40.790003956007766 ], [ 29.508886610190999, 40.790004056510739 ], [ 29.508885509428502, 40.790004138109452 ], [ 29.508884407426301, 40.790004200779812 ], [ 29.508883304509858, 40.790004244503294 ], [ 29.508882201004905, 40.790004269267001 ], [ 29.508881097237349, 40.790004275063609 ], [ 29.508879993533167, 40.790004261891411 ], [ 29.50887889021833, 40.790004229754295 ], [ 29.508877787618687, 40.790004178661754 ], [ 29.508876686059875, 40.790004108628878 ], [ 29.508875585867223, 40.790004019676346 ], [ 29.508874487365659, 40.790003911830432 ], [ 29.508873390879614, 40.790003785122991 ], [ 29.508872296732921, 40.790003639591433 ], [ 29.508871205248717, 40.790003475278752 ], [ 29.508870116749364, 40.790003292233472 ], [ 29.50886903155633, 40.79000309050965 ], [ 29.508867949990112, 40.790002870166859 ], [ 29.508866872370142, 40.790002631270177 ], [ 29.508865799014679, 40.790002373890168 ], [ 29.508864730240724, 40.790002098102832 ], [ 29.508863666363922, 40.790001803989625 ], [ 29.508862607698479, 40.790001491637419 ], [ 29.508861554557058, 40.790001161138449 ], [ 29.508860507250692, 40.790000812590321 ], [ 29.508859466088683, 40.790000446095995 ], [ 29.508858431378528, 40.790000061763685 ], [ 29.508857403425818, 40.789999659706922 ], [ 29.508856382534141, 40.78999924004443 ], [ 29.508855369005005, 40.789998802900158 ], [ 29.508854363137743, 40.789998348403209 ], [ 29.508853365229424, 40.789997876687814 ], [ 29.508852375574769, 40.789997387893294 ], [ 29.50885139446606, 40.789996882163997 ], [ 29.508850422193049, 40.789996359649287 ], [ 29.508849459042892, 40.789995820503485 ], [ 29.508848505300037, 40.789995264885825 ], [ 29.50884756124616, 40.789994692960391 ], [ 29.508846627160079, 40.789994104896095 ], [ 29.508845703317657, 40.789993500866622 ], [ 29.508844789991745, 40.78999288105036 ], [ 29.50884388745208, 40.789992245630359 ], [ 29.508864523514855, 40.789972569384453 ] ] ] ] } },
{ "type": "Feature", "properties": { "fid": 153, "lanelet_id": 147, "spd_limit": null, "reward": 0, "lanelet_type": "intersection", "pre_id": null, "next_id": null, "adjcnt_id": null, "center_b_id": "280" }, "geometry": { "type": "MultiPolygon", "coordinates": [ [ [ [ 29.508911824490035, 40.789996564806231 ], [ 29.50893539999198, 40.790018520617203 ], [ 29.50893539999198, 40.790018520617203 ], [ 29.508933936345741, 40.790019402554513 ], [ 29.508932457556956, 40.790020258859045 ], [ 29.50893096407448, 40.790021089270887 ], [ 29.508929456351634, 40.790021893537975 ], [ 29.50892793484606, 40.790022671416196 ], [ 29.508926400019586, 40.790023422669428 ], [ 29.50892485233808, 40.790024147069651 ], [ 29.508923292271312, 40.790024844396989 ], [ 29.508921720292815, 40.790025514439769 ], [ 29.50892013687973, 40.790026156994628 ], [ 29.508918542512678, 40.790026771866508 ], [ 29.5089169376756, 40.790027358868798 ], [ 29.508915322855614, 40.790027917823309 ], [ 29.508913698542873, 40.790028448560385 ], [ 29.508912065230405, 40.790028950918924 ], [ 29.508910423413969, 40.790029424746457 ], [ 29.508908773591919, 40.790029869899158 ], [ 29.508907116265018, 40.790030286241901 ], [ 29.508905451936325, 40.790030673648324 ], [ 29.508903781111016, 40.790031032000826 ], [ 29.50890210429624, 40.790031361190643 ], [ 29.508900422000963, 40.790031661117851 ], [ 29.508898734735816, 40.790031931691409 ], [ 29.508897043012936, 40.7900321728292 ], [ 29.50889534734582, 40.790032384458023 ], [ 29.508893648249156, 40.790032566513645 ], [ 29.50889194623867, 40.790032718940807 ], [ 29.508890241830979, 40.79003284169324 ], [ 29.508888535543431, 40.790032934733688 ], [ 29.508886827893932, 40.790032998033901 ], [ 29.508885119400809, 40.79003303157468 ], [ 29.508883410582648, 40.790033035345829 ], [ 29.508881701958128, 40.790033009346217 ], [ 29.50887999404587, 40.790032953583726 ], [ 29.508878287364286, 40.790032868075286 ], [ 29.508876582431402, 40.790032752846848 ], [ 29.508874879764722, 40.790032607933398 ], [ 29.508873179881061, 40.790032433378904 ], [ 29.508871483296389, 40.790032229236367 ], [ 29.508869790525669, 40.790031995567738 ], [ 29.508868102082719, 40.79003173244395 ], [ 29.508866418480029, 40.790031439944869 ], [ 29.508864740228628, 40.79003111815927 ], [ 29.508863067837922, 40.790030767184838 ], [ 29.50886140181553, 40.790030387128098 ], [ 29.508859742667152, 40.790029978104407 ], [ 29.508858090896382, 40.790029540237917 ], [ 29.508856447004593, 40.790029073661543 ], [ 29.508854811490757, 40.790028578516896 ], [ 29.508853184851304, 40.790028054954277 ], [ 29.508851567579971, 40.790027503132592 ], [ 29.508849960167652, 40.790026923219351 ], [ 29.508848363102249, 40.790026315390563 ], [ 29.508846776868523, 40.790025679830734 ], [ 29.508845201947949, 40.790025016732777 ], [ 29.508843638818558, 40.790024326297953 ], [ 29.508842087954818, 40.790023608735837 ], [ 29.508840549827461, 40.79002286426423 ], [ 29.508839024903363, 40.790022093109108 ], [ 29.508837513645382, 40.790021295504545 ], [ 29.508836016512237, 40.790020471692628 ], [ 29.508834533958353, 40.790019621923413 ], [ 29.508833066433738, 40.790018746454841 ], [ 29.508831614383823, 40.790017845552633 ], [ 29.508830178249362, 40.790016919490249 ], [ 29.508828758466265, 40.790015968548779 ], [ 29.508827355465478, 40.790014993016861 ], [ 29.508825969672859, 40.790013993190598 ], [ 29.508824601509041, 40.790012969373478 ], [ 29.508823251389305, 40.790011921876257 ], [ 29.50884388745208, 40.789992245630359 ], [ 29.50884388745208, 40.789992245630359 ], [ 29.508844789991745, 40.78999288105036 ], [ 29.508845703317657, 40.789993500866622 ], [ 29.508846627160075, 40.789994104896095 ], [ 29.50884756124616, 40.789994692960391 ], [ 29.508848505300037, 40.789995264885825 ], [ 29.508849459042892, 40.789995820503492 ], [ 29.508850422193049, 40.789996359649287 ], [ 29.50885139446606, 40.789996882163997 ], [ 29.508852375574769, 40.789997387893294 ], [ 29.508853365229424, 40.789997876687814 ], [ 29.508854363137743, 40.789998348403209 ], [ 29.508855369005005, 40.789998802900158 ], [ 29.508856382534141, 40.789999240044423 ], [ 29.508857403425818, 40.789999659706915 ], [ 29.508858431378528, 40.790000061763685 ], [ 29.508859466088683, 40.790000446095988 ], [ 29.508860507250692, 40.790000812590321 ], [ 29.508861554557061, 40.790001161138441 ], [ 29.508862607698482, 40.790001491637412 ], [ 29.508863666363922, 40.790001803989625 ], [ 29.508864730240724, 40.790002098102832 ], [ 29.508865799014679, 40.790002373890161 ], [ 29.508866872370142, 40.790002631270177 ], [ 29.508867949990112, 40.790002870166852 ], [ 29.50886903155633, 40.790003090509643 ], [ 29.508870116749364, 40.790003292233465 ], [ 29.508871205248717, 40.790003475278752 ], [ 29.508872296732921, 40.790003639591433 ], [ 29.508873390879614, 40.790003785122984 ], [ 29.508874487365659, 40.790003911830432 ], [ 29.508875585867223, 40.790004019676338 ], [ 29.508876686059875, 40.790004108628871 ], [ 29.508877787618687, 40.790004178661746 ], [ 29.50887889021833, 40.790004229754288 ], [ 29.508879993533167, 40.790004261891404 ], [ 29.508881097237349, 40.790004275063602 ], [ 29.508882201004905, 40.790004269266994 ], [ 29.508883304509858, 40.790004244503294 ], [ 29.508884407426301, 40.790004200779805 ], [ 29.508885509428502, 40.790004138109452 ], [ 29.508886610190999, 40.790004056510739 ], [ 29.508887709388695, 40.790003956007766 ], [ 29.508888806696955, 40.790003836630213 ], [ 29.508889901791708, 40.790003698413337 ], [ 29.508890994349532, 40.790003541397965 ], [ 29.508892084047751, 40.790003365630454 ], [ 29.508893170564537, 40.790003171162738 ], [ 29.508894253579005, 40.790002958052227 ], [ 29.508895332771296, 40.790002726361877 ], [ 29.508896407822689, 40.790002476160105 ], [ 29.50889747841568, 40.790002207520814 ], [ 29.508898544234082, 40.790001920523331 ], [ 29.508899604963123, 40.790001615252429 ], [ 29.508900660289527, 40.790001291798255 ], [ 29.508901709901622, 40.790000950256342 ], [ 29.508902753489412, 40.790000590727558 ], [ 29.508903790744693, 40.790000213318095 ], [ 29.508904821361121, 40.789999818139407 ], [ 29.50890584503432, 40.789999405308201 ], [ 29.508906861461963, 40.789998974946407 ], [ 29.508907870343858, 40.789998527181126 ], [ 29.508908871382044, 40.789998062144598 ], [ 29.508909864280881, 40.78999757997417 ], [ 29.508910848747128, 40.789997080812242 ], [ 29.508911824490035, 40.789996564806231 ] ] ] ] } },
{ "type": "Feature", "properties": { "fid": 154, "lanelet_id": 148, "spd_limit": null, "reward": 0, "lanelet_type": "intersection", "pre_id": null, "next_id": null, "adjcnt_id": null, "center_b_id": "283" }, "geometry": { "type": "MultiPolygon", "coordinates": [ [ [ [ 29.508825980868462, 40.790030848265168 ], [ 29.508850816130057, 40.790050464522515 ], [ 29.508850816130057, 40.790050464522515 ], [ 29.508851236082627, 40.790049759682752 ], [ 29.508851643809425, 40.790049047700933 ], [ 29.508852039189023, 40.790048328789105 ], [ 29.508852422103672, 40.790047603161355 ], [ 29.508852792439331, 40.790046871033809 ], [ 29.508853150085709, 40.790046132624489 ], [ 29.508853494936293, 40.790045388153317 ], [ 29.50885382688838, 40.790044637842009 ], [ 29.50885414584311, 40.790043881914009 ], [ 29.508854451705488, 40.790043120594461 ], [ 29.508854744384433, 40.790042354110092 ], [ 29.508855023792769, 40.790041582689177 ], [ 29.50885528984729, 40.79004080656145 ], [ 29.508855542468758, 40.790040025958064 ], [ 29.508855781581939, 40.790039241111501 ], [ 29.508856007115622, 40.790038452255487 ], [ 29.508856219002638, 40.790037659624964 ], [ 29.508856417179882, 40.790036863455988 ], [ 29.508856601588334, 40.790036063985681 ], [ 29.508856772173075, 40.790035261452132 ], [ 29.508856928883304, 40.790034456094354 ], [ 29.508857071672345, 40.790033648152189 ], [ 29.508857200497676, 40.790032837866256 ], [ 29.508857315320931, 40.790032025477885 ], [ 29.508857416107912, 40.790031211229007 ], [ 29.508857502828604, 40.790030395362123 ], [ 29.508857575457178, 40.790029578120212 ], [ 29.508857633972006, 40.790028759746662 ], [ 29.508857678355664, 40.790027940485196 ], [ 29.508857708594928, 40.790027120579815 ], [ 29.508857724680794, 40.79002630027469 ], [ 29.508857726608476, 40.790025479814126 ], [ 29.508857714377395, 40.790024659442473 ], [ 29.508857687991192, 40.79002383940405 ], [ 29.508857647457731, 40.790023019943071 ], [ 29.508857592789081, 40.7900222013036 ], [ 29.50885752400152, 40.790021383729425 ], [ 29.508857441115538, 40.790020567464047 ], [ 29.508857344155821, 40.790019752750567 ], [ 29.50885723315124, 40.790018939831604 ], [ 29.508857108134862, 40.790018128949271 ], [ 29.50885696914391, 40.790017320345065 ], [ 29.508856816219783, 40.790016514259797 ], [ 29.508856649408024, 40.790015710933531 ], [ 29.508856468758314, 40.790014910605514 ], [ 29.508856274324447, 40.790014113514097 ], [ 29.508856066164338, 40.790013319896673 ], [ 29.508855844339976, 40.790012529989582 ], [ 29.508855608917422, 40.790011744028092 ], [ 29.508855359966791, 40.790010962246257 ], [ 29.508855097562225, 40.790010184876913 ], [ 29.508854821781874, 40.790009412151576 ], [ 29.508854532707868, 40.790008644300372 ], [ 29.508854230426302, 40.790007881551979 ], [ 29.508853915027192, 40.790007124133567 ], [ 29.508853586604477, 40.790006372270696 ], [ 29.508853245255967, 40.790005626187295 ], [ 29.508852891083318, 40.790004886105557 ], [ 29.508852524192008, 40.790004152245878 ], [ 29.508852144691307, 40.790003424826835 ], [ 29.508851752694238, 40.790002704065053 ], [ 29.508851348317538, 40.790001990175185 ], [ 29.508850931681643, 40.790001283369854 ], [ 29.508850502910633, 40.790000583859545 ], [ 29.508850062132204, 40.789999891852588 ], [ 29.508849609477625, 40.789999207555077 ], [ 29.508849145081705, 40.789998531170802 ], [ 29.508848669082752, 40.789997862901217 ], [ 29.508848181622522, 40.789997202945322 ], [ 29.508847682846195, 40.789996551499684 ], [ 29.508847172902311, 40.7899959087583 ], [ 29.50884665194274, 40.789995274912592 ], [ 29.508846120122634, 40.789994650151336 ], [ 29.508845577600376, 40.789994034660594 ], [ 29.508845024537543, 40.789993428623674 ], [ 29.508844461098843, 40.789992832221053 ], [ 29.50884388745208, 40.789992245630359 ], [ 29.508823251389305, 40.790011921876257 ], [ 29.508823251389305, 40.790011921876257 ], [ 29.508823455948935, 40.790012198413422 ], [ 29.508823655688101, 40.790012478452184 ], [ 29.508823850546879, 40.790012761908528 ], [ 29.508824040466806, 40.790013048697411 ], [ 29.508824225390903, 40.790013338732791 ], [ 29.508824405263688, 40.79001363192765 ], [ 29.508824580031192, 40.790013928194021 ], [ 29.508824749640983, 40.790014227443017 ], [ 29.508824914042176, 40.790014529584859 ], [ 29.508825073185442, 40.79001483452889 ], [ 29.508825227023035, 40.790015142183634 ], [ 29.508825375508803, 40.790015452456771 ], [ 29.508825518598197, 40.79001576525522 ], [ 29.508825656248284, 40.790016080485131 ], [ 29.508825788417766, 40.790016398051925 ], [ 29.508825915066989, 40.790016717860333 ], [ 29.508826036157956, 40.790017039814401 ], [ 29.50882615165434, 40.790017363817533 ], [ 29.508826261521481, 40.790017689772519 ], [ 29.508826365726424, 40.790018017581566 ], [ 29.508826464237902, 40.790018347146329 ], [ 29.50882655702636, 40.790018678367929 ], [ 29.508826644063959, 40.790019011146981 ], [ 29.508826725324585, 40.790019345383655 ], [ 29.508826800783858, 40.790019680977672 ], [ 29.508826870419139, 40.790020017828333 ], [ 29.508826934209534, 40.790020355834592 ], [ 29.508826992135905, 40.790020694895027 ], [ 29.508827044180876, 40.790021034907916 ], [ 29.508827090328829, 40.790021375771246 ], [ 29.508827130565919, 40.79002171738275 ], [ 29.508827164880074, 40.790022059639938 ], [ 29.508827193260998, 40.790022402440123 ], [ 29.50882721570018, 40.790022745680453 ], [ 29.508827232190882, 40.790023089257957 ], [ 29.508827242728159, 40.790023433069543 ], [ 29.508827247308854, 40.790023777012074 ], [ 29.508827245931585, 40.790024120982338 ], [ 29.508827238596769, 40.790024464877156 ], [ 29.508827225306607, 40.790024808593337 ], [ 29.508827206065085, 40.790025152027766 ], [ 29.508827180877976, 40.790025495077401 ], [ 29.50882714975284, 40.790025837639327 ], [ 29.508827112699009, 40.790026179610756 ], [ 29.508827069727605, 40.790026520889086 ], [ 29.50882702085152, 40.790026861371935 ], [ 29.508826966085419, 40.790027200957148 ], [ 29.508826905445726, 40.790027539542841 ], [ 29.508826838950643, 40.790027877027434 ], [ 29.508826766620118, 40.790028213309661 ], [ 29.508826688475846, 40.790028548288639 ], [ 29.50882660454128, 40.790028881863869 ], [ 29.508826514841598, 40.790029213935263 ], [ 29.508826419403714, 40.79002954440319 ], [ 29.508826318256261, 40.790029873168514 ], [ 29.508826211429586, 40.790030200132584 ], [ 29.508826098955737, 40.790030525197317 ], [ 29.508825980868462, 40.790030848265168 ] ] ] ] } },
{ "type": "Feature", "properties": { "fid": 155, "lanelet_id": 149, "spd_limit": null, "reward": 0, "lanelet_type": "intersection", "pre_id": null, "next_id": null, "adjcnt_id": null, "center_b_id": "285" }, "geometry": { "type": "MultiPolygon", "coordinates": [ [ [ [ 29.508850816130057, 40.790050464522515 ], [ 29.508875651391648, 40.790070080779863 ], [ 29.508875651391648, 40.790070080779863 ], [ 29.508876375094932, 40.790068996166198 ], [ 29.508877079889654, 40.790067899171383 ], [ 29.508877765564051, 40.790066790125003 ], [ 29.508878431912105, 40.79006566936031 ], [ 29.508879078733603, 40.790064537214029 ], [ 29.508879705834193, 40.790063394026348 ], [ 29.508880313025461, 40.790062240140735 ], [ 29.508880900124968, 40.7900610759039 ], [ 29.508881466956311, 40.79005990166565 ], [ 29.508882013349179, 40.790058717778798 ], [ 29.5088825391394, 40.790057524599064 ], [ 29.508883044168993, 40.790056322484951 ], [ 29.508883528286219, 40.790055111797642 ], [ 29.508883991345616, 40.790053892900914 ], [ 29.508884433208053, 40.790052666160996 ], [ 29.508884853740767, 40.79005143194648 ], [ 29.5088852528174, 40.7900501906282 ], [ 29.508885630318048, 40.790048942579119 ], [ 29.508885986129286, 40.790047688174241 ], [ 29.508886320144207, 40.790046427790465 ], [ 29.508886632262449, 40.790045161806482 ], [ 29.508886922390232, 40.790043890602675 ], [ 29.508887190440387, 40.790042614561003 ], [ 29.508887436332369, 40.79004133406486 ], [ 29.508887659992304, 40.790040049498991 ], [ 29.508887861352985, 40.790038761249356 ], [ 29.508888040353913, 40.790037469703037 ], [ 29.508888196941303, 40.790036175248083 ], [ 29.50888833106811, 40.790034878273431 ], [ 29.50888844269403, 40.790033579168785 ], [ 29.508888531785523, 40.79003227832446 ], [ 29.508888598315824, 40.790030976131327 ], [ 29.508888642264942, 40.790029672980644 ], [ 29.508888663619672, 40.79002836926395 ], [ 29.508888662373597, 40.790027065372968 ], [ 29.50888863852709, 40.790025761699475 ], [ 29.508888592087317, 40.790024458635166 ], [ 29.508888523068233, 40.790023156571571 ], [ 29.508888431490572, 40.790021855899916 ], [ 29.508888317381857, 40.79002055701099 ], [ 29.508888180776363, 40.790019260295068 ], [ 29.508888021715144, 40.790017966141768 ], [ 29.50888784024599, 40.790016674939928 ], [ 29.508887636423424, 40.790015387077517 ], [ 29.508887410308684, 40.790014102941477 ], [ 29.508887161969714, 40.790012822917653 ], [ 29.508886891481129, 40.790011547390634 ], [ 29.5088865989242, 40.790010276743679 ], [ 29.508886284386833, 40.79000901135857 ], [ 29.508885947963527, 40.790007751615498 ], [ 29.508885589755373, 40.790006497892982 ], [ 29.508885209869998, 40.79000525056771 ], [ 29.508884808421538, 40.790004010014457 ], [ 29.508884385530617, 40.790002776605967 ], [ 29.508883941324299, 40.790001550712823 ], [ 29.508883475936049, 40.790000332703379 ], [ 29.5088829895057, 40.789999122943584 ], [ 29.508882482179406, 40.789997921796939 ], [ 29.508881954109601, 40.789996729624335 ], [ 29.508881405454947, 40.789995546783977 ], [ 29.508880836380296, 40.789994373631266 ], [ 29.508880247056638, 40.789993210518688 ], [ 29.508879637661035, 40.789992057795722 ], [ 29.508879008376592, 40.789990915808715 ], [ 29.508878359392387, 40.78998978490079 ], [ 29.508877690903415, 40.789988665411741 ], [ 29.508877003110531, 40.789987557677932 ], [ 29.508876296220386, 40.789986462032203 ], [ 29.508875570445383, 40.789985378803749 ], [ 29.508874826003588, 40.78998430831804 ], [ 29.508874063118675, 40.789983250896718 ], [ 29.508873282019863, 40.789982206857502 ], [ 29.508872482941847, 40.789981176514083 ], [ 29.508871666124715, 40.789980160176043 ], [ 29.508870831813894, 40.789979158148753 ], [ 29.508869980260062, 40.789978170733285 ], [ 29.508869111719076, 40.789977198226318 ], [ 29.508868226451909, 40.789976240920055 ], [ 29.508867324724541, 40.789975299102139 ], [ 29.508866406807915, 40.789974373055536 ], [ 29.508865472977824, 40.789973463058502 ], [ 29.508864523514855, 40.789972569384453 ], [ 29.50884388745208, 40.789992245630359 ], [ 29.50884388745208, 40.789992245630359 ], [ 29.508844461098843, 40.789992832221053 ], [ 29.508845024537543, 40.789993428623674 ], [ 29.508845577600376, 40.789994034660594 ], [ 29.508846120122634, 40.789994650151336 ], [ 29.50884665194274, 40.789995274912592 ], [ 29.508847172902311, 40.7899959087583 ], [ 29.508847682846195, 40.789996551499677 ], [ 29.508848181622522, 40.789997202945322 ], [ 29.508848669082752, 40.78999786290121 ], [ 29.508849145081705, 40.789998531170802 ], [ 29.508849609477625, 40.789999207555077 ], [ 29.508850062132204, 40.789999891852588 ], [ 29.508850502910633, 40.790000583859545 ], [ 29.508850931681643, 40.790001283369854 ], [ 29.508851348317538, 40.790001990175185 ], [ 29.508851752694238, 40.790002704065053 ], [ 29.508852144691307, 40.790003424826835 ], [ 29.508852524192008, 40.790004152245878 ], [ 29.508852891083318, 40.79000488610555 ], [ 29.508853245255967, 40.790005626187295 ], [ 29.508853586604477, 40.790006372270696 ], [ 29.508853915027192, 40.790007124133567 ], [ 29.508854230426298, 40.790007881551979 ], [ 29.508854532707868, 40.790008644300372 ], [ 29.508854821781874, 40.790009412151576 ], [ 29.508855097562225, 40.790010184876913 ], [ 29.508855359966791, 40.790010962246257 ], [ 29.508855608917422, 40.790011744028092 ], [ 29.508855844339973, 40.790012529989582 ], [ 29.508856066164338, 40.790013319896673 ], [ 29.508856274324447, 40.790014113514097 ], [ 29.50885646875831, 40.790014910605514 ], [ 29.508856649408024, 40.790015710933524 ], [ 29.50885681621978, 40.79001651425979 ], [ 29.508856969143906, 40.790017320345065 ], [ 29.508857108134858, 40.790018128949271 ], [ 29.50885723315124, 40.790018939831604 ], [ 29.508857344155818, 40.790019752750567 ], [ 29.508857441115538, 40.790020567464047 ], [ 29.508857524001517, 40.790021383729425 ], [ 29.508857592789077, 40.790022201303593 ], [ 29.508857647457727, 40.790023019943071 ], [ 29.508857687991188, 40.790023839404043 ], [ 29.508857714377392, 40.790024659442473 ], [ 29.508857726608472, 40.790025479814126 ], [ 29.508857724680794, 40.79002630027469 ], [ 29.508857708594924, 40.790027120579815 ], [ 29.50885767835566, 40.790027940485196 ], [ 29.508857633972003, 40.790028759746662 ], [ 29.508857575457174, 40.790029578120212 ], [ 29.508857502828601, 40.790030395362116 ], [ 29.508857416107908, 40.790031211229007 ], [ 29.508857315320927, 40.790032025477885 ], [ 29.508857200497673, 40.790032837866256 ], [ 29.508857071672342, 40.790033648152182 ], [ 29.508856928883301, 40.790034456094347 ], [ 29.508856772173072, 40.790035261452132 ], [ 29.508856601588331, 40.790036063985681 ], [ 29.508856417179878, 40.790036863455988 ], [ 29.508856219002634, 40.790037659624957 ], [ 29.508856007115618, 40.79003845225548 ], [ 29.508855781581936, 40.790039241111494 ], [ 29.508855542468755, 40.790040025958064 ], [ 29.508855289847286, 40.79004080656145 ], [ 29.508855023792766, 40.79004158268917 ], [ 29.508854744384426, 40.790042354110092 ], [ 29.508854451705485, 40.790043120594461 ], [ 29.508854145843102, 40.790043881914009 ], [ 29.508853826888373, 40.790044637842001 ], [ 29.508853494936286, 40.790045388153317 ], [ 29.508853150085702, 40.790046132624482 ], [ 29.508852792439324, 40.790046871033802 ], [ 29.508852422103665, 40.790047603161355 ], [ 29.508852039189016, 40.790048328789098 ], [ 29.508851643809418, 40.790049047700933 ], [ 29.50885123608262, 40.790049759682752 ], [ 29.508850816130057, 40.790050464522515 ] ] ] ] } },
{ "type": "Feature", "properties": { "fid": 156, "lanelet_id": 150, "spd_limit": null, "reward": 0, "lanelet_type": "roundabout", "pre_id": null, "next_id": null, "adjcnt_id": null, "center_b_id": "373,374,375,376,377,378,379,380,381,382,383,384,385,386,387,388,389,390,391,392,393,394,395,396,397,398,399,400,401,402,403,404" }, "geometry": { "type": "MultiPolygon", "coordinates": [ [ [ [ 29.508988309897113, 40.789882466575428 ], [ 29.509038340351626, 40.789927098060033 ], [ 29.509044234421822, 40.789921179879201 ], [ 29.509091489662282, 40.789923573151533 ], [ 29.509101966293731, 40.789923122219001 ], [ 29.50911232366272, 40.789920609780346 ], [ 29.509123184255692, 40.789919026809763 ], [ 29.509132869819194, 40.789918935548201 ], [ 29.509144886549841, 40.789920753628678 ], [ 29.509150473769701, 40.789921946156241 ], [ 29.509194461626326, 40.789878522246489 ], [ 29.509191094019307, 40.789862640145088 ], [ 29.509192320899242, 40.789851549337271 ], [ 29.509192326931107, 40.789836297193013 ], [ 29.509189504946839, 40.789821550942598 ], [ 29.509187260898763, 40.789807132135508 ], [ 29.509187192638667, 40.789801600671424 ], [ 29.509188264829508, 40.78979603163053 ], [ 29.509136621127539, 40.789758929772134 ], [ 29.509113416256223, 40.789763012142622 ], [ 29.509083109267948, 40.789762919387741 ], [ 29.509057654257646, 40.789764837003801 ], [ 29.5090453704262, 40.789766170015568 ], [ 29.509033086594759, 40.789767503027335 ], [ 29.509016575413607, 40.789759871784369 ], [ 29.509004871429944, 40.789772438947089 ], [ 29.508974753725575, 40.789802480283491 ], [ 29.508982528716036, 40.7898131440746 ], [ 29.508986033014434, 40.789865101111005 ], [ 29.508988309897113, 40.789882466575428 ] ] ] ] } },
{ "type": "Feature", "properties": { "fid": 157, "lanelet_id": 151, "spd_limit": null, "reward": 0, "lanelet_type": "parking", "pre_id": null, "next_id": null, "adjcnt_id": null, "center_b_id": "372,427" }, "geometry": { "type": "MultiPolygon", "coordinates": [ [ [ [ 29.50920470725659, 40.790180392995438 ], [ 29.509207832036427, 40.790185091169128 ], [ 29.509209568909629, 40.790191488439092 ], [ 29.509209249166986, 40.79019712180839 ], [ 29.509205458193101, 40.790205187099517 ], [ 29.509196889313841, 40.790212708244439 ], [ 29.509076359759021, 40.790318500404908 ], [ 29.509184713243663, 40.790392233566131 ], [ 29.509367263559522, 40.790231668549303 ], [ 29.509369305339202, 40.790227301621115 ], [ 29.509369497995408, 40.790223080706021 ], [ 29.509367754398877, 40.790218374919007 ], [ 29.509364359302705, 40.790214952602824 ], [ 29.509364359302705, 40.790214952602824 ], [ 29.509348858026637, 40.79020468181028 ], [ 29.509253464795595, 40.790141476427607 ], [ 29.50920470725659, 40.790180392995438 ] ] ] ] } },
{ "type": "Feature", "properties": { "fid": 158, "lanelet_id": 152, "spd_limit": null, "reward": 0, "lanelet_type": "passenger_stop", "pre_id": null, "next_id": null, "adjcnt_id": null, "center_b_id": "405" }, "geometry": { "type": "MultiPolygon", "coordinates": [ [ [ [ 29.508911824490035, 40.789996564806231 ], [ 29.50893539999198, 40.790018520617203 ], [ 29.50893539999198, 40.790018520617203 ], [ 29.508982609471019, 40.790016897577708 ], [ 29.508982609471019, 40.790016897577708 ], [ 29.509043776591184, 40.789964845186375 ], [ 29.509043776591184, 40.789964845186375 ], [ 29.509038340351626, 40.789927098060033 ], [ 29.509038340351626, 40.789927098060033 ], [ 29.509016529801581, 40.789907641166465 ], [ 29.509016529801581, 40.789907641166465 ], [ 29.509005365400707, 40.789956383505952 ], [ 29.509005365400707, 40.789956383505952 ], [ 29.508977180903901, 40.78998141449263 ], [ 29.508977180903901, 40.78998141449263 ], [ 29.508911824490035, 40.789996564806231 ] ] ] ] } },
{ "type": "Feature", "properties": { "fid": 159, "lanelet_id": 153, "spd_limit": null, "reward": 0, "lanelet_type": "passenger_stop", "pre_id": null, "next_id": null, "adjcnt_id": null, "center_b_id": "426" }, "geometry": { "type": "MultiPolygon", "coordinates": [ [ [ [ 29.508682241150549, 40.789694606872864 ], [ 29.508704383335694, 40.789714736132083 ], [ 29.508704383335694, 40.789714736132083 ], [ 29.508712732079019, 40.789667487565069 ], [ 29.508712732079019, 40.789667487565069 ], [ 29.508751564120494, 40.789632947024842 ], [ 29.508751564120494, 40.789632947024842 ], [ 29.508797045677799, 40.789634576242953 ], [ 29.508797045677799, 40.789634576242953 ], [ 29.508827563219207, 40.789608162887433 ], [ 29.508827563219207, 40.789608162887433 ], [ 29.508806315667808, 40.78958713899447 ], [ 29.508806315667808, 40.78958713899447 ], [ 29.508784378805949, 40.78960375975084 ], [ 29.508784378805949, 40.78960375975084 ], [ 29.508739747321339, 40.789605679384586 ], [ 29.508739747321339, 40.789605679384586 ], [ 29.508677839133011, 40.789661348763232 ], [ 29.508677839133011, 40.789661348763232 ], [ 29.508682241150549, 40.789694606872864 ] ] ] ] } },
{ "type": "Feature", "properties": { "fid": 160, "lanelet_id": 154, "spd_limit": null, "reward": 0, "lanelet_type": "lane_follow", "pre_id": null, "next_id": null, "adjcnt_id": null, "center_b_id": "406" }, "geometry": { "type": "MultiPolygon", "coordinates": [ [ [ [ 29.509066860960992, 40.789660003392953 ], [ 29.509093227168904, 40.789677804131784 ], [ 29.509112184289577, 40.789654709572233 ], [ 29.50908601425331, 40.789637377083814 ], [ 29.50908601425331, 40.789637377083814 ], [ 29.509066860960992, 40.789660003392953 ] ] ] ] } },
{ "type": "Feature", "properties": { "fid": 161, "lanelet_id": 155, "spd_limit": null, "reward": 0, "lanelet_type": "lane_follow", "pre_id": null, "next_id": null, "adjcnt_id": null, "center_b_id": "408" }, "geometry": { "type": "MultiPolygon", "coordinates": [ [ [ [ 29.50908601425331, 40.789637377083814 ], [ 29.509112184289577, 40.789654709572233 ], [ 29.509130673713138, 40.789632184785859 ], [ 29.509105167545627, 40.789614750774675 ], [ 29.50908601425331, 40.789637377083814 ] ] ] ] } },
{ "type": "Feature", "properties": { "fid": 162, "lanelet_id": 156, "spd_limit": null, "reward": 0, "lanelet_type": "lane_follow", "pre_id": null, "next_id": null, "adjcnt_id": null, "center_b_id": "409" }, "geometry": { "type": "MultiPolygon", "coordinates": [ [ [ [ 29.509093227168904, 40.789677804131784 ], [ 29.509112184289577, 40.789654709572233 ], [ 29.509178248153507, 40.789700033059027 ], [ 29.509159355933036, 40.789722449947504 ], [ 29.509093227168904, 40.789677804131784 ] ] ] ] } },
{ "type": "Feature", "properties": { "fid": 163, "lanelet_id": 157, "spd_limit": null, "reward": 0, "lanelet_type": "lane_follow", "pre_id": null, "next_id": null, "adjcnt_id": null, "center_b_id": "411" }, "geometry": { "type": "MultiPolygon", "coordinates": [ [ [ [ 29.509112184289577, 40.789654709572233 ], [ 29.509178248153507, 40.789700033059027 ], [ 29.509197140373985, 40.789677616170557 ], [ 29.509130673713138, 40.789632184785859 ], [ 29.509112184289577, 40.789654709572233 ] ] ] ] } },
{ "type": "Feature", "properties": { "fid": 164, "lanelet_id": 158, "spd_limit": null, "reward": 0, "lanelet_type": "passenger_stop", "pre_id": null, "next_id": null, "adjcnt_id": null, "center_b_id": "339" }, "geometry": { "type": "MultiPolygon", "coordinates": [ [ [ [ 29.509009173869067, 40.789549340718828 ], [ 29.50898833949746, 40.789573750219297 ], [ 29.509018547473222, 40.78959342614786 ], [ 29.509057170707347, 40.789582045746755 ], [ 29.509087574189543, 40.789603475195236 ], [ 29.509089637758954, 40.789639776941769 ], [ 29.509112184289577, 40.789654709572233 ], [ 29.509130673713138, 40.789632184785859 ], [ 29.509128233200805, 40.789592361925457 ], [ 29.509062325775496, 40.78954661065449 ], [ 29.509009173869067, 40.789549340718828 ] ] ] ] } },
{ "type": "Feature", "properties": { "fid": 165, "lanelet_id": 159, "spd_limit": null, "reward": null, "lanelet_type": "intersection", "pre_id": null, "next_id": null, "adjcnt_id": null, "center_b_id": "124" }, "geometry": { "type": "MultiPolygon", "coordinates": [ [ [ [ 29.508881718668455, 40.790259420347454 ], [ 29.508882692798473, 40.790260340075925 ], [ 29.508883682687483, 40.790261242821458 ], [ 29.508884688039444, 40.790262128314083 ], [ 29.508885708553695, 40.790262996288973 ], [ 29.508886743925043, 40.79026384648656 ], [ 29.50888779384384, 40.790264678652569 ], [ 29.508888857996098, 40.79026549253814 ], [ 29.508889936063571, 40.790266287899868 ], [ 29.508891027723848, 40.790267064499886 ], [ 29.508892132650452, 40.790267822105953 ], [ 29.508893250512948, 40.790268560491491 ], [ 29.508894380977019, 40.79026927943567 ], [ 29.508895523704588, 40.790269978723494 ], [ 29.508896678353906, 40.790270658145822 ], [ 29.508897844579668, 40.790271317499467 ], [ 29.508899022033091, 40.79027195658724 ], [ 29.508900210362047, 40.790272575218026 ], [ 29.508901409211152, 40.790273173206799 ], [ 29.508902618221878, 40.79027375037473 ], [ 29.508903837032651, 40.790274306549207 ], [ 29.50890506527897, 40.790274841563907 ], [ 29.508906302593516, 40.790275355258828 ], [ 29.508907548606256, 40.790275847480331 ], [ 29.50890880294455, 40.790276318081219 ], [ 29.508910065233273, 40.790276766920748 ], [ 29.508911335094929, 40.790277193864696 ], [ 29.508912612149743, 40.790277598785373 ], [ 29.508913896015798, 40.790277981561687 ], [ 29.508915186309139, 40.790278342079155 ], [ 29.508916482643887, 40.790278680229974 ], [ 29.508917784632356, 40.790278995913006 ], [ 29.508919091885172, 40.79027928903384 ], [ 29.508920404011388, 40.790279559504825 ], [ 29.508921720618591, 40.790279807245064 ], [ 29.508923041313036, 40.790280032180469 ], [ 29.508924365699752, 40.790280234243774 ], [ 29.508925693382665, 40.790280413374546 ], [ 29.508927023964716, 40.790280569519211 ], [ 29.508928357047978, 40.79028070263108 ], [ 29.508929692233774, 40.790280812670339 ], [ 29.508931029122802, 40.790280899604085 ], [ 29.508932367315253, 40.79028096340631 ], [ 29.508933706410918, 40.790281004057938 ], [ 29.508935046009324, 40.790281021546818 ], [ 29.508936385709848, 40.790281015867706 ], [ 29.508937725111842, 40.790280987022314 ], [ 29.508939063814733, 40.790280935019261 ], [ 29.508940401418172, 40.790280859874095 ], [ 29.508941737522129, 40.790280761609303 ], [ 29.508943071727025, 40.790280640254259 ], [ 29.508944403633851, 40.790280495845259 ], [ 29.508945732844285, 40.790280328425496 ], [ 29.508947058960807, 40.790280138045034 ], [ 29.50894838158683, 40.79027992476081 ], [ 29.508949700326802, 40.790279688636609 ], [ 29.508951014786337, 40.790279429743045 ], [ 29.508952324572334, 40.790279148157545 ], [ 29.508953629293085, 40.790278843964323 ], [ 29.508954928558396, 40.79027851725435 ], [ 29.508956221979705, 40.790278168125326 ], [ 29.508957509170198, 40.790277796681671 ], [ 29.508958789744923, 40.790277403034473 ], [ 29.508960063320913, 40.790276987301446 ], [ 29.508961329517287, 40.790276549606922 ], [ 29.508962587955377, 40.790276090081811 ], [ 29.508963838258826, 40.790275608863524 ], [ 29.508965080053716, 40.790275106095983 ], [ 29.508966312968678, 40.790274581929545 ], [ 29.508967536634991, 40.790274036520977 ], [ 29.508968750686698, 40.790273470033377 ], [ 29.508969954760726, 40.79027288263616 ], [ 29.508971148496983, 40.790272274505007 ], [ 29.508972331538466, 40.790271645821775 ], [ 29.508973503531372, 40.790270996774488 ], [ 29.508974664125205, 40.790270327557252 ], [ 29.508975812972867, 40.790269638370198 ], [ 29.508976949730787, 40.790268929419433 ], [ 29.508978074059005, 40.790268200916991 ], [ 29.508979185621275, 40.79026745308073 ], [ 29.508980284085169, 40.790266686134295 ], [ 29.508981369122175, 40.790265900307062 ], [ 29.508982440407809, 40.790265095834037 ], [ 29.508983497621681, 40.79026427295581 ], [ 29.508984540447621, 40.790263431918468 ], [ 29.50898556857376, 40.790262572973539 ], [ 29.508986581692625, 40.790261696377897 ], [ 29.508987579501227, 40.790260802393696 ], [ 29.508988561701162, 40.790259891288301 ], [ 29.50898952799869, 40.790258963334189 ], [ 29.508990478104828, 40.790258018808863 ], [ 29.508991411735433, 40.790257057994815 ], [ 29.508992328611296, 40.790256081179372 ], [ 29.508970102273729, 40.790238654895923 ], [ 29.508970102273729, 40.790238654895923 ], [ 29.508969298267822, 40.790239213573876 ], [ 29.508968484750373, 40.790239758308601 ], [ 29.508967661963169, 40.790240288938193 ], [ 29.50896683015074, 40.790240805304961 ], [ 29.508965989560306, 40.790241307255435 ], [ 29.508965140441688, 40.79024179464043 ], [ 29.508964283047256, 40.790242267315087 ], [ 29.508963417631822, 40.790242725138945 ], [ 29.50896254445259, 40.790243167975916 ], [ 29.508961663769078, 40.790243595694406 ], [ 29.508960775843022, 40.790244008167285 ], [ 29.50895988093832, 40.790244405271963 ], [ 29.508958979320937, 40.790244786890426 ], [ 29.508958071258839, 40.790245152909257 ], [ 29.508957157021907, 40.790245503219666 ], [ 29.508956236881851, 40.790245837717542 ], [ 29.508955311112139, 40.790246156303475 ], [ 29.508954379987916, 40.790246458882777 ], [ 29.508953443785913, 40.790246745365529 ], [ 29.508952502784371, 40.790247015666573 ], [ 29.508951557262964, 40.790247269705581 ], [ 29.508950607502697, 40.790247507407059 ], [ 29.508949653785844, 40.790247728700351 ], [ 29.508948696395855, 40.790247933519694 ], [ 29.508947735617269, 40.790248121804211 ], [ 29.50894677173563, 40.790248293497946 ], [ 29.508945805037406, 40.790248448549875 ], [ 29.508944835809903, 40.790248586913904 ], [ 29.508943864341184, 40.790248708548923 ], [ 29.508942890919965, 40.790248813418778 ], [ 29.508941915835553, 40.790248901492298 ], [ 29.508940939377748, 40.790248972743314 ], [ 29.508939961836752, 40.790249027150644 ], [ 29.508938983503096, 40.790249064698116 ], [ 29.508938004667545, 40.790249085374576 ], [ 29.508937025621009, 40.790249089173884 ], [ 29.508936046654462, 40.790249076094895 ], [ 29.508935068058864, 40.790249046141511 ], [ 29.508934090125049, 40.790248999322628 ], [ 29.508933113143662, 40.790248935652158 ], [ 29.508932137405072, 40.790248855149031 ], [ 29.508931163199264, 40.790248757837162 ], [ 29.508930190815779, 40.790248643745485 ], [ 29.508929220543607, 40.790248512907908 ], [ 29.508928252671126, 40.790248365363304 ], [ 29.508927287485982, 40.790248201155535 ], [ 29.508926325275031, 40.790248020333394 ], [ 29.508925366324252, 40.790247822950633 ], [ 29.508924410918642, 40.790247609065908 ], [ 29.508923459342153, 40.790247378742791 ], [ 29.508922511877596, 40.790247132049728 ], [ 29.50892156880656, 40.790246869060041 ], [ 29.508920630409328, 40.79024658985189 ], [ 29.508919696964796, 40.790246294508265 ], [ 29.508918768750384, 40.790245983116925 ], [ 29.508917846041964, 40.790245655770434 ], [ 29.508916929113767, 40.790245312566071 ], [ 29.508916018238306, 40.790244953605836 ], [ 29.508915113686296, 40.790244578996422 ], [ 29.50891421572657, 40.790244188849158 ], [ 29.508913324626011, 40.790243783279998 ], [ 29.50891244064945, 40.790243362409477 ], [ 29.508911564059609, 40.79024292636268 ], [ 29.508910695117017, 40.790242475269203 ], [ 29.508909834079926, 40.79024200926311 ], [ 29.508908981204232, 40.790241528482902 ], [ 29.508908136743422, 40.790241033071467 ], [ 29.508907300948465, 40.790240523176038 ], [ 29.508906474067764, 40.790239998948167 ], [ 29.508905656347071, 40.790239460543653 ], [ 29.508904848029413, 40.790238908122504 ], [ 29.508904049355031, 40.790238341848912 ], [ 29.508881718668455, 40.790259420347454 ] ] ] ] } },
{ "type": "Feature", "properties": { "fid": 166, "lanelet_id": 160, "spd_limit": null, "reward": null, "lanelet_type": "intersection", "pre_id": null, "next_id": null, "adjcnt_id": null, "center_b_id": "122" }, "geometry": { "type": "MultiPolygon", "coordinates": [ [ [ [ 29.508904049355031, 40.790238341848912 ], [ 29.508904848029413, 40.790238908122504 ], [ 29.508905656347071, 40.790239460543653 ], [ 29.508906474067764, 40.790239998948167 ], [ 29.508907300948465, 40.790240523176038 ], [ 29.508908136743422, 40.790241033071467 ], [ 29.508908981204232, 40.790241528482902 ], [ 29.508909834079926, 40.79024200926311 ], [ 29.50891069511702, 40.790242475269203 ], [ 29.508911564059613, 40.79024292636268 ], [ 29.50891244064945, 40.790243362409477 ], [ 29.508913324626011, 40.790243783279998 ], [ 29.508914215726573, 40.790244188849158 ], [ 29.508915113686296, 40.790244578996422 ], [ 29.508916018238306, 40.790244953605836 ], [ 29.50891692911377, 40.790245312566064 ], [ 29.508917846041967, 40.790245655770427 ], [ 29.508918768750387, 40.790245983116925 ], [ 29.508919696964796, 40.790246294508258 ], [ 29.508920630409328, 40.79024658985189 ], [ 29.50892156880656, 40.790246869060034 ], [ 29.508922511877596, 40.790247132049721 ], [ 29.508923459342153, 40.790247378742784 ], [ 29.508924410918642, 40.790247609065908 ], [ 29.508925366324252, 40.790247822950626 ], [ 29.508926325275034, 40.790248020333394 ], [ 29.508927287485982, 40.790248201155528 ], [ 29.508928252671126, 40.790248365363297 ], [ 29.50892922054361, 40.790248512907901 ], [ 29.508930190815779, 40.790248643745485 ], [ 29.508931163199264, 40.790248757837162 ], [ 29.508932137405072, 40.790248855149024 ], [ 29.508933113143662, 40.790248935652151 ], [ 29.508934090125049, 40.790248999322621 ], [ 29.508935068058864, 40.790249046141504 ], [ 29.508936046654462, 40.790249076094888 ], [ 29.508937025621009, 40.790249089173876 ], [ 29.508938004667545, 40.790249085374576 ], [ 29.508938983503096, 40.790249064698109 ], [ 29.508939961836752, 40.790249027150637 ], [ 29.508940939377748, 40.790248972743306 ], [ 29.508941915835553, 40.790248901492298 ], [ 29.508942890919965, 40.790248813418778 ], [ 29.508943864341184, 40.790248708548923 ], [ 29.508944835809903, 40.790248586913904 ], [ 29.508945805037406, 40.790248448549868 ], [ 29.508946771735626, 40.790248293497946 ], [ 29.508947735617269, 40.790248121804211 ], [ 29.508948696395855, 40.790247933519687 ], [ 29.508949653785844, 40.790247728700351 ], [ 29.508950607502697, 40.790247507407052 ], [ 29.508951557262961, 40.790247269705581 ], [ 29.508952502784371, 40.790247015666566 ], [ 29.508953443785913, 40.790246745365522 ], [ 29.508954379987916, 40.790246458882777 ], [ 29.508955311112139, 40.790246156303475 ], [ 29.508956236881851, 40.790245837717535 ], [ 29.508957157021907, 40.790245503219658 ], [ 29.508958071258839, 40.79024515290925 ], [ 29.508958979320937, 40.790244786890426 ], [ 29.508959880938317, 40.790244405271963 ], [ 29.508960775843022, 40.790244008167278 ], [ 29.508961663769078, 40.790243595694399 ], [ 29.50896254445259, 40.790243167975916 ], [ 29.508963417631819, 40.790242725138938 ], [ 29.508964283047256, 40.790242267315087 ], [ 29.508965140441688, 40.790241794640423 ], [ 29.508965989560306, 40.790241307255435 ], [ 29.50896683015074, 40.790240805304961 ], [ 29.508967661963169, 40.790240288938193 ], [ 29.508968484750373, 40.790239758308594 ], [ 29.508969298267822, 40.790239213573876 ], [ 29.508970102273729, 40.790238654895923 ], [ 29.508943910674049, 40.79021768074638 ], [ 29.508943910674049, 40.79021768074638 ], [ 29.508926380041604, 40.790217263350371 ], [ 29.508926380041604, 40.790217263350371 ], [ 29.508904049355031, 40.790238341848912 ] ] ] ] } }
]
}
