{
"type": "FeatureCollection",
"name": "linestring_layer",
"crs": { "type": "name", "properties": { "name": "urn:ogc:def:crs:OGC:1.3:CRS84" } },
"features": [
{ "type": "Feature", "properties": { "fid": 21, "line_id": 1, "line_type": "road_boundary_line" }, "geometry": { "type": "MultiLineString", "coordinates": [ [ [ 29.509236052708726, 40.789776024901116 ], [ 29.509341792748693, 40.78984708220797 ] ] ] } },
{ "type": "Feature", "properties": { "fid": 22, "line_id": 2, "line_type": "dashed_line" }, "geometry": { "type": "MultiLineString", "coordinates": [ [ [ 29.509254099008881, 40.789753185052483 ], [ 29.509359557075406, 40.789825229266377 ] ] ] } },
{ "type": "Feature", "properties": { "fid": 23, "line_id": 3, "line_type": "center_line" }, "geometry": { "type": "MultiLineString", "coordinates": [ [ [ 29.509245075858804, 40.789764745963517 ], [ 29.509351097872212, 40.789836649190697 ] ] ] } },
{ "type": "Feature", "properties": { "fid": 24, "line_id": 4, "line_type": "center_line" }, "geometry": { "type": "MultiLineString", "coordinates": [ [ [ 29.509263122158959, 40.789742752035202 ], [ 29.509368016278607, 40.789814937235818 ] ] ] } },
{ "type": "Feature", "properties": { "fid": 25, "line_id": 5, "line_type": "road_boundary_line" }, "geometry": { "type": "MultiLineString", "coordinates": [ [ [ 29.509341792748693, 40.78984708220797 ], [ 29.509342035832006, 40.789847338186448 ], [ 29.509342274414852, 40.789847598364673 ], [ 29.509342508424684, 40.789847862663514 ], [ 29.509342737790345, 40.789848131002614 ], [ 29.509342962442091, 40.789848403300383 ], [ 29.509343182311611, 40.789848679474012 ], [ 29.509343397332049, 40.789848959439531 ], [ 29.509343607438019, 40.78984924311181 ], [ 29.509343812565639, 40.789849530404588 ], [ 29.509344012652534, 40.789849821230504 ], [ 29.509344207637859, 40.789850115501139 ], [ 29.509344397462328, 40.789850413126992 ], [ 29.50934458206822, 40.789850714017582 ], [ 29.509344761399397, 40.789851018081407 ], [ 29.509344935401337, 40.789851325226003 ], [ 29.509345104021122, 40.789851635357991 ], [ 29.509345267207483, 40.78985194838306 ], [ 29.509345424910798, 40.789852264206019 ], [ 29.509345577083117, 40.789852582730845 ], [ 29.509345723678166, 40.789852903860684 ], [ 29.509345864651365, 40.789853227497886 ], [ 29.509345999959855, 40.789853553544035 ], [ 29.509346129562491, 40.789853881900001 ], [ 29.50934625341986, 40.789854212465926 ], [ 29.509346371494303, 40.789854545141303 ], [ 29.509346483749916, 40.789854879824972 ], [ 29.509346590152568, 40.789855216415162 ], [ 29.509346690669897, 40.789855554809527 ], [ 29.509346785271347, 40.789855894905166 ], [ 29.509346873928145, 40.789856236598673 ], [ 29.509346956613339, 40.789856579786147 ], [ 29.509347033301783, 40.789856924363221 ], [ 29.50934710397016, 40.789857270225134 ], [ 29.509347168596978, 40.789857617266705 ], [ 29.509347227162589, 40.789857965382417 ], [ 29.509347279649184, 40.789858314466414 ], [ 29.509347326040803, 40.789858664412556 ], [ 29.50934736632334, 40.789859015114416 ], [ 29.509347400484547, 40.789859366465372 ], [ 29.509347428514033, 40.789859718358578 ], [ 29.509347450403276, 40.789860070687034 ], [ 29.509347466145623, 40.789860423343605 ], [ 29.509347475736284, 40.789860776221062 ], [ 29.509347479172348, 40.789861129212106 ], [ 29.50934747645276, 40.789861482209389 ], [ 29.509347467578358, 40.789861835105583 ], [ 29.509347452551832, 40.789862187793382 ], [ 29.509347431377758, 40.789862540165544 ], [ 29.50934740406257, 40.789862892114918 ], [ 29.509347370614577, 40.789863243534484 ], [ 29.509347331043944, 40.789863594317389 ], [ 29.509347285362711, 40.789863944356966 ], [ 29.509347233584762, 40.789864293546778 ], [ 29.509347175725843, 40.789864641780639 ], [ 29.509347111803553, 40.789864988952672 ], [ 29.509347041837319, 40.789865334957312 ], [ 29.509346965848426, 40.789865679689335 ], [ 29.509346883859973, 40.789866023043921 ], [ 29.509346795896892, 40.789866364916669 ], [ 29.509346701985933, 40.789866705203629 ], [ 29.509346602155652, 40.789867043801316 ], [ 29.5093464964364, 40.789867380606779 ], [ 29.509346384860329, 40.789867715517609 ], [ 29.509346267461364, 40.789868048431956 ], [ 29.509346144275202, 40.789868379248595 ], [ 29.509346015339304, 40.789868707866937 ], [ 29.509345880692869, 40.789869034187049 ], [ 29.509345740376848, 40.789869358109719 ] ] ] } },
{ "type": "Feature", "properties": { "fid": 26, "line_id": 6, "line_type": "road_boundary_line" }, "geometry": { "type": "MultiLineString", "coordinates": [ [ [ 29.509394521781953, 40.789904886763146 ], [ 29.509395327994454, 40.789904284512531 ], [ 29.509396124123082, 40.78990366899356 ], [ 29.509396909949501, 40.789903040375037 ], [ 29.509397685258186, 40.789902398829369 ], [ 29.509398449836514, 40.789901744532507 ], [ 29.509399203474786, 40.789901077663892 ], [ 29.509399945966319, 40.789900398406409 ], [ 29.509400677107479, 40.789899706946358 ], [ 29.509401396697747, 40.789899003473366 ], [ 29.509402104539774, 40.789898288180375 ], [ 29.509402800439428, 40.789897561263544 ], [ 29.509403484205855, 40.789896822922245 ], [ 29.509404155651531, 40.789896073358967 ], [ 29.509404814592305, 40.789895312779286 ], [ 29.509405460847464, 40.789894541391789 ], [ 29.509406094239765, 40.789893759408031 ], [ 29.509406714595499, 40.789892967042483 ], [ 29.509407321744533, 40.789892164512452 ], [ 29.509407915520349, 40.789891352038033 ], [ 29.509408289818882, 40.789890951525628 ], [ 29.509408657175509, 40.789890544636584 ], [ 29.509409017481602, 40.789890131491212 ], [ 29.509409370630639, 40.789889712211668 ], [ 29.509409716518199, 40.789889286921913 ], [ 29.509410055042014, 40.789888855747691 ], [ 29.509410386101997, 40.789888418816496 ], [ 29.509410709600257, 40.789887976257511 ], [ 29.50941102544115, 40.789887528201589 ], [ 29.50941133353129, 40.789887074781198 ], [ 29.509411633779585, 40.789886616130417 ], [ 29.509411926097258, 40.789886152384845 ], [ 29.509412210397883, 40.78988568368159 ], [ 29.509412486597398, 40.789885210159248 ], [ 29.509412754614143, 40.789884731957819 ], [ 29.509413014368867, 40.789884249218694 ], [ 29.509413265784772, 40.789883762084607 ], [ 29.509413508787524, 40.789883270699583 ], [ 29.509413743305274, 40.789882775208909 ], [ 29.509413969268678, 40.789882275759091 ], [ 29.509414186610929, 40.7898817724978 ], [ 29.509414395267761, 40.789881265573833 ], [ 29.509414595177489, 40.789880755137077 ], [ 29.509414786280999, 40.789880241338452 ], [ 29.509414968521789, 40.789879724329865 ], [ 29.509415141845974, 40.789879204264189 ], [ 29.50941530620231, 40.789878681295193 ], [ 29.509415461542204, 40.78987815557749 ], [ 29.509415607819722, 40.789877627266534 ], [ 29.509415744991614, 40.789877096518524 ], [ 29.509415873017325, 40.789876563490381 ], [ 29.509415991859004, 40.789876028339712 ], [ 29.509416101481506, 40.789875491224748 ], [ 29.509416201852424, 40.789874952304295 ], [ 29.509416292942085, 40.789874411737685 ], [ 29.509416374723546, 40.789873869684762 ], [ 29.509417784590745, 40.789864000614365 ], [ 29.509418912484502, 40.789856387331483 ], [ 29.509418705527501, 40.789854206193809 ], [ 29.509418463978836, 40.789852028615563 ], [ 29.509418187899357, 40.78984985514532 ], [ 29.509417877358612, 40.789847686330617 ], [ 29.509417532434831, 40.789845522717819 ], [ 29.509417153214908, 40.789843364851976 ], [ 29.509416739794379, 40.789841213276681 ], [ 29.509416292277383, 40.789839068533972 ], [ 29.509415810776666, 40.789836931164132 ], [ 29.509415419648974, 40.789835982192891 ], [ 29.50941501234395, 40.789835040051763 ], [ 29.509414588980803, 40.789834105016503 ], [ 29.509414149683451, 40.789833177360791 ], [ 29.509413694580473, 40.789832257356139 ], [ 29.509413223805069, 40.789831345271814 ], [ 29.509412737495033, 40.789830441374789 ], [ 29.509412235792698, 40.789829545929621 ], [ 29.509411718844916, 40.789828659198385 ], [ 29.509411186802986, 40.789827781440636 ], [ 29.509410639822629, 40.78982691291327 ], [ 29.509410078063947, 40.789826053870506 ], [ 29.509409501691358, 40.789825204563776 ], [ 29.50940891087356, 40.789824365241657 ], [ 29.509408305783481, 40.789823536149818 ], [ 29.509407686598223, 40.789822717530917 ], [ 29.509407053499014, 40.789821909624564 ], [ 29.509406406671157, 40.789821112667219 ], [ 29.509405746303973, 40.789820326892141 ], [ 29.509405072590742, 40.789819552529323 ], [ 29.509404385728654, 40.789818789805416 ], [ 29.509403685918748, 40.789818038943658 ], [ 29.509402369240245, 40.789816947078627 ], [ 29.509401034312646, 40.789815877602209 ], [ 29.509399681516598, 40.789814830819346 ], [ 29.509398311237838, 40.789813807028523 ], [ 29.509396923867101, 40.789812806521681 ], [ 29.509395519799984, 40.789811829584096 ], [ 29.509394099436847, 40.789810876494336 ], [ 29.509392663182705, 40.789809947524184 ], [ 29.509391211447092, 40.789809042938515 ], [ 29.509389744643965, 40.789808162995278 ], [ 29.509388263191578, 40.789807307945374 ], [ 29.509386767512353, 40.789806478032624 ], [ 29.509381128043554, 40.789804222245102 ], [ 29.509377321402123, 40.789803376324784 ] ] ] } },
{ "type": "Feature", "properties": { "fid": 27, "line_id": 7, "line_type": "road_boundary_line" }, "geometry": { "type": "MultiLineString", "coordinates": [ [ [ 29.509377321402123, 40.789803376324784 ], [ 29.509272145309037, 40.78973034520385 ] ] ] } },
{ "type": "Feature", "properties": { "fid": 28, "line_id": 8, "line_type": "dashed_line" }, "geometry": { "type": "MultiLineString", "coordinates": [ [ [ 29.5093701310794, 40.789887122436433 ], [ 29.509370490824764, 40.789886849932572 ], [ 29.509370845763559, 40.78988657119698 ], [ 29.509371195787843, 40.789886286314406 ], [ 29.509371540791179, 40.789885995371492 ], [ 29.509371880668645, 40.789885698456715 ], [ 29.509372215316887, 40.789885395660356 ], [ 29.50937254463414, 40.789885087074509 ], [ 29.509372868520259, 40.789884772793002 ], [ 29.509373186876747, 40.789884452911423 ], [ 29.509373499606792, 40.789884127527039 ], [ 29.50937380661529, 40.789883796738799 ], [ 29.509374107808888, 40.789883460647296 ], [ 29.509374403095986, 40.789883119354741 ], [ 29.509374692386789, 40.789882772964916 ], [ 29.509374975593321, 40.789882421583158 ], [ 29.509375252629464, 40.78988206531632 ], [ 29.509375523410966, 40.789881704272759 ], [ 29.509375787855486, 40.789881338562246 ], [ 29.509376045882604, 40.789880968296011 ], [ 29.509376297413855, 40.789880593586645 ], [ 29.509376542372749, 40.789880214548099 ], [ 29.509376780684793, 40.789879831295636 ], [ 29.509377012277511, 40.789879443945807 ], [ 29.509377237080486, 40.789879052616399 ], [ 29.509377455025344, 40.789878657426421 ], [ 29.509377666045818, 40.789878258496053 ], [ 29.509377870077728, 40.789877855946607 ], [ 29.509378067059036, 40.789877449900494 ], [ 29.509378256929832, 40.789877040481194 ], [ 29.509378439632382, 40.789876627813221 ], [ 29.509378615111125, 40.789876212022058 ], [ 29.509378783312695, 40.789875793234152 ], [ 29.509378944185944, 40.789875371576848 ], [ 29.509379097681947, 40.78987494717839 ], [ 29.509379243754033, 40.789874520167821 ], [ 29.509379382357775, 40.789874090674999 ], [ 29.509379513451027, 40.789873658830537 ], [ 29.50937963699392, 40.789873224765756 ], [ 29.509379752948888, 40.789872788612662 ], [ 29.509379861280667, 40.789872350503877 ], [ 29.509379961956313, 40.789871910572636 ], [ 29.509380054945211, 40.789871468952732 ], [ 29.509380140219086, 40.789871025778446 ], [ 29.509380217752003, 40.789870581184559 ], [ 29.509380287520383, 40.789870135306259 ], [ 29.509380349503015, 40.789869688279154 ], [ 29.509380403681043, 40.789869240239177 ], [ 29.509380450037995, 40.789868791322583 ], [ 29.509380488559774, 40.789868341665873 ], [ 29.509380519234664, 40.789867891405805 ], [ 29.509380542053339, 40.789867440679295 ], [ 29.509380557008857, 40.789866989623405 ], [ 29.509380564096674, 40.789866538375314 ], [ 29.509380689214499, 40.789865969510785 ], [ 29.509380804568895, 40.789865398586372 ], [ 29.509380910126009, 40.789864825769627 ], [ 29.509381005854856, 40.789864251228671 ], [ 29.509381091727342, 40.789863675132118 ], [ 29.509381167718271, 40.78986309764904 ], [ 29.509381233805335, 40.789862518948922 ], [ 29.509381289969138, 40.789861939201607 ], [ 29.509381336193201, 40.789861358577234 ], [ 29.509381372463956, 40.789860777246219 ], [ 29.509381398770756, 40.789860195379156 ], [ 29.509381415105885, 40.789859613146824 ], [ 29.509381421464546, 40.789859030720095 ], [ 29.509381417844871, 40.789858448269911 ], [ 29.509381404247925, 40.7898578659672 ], [ 29.509381380677699, 40.789857283982862 ], [ 29.509381347141112, 40.789856702487704 ], [ 29.509381303647999, 40.789856121652377 ], [ 29.509381250211131, 40.789855541647356 ], [ 29.509381186846191, 40.789854962642856 ], [ 29.50938111357177, 40.789854384808812 ], [ 29.509381030409379, 40.78985380831481 ], [ 29.509380937383423, 40.789853233330028 ], [ 29.509380834521203, 40.789852660023229 ], [ 29.509380721852907, 40.789852088562661 ], [ 29.509380599411603, 40.789851519116041 ], [ 29.509380467233225, 40.789850951850497 ], [ 29.509380325356563, 40.789850386932507 ], [ 29.509380173823256, 40.789849824527863 ], [ 29.509380012677777, 40.789849264801632 ], [ 29.509379841967423, 40.789848707918068 ], [ 29.50937966174229, 40.789848154040619 ], [ 29.509379472055276, 40.789847603331843 ], [ 29.509379272962043, 40.789847055953352 ], [ 29.509379064521031, 40.7898465120658 ], [ 29.50937884679341, 40.789845971828811 ], [ 29.509378619843076, 40.789845435400935 ], [ 29.509378383736642, 40.789844902939599 ], [ 29.509378138543397, 40.789844374601074 ], [ 29.509377884335301, 40.789843850540421 ], [ 29.509377621186964, 40.789843330911438 ], [ 29.509377349175608, 40.789842815866635 ], [ 29.509377068381074, 40.789842305557173 ], [ 29.509376778885763, 40.789841800132805 ], [ 29.509376480774641, 40.789841299741873 ], [ 29.509376174135195, 40.789840804531238 ], [ 29.509375859057425, 40.789840314646227 ], [ 29.509375535633794, 40.789839830230626 ], [ 29.509375203959227, 40.789839351426586 ], [ 29.509374864131061, 40.789838878374638 ], [ 29.509374516249036, 40.789838411213623 ], [ 29.509374160415241, 40.789837950080631 ], [ 29.509373796734117, 40.789837495111001 ], [ 29.509359557075406, 40.789825229266377 ], [ 29.509359557075406, 40.789825229266377 ] ] ] } },
{ "type": "Feature", "properties": { "fid": 29, "line_id": 9, "line_type": "center_line" }, "geometry": { "type": "MultiLineString", "coordinates": [ [ [ 29.509351097872212, 40.789836649190697 ], [ 29.509351495162942, 40.789836922578509 ], [ 29.509351887647949, 40.789837202821872 ], [ 29.509352275208943, 40.78983748983633 ], [ 29.509352657729128, 40.789837783535376 ], [ 29.50935303509322, 40.789838083830503 ], [ 29.509353407187493, 40.789838390631211 ], [ 29.509353773899807, 40.789838703845035 ], [ 29.509354135119647, 40.789839023377588 ], [ 29.509354490738147, 40.789839349132556 ], [ 29.50935484064814, 40.789839681011784 ], [ 29.509355184744166, 40.789840018915243 ], [ 29.509355522922526, 40.789840362741096 ], [ 29.509355855081303, 40.789840712385733 ], [ 29.509356181120392, 40.789841067743765 ], [ 29.509356500941536, 40.789841428708108 ], [ 29.509356814448346, 40.789841795169977 ], [ 29.509357121546341, 40.789842167018932 ], [ 29.509357422142973, 40.7898425441429 ], [ 29.509357716147647, 40.789842926428229 ], [ 29.50935800347176, 40.789843313759711 ], [ 29.509358284028718, 40.789843706020612 ], [ 29.509358557733968, 40.789844103092719 ], [ 29.509358824505028, 40.789844504856362 ], [ 29.509359084261494, 40.789844911190457 ], [ 29.509359336925087, 40.789845321972557 ], [ 29.509359582419659, 40.789845737078849 ], [ 29.509359820671225, 40.789846156384243 ], [ 29.509360051607985, 40.789846579762369 ], [ 29.509360275160336, 40.789847007085626 ], [ 29.509360491260907, 40.789847438225237 ], [ 29.509360699844571, 40.789847873051272 ], [ 29.509360900848471, 40.789848311432671 ], [ 29.509361094212025, 40.789848753237337 ], [ 29.509361279876959, 40.789849198332107 ], [ 29.509361457787318, 40.789849646582844 ], [ 29.50936162788949, 40.789850097854462 ], [ 29.509361790132203, 40.789850552010961 ], [ 29.509361944466569, 40.789851008915463 ], [ 29.509362090846068, 40.789851468430278 ], [ 29.509362229226593, 40.789851930416916 ], [ 29.509362359566435, 40.789852394736144 ], [ 29.509362481826312, 40.789852861248036 ], [ 29.509362595969382, 40.78985332981199 ], [ 29.509362701961244, 40.789853800286799 ], [ 29.509362799769956, 40.789854272530675 ], [ 29.509362915821505, 40.78985476744419 ], [ 29.509363023412718, 40.789855264265562 ], [ 29.509363122512276, 40.789855762850188 ], [ 29.509363213091333, 40.789856263052926 ], [ 29.509363295123528, 40.789856764728185 ], [ 29.509363368584978, 40.789857267729943 ], [ 29.5093634334543, 40.78985777191177 ], [ 29.509363489712616, 40.789858277126925 ], [ 29.509363537343546, 40.78985878322834 ], [ 29.509363576333225, 40.789859290068705 ], [ 29.509363606670309, 40.789859797500483 ], [ 29.509363628345966, 40.789860305375974 ], [ 29.509363641353882, 40.789860813547342 ], [ 29.509363645690275, 40.789861321866674 ], [ 29.509363641353882, 40.789861830186005 ], [ 29.509363628345966, 40.789862338357374 ], [ 29.509363606670309, 40.789862846232865 ], [ 29.509363576333225, 40.789863353664643 ], [ 29.509363537343546, 40.789863860505008 ], [ 29.509363489712616, 40.789864366606423 ], [ 29.5093634334543, 40.789864871821578 ], [ 29.509363368584978, 40.789865376003405 ], [ 29.509363295123528, 40.789865879005163 ], [ 29.509363213091333, 40.789866380680422 ], [ 29.509363122512276, 40.78986688088316 ], [ 29.509363023412718, 40.789867379467786 ], [ 29.509362915821505, 40.789867876289158 ], [ 29.509362799769956, 40.789868371202672 ], [ 29.509362737094676, 40.789868694284607 ], [ 29.509362668935601, 40.789869016254279 ], [ 29.509362595312442, 40.789869337018615 ], [ 29.50936251624648, 40.789869656484889 ], [ 29.509362431760565, 40.789869974560759 ], [ 29.509362341879125, 40.78987029115428 ], [ 29.50936224662814, 40.78987060617392 ], [ 29.509362146035141, 40.789870919528639 ], [ 29.509362040129211, 40.78987123112784 ], [ 29.509361928940962, 40.789871540881457 ], [ 29.509361812502533, 40.789871848699939 ], [ 29.509361690847584, 40.789872154494319 ], [ 29.509361564011286, 40.789872458176191 ], [ 29.5093614320303, 40.789872759657783 ], [ 29.509361294942774, 40.789873058851931 ], [ 29.509361152788344, 40.789873355672157 ], [ 29.509361005608092, 40.789873650032654 ], [ 29.509360853444573, 40.789873941848334 ], [ 29.509360696341769, 40.789874231034844 ], [ 29.509360534345092, 40.789874517508586 ], [ 29.509360367501369, 40.789874801186748 ], [ 29.509360195858836, 40.789875081987333 ], [ 29.509360019467103, 40.789875359829168 ], [ 29.509359838377161, 40.789875634631933 ], [ 29.509359652641358, 40.789875906316205 ], [ 29.509359462313384, 40.789876174803432 ], [ 29.509359267448261, 40.789876440016009 ], [ 29.509359068102309, 40.789876701877269 ], [ 29.509358864333162, 40.789876960311524 ], [ 29.509358656199723, 40.789877215244054 ], [ 29.509358443762149, 40.789877466601183 ], [ 29.509358227081854, 40.789877714310244 ], [ 29.509358006221476, 40.789877958299634 ] ] ] } },
{ "type": "Feature", "properties": { "fid": 30, "line_id": 10, "line_type": "center_line" }, "geometry": { "type": "MultiLineString", "coordinates": [ [ [ 29.509368016278607, 40.789814937235818 ], [ 29.50936958998858, 40.789815763585331 ], [ 29.509371149689184, 40.789816616082028 ], [ 29.50937269494602, 40.789817494488481 ], [ 29.509374225328724, 40.789818398560037 ], [ 29.509375740411055, 40.789819328044906 ], [ 29.509377239771048, 40.789820282684218 ], [ 29.509378722991112, 40.789821262212079 ], [ 29.509380189658149, 40.789822266355692 ], [ 29.509381639363678, 40.789823294835386 ], [ 29.509383071703933, 40.789824347364714 ], [ 29.509384486279991, 40.789825423650534 ], [ 29.509385882697874, 40.789826523393089 ], [ 29.509387260568666, 40.789827646286085 ], [ 29.509388619508606, 40.789828792016785 ], [ 29.509389959139213, 40.789829960266083 ], [ 29.509391279087389, 40.789831150708608 ], [ 29.509391770121553, 40.789831874264358 ], [ 29.509392248935665, 40.789832605964108 ], [ 29.509392715394682, 40.789833345601487 ], [ 29.509393169367048, 40.789834092967908 ], [ 29.509393610724732, 40.789834847852582 ], [ 29.509394039343253, 40.789835610042608 ], [ 29.509394455101731, 40.789836379323027 ], [ 29.509394857882906, 40.789837155476874 ], [ 29.509395247573181, 40.78983793828526 ], [ 29.509395624062655, 40.789838727527396 ], [ 29.509395987245142, 40.789839522980692 ], [ 29.50939633701822, 40.789840324420815 ], [ 29.509396673283234, 40.789841131621728 ], [ 29.509396995945348, 40.789841944355778 ], [ 29.509397304913566, 40.789842762393747 ], [ 29.509397600100748, 40.789843585504919 ], [ 29.509397881423638, 40.789844413457153 ], [ 29.509398148802898, 40.789845246016945 ], [ 29.509398402163114, 40.789846082949481 ], [ 29.509398641432838, 40.789846924018725 ], [ 29.509398866544586, 40.789847768987471 ], [ 29.509399077434864, 40.789848617617402 ], [ 29.509399274044203, 40.789849469669186 ], [ 29.509399456317144, 40.789850324902517 ], [ 29.509399590635454, 40.789851064729739 ], [ 29.509399712394348, 40.789851806727377 ], [ 29.509399821558837, 40.789852550682241 ], [ 29.509399918097561, 40.789853296380571 ], [ 29.509400001982776, 40.789854043608116 ], [ 29.509400073190385, 40.789854792150166 ], [ 29.509400131699927, 40.789855541791653 ], [ 29.509400177494587, 40.789856292317182 ], [ 29.509400210561211, 40.78985704351112 ], [ 29.509400230890297, 40.789857795157616 ], [ 29.509400238476005, 40.789858547040701 ], [ 29.509400233316153, 40.789859298944357 ], [ 29.509400215412224, 40.789860050652528 ], [ 29.509400184769365, 40.789860801949231 ], [ 29.509400141396377, 40.789861552618611 ], [ 29.509400085305725, 40.789862302444966 ], [ 29.509400016513524, 40.789863051212855 ], [ 29.509399935039539, 40.789863798707152 ], [ 29.509399840907179, 40.789864544713062 ], [ 29.509399734143493, 40.789865289016255 ], [ 29.509399614779156, 40.789866031402866 ], [ 29.509399482848465, 40.78986677165959 ], [ 29.509399338389326, 40.789867509573739 ], [ 29.509399181443246, 40.789868244933274 ], [ 29.509399012055319, 40.789868977526929 ], [ 29.509398830274215, 40.789869707144192 ], [ 29.509398636152167, 40.789870433575437 ], [ 29.509398429744945, 40.789871156611945 ], [ 29.509398211111861, 40.789871876045957 ], [ 29.509397980315732, 40.789872591670772 ], [ 29.509397737422869, 40.789873303280764 ], [ 29.509397482503065, 40.789874010671475 ], [ 29.509397183015654, 40.789875069421996 ], [ 29.509396865822048, 40.78987612300331 ], [ 29.509396531011383, 40.789877171119329 ], [ 29.509396178677751, 40.789878213475504 ], [ 29.509395808920175, 40.789879249778892 ], [ 29.509395421842562, 40.789880279738256 ], [ 29.5093950175537, 40.789881303064149 ], [ 29.509394596167201, 40.789882319468987 ], [ 29.509394157801491, 40.789883328667123 ], [ 29.509393702579764, 40.789884330374946 ], [ 29.509393230629954, 40.78988532431093 ], [ 29.509392742084689, 40.789886310195762 ], [ 29.509392237081272, 40.789887287752371 ], [ 29.509391715761623, 40.789888256706035 ], [ 29.509391178272246, 40.789889216784438 ], [ 29.509390624764197, 40.789890167717779 ], [ 29.50939005539303, 40.789891109238802 ], [ 29.509389470318752, 40.789892041082922 ], [ 29.509388869705791, 40.789892962988262 ], [ 29.509388253722939, 40.789893874695721 ], [ 29.509387622543308, 40.789894775949094 ], [ 29.509386976344274, 40.789895666495099 ], [ 29.509386315307442, 40.789896546083462 ], [ 29.509385639618589, 40.789897414466985 ] ] ] } },
{ "type": "Feature", "properties": { "fid": 31, "line_id": 11, "line_type": "road_boundary_line" }, "geometry": { "type": "MultiLineString", "coordinates": [ [ [ 29.509394521781953, 40.789904886763146 ], [ 29.509325015329004, 40.789965652039442 ] ] ] } },
{ "type": "Feature", "properties": { "fid": 32, "line_id": 12, "line_type": "road_boundary_line" }, "geometry": { "type": "MultiLineString", "coordinates": [ [ [ 29.509345740376848, 40.789869358109719 ], [ 29.509276797870779, 40.789925893784414 ] ] ] } },
{ "type": "Feature", "properties": { "fid": 33, "line_id": 13, "line_type": "dashed_line" }, "geometry": { "type": "MultiLineString", "coordinates": [ [ [ 29.5093701310794, 40.789887122436433 ], [ 29.50930090659989, 40.789945772911928 ] ] ] } },
{ "type": "Feature", "properties": { "fid": 34, "line_id": 14, "line_type": "center_line" }, "geometry": { "type": "MultiLineString", "coordinates": [ [ [ 29.509385639618589, 40.789897414466985 ], [ 29.5093142787434, 40.789956799065351 ] ] ] } },
{ "type": "Feature", "properties": { "fid": 35, "line_id": 15, "line_type": "center_line" }, "geometry": { "type": "MultiLineString", "coordinates": [ [ [ 29.509358006221476, 40.789877958299634 ], [ 29.509289486675573, 40.789937454695448 ] ] ] } },
{ "type": "Feature", "properties": { "fid": 36, "line_id": 16, "line_type": "road_boundary_line" }, "geometry": { "type": "MultiLineString", "coordinates": [ [ [ 29.509140886672739, 40.790047706310439 ], [ 29.509210816085837, 40.7899873639943 ] ] ] } },
{ "type": "Feature", "properties": { "fid": 37, "line_id": 17, "line_type": "road_boundary_line" }, "geometry": { "type": "MultiLineString", "coordinates": [ [ [ 29.509258187623743, 40.790024584488364 ], [ 29.509190513998163, 40.790086618645148 ] ] ] } },
{ "type": "Feature", "properties": { "fid": 38, "line_id": 18, "line_type": "dashed_line" }, "geometry": { "type": "MultiLineString", "coordinates": [ [ [ 29.509234501854792, 40.790005974241332 ], [ 29.509165700335451, 40.790067162477797 ] ] ] } },
{ "type": "Feature", "properties": { "fid": 39, "line_id": 19, "line_type": "center_line" }, "geometry": { "type": "MultiLineString", "coordinates": [ [ [ 29.50922264651723, 40.789996659333248 ], [ 29.509153875895937, 40.790057891042267 ] ] ] } },
{ "type": "Feature", "properties": { "fid": 40, "line_id": 20, "line_type": "center_line" }, "geometry": { "type": "MultiLineString", "coordinates": [ [ [ 29.509246344739267, 40.79001612528517 ], [ 29.509179799007448, 40.790077031548194 ] ] ] } },
{ "type": "Feature", "properties": { "fid": 41, "line_id": 21, "line_type": "road_boundary_line" }, "geometry": { "type": "MultiLineString", "coordinates": [ [ [ 29.509213071873361, 40.789967061906623 ], [ 29.509150473769701, 40.789921946156241 ] ] ] } },
{ "type": "Feature", "properties": { "fid": 42, "line_id": 22, "line_type": "road_boundary_line" }, "geometry": { "type": "MultiLineString", "coordinates": [ [ [ 29.509257623676866, 40.789924201943755 ], [ 29.509194461626326, 40.789878522246489 ] ] ] } },
{ "type": "Feature", "properties": { "fid": 43, "line_id": 23, "line_type": "dashed_line" }, "geometry": { "type": "MultiLineString", "coordinates": [ [ [ 29.509235347775114, 40.789945631925193 ], [ 29.509172467698015, 40.789900234201369 ] ] ] } },
{ "type": "Feature", "properties": { "fid": 44, "line_id": 24, "line_type": "center_line" }, "geometry": { "type": "MultiLineString", "coordinates": [ [ [ 29.509222658970316, 40.789957474809668 ], [ 29.509160624813536, 40.789911231165519 ] ] ] } },
{ "type": "Feature", "properties": { "fid": 45, "line_id": 25, "line_type": "center_line" }, "geometry": { "type": "MultiLineString", "coordinates": [ [ [ 29.509245533851516, 40.789935832661818 ], [ 29.509183399667211, 40.789889442385622 ] ] ] } },
{ "type": "Feature", "properties": { "fid": 46, "line_id": 26, "line_type": "road_boundary_line" }, "geometry": { "type": "MultiLineString", "coordinates": [ [ [ 29.509257623676866, 40.789924201943755 ], [ 29.509257869269849, 40.789924387733336 ], [ 29.509258118025482, 40.789924569266574 ], [ 29.509258369870015, 40.789924746489639 ], [ 29.509258624728769, 40.789924919349978 ], [ 29.509258882526176, 40.789925087796348 ], [ 29.509259143185798, 40.789925251778797 ], [ 29.509259406630349, 40.789925411248696 ], [ 29.509259672781717, 40.789925566158779 ], [ 29.50925994156098, 40.789925716463095 ], [ 29.509260212888453, 40.789925862117087 ], [ 29.509260486683676, 40.789926003077575 ], [ 29.50926076286547, 40.78992613930275 ], [ 29.509261041351948, 40.789926270752218 ], [ 29.509261322060532, 40.789926397387021 ], [ 29.509261604907994, 40.789926519169597 ], [ 29.509261889810464, 40.789926636063839 ], [ 29.509262176683471, 40.789926748035086 ], [ 29.50926246544195, 40.789926855050147 ], [ 29.509262756000286, 40.789926957077277 ], [ 29.509263048272324, 40.789927054086235 ], [ 29.509263342171405, 40.78992714604825 ], [ 29.509263637610385, 40.789927232936058 ], [ 29.509263934501661, 40.789927314723904 ], [ 29.509264232757207, 40.789927391387522 ], [ 29.50926453228859, 40.789927462904188 ], [ 29.509264833006991, 40.789927529252701 ], [ 29.509265134823249, 40.789927590413377 ], [ 29.509265437647869, 40.789927646368099 ], [ 29.509265741391069, 40.789927697100261 ], [ 29.509266045962779, 40.78992774259482 ], [ 29.509266351272693, 40.789927782838298 ], [ 29.509266657230288, 40.78992781781875 ], [ 29.509266963744842, 40.789927847525817 ], [ 29.509267270725474, 40.789927871950681 ], [ 29.509267578081161, 40.789927891086101 ], [ 29.509267885720767, 40.789927904926408 ], [ 29.50926819355308, 40.789927913467494 ], [ 29.509268501486819, 40.78992791670683 ], [ 29.509268809430687, 40.789927914643449 ], [ 29.509269117293368, 40.789927907277971 ], [ 29.509269424983586, 40.789927894612575 ], [ 29.509269732410104, 40.789927876651014 ], [ 29.50927003948177, 40.789927853398623 ], [ 29.509270346107535, 40.789927824862289 ], [ 29.509270652196481, 40.789927791050474 ], [ 29.509270957657851, 40.789927751973202 ], [ 29.509271262401075, 40.789927707642057 ], [ 29.509271566335794, 40.789927658070198 ], [ 29.509271869371887, 40.789927603272311 ], [ 29.5092721714195, 40.789927543264646 ], [ 29.509272472389082, 40.789927478064996 ], [ 29.509272772191384, 40.789927407692694 ], [ 29.509273070737517, 40.78992733216861 ], [ 29.509273367938963, 40.789927251515124 ], [ 29.509273663707592, 40.789927165756168 ], [ 29.509273957955713, 40.789927074917152 ], [ 29.509274250596075, 40.789926979025026 ], [ 29.509274541541913, 40.789926878108218 ], [ 29.509274830706953, 40.789926772196651 ], [ 29.509275118005462, 40.789926661321722 ], [ 29.509275403352248, 40.789926545516309 ], [ 29.509275686662708, 40.789926424814759 ], [ 29.509275967852837, 40.789926299252848 ], [ 29.50927624683926, 40.789926168867808 ], [ 29.509276523539256, 40.789926033698308 ], [ 29.509276797870779, 40.789925893784414 ] ] ] } },
{ "type": "Feature", "properties": { "fid": 47, "line_id": 27, "line_type": "road_boundary_line" }, "geometry": { "type": "MultiLineString", "coordinates": [ [ [ 29.509213071873361, 40.789967061906623 ], [ 29.509213226876081, 40.78996726339868 ], [ 29.50921337834593, 40.789967467559826 ], [ 29.509213526236955, 40.789967674328139 ], [ 29.509213670504298, 40.789967883640877 ], [ 29.509213811104186, 40.78996809543456 ], [ 29.509213947993967, 40.789968309644919 ], [ 29.509214081132114, 40.78996852620697 ], [ 29.509214210478238, 40.789968745055027 ], [ 29.509214335993093, 40.789968966122686 ], [ 29.50921445763861, 40.789969189342891 ], [ 29.509214575377879, 40.789969414647921 ], [ 29.509214689175181, 40.789969641969414 ], [ 29.509214798995998, 40.789969871238426 ], [ 29.509214904807013, 40.789970102385389 ], [ 29.509215006576124, 40.789970335340186 ], [ 29.50921510427246, 40.789970570032153 ], [ 29.509215197866379, 40.789970806390073 ], [ 29.509215287329489, 40.789971044342259 ], [ 29.509215372634653, 40.789971283816513 ], [ 29.509215453755985, 40.789971524740196 ], [ 29.509215530668882, 40.789971767040207 ], [ 29.509215603350007, 40.789972010643048 ], [ 29.509215671777312, 40.789972255474815 ], [ 29.509215735930038, 40.789972501461236 ], [ 29.509215795788723, 40.789972748527681 ], [ 29.50921585133521, 40.789972996599197 ], [ 29.509215902552643, 40.789973245600535 ], [ 29.509215949425489, 40.789973495456145 ], [ 29.509215991939524, 40.789973746090233 ], [ 29.509216030081856, 40.78997399742677 ], [ 29.509216063840906, 40.789974249389502 ], [ 29.50921609320644, 40.789974501901987 ], [ 29.509216118169544, 40.789974754887623 ], [ 29.50921613872265, 40.789975008269671 ], [ 29.509216154859516, 40.78997526197125 ], [ 29.509216166575253, 40.789975515915401 ], [ 29.509216173866307, 40.78997577002508 ], [ 29.509216176730458, 40.789976024223208 ], [ 29.509216175166845, 40.789976278432661 ], [ 29.509216169175943, 40.789976532576318 ], [ 29.509216158759564, 40.789976786577085 ], [ 29.50921614392087, 40.789977040357904 ], [ 29.509216124664363, 40.78997729384178 ], [ 29.509216100995882, 40.789977546951825 ], [ 29.509216072922616, 40.789977799611243 ], [ 29.509216040453072, 40.78997805174339 ], [ 29.509216003597103, 40.789978303271774 ], [ 29.509215962365893, 40.78997855412009 ], [ 29.50921591677195, 40.78997880421224 ], [ 29.509215866829102, 40.789979053472344 ], [ 29.509215812552505, 40.7899793018248 ], [ 29.509215753958618, 40.789979549194257 ], [ 29.509215691065222, 40.789979795505666 ], [ 29.509215623891397, 40.789980040684313 ], [ 29.509215552457519, 40.789980284655805 ], [ 29.509215476785261, 40.789980527346145 ], [ 29.509215396897581, 40.789980768681694 ], [ 29.509215312818711, 40.789981008589251 ], [ 29.509215224574156, 40.789981246996021 ], [ 29.509215132190693, 40.789981483829692 ], [ 29.509215035696347, 40.7899817190184 ], [ 29.509214935120387, 40.789981952490812 ], [ 29.509214830493331, 40.789982184176097 ], [ 29.509214721846913, 40.789982414003958 ], [ 29.509214609214098, 40.789982641904679 ], [ 29.509214492629052, 40.789982867809123 ], [ 29.509214372127147, 40.789983091648757 ], [ 29.509214247744939, 40.78998331335567 ], [ 29.509214119520159, 40.789983532862607 ], [ 29.509213987491709, 40.789983750102977 ], [ 29.509213851699638, 40.789983965010876 ], [ 29.509213712185147, 40.789984177521106 ], [ 29.50921356899056, 40.789984387569199 ], [ 29.509213422159316, 40.789984595091425 ], [ 29.509213271735959, 40.78998480002484 ], [ 29.509213117766123, 40.789985002307269 ], [ 29.509212960296519, 40.789985201877336 ], [ 29.509212799374914, 40.789985398674517 ], [ 29.509212635050137, 40.789985592639091 ], [ 29.509212467372027, 40.789985783712225 ], [ 29.50921229639146, 40.789985971835947 ], [ 29.509212122160307, 40.789986156953198 ], [ 29.509211944731419, 40.789986339007804 ], [ 29.509211764158625, 40.789986517944541 ], [ 29.509211580496707, 40.789986693709132 ], [ 29.509211393801383, 40.789986866248242 ], [ 29.509211204129286, 40.78998703550954 ], [ 29.50921101153796, 40.789987201441669 ], [ 29.509210816085837, 40.7899873639943 ] ] ] } },
{ "type": "Feature", "properties": { "fid": 48, "line_id": 28, "line_type": "center_line" }, "geometry": { "type": "MultiLineString", "coordinates": [ [ [ 29.509245533851516, 40.789935832661818 ], [ 29.509246184883025, 40.789936322728188 ], [ 29.50924684412718, 40.789936801689798 ], [ 29.509247511394587, 40.78993726940903 ], [ 29.509248186493544, 40.789937725751521 ], [ 29.509248869230102, 40.789938170586176 ], [ 29.509249559408122, 40.789938603785181 ], [ 29.509250256829311, 40.789939025224093 ], [ 29.509250961293315, 40.789939434781829 ], [ 29.509251672597745, 40.789939832340735 ], [ 29.509252390538251, 40.789940217786587 ], [ 29.509253114908571, 40.789940591008659 ], [ 29.509253845500602, 40.789940951899723 ], [ 29.50925458210445, 40.789941300356098 ], [ 29.509255324508498, 40.789941636277668 ], [ 29.509256072499458, 40.78994195956794 ], [ 29.509256825862437, 40.789942270134027 ], [ 29.509257584381004, 40.789942567886712 ], [ 29.509258347837239, 40.789942852740445 ], [ 29.509259116011812, 40.789943124613394 ], [ 29.509259888684031, 40.789943383427456 ], [ 29.509260665631913, 40.789943629108265 ], [ 29.509261446632248, 40.78994386158525 ], [ 29.509262231460664, 40.789944080791621 ], [ 29.509263019891684, 40.789944286664401 ], [ 29.509263811698801, 40.789944479144438 ], [ 29.509264606654533, 40.789944658176445 ], [ 29.509265404530499, 40.789944823708979 ], [ 29.509266205097472, 40.789944975694482 ], [ 29.509267008125459, 40.789945114089299 ], [ 29.509267813383758, 40.789945238853669 ], [ 29.509268620641024, 40.789945349951743 ], [ 29.509269476669235, 40.789945223781345 ], [ 29.509270330396379, 40.789945082879846 ], [ 29.509271181568973, 40.789944927289092 ], [ 29.509272029934291, 40.789944757055281 ], [ 29.509272875240445, 40.78994457222894 ], [ 29.50927371723645, 40.789944372864966 ], [ 29.50927455567231, 40.789944159022546 ], [ 29.509275390299074, 40.789943930765169 ], [ 29.509276220868937, 40.789943688160619 ], [ 29.509277047135289, 40.789943431280911 ], [ 29.509277868852802, 40.789943160202327 ], [ 29.509278685777495, 40.789942875005359 ], [ 29.509279497666814, 40.789942575774667 ], [ 29.509280304279695, 40.789942262599119 ], [ 29.509281105376648, 40.78994193557169 ], [ 29.509281900719813, 40.789941594789475 ], [ 29.509282690073043, 40.789941240353663 ], [ 29.509283473201968, 40.789940872369492 ], [ 29.509284249874071, 40.789940490946215 ], [ 29.509285019858741, 40.789940096197085 ], [ 29.509285782927364, 40.789939688239315 ], [ 29.50928653885337, 40.789939267194022 ], [ 29.50928728741232, 40.78993883318622 ], [ 29.509288028381953, 40.789938386344787 ], [ 29.509288761542265, 40.789937926802381 ], [ 29.509289486675573, 40.789937454695448 ] ] ] } },
{ "type": "Feature", "properties": { "fid": 49, "line_id": 29, "line_type": "center_line" }, "geometry": { "type": "MultiLineString", "coordinates": [ [ [ 29.50922264651723, 40.789996659333248 ], [ 29.509223041332504, 40.789996346159647 ], [ 29.509223430701113, 40.789996026239507 ], [ 29.509223814507781, 40.789995699667543 ], [ 29.509224192638889, 40.789995366540431 ], [ 29.509224564982492, 40.789995026956795 ], [ 29.509224931428363, 40.789994681017163 ], [ 29.50922529186802, 40.789994328823944 ], [ 29.50922564619475, 40.789993970481405 ], [ 29.509225994303666, 40.789993606095635 ], [ 29.509226336091707, 40.789993235774503 ], [ 29.509226671457693, 40.789992859627638 ], [ 29.509227000302342, 40.789992477766404 ], [ 29.509227322528297, 40.789992090303841 ], [ 29.509227638040169, 40.789991697354651 ], [ 29.509227946744556, 40.789991299035165 ], [ 29.509228248550063, 40.789990895463312 ], [ 29.509228543367346, 40.789990486758555 ], [ 29.509228831109127, 40.789990073041899 ], [ 29.509229111690217, 40.789989654435807 ], [ 29.50922938502756, 40.789989231064219 ], [ 29.509229651040233, 40.789988803052459 ], [ 29.509229909649484, 40.789988370527247 ], [ 29.509230160778753, 40.789987933616615 ], [ 29.509230404353698, 40.789987492449924 ], [ 29.50923064030221, 40.789987047157766 ], [ 29.50923086855444, 40.789986597871966 ], [ 29.50923108904281, 40.789986144725539 ], [ 29.509231301702048, 40.789985687852628 ], [ 29.509231506469202, 40.789985227388492 ], [ 29.50923170328365, 40.789984763469448 ], [ 29.509231892087122, 40.789984296232831 ], [ 29.509232072823732, 40.789983825816968 ], [ 29.509232245439971, 40.789983352361119 ], [ 29.509232409884735, 40.789982876005446 ], [ 29.509232566109343, 40.789982396890977 ], [ 29.509232714067551, 40.789981915159544 ], [ 29.509232853715549, 40.789981430953752 ], [ 29.509232985011998, 40.789980944416961 ], [ 29.509233107918028, 40.789980455693204 ], [ 29.50923322239726, 40.789979964927156 ], [ 29.509233328415796, 40.789979472264108 ], [ 29.509233425942252, 40.789978977849913 ], [ 29.509233514947756, 40.789978481830936 ], [ 29.509233507767348, 40.789978027460556 ], [ 29.509233492681034, 40.789977573283942 ], [ 29.509233469693385, 40.789977119438632 ], [ 29.509233438811364, 40.789976666062074 ], [ 29.509233400044327, 40.789976213291588 ], [ 29.509233353404007, 40.789975761264287 ], [ 29.509233298904533, 40.789975310117079 ], [ 29.509233236562409, 40.789974859986593 ], [ 29.50923316639652, 40.789974411009148 ], [ 29.509233088428111, 40.789973963320719 ], [ 29.509233002680798, 40.7899735170569 ], [ 29.50923290918055, 40.789973072352844 ], [ 29.509232807955684, 40.789972629343218 ], [ 29.509232699036854, 40.789972188162203 ], [ 29.509232582457052, 40.789971748943415 ], [ 29.509232458251578, 40.789971311819862 ], [ 29.509232326458054, 40.789970876923938 ], [ 29.509232187116393, 40.78997044438735 ], [ 29.509232040268792, 40.789970014341101 ], [ 29.509231885959728, 40.789969586915419 ], [ 29.509231724235935, 40.789969162239764 ], [ 29.509231555146389, 40.789968740442745 ], [ 29.509231378742303, 40.789968321652111 ], [ 29.509231195077096, 40.789967905994693 ], [ 29.509231004206399, 40.789967493596372 ], [ 29.509230806188015, 40.789967084582045 ], [ 29.509230601081914, 40.78996667907559 ], [ 29.509230388950215, 40.789966277199817 ], [ 29.509230169857165, 40.789965879076426 ], [ 29.509229531391846, 40.789964811199809 ], [ 29.509229943869112, 40.789965484825998 ], [ 29.509229711054505, 40.78996509456794 ], [ 29.509229471483849, 40.789964708420428 ], [ 29.509229225229696, 40.789964326500424 ], [ 29.509228972366632, 40.789963948923585 ], [ 29.509228712971233, 40.789963575804265 ], [ 29.509228447122062, 40.789963207255468 ], [ 29.509228174899629, 40.789962843388807 ], [ 29.509227896386381, 40.789962484314486 ], [ 29.50922761166667, 40.789962130141248 ], [ 29.509227320826717, 40.789961780976363 ], [ 29.509227023954612, 40.789961436925566 ], [ 29.509226721140259, 40.789961098093059 ], [ 29.509226412475368, 40.789960764581465 ], [ 29.509226098053421, 40.789960436491782 ], [ 29.509225777969643, 40.789960113923385 ], [ 29.509225452320976, 40.789959796973953 ], [ 29.509225121206036, 40.78995948573948 ], [ 29.509224784725109, 40.789959180314227 ], [ 29.509224442980102, 40.789958880790699 ], [ 29.509224096074508, 40.789958587259598 ], [ 29.509223744113395, 40.789958299809825 ], [ 29.509223387203352, 40.789958018528438 ], [ 29.509223025452471, 40.789957743500622 ], [ 29.509222658970316, 40.789957474809668 ] ] ] } },
{ "type": "Feature", "properties": { "fid": 50, "line_id": 30, "line_type": "center_line" }, "geometry": { "type": "MultiLineString", "coordinates": [ [ [ 29.509246344739267, 40.79001612528517 ], [ 29.509247031024763, 40.790015501378811 ], [ 29.509247706361808, 40.790014865637673 ], [ 29.509248370546342, 40.790014218253837 ], [ 29.509249023377677, 40.790013559422917 ], [ 29.509249664658551, 40.790012889343998 ], [ 29.509250294195194, 40.79001220821953 ], [ 29.509250911797395, 40.790011516255333 ], [ 29.509251517278532, 40.790010813660487 ], [ 29.509252110455655, 40.790010100647287 ], [ 29.509252691149534, 40.790009377431176 ], [ 29.509253259184707, 40.790008644230682 ], [ 29.509253814389535, 40.790007901267344 ], [ 29.509254356596259, 40.790007148765653 ], [ 29.509254885641045, 40.790006386952989 ], [ 29.509255401364044, 40.790005616059531 ], [ 29.509255903609418, 40.790004836318225 ], [ 29.509256392225414, 40.790004047964665 ], [ 29.509256867064394, 40.790003251237067 ], [ 29.509257327982876, 40.790002446376164 ], [ 29.509257774841593, 40.790001633625145 ], [ 29.509258207505521, 40.790000813229604 ], [ 29.50925862584393, 40.789999985437419 ], [ 29.509259029730416, 40.789999150498716 ], [ 29.509259419042937, 40.789998308665787 ], [ 29.509259793663862, 40.789997460192993 ], [ 29.509260153479996, 40.789996605336697 ], [ 29.509260498382616, 40.789995744355224 ], [ 29.509260828267507, 40.789994877508704 ], [ 29.509261143034994, 40.789994005059079 ], [ 29.509261442589963, 40.789993127269952 ], [ 29.509261726841906, 40.789992244406569 ], [ 29.509261995704929, 40.789991356735683 ], [ 29.509262249097798, 40.789990464525516 ], [ 29.509262486943943, 40.789989568045662 ], [ 29.509262709171502, 40.789988667566988 ], [ 29.509262915713322, 40.789987763361587 ], [ 29.509263106506996, 40.789986855702679 ], [ 29.509263281494878, 40.789985944864512 ], [ 29.509263440624089, 40.789985031122306 ], [ 29.50926358384655, 40.789984114752158 ], [ 29.509263711118983, 40.789983196030953 ], [ 29.509263822402932, 40.789982275236291 ], [ 29.509263917664772, 40.7899813526464 ], [ 29.50926399687572, 40.789980428540048 ], [ 29.509264060011841, 40.789979503196463 ], [ 29.509264107054058, 40.789978576895237 ], [ 29.509264137988154, 40.789977649916274 ], [ 29.509264152804786, 40.789976722539656 ], [ 29.509264151499476, 40.789975795045599 ], [ 29.509264134072616, 40.789974867714356 ], [ 29.509264100529474, 40.78997394082613 ], [ 29.509264050880184, 40.789973014660987 ], [ 29.50926398513975, 40.789972089498775 ], [ 29.509263903328034, 40.789971165619036 ], [ 29.509263805469757, 40.789970243300935 ], [ 29.509263691594487, 40.789969322823154 ], [ 29.509263561736635, 40.789968404463821 ], [ 29.509263415935436, 40.78996748850043 ], [ 29.509263254234945, 40.789966575209746 ], [ 29.509263076684022, 40.789965664867722 ], [ 29.509262883336316, 40.789964757749438 ], [ 29.509262674250245, 40.789963854128978 ], [ 29.509262449488993, 40.789962954279375 ], [ 29.509262209120468, 40.789962058472533 ], [ 29.509261953217298, 40.789961166979126 ], [ 29.509261681856813, 40.789960280068527 ], [ 29.509261395121001, 40.789959398008719 ], [ 29.509261093096505, 40.789958521066232 ], [ 29.509260775874584, 40.789957649506036 ], [ 29.509260443551085, 40.789956783591478 ], [ 29.509260096226427, 40.789955923584209 ], [ 29.509259734005557, 40.789955069744082 ], [ 29.509259356997919, 40.789954222329094 ], [ 29.509258965317432, 40.789953381595289 ], [ 29.509258559082447, 40.789952547796716 ], [ 29.50925813841571, 40.789951721185311 ], [ 29.509257703444327, 40.789950902010837 ], [ 29.50925725429973, 40.789950090520811 ], [ 29.509256791117629, 40.789949286960443 ], [ 29.509256314037984, 40.789948491572524 ], [ 29.509255823204946, 40.789947704597395 ], [ 29.509255318766822, 40.789946926272847 ], [ 29.509254800876036, 40.789946156834056 ], [ 29.50925426968907, 40.789945396513509 ], [ 29.509253725366428, 40.789944645540949 ], [ 29.509253168072579, 40.789943904143286 ], [ 29.509252597975919, 40.789943172544547 ], [ 29.509252015248702, 40.789942450965775 ], [ 29.50925142006701, 40.789941739625014 ], [ 29.509250812610677, 40.789941038737204 ], [ 29.509250193063256, 40.789940348514108 ], [ 29.509249561611941, 40.789939669164298 ], [ 29.509248918447536, 40.789939000893042 ], [ 29.50924826376438, 40.789938343902264 ], [ 29.509247597760286, 40.789937698390467 ], [ 29.509246920636496, 40.789937064552717 ], [ 29.509246232597608, 40.789936442580519 ], [ 29.509245533851516, 40.789935832661818 ] ] ] } },
{ "type": "Feature", "properties": { "fid": 51, "line_id": 31, "line_type": "dashed_line" }, "geometry": { "type": "MultiLineString", "coordinates": [ [ [ 29.509234501854792, 40.790005974241332 ], [ 29.509235025637672, 40.790005554735032 ], [ 29.509235542091975, 40.790005126238832 ], [ 29.509236051063422, 40.790004688880728 ], [ 29.509236552399965, 40.790004242791369 ], [ 29.509237045951849, 40.790003788104023 ], [ 29.509237531571632, 40.790003324954519 ], [ 29.509238009114245, 40.790002853481198 ], [ 29.509238478437041, 40.790002373824905 ], [ 29.509238939399818, 40.790001886128934 ], [ 29.509239391864874, 40.790001390538961 ], [ 29.509239835697041, 40.790000887203043 ], [ 29.509240270763744, 40.790000376271536 ], [ 29.509240696935013, 40.789999857897065 ], [ 29.509241114083537, 40.78999933223448 ], [ 29.509241522084707, 40.789998799440816 ], [ 29.509241920816642, 40.78999825967523 ], [ 29.509242310160229, 40.789997713098963 ], [ 29.509242689999159, 40.789997159875298 ], [ 29.509243060219966, 40.789996600169481 ], [ 29.50924342071206, 40.789996034148729 ], [ 29.509243771367746, 40.789995461982116 ], [ 29.509244112082278, 40.789994883840571 ], [ 29.509244442753875, 40.78999429989679 ], [ 29.509244763283757, 40.78999371032522 ], [ 29.509245073576171, 40.789993115301975 ], [ 29.509245373538427, 40.789992515004805 ], [ 29.509245663080918, 40.789991909613043 ], [ 29.50924594211715, 40.78999129930753 ], [ 29.50924621056377, 40.78999068427057 ], [ 29.509246468340582, 40.789990064685909 ], [ 29.509246715370583, 40.789989440738616 ], [ 29.509246951579978, 40.789988812615093 ], [ 29.50924717689821, 40.789988180502966 ], [ 29.509247391257961, 40.789987544591071 ], [ 29.509247594595209, 40.78998690506937 ], [ 29.509247786849201, 40.789986262128899 ], [ 29.509247967962509, 40.789985615961733 ], [ 29.509248137881031, 40.789984966760883 ], [ 29.509248296554006, 40.7899843147203 ], [ 29.509248443934037, 40.78998366003475 ], [ 29.509248579977097, 40.78998300289981 ], [ 29.509248704642548, 40.789982343511781 ], [ 29.509248817893141, 40.789981682067648 ], [ 29.509248919695057, 40.78998101876499 ], [ 29.509249010017875, 40.789980353801958 ], [ 29.509249088834618, 40.789979687377198 ], [ 29.509249156121744, 40.789979019689781 ], [ 29.509249211859146, 40.789978350939165 ], [ 29.509249256030181, 40.789977681325126 ], [ 29.509249288621646, 40.789977011047696 ], [ 29.509249309623812, 40.789976340307092 ], [ 29.509249319030403, 40.789975669303701 ], [ 29.509249316838606, 40.789974998237952 ], [ 29.509249303049081, 40.789974327310311 ], [ 29.509249277665941, 40.789973656721216 ], [ 29.509249240696775, 40.789972986670975 ], [ 29.509249192152623, 40.789972317359755 ], [ 29.509249132047987, 40.789971648987496 ], [ 29.509249060400819, 40.789970981753861 ], [ 29.509248977232527, 40.789970315858163 ], [ 29.509248882567956, 40.789969651499334 ], [ 29.509248776435378, 40.78996898887582 ], [ 29.509248658866504, 40.789968328185573 ], [ 29.509248529896453, 40.789967669625959 ], [ 29.509248389563748, 40.789967013393699 ], [ 29.509248237910317, 40.789966359684833 ], [ 29.509248074981457, 40.789965708694645 ], [ 29.509247900825841, 40.78996506061759 ], [ 29.509247715495494, 40.789964415647276 ], [ 29.509247519045779, 40.789963773976375 ], [ 29.509247311535379, 40.789963135796555 ], [ 29.509247093026286, 40.789962501298476 ], [ 29.509246863583773, 40.789961870671661 ], [ 29.509246623276379, 40.789961244104511 ], [ 29.509246372175891, 40.789960621784182 ], [ 29.509246110357317, 40.789960003896589 ], [ 29.509245837898874, 40.789959390626308 ], [ 29.50924555488195, 40.789958782156532 ], [ 29.509245261391087, 40.789958178669039 ], [ 29.50924495751396, 40.789957580344101 ], [ 29.509244643341347, 40.789956987360448 ], [ 29.509244318967099, 40.789956399895225 ], [ 29.509243984488108, 40.789955818123921 ], [ 29.509243640004303, 40.78995524222033 ], [ 29.509243285618584, 40.78995467235648 ], [ 29.509242921436812, 40.789954108702617 ], [ 29.509242547567784, 40.789953551427104 ], [ 29.509242164123183, 40.789953000696428 ], [ 29.50924177121755, 40.789952456675096 ], [ 29.509241368968258, 40.789951919525627 ], [ 29.509240957495471, 40.789951389408486 ], [ 29.509240536922107, 40.789950866482023 ], [ 29.509240107373799, 40.789950350902451 ], [ 29.509239668978864, 40.789949842823788 ], [ 29.509239221868267, 40.789949342397819 ], [ 29.509238766175564, 40.789948849774021 ], [ 29.509238302036888, 40.789948365099562 ], [ 29.509237829590891, 40.789947888519222 ], [ 29.509237348978697, 40.789947420175366 ], [ 29.509236860343883, 40.789946960207914 ], [ 29.509236363832418, 40.789946508754255 ], [ 29.509235859592618, 40.789946065949252 ], [ 29.509235347775114, 40.789945631925193 ] ] ] } },
{ "type": "Feature", "properties": { "fid": 52, "line_id": 32, "line_type": "road_boundary_line" }, "geometry": { "type": "MultiLineString", "coordinates": [ [ [ 29.509258187623743, 40.790024584488364 ], [ 29.509259049459875, 40.790023834741923 ], [ 29.509259898133639, 40.790023070128235 ], [ 29.509260733388604, 40.790022290878348 ], [ 29.509261554972387, 40.790021497227713 ], [ 29.509262362636736, 40.790020689416139 ], [ 29.509263156137614, 40.790019867687711 ], [ 29.509263935235246, 40.790019032290722 ], [ 29.509264699694231, 40.790018183477606 ], [ 29.509265449283571, 40.790017321504834 ], [ 29.509266183776777, 40.790016446632855 ], [ 29.509266902951911, 40.790015559126026 ], [ 29.509267606591667, 40.790014659252513 ], [ 29.509268294483437, 40.790013747284227 ], [ 29.509268966419363, 40.790012823496717 ], [ 29.509269622196417, 40.790011888169126 ], [ 29.509270261616447, 40.790010941584072 ], [ 29.509270884486245, 40.790009984027563 ], [ 29.509271490617607, 40.790009015788947 ], [ 29.509272079827383, 40.790008037160781 ], [ 29.509272651937536, 40.790007048438774 ], [ 29.509273206775202, 40.790006049921665 ], [ 29.509273744172727, 40.790005041911179 ], [ 29.509274263967733, 40.790004024711884 ], [ 29.509274766003159, 40.790002998631152 ], [ 29.50927525012731, 40.790001963979009 ], [ 29.509275716193901, 40.790000921068092 ], [ 29.509276164062108, 40.789999870213528 ], [ 29.509276593596599, 40.789998811732843 ], [ 29.509277004667592, 40.789997745945861 ], [ 29.509277397150871, 40.789996673174628 ], [ 29.509277770927852, 40.789995593743292 ], [ 29.509278125885587, 40.789994507978008 ], [ 29.509278461916825, 40.789993416206855 ], [ 29.509278778920031, 40.789992318759715 ], [ 29.50927907679942, 40.789991215968207 ], [ 29.509279355464979, 40.78999010816554 ], [ 29.509279614832515, 40.78998899568645 ], [ 29.509279854823653, 40.78998787886708 ], [ 29.509280075365876, 40.789986758044897 ], [ 29.509280276392548, 40.789985633558558 ], [ 29.509280457842927, 40.789984505747846 ], [ 29.509280619662182, 40.789983374953536 ], [ 29.509280761801424, 40.789982241517308 ], [ 29.509280884217699, 40.789981105781642 ], [ 29.509280986874018, 40.78997996808971 ], [ 29.509281107008484, 40.789978161084242 ], [ 29.509281069739362, 40.78997882878528 ], [ 29.509281132788697, 40.789977688212609 ], [ 29.509281176002968, 40.789976546716325 ], [ 29.50928119936912, 40.789975404641339 ], [ 29.509281202880093, 40.789974262332748 ], [ 29.509281186534821, 40.789973120135706 ], [ 29.509281150338246, 40.789971978395343 ], [ 29.509281094301304, 40.78997083745665 ], [ 29.509281018440934, 40.789969697664368 ], [ 29.509280922780047, 40.789968559362897 ], [ 29.509280807347555, 40.789967422896183 ], [ 29.509280672178335, 40.78996628860763 ], [ 29.509280517313233, 40.789965156839962 ], [ 29.509280342799038, 40.789964027935163 ], [ 29.509280148688482, 40.789962902234343 ], [ 29.509279935040219, 40.78996178007764 ], [ 29.509279666190107, 40.789960514355151 ], [ 29.509279701918807, 40.78996066180413 ], [ 29.509279449394679, 40.7899595477517 ], [ 29.509279177544148, 40.789958438256981 ], [ 29.509278886449348, 40.789957333655217 ], [ 29.509278576198238, 40.789956234280169 ], [ 29.509278246884563, 40.789955140464023 ], [ 29.509277898607834, 40.789954052537297 ], [ 29.509277531473277, 40.789952970828715 ], [ 29.509277145591835, 40.789951895665119 ], [ 29.509276741080097, 40.789950827371385 ], [ 29.509276318060294, 40.789949766270311 ], [ 29.509275876660251, 40.789948712682509 ], [ 29.509275417013331, 40.789947666926345 ], [ 29.509274939258429, 40.789946629317797 ], [ 29.509274443539901, 40.789945600170391 ], [ 29.509273930007531, 40.78994457979509 ], [ 29.509273398816489, 40.78994356850022 ], [ 29.509272850127282, 40.789942566591343 ], [ 29.509272284105698, 40.789941574371198 ], [ 29.509271700922771, 40.789940592139594 ], [ 29.509271100754713, 40.78993962019333 ], [ 29.509270483782871, 40.789938658826081 ], [ 29.509269850193665, 40.789937708328331 ], [ 29.509269200178544, 40.789936768987289 ], [ 29.50926853393392, 40.789935841086788 ], [ 29.5092678516611, 40.7899349249072 ], [ 29.509267153566238, 40.789934020725347 ], [ 29.509266439860276, 40.789933128814454 ], [ 29.509265710758868, 40.789932249444007 ], [ 29.509264966482313, 40.789931382879729 ], [ 29.509264207255505, 40.789930529383447 ], [ 29.509263433307851, 40.789929689213061 ], [ 29.509262644873207, 40.789928862622439 ], [ 29.509261842189805, 40.789928049861338 ], [ 29.509261025500187, 40.789927251175349 ], [ 29.509260195051123, 40.789926466805795 ], [ 29.50925935109354, 40.789925696989684 ], [ 29.509258493882452, 40.789924941959626 ], [ 29.509257623676866, 40.789924201943755 ] ] ] } },
{ "type": "Feature", "properties": { "fid": 53, "line_id": 33, "line_type": "dashed_line" }, "geometry": { "type": "MultiLineString", "coordinates": [ [ [ 29.509235347775114, 40.789945631925193 ], [ 29.509235886314958, 40.78994619830172 ], [ 29.509236434619776, 40.789946755230226 ], [ 29.509236992523842, 40.789947302542373 ], [ 29.50923755985853, 40.789947840072728 ], [ 29.509238136452357, 40.78994836765883 ], [ 29.509238722131045, 40.7899488851412 ], [ 29.509239316717569, 40.78994939236344 ], [ 29.509239920032208, 40.789949889172235 ], [ 29.509240531892615, 40.789950375417419 ], [ 29.509241152113844, 40.789950850952017 ], [ 29.509241780508436, 40.789951315632308 ], [ 29.509242416886451, 40.789951769317831 ], [ 29.509243061055543, 40.789952211871466 ], [ 29.509243712821007, 40.789952643159431 ], [ 29.509244371985844, 40.789953063051385 ], [ 29.509245038350816, 40.789953471420411 ], [ 29.509245711714513, 40.789953868143066 ], [ 29.509246391873404, 40.789954253099445 ], [ 29.509247078621911, 40.789954626173191 ], [ 29.509247771752456, 40.789954987251548 ], [ 29.509248471055542, 40.789955336225376 ], [ 29.509249176319795, 40.78995567298918 ], [ 29.50924988733205, 40.78995599744119 ], [ 29.509250603877398, 40.789956309483337 ], [ 29.509251325739257, 40.789956609021296 ], [ 29.509252052699445, 40.789956895964529 ], [ 29.50925278453823, 40.789957170226316 ], [ 29.50925352103441, 40.789957431723749 ], [ 29.509254261965374, 40.789957680377803 ], [ 29.509255007107178, 40.789957916113309 ], [ 29.509255756234591, 40.789958138859014 ], [ 29.50925650912119, 40.7899583485476 ], [ 29.509257265539411, 40.789958545115681 ], [ 29.509258025260618, 40.789958728503848 ], [ 29.509258788055185, 40.789958898656664 ], [ 29.509259553692555, 40.789959055522708 ], [ 29.509260321941301, 40.789959199054557 ], [ 29.509261092569226, 40.789959329208834 ], [ 29.509261865343397, 40.789959445946202 ], [ 29.509262640030244, 40.789959549231369 ], [ 29.509263416395608, 40.789959639033128 ], [ 29.509264194204832, 40.789959715324322 ], [ 29.509264973222816, 40.789959778081894 ], [ 29.509265753214098, 40.789959827286886 ], [ 29.509266533942924, 40.789959862924412 ], [ 29.509267315173314, 40.789959884983709 ], [ 29.509268096669135, 40.789959893458104 ], [ 29.509268878194174, 40.789959888345045 ], [ 29.509269659512217, 40.789959869646069 ], [ 29.509270440387102, 40.789959837366823 ], [ 29.509271220582804, 40.789959791517077 ], [ 29.509271999863504, 40.789959732110681 ], [ 29.509272777993665, 40.789959659165596 ], [ 29.50927355473809, 40.789959572703864 ], [ 29.509274329862006, 40.789959472751626 ], [ 29.509275103131124, 40.789959359339079 ], [ 29.509275874311722, 40.789959232500522 ], [ 29.509276643170704, 40.789959092274273 ], [ 29.509277409475679, 40.789958938702732 ], [ 29.509278172995025, 40.78995877183231 ], [ 29.509278933497971, 40.789958591713443 ], [ 29.509279690754642, 40.789958398400579 ], [ 29.509280444536159, 40.789958191952138 ], [ 29.509281194614687, 40.789957972430535 ], [ 29.509281940763508, 40.789957739902107 ], [ 29.509282682757096, 40.789957494437139 ], [ 29.50928342037118, 40.789957236109835 ], [ 29.509284153382811, 40.789956964998268 ], [ 29.509284881570434, 40.789956681184378 ], [ 29.509285604713945, 40.789956384753964 ], [ 29.509286322594775, 40.789956075796603 ], [ 29.509287034995939, 40.789955754405703 ], [ 29.50928774170211, 40.789955420678382 ], [ 29.509288442499685, 40.789955074715529 ], [ 29.509289137176836, 40.789954716621708 ], [ 29.509289825523602, 40.789954346505155 ], [ 29.509290507331922, 40.789953964477739 ], [ 29.509291182395717, 40.789953570654923 ], [ 29.509291850510941, 40.789953165155751 ], [ 29.50929251147566, 40.789952748102792 ], [ 29.509293165090089, 40.789952319622088 ], [ 29.50929381115667, 40.789951879843159 ], [ 29.509294449480127, 40.789951428898931 ], [ 29.50929507986752, 40.789950966925694 ], [ 29.509295702128316, 40.789950494063099 ], [ 29.50929631607443, 40.789950010454064 ], [ 29.509296921520292, 40.789949516244754 ], [ 29.509297518282906, 40.789949011584554 ], [ 29.509298106181898, 40.789948496626003 ], [ 29.509298685039568, 40.789947971524747 ], [ 29.509299254680958, 40.789947436439498 ], [ 29.509299814933883, 40.78994689153199 ], [ 29.509300365629013, 40.789946336966928 ], [ 29.50930090659989, 40.789945772911928 ] ] ] } },
{ "type": "Feature", "properties": { "fid": 54, "line_id": 34, "line_type": "center_line" }, "geometry": { "type": "MultiLineString", "coordinates": [ [ [ 29.509222658970316, 40.789957474809668 ], [ 29.509223371538162, 40.789958255174177 ], [ 29.509224097484825, 40.789959023108509 ], [ 29.509224836593511, 40.789959778383327 ], [ 29.509225588643481, 40.789960520773079 ], [ 29.509226353410146, 40.789961250056045 ], [ 29.50922713066511, 40.789961966014438 ], [ 29.509227920176254, 40.789962668434434 ], [ 29.509228721707792, 40.789963357106267 ], [ 29.509229535020356, 40.789964031824269 ], [ 29.509230359871051, 40.789964692386931 ], [ 29.509231196013541, 40.789965338596986 ], [ 29.509232043198118, 40.789965970261441 ], [ 29.509232901171778, 40.789966587191671 ], [ 29.509233769678289, 40.789967189203416 ], [ 29.509234648458278, 40.789967776116889 ], [ 29.509235537249303, 40.789968347756826 ], [ 29.50923643578593, 40.789968903952499 ], [ 29.509237343799821, 40.789969444537803 ], [ 29.509238261019799, 40.789969969351304 ], [ 29.509239187171946, 40.789970478236263 ], [ 29.509240121979673, 40.789970971040709 ], [ 29.509241065163799, 40.789971447617461 ], [ 29.509242016442652, 40.789971907824203 ], [ 29.509242975532139, 40.789972351523488 ], [ 29.509243942145829, 40.789972778582815 ], [ 29.509244915995058, 40.78997318887464 ], [ 29.509245896788986, 40.789973582276431 ], [ 29.509246884234706, 40.789973958670707 ], [ 29.509247878037321, 40.78997431794506 ], [ 29.509248877900042, 40.78997465999219 ], [ 29.509249883524266, 40.78997498470995 ], [ 29.509250894609664, 40.789975292001365 ], [ 29.509251910854289, 40.789975581774662 ], [ 29.509252931954641, 40.789975853943304 ], [ 29.509253957605779, 40.789976108426004 ], [ 29.509254987501393, 40.789976345146769 ], [ 29.509256021333915, 40.789976564034909 ], [ 29.509257058794596, 40.789976765025038 ], [ 29.509258099573607, 40.789976948057145 ], [ 29.509259143360122, 40.789977113076567 ], [ 29.509260189842426, 40.789977260034021 ], [ 29.509261238707985, 40.78997738888561 ], [ 29.509262289643573, 40.789977499592865 ], [ 29.509263342335323, 40.789977592122725 ], [ 29.509264396468865, 40.789977666447541 ], [ 29.50926545172938, 40.789977722545132 ], [ 29.50926650780173, 40.789977760398742 ], [ 29.509267564370518, 40.789977779997059 ], [ 29.50926862112021, 40.789977781334244 ], [ 29.509269677735215, 40.789977764409876 ], [ 29.509270733899978, 40.78997772922903 ], [ 29.509271789299085, 40.789977675802206 ], [ 29.509272843617346, 40.789977604145356 ], [ 29.509273896539895, 40.789977514279876 ], [ 29.509274947752285, 40.789977406232616 ], [ 29.509275996940577, 40.789977280035835 ], [ 29.509277043791439, 40.789977135727227 ], [ 29.509278087992232, 40.78997697334988 ], [ 29.509279129231114, 40.789976792952295 ], [ 29.509280167197126, 40.789976594588339 ], [ 29.509281201580286, 40.789976378317263 ], [ 29.50928223207168, 40.789976144203649 ], [ 29.50928325836356, 40.789975892317408 ], [ 29.50928428014943, 40.78997562273377 ], [ 29.509285297124137, 40.789975335533249 ], [ 29.509286308983974, 40.789975030801607 ], [ 29.50928731542675, 40.789974708629856 ], [ 29.509288316151899, 40.789974369114212 ], [ 29.509289310860563, 40.789974012356062 ], [ 29.509290299255674, 40.789973638461952 ], [ 29.509291281042056, 40.789973247543543 ], [ 29.509292255926503, 40.789972839717592 ], [ 29.509293223617878, 40.789972415105872 ], [ 29.509294183827176, 40.789971973835208 ], [ 29.509295136267646, 40.789971516037376 ], [ 29.509296080654838, 40.7899710418491 ], [ 29.509297016706729, 40.789970551411983 ], [ 29.509297944143761, 40.789970044872497 ], [ 29.509298862688965, 40.789969522381924 ], [ 29.509299772068026, 40.789968984096284 ], [ 29.509300672009363, 40.789968430176351 ], [ 29.509301562244211, 40.789967860787542 ], [ 29.509302442506709, 40.789967276099901 ], [ 29.509303312533969, 40.789966676288046 ], [ 29.509304172066166, 40.789966061531103 ], [ 29.509305020846607, 40.789965432012664 ], [ 29.509305858621804, 40.789964787920731 ], [ 29.509306685141567, 40.789964129447661 ], [ 29.509307500159057, 40.789963456790105 ], [ 29.509308303430874, 40.789962770148939 ], [ 29.509309094717128, 40.789962069729235 ], [ 29.509309873781504, 40.789961355740161 ], [ 29.509310640391345, 40.789960628394951 ], [ 29.509311394317699, 40.789959887910818 ], [ 29.509312135335414, 40.789959134508905 ], [ 29.50931286322319, 40.789958368414212 ], [ 29.509313577763653, 40.789957589855518 ], [ 29.5093142787434, 40.789956799065351 ] ] ] } },
{ "type": "Feature", "properties": { "fid": 55, "line_id": 35, "line_type": "road_boundary_line" }, "geometry": { "type": "MultiLineString", "coordinates": [ [ [ 29.509213071873361, 40.789967061906623 ], [ 29.509213859556883, 40.789968016541366 ], [ 29.509214663683874, 40.789968957366867 ], [ 29.509215484012277, 40.789969884099911 ], [ 29.509216320295167, 40.789970796461546 ], [ 29.509217172280813, 40.78997169417714 ], [ 29.509218039712753, 40.789972576976474 ], [ 29.509218922329882, 40.789973444593805 ], [ 29.509219819866519, 40.789974296767973 ], [ 29.509220732052494, 40.789975133242464 ], [ 29.509221658613232, 40.789975953765492 ], [ 29.509222599269819, 40.789976758090063 ], [ 29.509223553739112, 40.789977545974061 ], [ 29.509224521733799, 40.789978317180335 ], [ 29.509225502962504, 40.789979071476736 ], [ 29.509226497129863, 40.789979808636204 ], [ 29.509227503936621, 40.789980528436857 ], [ 29.509228523079717, 40.789981230662022 ], [ 29.509229554252375, 40.78998191510032 ], [ 29.509230597144196, 40.789982581545722 ], [ 29.509231651441262, 40.789983229797627 ], [ 29.509232716826208, 40.7899838596609 ], [ 29.50923379297835, 40.789984470945939 ], [ 29.509234879573746, 40.789985063468748 ], [ 29.509235976285318, 40.789985637050961 ], [ 29.509237082782942, 40.78998619151993 ], [ 29.509238198733549, 40.789986726708747 ], [ 29.509239323801221, 40.78998724245632 ], [ 29.509240457647305, 40.789987738607401 ], [ 29.50924159993049, 40.789988215012634 ], [ 29.509242750306942, 40.789988671528626 ], [ 29.509243908430381, 40.789989108017956 ], [ 29.509245073952194, 40.789989524349231 ], [ 29.509246246521545, 40.789989920397133 ], [ 29.509247425785482, 40.789990296042454 ], [ 29.509248611389022, 40.789990651172104 ], [ 29.50924980297529, 40.789990985679196 ], [ 29.509251000185603, 40.78999129946304 ], [ 29.509252202659582, 40.789991592429175 ], [ 29.509253410035271, 40.789991864489423 ], [ 29.509254621949232, 40.789992115561887 ], [ 29.509255838036662, 40.789992345570987 ], [ 29.50925705793151, 40.789992554447487 ], [ 29.509258281266565, 40.789992742128526 ], [ 29.50925950767359, 40.789992908557593 ], [ 29.509260736783425, 40.789993053684604 ], [ 29.509261968226085, 40.78999317746586 ], [ 29.509263201630898, 40.789993279864113 ], [ 29.509264436626587, 40.789993360848541 ], [ 29.509265672841405, 40.789993420394751 ], [ 29.509266909903236, 40.789993458484837 ], [ 29.509268147439709, 40.789993475107323 ], [ 29.509269385078309, 40.789993470257208 ], [ 29.509270622446493, 40.789993443935955 ], [ 29.509271859171797, 40.78999339615148 ], [ 29.509273094881948, 40.789993326918172 ], [ 29.509274329204985, 40.789993236256869 ], [ 29.509275561769357, 40.789993124194865 ], [ 29.509276792204052, 40.789992990765889 ], [ 29.509278020138691, 40.789992836010107 ], [ 29.509279245203651, 40.789992659974097 ], [ 29.50928046703017, 40.789992462710849 ], [ 29.50928168525046, 40.789992244279752 ], [ 29.50928289949783, 40.789992004746544 ], [ 29.509284109406771, 40.789991744183332 ], [ 29.509285314613084, 40.789991462668546 ], [ 29.509286514753988, 40.789991160286938 ], [ 29.509287709468225, 40.789990837129508 ], [ 29.509288898396171, 40.789990493293551 ], [ 29.509290081179945, 40.78999012888255 ], [ 29.509291257463513, 40.789989744006213 ], [ 29.509292426892795, 40.78998933878038 ], [ 29.509293589115785, 40.789988913327029 ], [ 29.509294743782636, 40.789988467774229 ], [ 29.509295890545779, 40.789988002256109 ], [ 29.509297029060022, 40.789987516912781 ], [ 29.509298158982659, 40.789987011890339 ], [ 29.509299279973568, 40.789986487340812 ], [ 29.509300391695319, 40.789985943422089 ], [ 29.509301493813272, 40.789985380297892 ], [ 29.509302585995666, 40.789984798137745 ], [ 29.509303667913748, 40.789984197116866 ], [ 29.509304739241845, 40.789983577416187 ], [ 29.509305799657476, 40.789982939222227 ], [ 29.509306848841437, 40.789982282727109 ], [ 29.509307886477917, 40.789981608128436 ], [ 29.509308912254568, 40.789980915629272 ], [ 29.50930992586262, 40.78998020543807 ], [ 29.509310926996967, 40.789979477768611 ], [ 29.509311915356253, 40.78997873283992 ], [ 29.50931289064297, 40.789977970876237 ], [ 29.509313852563544, 40.789977192106925 ], [ 29.509314800828424, 40.789976396766406 ], [ 29.509315735152168, 40.789975585094076 ], [ 29.509316655253539, 40.789974757334271 ], [ 29.509317560855571, 40.789973913736148 ], [ 29.509318451685665, 40.789973054553649 ], [ 29.509319327475673, 40.789972180045389 ], [ 29.509320187961968, 40.789971290474611 ], [ 29.509321032885534, 40.78997038610909 ], [ 29.509321861992042, 40.789969467221049 ], [ 29.509322675031914, 40.789968534087087 ], [ 29.509323471760418, 40.789967586988084 ], [ 29.509324251937731, 40.789966626209136 ], [ 29.509325015329004, 40.789965652039442 ] ] ] } },
{ "type": "Feature", "properties": { "fid": 56, "line_id": 36, "line_type": "road_boundary_line" }, "geometry": { "type": "MultiLineString", "coordinates": [ [ [ 29.509258187623743, 40.790024584488364 ], [ 29.509325015329004, 40.789965652039442 ] ] ] } },
{ "type": "Feature", "properties": { "fid": 57, "line_id": 37, "line_type": "center_line" }, "geometry": { "type": "MultiLineString", "coordinates": [ [ [ 29.509247031024763, 40.790015501378811 ], [ 29.5093142787434, 40.789956799065351 ] ] ] } },
{ "type": "Feature", "properties": { "fid": 58, "line_id": 38, "line_type": "dashed_line" }, "geometry": { "type": "MultiLineString", "coordinates": [ [ [ 29.509234501854792, 40.790005974241332 ], [ 29.50930090659989, 40.789945772911928 ] ] ] } },
{ "type": "Feature", "properties": { "fid": 59, "line_id": 39, "line_type": "center_line" }, "geometry": { "type": "MultiLineString", "coordinates": [ [ [ 29.50922264651723, 40.789996659333248 ], [ 29.509289486675573, 40.789937454695448 ] ] ] } },
{ "type": "Feature", "properties": { "fid": 60, "line_id": 40, "line_type": "road_boundary_line" }, "geometry": { "type": "MultiLineString", "coordinates": [ [ [ 29.509210816085837, 40.7899873639943 ], [ 29.509276797870779, 40.789925893784414 ] ] ] } },
{ "type": "Feature", "properties": { "fid": 61, "line_id": 41, "line_type": "road_boundary_line" }, "geometry": { "type": "MultiLineString", "coordinates": [ [ [ 29.509236052708726, 40.789776024901116 ], [ 29.509159355933036, 40.789722449947504 ] ] ] } },
{ "type": "Feature", "properties": { "fid": 62, "line_id": 42, "line_type": "road_boundary_line" }, "geometry": { "type": "MultiLineString", "coordinates": [ [ [ 29.509272145309037, 40.78973034520385 ], [ 29.509268548523089, 40.789727831410026 ], [ 29.509199943197242, 40.789679603030741 ], [ 29.509197140373985, 40.789677616170557 ] ] ] } },
{ "type": "Feature", "properties": { "fid": 63, "line_id": 43, "line_type": "center_line" }, "geometry": { "type": "MultiLineString", "coordinates": [ [ [ 29.509263122158959, 40.789742752035202 ], [ 29.509187724984137, 40.789688788162984 ] ] ] } },
{ "type": "Feature", "properties": { "fid": 64, "line_id": 44, "line_type": "center_line" }, "geometry": { "type": "MultiLineString", "coordinates": [ [ [ 29.509245075858804, 40.789764745963517 ], [ 29.509167747700044, 40.789711493084752 ] ] ] } },
{ "type": "Feature", "properties": { "fid": 65, "line_id": 45, "line_type": "dashed_line" }, "geometry": { "type": "MultiLineString", "coordinates": [ [ [ 29.509254099008881, 40.789753185052483 ], [ 29.50924744720065, 40.789748516449528 ], [ 29.509178248153507, 40.789700033059027 ] ] ] } },
{ "type": "Feature", "properties": { "fid": 71, "line_id": 46, "line_type": "road_boundary_line" }, "geometry": { "type": "MultiLineString", "coordinates": [ [ [ 29.508971375593422, 40.789593625089118 ], [ 29.508971375593422, 40.789593625089118 ], [ 29.508941629021461, 40.789573719488331 ] ] ] } },
{ "type": "Feature", "properties": { "fid": 72, "line_id": 47, "line_type": "road_boundary_line" }, "geometry": { "type": "MultiLineString", "coordinates": [ [ [ 29.509009173869067, 40.789549340718828 ], [ 29.508976743395881, 40.789527645850562 ] ] ] } },
{ "type": "Feature", "properties": { "fid": 73, "line_id": 48, "line_type": "center_line" }, "geometry": { "type": "MultiLineString", "coordinates": [ [ [ 29.508979203638674, 40.789584231434809 ], [ 29.508949457066716, 40.789563207541846 ] ] ] } },
{ "type": "Feature", "properties": { "fid": 74, "line_id": 49, "line_type": "center_line" }, "geometry": { "type": "MultiLineString", "coordinates": [ [ [ 29.508998230134576, 40.789562162372256 ], [ 29.508966455107835, 40.789540170722958 ] ] ] } },
{ "type": "Feature", "properties": { "fid": 75, "line_id": 50, "line_type": "dashed_line" }, "geometry": { "type": "MultiLineString", "coordinates": [ [ [ 29.50898833949746, 40.789573750219297 ], [ 29.508957956087276, 40.789553366570672 ] ] ] } },
{ "type": "Feature", "properties": { "fid": 76, "line_id": 51, "line_type": "road_boundary_line" }, "geometry": { "type": "MultiLineString", "coordinates": [ [ [ 29.508911658791067, 40.789575061438946 ], [ 29.508912505748697, 40.789574771698689 ], [ 29.508913357582163, 40.789574496623437 ], [ 29.508914214037564, 40.789574236295195 ], [ 29.508915074859615, 40.789573990791553 ], [ 29.508915939791741, 40.789573760185689 ], [ 29.508916808576128, 40.789573544546329 ], [ 29.508917680953825, 40.789573343937761 ], [ 29.508918556664806, 40.78957315841977 ], [ 29.50891943544805, 40.789572988047652 ], [ 29.508920317041618, 40.789572832872203 ], [ 29.508921201182744, 40.789572692939657 ], [ 29.508922087607893, 40.789572568291739 ], [ 29.508922976052848, 40.789572458965587 ], [ 29.508923866252797, 40.789572364993802 ], [ 29.508924757942399, 40.789572286404386 ], [ 29.508925650855875, 40.789572223220766 ], [ 29.508926544727075, 40.789572175461778 ], [ 29.508927439289568, 40.789572143141648 ], [ 29.508928334276717, 40.789572126270016 ], [ 29.508929229421753, 40.789572124851908 ], [ 29.508930124457862, 40.789572138887756 ], [ 29.508931019118272, 40.789572168373361 ], [ 29.508931913136305, 40.789572213299948 ], [ 29.508932806245493, 40.789572273654116 ], [ 29.508933698179625, 40.789572349417881 ], [ 29.508934588672847, 40.789572440568662 ], [ 29.508935477459737, 40.789572547079288 ], [ 29.508936364275371, 40.789572668918005 ], [ 29.508937248855425, 40.789572806048504 ], [ 29.508938130936233, 40.789572958429915 ], [ 29.508939010254878, 40.789573126016812 ], [ 29.508939886549264, 40.789573308759245 ], [ 29.508940759558197, 40.789573506602743 ], [ 29.508941629021461, 40.789573719488331 ] ] ] } },
{ "type": "Feature", "properties": { "fid": 77, "line_id": 52, "line_type": "dashed_line" }, "geometry": { "type": "MultiLineString", "coordinates": [ [ [ 29.508894884408384, 40.789552360107713 ], [ 29.508895978342249, 40.78955183757747 ], [ 29.508897081211085, 40.789551334179535 ], [ 29.508898192680313, 40.789550850066632 ], [ 29.508899312412737, 40.789550385385617 ], [ 29.508900440068661, 40.789549940277467 ], [ 29.508901575305988, 40.789549514877223 ], [ 29.508902717780305, 40.789549109313931 ], [ 29.508903867145019, 40.789548723710638 ], [ 29.508905023051444, 40.789548358184319 ], [ 29.508906185148902, 40.78954801284587 ], [ 29.508907353084844, 40.789547687800052 ], [ 29.50890852650495, 40.789547383145482 ], [ 29.508909705053231, 40.78954709897458 ], [ 29.508910888372146, 40.789546835373564 ], [ 29.508912076102703, 40.789546592422397 ], [ 29.50891326788458, 40.789546370194785 ], [ 29.508914463356216, 40.78954616875815 ], [ 29.508915662154937, 40.7895459881736 ], [ 29.508916863917054, 40.789545828495918 ], [ 29.508918068277985, 40.789545689773547 ], [ 29.508919274872358, 40.789545572048574 ], [ 29.508920483334123, 40.789545475356718 ], [ 29.50892169329666, 40.789545399727302 ], [ 29.508922904392897, 40.789545345183278 ], [ 29.508924116255422, 40.789545311741186 ], [ 29.508925328516582, 40.789545299411181 ], [ 29.508926540808609, 40.789545308196999 ], [ 29.508927752763725, 40.789545338095976 ], [ 29.508928964014252, 40.78954538909904 ], [ 29.508930174192724, 40.78954546119072 ], [ 29.508931382932008, 40.789545554349139 ], [ 29.508932589865402, 40.789545668546047 ], [ 29.508933794626753, 40.789545803746783 ], [ 29.508934996850567, 40.789545959910342 ], [ 29.508936196172112, 40.789546136989351 ], [ 29.508937392227555, 40.78954633493008 ], [ 29.508938584654036, 40.78954655367248 ], [ 29.508939773089804, 40.789546793150187 ], [ 29.508940957174318, 40.789547053290562 ], [ 29.508942136548356, 40.789547334014678 ], [ 29.508943310854125, 40.789547635237362 ], [ 29.508944479735373, 40.789547956867246 ], [ 29.508945642837489, 40.789548298806743 ], [ 29.508946799807614, 40.789548660952121 ], [ 29.508947950294758, 40.789549043193517 ], [ 29.508949093949887, 40.78954944541497 ], [ 29.508950230426048, 40.789549867494451 ], [ 29.508951359378461, 40.789550309303912 ], [ 29.508952480464629, 40.789550770709319 ], [ 29.508953593344444, 40.7895512515707 ], [ 29.508954697680288, 40.78955175174216 ], [ 29.508955793137133, 40.789552271071976 ], [ 29.508956879382641, 40.789552809402586 ], [ 29.508957956087276, 40.789553366570672 ] ] ] } },
{ "type": "Feature", "properties": { "fid": 78, "line_id": 53, "line_type": "road_boundary_line" }, "geometry": { "type": "MultiLineString", "coordinates": [ [ [ 29.508878110025698, 40.78952965877648 ], [ 29.508879869821758, 40.789528792571424 ], [ 29.508881644203001, 40.789527956650034 ], [ 29.508883432648329, 40.789527151257786 ], [ 29.508885234632526, 40.789526376631215 ], [ 29.508887049626392, 40.789525632997808 ], [ 29.508888877096901, 40.78952492057595 ], [ 29.508890716507373, 40.78952423957486 ], [ 29.50889256731762, 40.789523590194534 ], [ 29.5088944289841, 40.789522972625683 ], [ 29.508896300960089, 40.789522387049672 ], [ 29.50889818269583, 40.789521833638467 ], [ 29.508900073638706, 40.789521312554591 ], [ 29.508901973233392, 40.789520823951072 ], [ 29.508903880922023, 40.789520367971406 ], [ 29.508905796144358, 40.7895199447495 ], [ 29.508907718337941, 40.789519554409644 ], [ 29.508909646938271, 40.789519197066475 ], [ 29.50891158137896, 40.789518872824928 ], [ 29.50891352109192, 40.789518581780236 ], [ 29.508915465507496, 40.789518324017862 ], [ 29.508917414054661, 40.78951809961351 ], [ 29.508919366161173, 40.789517908633087 ], [ 29.508921321253752, 40.789517751132664 ], [ 29.508923278758228, 40.78951762715851 ], [ 29.508925238099735, 40.78951753674702 ], [ 29.508927198702857, 40.789517479924761 ], [ 29.508929159991812, 40.78951745670841 ], [ 29.508931121390621, 40.789517467104787 ], [ 29.508933082323264, 40.789517511110837 ], [ 29.508935042213867, 40.789517588713643 ], [ 29.508937000486856, 40.789517699890411 ], [ 29.508938956567132, 40.789517844608483 ], [ 29.508940909880245, 40.789518022825376 ], [ 29.508942859852549, 40.789518234488739 ], [ 29.508944805911387, 40.789518479536412 ], [ 29.50894674748525, 40.789518757896431 ], [ 29.508948684003947, 40.789519069487056 ], [ 29.508950614898762, 40.789519414216777 ], [ 29.508952539602642, 40.789519791984354 ], [ 29.508954457550349, 40.789520202678844 ], [ 29.508956368178627, 40.789520646179632 ], [ 29.508958270926371, 40.789521122356483 ], [ 29.508960165234789, 40.789521631069555 ], [ 29.50896205054757, 40.789522172169441 ], [ 29.508963926311043, 40.789522745497237 ], [ 29.50896579197434, 40.789523350884572 ], [ 29.508967646989564, 40.789523988153661 ], [ 29.508969490811939, 40.789524657117354 ], [ 29.508971322899981, 40.78952535757918 ], [ 29.50897314271565, 40.789526089333449 ], [ 29.508974949724507, 40.789526852165253 ], [ 29.508976743395881, 40.789527645850562 ] ] ] } },
{ "type": "Feature", "properties": { "fid": 79, "line_id": 54, "line_type": "center_line" }, "geometry": { "type": "MultiLineString", "coordinates": [ [ [ 29.508886161729386, 40.78954061803983 ], [ 29.508887602622078, 40.789539928661284 ], [ 29.508889055212538, 40.789539264285281 ], [ 29.508890519066963, 40.789538625110218 ], [ 29.508891993748176, 40.789538011326997 ], [ 29.508893478815775, 40.789537423118908 ], [ 29.508894973826251, 40.789536860661627 ], [ 29.508896478333131, 40.789536324123119 ], [ 29.508897991887107, 40.789535813663619 ], [ 29.508899514036155, 40.78953532943558 ], [ 29.508901044325704, 40.789534871583612 ], [ 29.508902582298735, 40.789534440244438 ], [ 29.508904127495946, 40.789534035546886 ], [ 29.508905679455868, 40.78953365761182 ], [ 29.508907237715025, 40.789533306552094 ], [ 29.508908801808047, 40.789532982472565 ], [ 29.508910371267831, 40.789532685470007 ], [ 29.508911945625663, 40.789532415633126 ], [ 29.508913524411369, 40.789532173042495 ], [ 29.508915107153463, 40.789531957770578 ], [ 29.508916693379259, 40.789531769881656 ], [ 29.508918282615046, 40.789531609431833 ], [ 29.508919874386201, 40.789531476469044 ], [ 29.508921468217363, 40.789531371032986 ], [ 29.508923063632533, 40.78953129315515 ], [ 29.508924660155255, 40.789531242858786 ], [ 29.508926257308737, 40.789531220158928 ], [ 29.508927854615997, 40.789531225062348 ], [ 29.508929451600007, 40.789531257567582 ], [ 29.508931047783843, 40.789531317664924 ], [ 29.508932642690812, 40.789531405336426 ], [ 29.508934235844599, 40.789531520555904 ], [ 29.508935826769427, 40.789531663288948 ], [ 29.508937414990172, 40.789531833492937 ], [ 29.508939000032516, 40.789532031117034 ], [ 29.508940581423104, 40.78953225610222 ], [ 29.50894215868966, 40.789532508381306 ], [ 29.508943731361143, 40.789532787878954 ], [ 29.508945298967884, 40.78953309451169 ], [ 29.508946861041725, 40.789533428187944 ], [ 29.508948417116162, 40.789533788808058 ], [ 29.508949966726487, 40.78953417626434 ], [ 29.508951509409915, 40.789534590441079 ], [ 29.508953044705731, 40.789535031214577 ], [ 29.508954572155432, 40.789535498453212 ], [ 29.508956091302849, 40.789535992017434 ], [ 29.508957601694306, 40.789536511759856 ], [ 29.508959102878727, 40.789537057525244 ], [ 29.508960594407792, 40.789537629150622 ], [ 29.50896207583607, 40.789538226465268 ], [ 29.508963546721137, 40.7895388492908 ], [ 29.508965006623722, 40.789539497441218 ], [ 29.508966455107835, 40.789540170722958 ] ] ] } },
{ "type": "Feature", "properties": { "fid": 80, "line_id": 55, "line_type": "center_line" }, "geometry": { "type": "MultiLineString", "coordinates": [ [ [ 29.50890338342894, 40.789564325834021 ], [ 29.508904326148844, 40.789563914600201 ], [ 29.508905275803386, 40.789563519644098 ], [ 29.508906232111528, 40.789563141082603 ], [ 29.508907194790265, 40.78956277902774 ], [ 29.508908163554704, 40.789562433586667 ], [ 29.508909138118145, 40.789562104861602 ], [ 29.508910118192183, 40.789561792949826 ], [ 29.508911103486771, 40.789561497943652 ], [ 29.508912093710329, 40.789561219930384 ], [ 29.508913088569809, 40.789560958992297 ], [ 29.508914087770794, 40.789560715206605 ], [ 29.508915091017585, 40.789560488645456 ], [ 29.508916098013277, 40.789560279375905 ], [ 29.508917108459865, 40.789560087459876 ], [ 29.508918122058322, 40.789559912954168 ], [ 29.508919138508681, 40.789559755910425 ], [ 29.508920157510136, 40.789559616375115 ], [ 29.508921178761131, 40.789559494389536 ], [ 29.508922201959432, 40.78955938998979 ], [ 29.508923226802239, 40.789559303206779 ], [ 29.508924252986262, 40.789559234066168 ], [ 29.508925280207812, 40.789559182588434 ], [ 29.508926308162899, 40.789559148788804 ], [ 29.508927336547305, 40.789559132677283 ], [ 29.5089283650567, 40.789559134258631 ], [ 29.508929393386701, 40.789559153532394 ], [ 29.508930421232993, 40.789559190492859 ], [ 29.508931448291388, 40.789559245129098 ], [ 29.50893247425795, 40.789559317424924 ], [ 29.508933498829052, 40.789559407358958 ], [ 29.508934521701484, 40.789559514904582 ], [ 29.508935542572537, 40.789559640029957 ], [ 29.508936561140104, 40.78955978269807 ], [ 29.508937577102742, 40.789559942866696 ], [ 29.508938590159794, 40.789560120488424 ], [ 29.508939600011459, 40.789560315510705 ], [ 29.50894060635888, 40.789560527875814 ], [ 29.508941608904241, 40.789560757520903 ], [ 29.508942607350853, 40.789561004378015 ], [ 29.508943601403235, 40.789561268374101 ], [ 29.508944590767211, 40.789561549431028 ], [ 29.508945575149991, 40.78956184746562 ], [ 29.508946554260255, 40.789562162389679 ], [ 29.50894752780825, 40.789562494110001 ], [ 29.508948495505862, 40.789562842528426 ], [ 29.508949457066716, 40.789563207541846 ] ] ] } },
{ "type": "Feature", "properties": { "fid": 81, "line_id": 56, "line_type": "road_boundary_line" }, "geometry": { "type": "MultiLineString", "coordinates": [ [ [ 29.508848810770608, 40.789629186780402 ], [ 29.508911658791067, 40.789575061438946 ] ] ] } },
{ "type": "Feature", "properties": { "fid": 82, "line_id": 57, "line_type": "road_boundary_line" }, "geometry": { "type": "MultiLineString", "coordinates": [ [ [ 29.508806315667808, 40.78958713899447 ], [ 29.508878110025698, 40.78952965877648 ] ] ] } },
{ "type": "Feature", "properties": { "fid": 83, "line_id": 58, "line_type": "dashed_line" }, "geometry": { "type": "MultiLineString", "coordinates": [ [ [ 29.508827563219207, 40.789608162887433 ], [ 29.508894884408384, 40.789552360107713 ] ] ] } },
{ "type": "Feature", "properties": { "fid": 84, "line_id": 59, "line_type": "center_line" }, "geometry": { "type": "MultiLineString", "coordinates": [ [ [ 29.508839025714053, 40.789619010321559 ], [ 29.50890338342894, 40.789564325834021 ] ] ] } },
{ "type": "Feature", "properties": { "fid": 85, "line_id": 60, "line_type": "center_line" }, "geometry": { "type": "MultiLineString", "coordinates": [ [ [ 29.50881733084578, 40.789597315453285 ], [ 29.508887602622078, 40.789539928661284 ] ] ] } },
{ "type": "Feature", "properties": { "fid": 86, "line_id": 61, "line_type": "road_boundary_line" }, "geometry": { "type": "MultiLineString", "coordinates": [ [ [ 29.508926476162451, 40.789675819564252 ], [ 29.508982390771404, 40.78962795665899 ] ] ] } },
{ "type": "Feature", "properties": { "fid": 87, "line_id": 62, "line_type": "road_boundary_line" }, "geometry": { "type": "MultiLineString", "coordinates": [ [ [ 29.508976128335199, 40.789713394181469 ], [ 29.509031595627281, 40.789664636642456 ] ] ] } },
{ "type": "Feature", "properties": { "fid": 88, "line_id": 63, "line_type": "dashed_line" }, "geometry": { "type": "MultiLineString", "coordinates": [ [ [ 29.508951302248825, 40.789694606872857 ], [ 29.509006993199343, 40.789646296650723 ] ] ] } },
{ "type": "Feature", "properties": { "fid": 89, "line_id": 64, "line_type": "center_line" }, "geometry": { "type": "MultiLineString", "coordinates": [ [ [ 29.508938452952226, 40.789684883080838 ], [ 29.508994021010064, 40.789636455679549 ] ] ] } },
{ "type": "Feature", "properties": { "fid": 90, "line_id": 65, "line_type": "center_line" }, "geometry": { "type": "MultiLineString", "coordinates": [ [ [ 29.508964351414832, 40.789704481917404 ], [ 29.509020412705489, 40.789655242988154 ] ] ] } },
{ "type": "Feature", "properties": { "fid": 91, "line_id": 66, "line_type": "road_boundary_line" }, "geometry": { "type": "MultiLineString", "coordinates": [ [ [ 29.50872205235212, 40.789852957045419 ], [ 29.508850879611146, 40.789741127827519 ] ] ] } },
{ "type": "Feature", "properties": { "fid": 92, "line_id": 67, "line_type": "road_boundary_line" }, "geometry": { "type": "MultiLineString", "coordinates": [ [ [ 29.508775730376712, 40.789886953127663 ], [ 29.508902768368252, 40.789780044395343 ] ] ] } },
{ "type": "Feature", "properties": { "fid": 93, "line_id": 68, "line_type": "dashed_line" }, "geometry": { "type": "MultiLineString", "coordinates": [ [ [ 29.508748891364416, 40.789869955086544 ], [ 29.508876823989699, 40.789760586111427 ] ] ] } },
{ "type": "Feature", "properties": { "fid": 94, "line_id": 69, "line_type": "center_line" }, "geometry": { "type": "MultiLineString", "coordinates": [ [ [ 29.508763066449422, 40.789878932640377 ], [ 29.508889527788853, 40.789770113960792 ] ] ] } },
{ "type": "Feature", "properties": { "fid": 95, "line_id": 70, "line_type": "center_line" }, "geometry": { "type": "MultiLineString", "coordinates": [ [ [ 29.508735301586974, 40.789861348227497 ], [ 29.508863046630054, 40.789750253091697 ] ] ] } },
{ "type": "Feature", "properties": { "fid": 96, "line_id": 71, "line_type": "road_boundary_line" }, "geometry": { "type": "MultiLineString", "coordinates": [ [ [ 29.508650928969534, 40.789803304872663 ], [ 29.508726525520839, 40.78973486539131 ] ] ] } },
{ "type": "Feature", "properties": { "fid": 97, "line_id": 72, "line_type": "road_boundary_line" }, "geometry": { "type": "MultiLineString", "coordinates": [ [ [ 29.508604408014886, 40.78976483562171 ], [ 29.508682241150549, 40.789694606872864 ] ] ] } },
{ "type": "Feature", "properties": { "fid": 98, "line_id": 73, "line_type": "dashed_line" }, "geometry": { "type": "MultiLineString", "coordinates": [ [ [ 29.50862766849221, 40.789784070247187 ], [ 29.508704383335694, 40.789714736132083 ] ] ] } },
{ "type": "Feature", "properties": { "fid": 99, "line_id": 74, "line_type": "center_line" }, "geometry": { "type": "MultiLineString", "coordinates": [ [ [ 29.50863995010598, 40.789794226197031 ], [ 29.508715704905473, 40.789725028468247 ] ] ] } },
{ "type": "Feature", "properties": { "fid": 100, "line_id": 75, "line_type": "center_line" }, "geometry": { "type": "MultiLineString", "coordinates": [ [ [ 29.508616020372664, 40.789774438148335 ], [ 29.508692082121723, 40.789704895160909 ] ] ] } },
{ "type": "Feature", "properties": { "fid": 101, "line_id": 76, "line_type": "road_boundary_line" }, "geometry": { "type": "MultiLineString", "coordinates": [ [ [ 29.509153265816355, 40.790146396913194 ], [ 29.50920470725659, 40.790180392995438 ] ] ] } },
{ "type": "Feature", "properties": { "fid": 102, "line_id": 77, "line_type": "road_boundary_line" }, "geometry": { "type": "MultiLineString", "coordinates": [ [ [ 29.509198444820388, 40.790106138394755 ], [ 29.509253464795595, 40.790141476427607 ] ] ] } },
{ "type": "Feature", "properties": { "fid": 103, "line_id": 78, "line_type": "dashed_line" }, "geometry": { "type": "MultiLineString", "coordinates": [ [ [ 29.509175855318372, 40.790126267653974 ], [ 29.509229086026092, 40.790160934711523 ] ] ] } },
{ "type": "Feature", "properties": { "fid": 104, "line_id": 79, "line_type": "center_line" }, "geometry": { "type": "MultiLineString", "coordinates": [ [ [ 29.509163330555957, 40.790137428333352 ], [ 29.50921544286151, 40.790170999341136 ] ] ] } },
{ "type": "Feature", "properties": { "fid": 105, "line_id": 80, "line_type": "center_line" }, "geometry": { "type": "MultiLineString", "coordinates": [ [ [ 29.509187709215468, 40.790115532049057 ], [ 29.509241387240063, 40.790151317398788 ] ] ] } },
{ "type": "Feature", "properties": { "fid": 106, "line_id": 81, "line_type": "road_boundary_line" }, "geometry": { "type": "MultiLineString", "coordinates": [ [ [ 29.509140886672739, 40.790047706310439 ], [ 29.509092606799211, 40.790090535342209 ], [ 29.509082589750637, 40.790099428641675 ] ] ] } },
{ "type": "Feature", "properties": { "fid": 107, "line_id": 82, "line_type": "road_boundary_line" }, "geometry": { "type": "MultiLineString", "coordinates": [ [ [ 29.509190513998163, 40.790086618645148 ], [ 29.509131794606517, 40.790139687160121 ] ] ] } },
{ "type": "Feature", "properties": { "fid": 108, "line_id": 83, "line_type": "dashed_line" }, "geometry": { "type": "MultiLineString", "coordinates": [ [ [ 29.509107192178575, 40.790119557900894 ], [ 29.509165700335451, 40.790067162477797 ] ] ] } },
{ "type": "Feature", "properties": { "fid": 109, "line_id": 84, "line_type": "center_line" }, "geometry": { "type": "MultiLineString", "coordinates": [ [ [ 29.509119907492821, 40.790129961339822 ], [ 29.509179799007448, 40.790077031548194 ] ] ] } },
{ "type": "Feature", "properties": { "fid": 110, "line_id": 85, "line_type": "center_line" }, "geometry": { "type": "MultiLineString", "coordinates": [ [ [ 29.509095987112389, 40.790110390119473 ], [ 29.509098419972855, 40.790108178650705 ], [ 29.509153875895937, 40.790057891042267 ] ] ] } },
{ "type": "Feature", "properties": { "fid": 111, "line_id": 86, "line_type": "road_boundary_line" }, "geometry": { "type": "MultiLineString", "coordinates": [ [ [ 29.509082589750637, 40.790099428641675 ], [ 29.509008782466822, 40.790162947637448 ] ] ] } },
{ "type": "Feature", "properties": { "fid": 112, "line_id": 87, "line_type": "center_line" }, "geometry": { "type": "MultiLineString", "coordinates": [ [ [ 29.509095987112389, 40.790110390119473 ], [ 29.509058635021837, 40.790141999521069 ], [ 29.5090217546561, 40.790173235925494 ], [ 29.5090217546561, 40.790173235925494 ] ] ] } },
{ "type": "Feature", "properties": { "fid": 113, "line_id": 88, "line_type": "dashed_line" }, "geometry": { "type": "MultiLineString", "coordinates": [ [ [ 29.509107192178575, 40.790119557900894 ], [ 29.509032266602581, 40.790181958604492 ] ] ] } },
{ "type": "Feature", "properties": { "fid": 114, "line_id": 89, "line_type": "road_boundary_line" }, "geometry": { "type": "MultiLineString", "coordinates": [ [ [ 29.509131794606517, 40.790139687160121 ], [ 29.509123742902826, 40.790144160328836 ], [ 29.509056610500679, 40.79020024629434 ], [ 29.509055750738341, 40.790200969571536 ] ] ] } },
{ "type": "Feature", "properties": { "fid": 115, "line_id": 90, "line_type": "center_line" }, "geometry": { "type": "MultiLineString", "coordinates": [ [ [ 29.509119907492821, 40.790129961339822 ], [ 29.50911883512903, 40.79013087097519 ], [ 29.50911774715998, 40.790131761887061 ], [ 29.509044787185641, 40.790192094314591 ] ] ] } },
{ "type": "Feature", "properties": { "fid": 121, "line_id": 91, "line_type": "road_boundary_line" }, "geometry": { "type": "MultiLineString", "coordinates": [ [ [ 29.509005203931849, 40.790138792526378 ], [ 29.509005446911932, 40.790138993570153 ], [ 29.509005686349006, 40.790139198820746 ], [ 29.509005922170246, 40.790139408215737 ], [ 29.509006154303925, 40.790139621691438 ], [ 29.509006382679445, 40.790139839182913 ], [ 29.509006607227342, 40.790140060624019 ], [ 29.509006827879318, 40.790140285947395 ], [ 29.509007044568261, 40.790140515084516 ], [ 29.509007257228269, 40.790140747965694 ], [ 29.509007465794657, 40.790140984520086 ], [ 29.509007670203989, 40.79014122467575 ], [ 29.509007870394097, 40.79014146835965 ], [ 29.509008066304091, 40.790141715497654 ], [ 29.509008257874388, 40.790141966014602 ], [ 29.509008445046714, 40.790142219834301 ], [ 29.509008627764146, 40.790142476879552 ], [ 29.509008805971114, 40.790142737072166 ], [ 29.509008979613405, 40.790143000333011 ], [ 29.509009148638214, 40.790143266582021 ], [ 29.509009312994131, 40.790143535738203 ], [ 29.509009472631163, 40.790143807719708 ], [ 29.50900962750076, 40.790144082443803 ], [ 29.509009777555818, 40.790144359826925 ], [ 29.509009922750696, 40.790144639784721 ], [ 29.509010063041231, 40.790144922232038 ], [ 29.509010198384757, 40.790145207082965 ], [ 29.509010328740111, 40.790145494250858 ], [ 29.509010454067639, 40.790145783648391 ], [ 29.509010574329228, 40.790146075187529 ], [ 29.509010689488296, 40.79014636877961 ], [ 29.509010799509817, 40.790146664335332 ], [ 29.509010904360331, 40.790146961764798 ], [ 29.509011004007949, 40.790147260977555 ], [ 29.509011098422359, 40.790147561882584 ], [ 29.509011187574846, 40.790147864388381 ], [ 29.509011271438293, 40.790148168402922 ], [ 29.509011349987194, 40.790148473833746 ], [ 29.509011423197663, 40.790148780587963 ], [ 29.509011491047424, 40.790149088572257 ], [ 29.509011553515844, 40.790149397692971 ], [ 29.509011610583926, 40.790149707856081 ], [ 29.509011662234311, 40.790150018967246 ], [ 29.50901170845129, 40.790150330931844 ], [ 29.509011749220804, 40.790150643654997 ], [ 29.509011784530454, 40.790150957041575 ], [ 29.509011814369497, 40.790151270996269 ], [ 29.509011838728867, 40.790151585423594 ], [ 29.509011857601145, 40.790151900227904 ], [ 29.509011870980597, 40.790152215313462 ], [ 29.509011878863149, 40.790152530584436 ], [ 29.509011881246408, 40.790152845944931 ], [ 29.509011878129648, 40.790153161299024 ], [ 29.509011869513813, 40.790153476550806 ], [ 29.509011855401528, 40.790153791604396 ], [ 29.509011835797086, 40.790154106363964 ], [ 29.509011810706447, 40.790154420733778 ], [ 29.509011780137243, 40.79015473461822 ], [ 29.509011744098771, 40.790155047921822 ], [ 29.509011702601992, 40.790155360549292 ], [ 29.509011655659531, 40.790155672405554 ], [ 29.509011603285661, 40.790155983395742 ], [ 29.50901154549631, 40.790156293425277 ], [ 29.509011482309063, 40.790156602399854 ], [ 29.509011413743131, 40.790156910225505 ], [ 29.509011339819374, 40.790157216808609 ], [ 29.509011260560271, 40.790157522055907 ], [ 29.509011175989929, 40.790157825874566 ], [ 29.509011086134073, 40.790158128172173 ], [ 29.509010991020034, 40.790158428856792 ], [ 29.509010890676738, 40.79015872783696 ], [ 29.509010785134702, 40.790159025021751 ], [ 29.509010674426033, 40.790159320320768 ], [ 29.5090105585844, 40.7901596136442 ], [ 29.509010437645035, 40.790159904902829 ], [ 29.509010311644726, 40.790160194008074 ], [ 29.509010180621793, 40.790160480871997 ], [ 29.509010044616087, 40.79016076540735 ], [ 29.509009903668975, 40.790161047527597 ], [ 29.509009757823325, 40.790161327146919 ], [ 29.509009607123495, 40.790161604180277 ], [ 29.509009451615327, 40.790161878543408 ], [ 29.509009291346114, 40.790162150152874 ], [ 29.509009126364603, 40.790162418926045 ], [ 29.509008956720972, 40.790162684781194 ], [ 29.509008782466822, 40.790162947637448 ] ] ] } },
{ "type": "Feature", "properties": { "fid": 122, "line_id": 92, "line_type": "center_line" }, "geometry": { "type": "MultiLineString", "coordinates": [ [ [ 29.5090217546561, 40.790173235925494 ], [ 29.509022053894334, 40.790172775331889 ], [ 29.509022345118279, 40.790172309629618 ], [ 29.509022628240739, 40.790171838958123 ], [ 29.509022903176952, 40.790171363458313 ], [ 29.509023169844596, 40.790170883272559 ], [ 29.509023428163832, 40.790170398544639 ], [ 29.509023678057318, 40.790169909419667 ], [ 29.509023919450236, 40.790169416044108 ], [ 29.50902415227031, 40.790168918565662 ], [ 29.509024376447833, 40.790168417133287 ], [ 29.509024591915686, 40.790167911897107 ], [ 29.509024798609357, 40.790167403008404 ], [ 29.509024996466959, 40.790166890619531 ], [ 29.509025185429252, 40.790166374883903 ], [ 29.509025365439665, 40.790165855955927 ], [ 29.509025536444298, 40.790165333990984 ], [ 29.509025698391955, 40.790164809145345 ], [ 29.509025851234146, 40.790164281576153 ], [ 29.509025994925107, 40.790163751441362 ], [ 29.509026129421819, 40.7901632188997 ], [ 29.509026254684013, 40.790162684110605 ], [ 29.509026370674185, 40.790162147234206 ], [ 29.509026477357605, 40.790161608431241 ], [ 29.509026574702336, 40.790161067863032 ], [ 29.509026662679229, 40.790160525691419 ], [ 29.509026741261945, 40.790159982078741 ], [ 29.509026810426953, 40.790159437187754 ], [ 29.509026870153548, 40.790158891181598 ], [ 29.509026920423846, 40.790158344223748 ], [ 29.509026961222798, 40.79015779647797 ], [ 29.509026992538185, 40.790157248108265 ], [ 29.509027014360633, 40.79015669927881 ], [ 29.509027026683608, 40.790156150153933 ], [ 29.509027029503422, 40.790155600898039 ], [ 29.509027022819229, 40.790155051675583 ], [ 29.509027006633033, 40.790154502650992 ], [ 29.509026980949674, 40.790153953988664 ], [ 29.509026945776849, 40.790153405852863 ], [ 29.509026901125083, 40.790152858407694 ], [ 29.50902684700775, 40.790152311817074 ], [ 29.509026783441048, 40.790151766244662 ], [ 29.509026710444015, 40.79015122185379 ], [ 29.509026628038498, 40.790150678807457 ], [ 29.509026536249181, 40.790150137268249 ], [ 29.509026435103536, 40.790149597398312 ], [ 29.509026324631851, 40.790149059359287 ], [ 29.509026204867201, 40.790148523312261 ], [ 29.509026075845444, 40.790147989417726 ], [ 29.509025937605209, 40.790147457835531 ], [ 29.509025790187888, 40.790146928724845 ], [ 29.509025633637616, 40.790146402244076 ], [ 29.509025468001266, 40.790145878550852 ], [ 29.509025293328428, 40.790145357801983 ], [ 29.509025109671402, 40.790144840153367 ], [ 29.509024917085178, 40.790144325760004 ], [ 29.509024715627412, 40.790143814775895 ], [ 29.509024505358425, 40.790143307354036 ], [ 29.50902428634117, 40.790142803646354 ], [ 29.509024058641224, 40.790142303803655 ], [ 29.509023822326757, 40.790141807975601 ], [ 29.509023577468529, 40.790141316310638 ], [ 29.50902332413985, 40.79014082895597 ], [ 29.509023062416563, 40.790140346057527 ], [ 29.509022792377031, 40.790139867759876 ], [ 29.50902251410211, 40.790139394206228 ], [ 29.509022227675111, 40.790138925538372 ], [ 29.509021933181792, 40.790138461896618 ], [ 29.509021630710325, 40.790138003419791 ], [ 29.509021320351277, 40.790137550245156 ], [ 29.509021002197564, 40.790137102508403 ], [ 29.509020676344448, 40.790136660343578 ], [ 29.509020342889485, 40.79013622388306 ], [ 29.50902000193252, 40.790135793257548 ], [ 29.509019653575628, 40.790135368595955 ], [ 29.509019297923118, 40.79013495002544 ], [ 29.509018935081464, 40.790134537671314 ], [ 29.509018565159312, 40.790134131657041 ], [ 29.509018188267412, 40.790133732104188 ], [ 29.50901780451861, 40.790133339132375 ], [ 29.509017414027802, 40.79013295285926 ], [ 29.509017016911898, 40.790132573400506 ], [ 29.509016613289802, 40.790132200869714 ], [ 29.509016203282357, 40.790131835378418 ], [ 29.509015787012324, 40.790131477036063 ], [ 29.509015364604331, 40.79013112594992 ], [ 29.509014936184855, 40.79013078222512 ], [ 29.509014501882159, 40.790130445964564 ], [ 29.509014061826282, 40.790130117268944 ] ] ] } },
{ "type": "Feature", "properties": { "fid": 123, "line_id": 93, "line_type": "dashed_line" }, "geometry": { "type": "MultiLineString", "coordinates": [ [ [ 29.509032266602581, 40.790181958604492 ], [ 29.509032760679169, 40.79018143331016 ], [ 29.509033245526091, 40.79018089948503 ], [ 29.509033720996086, 40.790180357291248 ], [ 29.509034186944728, 40.790179806893512 ], [ 29.509034643230489, 40.79017924845899 ], [ 29.509035089714775, 40.790178682157311 ], [ 29.509035526261968, 40.790178108160482 ], [ 29.509035952739467, 40.790177526642857 ], [ 29.509036369017736, 40.790176937781062 ], [ 29.50903677497033, 40.790176341753963 ], [ 29.509037170473942, 40.790175738742604 ], [ 29.509037555408444, 40.790175128930137 ], [ 29.509037929656913, 40.7901745125018 ], [ 29.509038293105668, 40.790173889644826 ], [ 29.509038645644321, 40.790173260548407 ], [ 29.509038987165784, 40.790172625403621 ], [ 29.509039317566323, 40.790171984403393 ], [ 29.509039636745584, 40.790171337742422 ], [ 29.509039944606617, 40.790170685617134 ], [ 29.50904024105591, 40.790170028225603 ], [ 29.509040526003414, 40.790169365767504 ], [ 29.509040799362584, 40.790168698444063 ], [ 29.509041061050386, 40.790168026457977 ], [ 29.509041310987335, 40.790167350013348 ], [ 29.509041549097514, 40.790166669315653 ], [ 29.509041775308596, 40.790165984571644 ], [ 29.509041989551871, 40.790165295989311 ], [ 29.509042191762262, 40.790164603777811 ], [ 29.509042381878356, 40.790163908147392 ], [ 29.509042559842399, 40.790163209309348 ], [ 29.509042725600338, 40.790162507475955 ], [ 29.509042879101827, 40.790161802860382 ], [ 29.509043020300236, 40.790161095676659 ], [ 29.509043149152681, 40.79016038613959 ], [ 29.509043265620022, 40.790159674464682 ], [ 29.509043369666884, 40.790158960868119 ], [ 29.509043461261658, 40.790158245566637 ], [ 29.509043540376531, 40.790157528777513 ], [ 29.509043606987465, 40.790156810718472 ], [ 29.50904366107423, 40.790156091607606 ], [ 29.509043702620399, 40.790155371663353 ], [ 29.509043731613353, 40.790154651104395 ], [ 29.509043748044281, 40.790153930149586 ], [ 29.509043751908195, 40.790153209017923 ], [ 29.509043743203925, 40.790152487928438 ], [ 29.509043721934106, 40.790151767100163 ], [ 29.509043688105209, 40.790151046752037 ], [ 29.509043641727501, 40.790150327102879 ], [ 29.509043582815071, 40.790149608371259 ], [ 29.509043511385816, 40.790148890775505 ], [ 29.509043427461432, 40.79014817453357 ], [ 29.509043331067407, 40.790147459863014 ], [ 29.509043222233025, 40.790146746980916 ], [ 29.509043100991342, 40.790146036103806 ], [ 29.50904296737918, 40.790145327447611 ], [ 29.509042821437127, 40.79014462122759 ], [ 29.509042663209517, 40.790143917658234 ], [ 29.509042492744399, 40.790143216953268 ], [ 29.509042310093562, 40.790142519325514 ], [ 29.509042115312479, 40.790141824986883 ], [ 29.509041908460318, 40.790141134148264 ], [ 29.509041689599904, 40.79014044701951 ], [ 29.509041458797718, 40.790139763809321 ], [ 29.509041216123865, 40.790139084725226 ], [ 29.509040961652055, 40.790138409973487 ], [ 29.509040695459582, 40.790137739759061 ], [ 29.509040417627304, 40.790137074285518 ], [ 29.509040128239604, 40.790136413754993 ], [ 29.509039827384388, 40.79013575836813 ], [ 29.509039515153038, 40.79013510832398 ], [ 29.509039191640394, 40.790134463820003 ], [ 29.509038856944716, 40.79013382505196 ], [ 29.50903851116767, 40.790133192213872 ], [ 29.509038154414284, 40.790132565497963 ], [ 29.509037786792916, 40.790131945094593 ], [ 29.509037408415235, 40.790131331192207 ], [ 29.509037019396168, 40.790130723977278 ], [ 29.509036314756329, 40.790129704075348 ], [ 29.509036619853877, 40.790130123634235 ], [ 29.50903620990972, 40.790129530345432 ], [ 29.50903578968822, 40.790128944291084 ], [ 29.509035359317014, 40.790128365649203 ], [ 29.509034918926822, 40.790127794595534 ], [ 29.509034468651414, 40.790127231303543 ], [ 29.509034008627559, 40.790126675944329 ], [ 29.509033538994984, 40.790126128686566 ], [ 29.509033059896339, 40.790125589696494 ], [ 29.509032571477146, 40.790125059137821 ], [ 29.509032073885766, 40.790124537171707 ], [ 29.509031567273329, 40.790124023956693 ], [ 29.509031051793727, 40.790123519648667 ], [ 29.509030527603525, 40.790123024400806 ], [ 29.509029994861947, 40.790122538363541 ], [ 29.509029453730815, 40.790122061684507 ], [ 29.509028904374485, 40.790121594508484 ], [ 29.509028346959827, 40.790121136977383 ], [ 29.509027781656151, 40.790120689230172 ], [ 29.509027208635167, 40.790120251402854 ], [ 29.509026628070927, 40.790119823628416 ], [ 29.509026040139769, 40.790119406036794 ], [ 29.509025445020281, 40.790118998754821 ] ] ] } },
{ "type": "Feature", "properties": { "fid": 124, "line_id": 94, "line_type": "center_line" }, "geometry": { "type": "MultiLineString", "coordinates": [ [ [ 29.509044787185641, 40.790192094314591 ], [ 29.509045436297228, 40.790191420686227 ], [ 29.509046073559546, 40.790190735837506 ], [ 29.509046698778679, 40.790190039976842 ], [ 29.50904731176437, 40.790189333315986 ], [ 29.509047912330082, 40.790188616069969 ], [ 29.509048500293069, 40.790187888457055 ], [ 29.509049075474408, 40.790187150698657 ], [ 29.509049637699068, 40.79018640301927 ], [ 29.509050186795967, 40.790185645646432 ], [ 29.509050722598012, 40.790184878810592 ], [ 29.509051244942157, 40.790184102745123 ], [ 29.50905175366945, 40.790183317686164 ], [ 29.509052248625085, 40.790182523872616 ], [ 29.50905272965845, 40.790181721546041 ], [ 29.509053196623157, 40.790180910950589 ], [ 29.509053649377115, 40.790180092332925 ], [ 29.509054087782548, 40.790179265942157 ], [ 29.509054511706047, 40.790178432029755 ], [ 29.50905492101861, 40.790177590849481 ], [ 29.509055315595685, 40.790176742657309 ], [ 29.509055695317201, 40.790175887711349 ], [ 29.509056060067607, 40.790175026271754 ], [ 29.509056409735908, 40.790174158600678 ], [ 29.509056744215698, 40.790173284962137 ], [ 29.509057063405198, 40.790172405621988 ], [ 29.509057367207276, 40.790171520847828 ], [ 29.509057655529482, 40.790170630908875 ], [ 29.509057928284083, 40.790169736075953 ], [ 29.509058185388074, 40.790168836621362 ], [ 29.509058426763222, 40.790167932818804 ], [ 29.509058652336076, 40.790167024943308 ], [ 29.509058862037993, 40.790166113271148 ], [ 29.509059055805157, 40.790165198079741 ], [ 29.509059233578608, 40.790164279647577 ], [ 29.509059395304245, 40.790163358254155 ], [ 29.50905954093286, 40.790162434179841 ], [ 29.509059670420136, 40.790161507705847 ], [ 29.50905978372667, 40.79016057911408 ], [ 29.509059880817979, 40.790159648687137 ], [ 29.509059961664519, 40.790158716708135 ], [ 29.509060026241691, 40.790157783460671 ], [ 29.509060074529845, 40.790156849228751 ], [ 29.509060106514283, 40.790155914296662 ], [ 29.509060122185272, 40.790154978948891 ], [ 29.509060121538045, 40.790154043470075 ], [ 29.5090601045728, 40.790153108144892 ], [ 29.509060071294702, 40.790152173257951 ], [ 29.509060021713868, 40.790151239093738 ], [ 29.509059955845395, 40.790150305936535 ], [ 29.509059873709319, 40.790149374070289 ], [ 29.509059775330641, 40.790148443778584 ], [ 29.509059660739297, 40.790147515344501 ], [ 29.509059529970155, 40.790146589050558 ], [ 29.509059383063011, 40.790145665178642 ], [ 29.509059220062564, 40.790144744009886 ], [ 29.509059041018421, 40.7901438258246 ], [ 29.509058845985063, 40.79014291090219 ], [ 29.509058635021837, 40.790141999521069 ], [ 29.509058408192946, 40.790141091958574 ], [ 29.50905816556741, 40.790140188490881 ], [ 29.509057907219059, 40.790139289392911 ], [ 29.509057633226512, 40.790138394938268 ], [ 29.509057343673145, 40.79013750539913 ], [ 29.509057038647068, 40.790136621046194 ], [ 29.509056718241105, 40.790135742148557 ], [ 29.509056382552753, 40.790134868973688 ], [ 29.509056031684164, 40.790134001787287 ], [ 29.509055665742107, 40.790133140853236 ], [ 29.509055284837938, 40.790132286433526 ], [ 29.509054889087572, 40.790131438788151 ], [ 29.509054478611432, 40.790130598175061 ], [ 29.509054053534427, 40.790129764850057 ], [ 29.509053613985913, 40.790128939066712 ], [ 29.509053160099644, 40.790128121076322 ], [ 29.509052692013732, 40.790127311127797 ], [ 29.509052209870628, 40.790126509467612 ], [ 29.509051713817041, 40.790125716339716 ], [ 29.509051204003924, 40.790124931985446 ], [ 29.509050680586412, 40.7901241566435 ], [ 29.509050143723787, 40.790123390549809 ], [ 29.509049593579412, 40.790122633937493 ], [ 29.509049030320703, 40.790121887036797 ], [ 29.509048454119057, 40.790121150074995 ], [ 29.509047865149814, 40.790120423276363 ], [ 29.509047263592198, 40.79011970686205 ], [ 29.509046649629266, 40.790119001050073 ], [ 29.509046023447848, 40.790118306055213 ], [ 29.50904538523849, 40.790117622088957 ], [ 29.509044735195406, 40.79011694935943 ], [ 29.509044073516399, 40.790116288071353 ], [ 29.509043400402827, 40.790115638425952 ], [ 29.509042716059515, 40.790115000620922 ], [ 29.509042020694711, 40.790114374850347 ], [ 29.509041314520012, 40.790113761304646 ], [ 29.509040597750317, 40.790113160170527 ], [ 29.509039870603736, 40.790112571630914 ], [ 29.509039133301542, 40.790111995864898 ], [ 29.509038386068099, 40.790111433047691 ], [ 29.509037629130788, 40.790110883350565 ], [ 29.509036862719949, 40.790110346940779 ], [ 29.509036087068804, 40.790109823981574 ], [ 29.509035302413384, 40.79010931463209 ] ] ] } },
{ "type": "Feature", "properties": { "fid": 125, "line_id": 95, "line_type": "road_boundary_line" }, "geometry": { "type": "MultiLineString", "coordinates": [ [ [ 29.509055750738341, 40.790200969571536 ], [ 29.509056610500679, 40.79020024629434 ], [ 29.509057457547488, 40.790199508166388 ], [ 29.509058291622285, 40.790198755411183 ], [ 29.509059112472517, 40.790197988256651 ], [ 29.509059919849626, 40.790197206935098 ], [ 29.509060713509147, 40.790196411683091 ], [ 29.509061493210751, 40.790195602741449 ], [ 29.509062258718348, 40.790194780355115 ], [ 29.509063009800148, 40.790193944773094 ], [ 29.509063746228719, 40.790193096248416 ], [ 29.509064467781073, 40.790192235037999 ], [ 29.509065174238721, 40.790191361402627 ], [ 29.509065865387754, 40.790190475606835 ], [ 29.509066541018893, 40.790189577918838 ], [ 29.509067200927554, 40.790188668610455 ], [ 29.509067844913915, 40.790187747957027 ], [ 29.509068472782982, 40.790186816237323 ], [ 29.509069084344638, 40.790185873733463 ], [ 29.509069679413699, 40.790184920730852 ], [ 29.509070257809977, 40.790183957518039 ], [ 29.509070819358342, 40.790182984386696 ], [ 29.509071363888751, 40.790182001631486 ], [ 29.509071891236321, 40.790181009549983 ], [ 29.509072401241372, 40.790180008442583 ], [ 29.50907289374948, 40.790178998612433 ], [ 29.50907336861151, 40.790177980365293 ], [ 29.509073825683672, 40.790176954009503 ], [ 29.509074264827568, 40.790175919855834 ], [ 29.509074685910225, 40.790174878217428 ], [ 29.509075088804142, 40.790173829409689 ], [ 29.50907547338732, 40.7901727737502 ], [ 29.509075839543307, 40.790171711558614 ], [ 29.509076187161231, 40.790170643156564 ], [ 29.509076516135838, 40.790169568867547 ], [ 29.509076826367512, 40.790168489016871 ], [ 29.509077117762313, 40.790167403931513 ], [ 29.509077390232012, 40.790166313940027 ], [ 29.509077643694102, 40.790165219372462 ], [ 29.509077878071835, 40.790164120560263 ], [ 29.509078093294242, 40.790163017836143 ], [ 29.509078289296156, 40.790161911534 ], [ 29.509078466018224, 40.790160801988833 ], [ 29.509078623406936, 40.790159689536601 ], [ 29.509078761414635, 40.790158574514159 ], [ 29.509078879999535, 40.790157457259127 ], [ 29.509078979125725, 40.790156338109824 ], [ 29.509079058763191, 40.790155217405115 ], [ 29.509079118887819, 40.790154095484347 ], [ 29.509079159481406, 40.790152972687245 ], [ 29.509079180531653, 40.790151849353784 ], [ 29.509079182032192, 40.790150725824112 ], [ 29.50907916398257, 40.790149602438433 ], [ 29.509079126388247, 40.790148479536903 ], [ 29.509079069260611, 40.790147357459546 ], [ 29.509078992616956, 40.790146236546107 ], [ 29.509078896480496, 40.790145117136021 ], [ 29.509078780880333, 40.790143999568222 ], [ 29.509078645851478, 40.790142884181122 ], [ 29.50907849143481, 40.790141771312456 ], [ 29.509078317677094, 40.790140661299198 ], [ 29.509078124630939, 40.790139554477463 ], [ 29.509077912354801, 40.790138451182393 ], [ 29.509077680912956, 40.790137351748065 ], [ 29.509077430375484, 40.790136256507381 ], [ 29.509077160818247, 40.790135165791988 ], [ 29.509076872322868, 40.790134079932152 ], [ 29.509076564976706, 40.790132999256663 ], [ 29.509076238872822, 40.790131924092755 ], [ 29.509075894109959, 40.790130854765984 ], [ 29.509075530792511, 40.790129791600137 ], [ 29.50907514903049, 40.790128734917154 ], [ 29.509074748939497, 40.790127685036985 ], [ 29.509074330640676, 40.790126642277535 ], [ 29.509073894260688, 40.790125606954554 ], [ 29.509073439931665, 40.790124579381526 ], [ 29.509072967791184, 40.790123559869613 ], [ 29.509072477982205, 40.790122548727517 ], [ 29.509071970653043, 40.790121546261418 ], [ 29.509071445957314, 40.790120552774844 ], [ 29.5090709040539, 40.790119568568635 ], [ 29.509070345106881, 40.790118593940804 ], [ 29.509069769285517, 40.790117629186469 ], [ 29.509069176764157, 40.790116674597755 ], [ 29.509068567722217, 40.790115730463711 ], [ 29.509067942344117, 40.790114797070224 ], [ 29.509067300819222, 40.790113874699912 ], [ 29.509066643341782, 40.790112963632083 ], [ 29.509065970110882, 40.790112064142605 ], [ 29.509065281330376, 40.790111176503835 ], [ 29.509064577208822, 40.790110300984551 ], [ 29.509063857959433, 40.790109437849864 ], [ 29.509063123799994, 40.790108587361125 ], [ 29.509062374952808, 40.790107749775864 ], [ 29.509061611644629, 40.7901069253477 ], [ 29.509060834106581, 40.790106114326271 ], [ 29.509060042574102, 40.790105316957153 ], [ 29.50905923728687, 40.790104533481788 ], [ 29.509058418488724, 40.790103764137413 ], [ 29.509057586427595, 40.790103009156987 ], [ 29.50905674135543, 40.790102268769104 ], [ 29.509055883528116, 40.79010154319797 ], [ 29.509055013205405, 40.790100832663278 ], [ 29.509054130650824, 40.790100137380172 ], [ 29.509053236131617, 40.790099457559194 ], [ 29.509052329918639, 40.790098793406194 ], [ 29.509051412286293, 40.790098145122265 ], [ 29.509050483512432, 40.790097512903721 ], [ 29.509049647508203, 40.790096964119485 ], [ 29.509049117726136, 40.790096635295725 ], [ 29.509049543878294, 40.790096896941982 ], [ 29.509048593668396, 40.790096297423574 ] ] ] } },
{ "type": "Feature", "properties": { "fid": 126, "line_id": 96, "line_type": "road_boundary_line" }, "geometry": { "type": "MultiLineString", "coordinates": [ [ [ 29.509048593668396, 40.790096297423574 ], [ 29.509049117726136, 40.790096635295725 ], [ 29.509049647508203, 40.790096964119485 ], [ 29.509050182858381, 40.790097283797898 ], [ 29.50905072361882, 40.790097594236705 ], [ 29.509051269630067, 40.790097895344367 ], [ 29.50905182073112, 40.790098187032093 ], [ 29.509052376759485, 40.790098469213881 ], [ 29.509052937551203, 40.790098741806524 ], [ 29.509053502940926, 40.790099004729647 ], [ 29.509054072761931, 40.790099257905723 ], [ 29.509054646846206, 40.790099501260094 ], [ 29.509055225024468, 40.790099734721004 ], [ 29.509055807126238, 40.790099958219621 ], [ 29.509056392979875, 40.790100171690042 ], [ 29.509056982412634, 40.790100375069322 ], [ 29.509057575250704, 40.790100568297483 ], [ 29.509058171319289, 40.79010075131756 ], [ 29.509058770442621, 40.790100924075581 ], [ 29.50905937244405, 40.790101086520608 ], [ 29.509059977146059, 40.790101238604741 ], [ 29.509060584370346, 40.790101380283133 ], [ 29.509061193937864, 40.790101511514017 ], [ 29.509061805668871, 40.79010163225869 ], [ 29.509062419382996, 40.790101742481554 ], [ 29.509063034899267, 40.790101842150101 ], [ 29.5090636520362, 40.79010193123495 ], [ 29.50906427061182, 40.790102009709827 ], [ 29.509064890443732, 40.790102077551602 ], [ 29.509065511349167, 40.790102134740259 ], [ 29.509066133145048, 40.790102181258945 ], [ 29.509066755648025, 40.790102217093931 ], [ 29.509067378674548, 40.790102242234667 ], [ 29.509068002040905, 40.790102256673727 ], [ 29.509068625563291, 40.790102260406861 ], [ 29.509069249057852, 40.790102253432963 ], [ 29.509069872340742, 40.790102235754091 ], [ 29.50907049522818, 40.790102207375462 ], [ 29.509071117536493, 40.790102168305438 ], [ 29.509071739082188, 40.790102118555538 ], [ 29.509072359681994, 40.790102058140441 ], [ 29.509072979152918, 40.790101987077946 ], [ 29.509073597312302, 40.790101905389022 ], [ 29.509074213977868, 40.790101813097756 ], [ 29.509074828967794, 40.790101710231347 ], [ 29.509075442100734, 40.790101596820136 ], [ 29.509076053195898, 40.790101472897568 ], [ 29.509076662073095, 40.790101338500172 ], [ 29.509077268552794, 40.790101193667581 ], [ 29.509077872456164, 40.790101038442508 ], [ 29.509078473605136, 40.790100872870717 ], [ 29.509079071822452, 40.79010069700103 ], [ 29.509079666931719, 40.79010051088531 ], [ 29.509080258757461, 40.790100314578424 ], [ 29.509080847125173, 40.790100108138262 ], [ 29.509081431861365, 40.790099891625701 ], [ 29.509082012793616, 40.79009966510457 ], [ 29.509082589750637, 40.790099428641675 ] ] ] } },
{ "type": "Feature", "properties": { "fid": 127, "line_id": 97, "line_type": "center_line" }, "geometry": { "type": "MultiLineString", "coordinates": [ [ [ 29.509035302413384, 40.79010931463209 ], [ 29.509035837051496, 40.790109848324889 ], [ 29.509036380908675, 40.790110372619921 ], [ 29.50903693381975, 40.790110887357962 ], [ 29.509037495616809, 40.790111392382691 ], [ 29.509038066129232, 40.790111887540739 ], [ 29.509038645183757, 40.790112372681712 ], [ 29.509039232604533, 40.790112847658293 ], [ 29.509039828213155, 40.790113312326213 ], [ 29.50904043182874, 40.790113766544373 ], [ 29.509041043267977, 40.790114210174821 ], [ 29.509041662345169, 40.790114643082823 ], [ 29.509042288872308, 40.790115065136916 ], [ 29.509042922659116, 40.790115476208925 ], [ 29.509043563513121, 40.790115876173992 ], [ 29.509044211239694, 40.790116264910665 ], [ 29.509044865642117, 40.79011664230088 ], [ 29.509045526521664, 40.790117008230034 ], [ 29.509046193677616, 40.790117362586983 ], [ 29.509046866907365, 40.790117705264109 ], [ 29.509047546006453, 40.790118036157359 ], [ 29.509048230768641, 40.790118355166221 ], [ 29.509048920985972, 40.790118662193834 ], [ 29.509049616448824, 40.790118957146937 ], [ 29.509050316945988, 40.790119239935962 ], [ 29.509051022264728, 40.79011951047503 ], [ 29.509051732190841, 40.790119768681969 ], [ 29.509052446508726, 40.790120014478376 ], [ 29.509053165001447, 40.790120247789595 ], [ 29.509053887450797, 40.790120468544771 ], [ 29.509054613637375, 40.790120676676864 ], [ 29.509055343340638, 40.790120872122657 ], [ 29.509056076338979, 40.790121054822805 ], [ 29.509056812409789, 40.790121224721823 ], [ 29.509057551329526, 40.790121381768095 ], [ 29.509058292873782, 40.790121525913953 ], [ 29.509059036817355, 40.790121657115598 ], [ 29.509059782934312, 40.790121775333198 ], [ 29.509060530998056, 40.790121880530847 ], [ 29.509061280781406, 40.790121972676594 ], [ 29.509062032056658, 40.790122051742458 ], [ 29.509062784595645, 40.790122117704428 ], [ 29.509063538169833, 40.790122170542467 ], [ 29.509064292550356, 40.790122210240533 ], [ 29.509065047508116, 40.790122236786566 ], [ 29.509065802813836, 40.790122250172509 ], [ 29.509066558238128, 40.79012225039429 ], [ 29.509067313551579, 40.790122237451847 ], [ 29.509068068524797, 40.790122211349107 ], [ 29.509068822928501, 40.790122172094001 ], [ 29.50906957653358, 40.790122119698445 ], [ 29.509070329111172, 40.790122054178362 ], [ 29.509071080432719, 40.790121975553639 ], [ 29.509071830270045, 40.790121883848158 ], [ 29.509072578395429, 40.790121779089766 ], [ 29.509073324581671, 40.790121661310287 ], [ 29.509074068602153, 40.790121530545484 ], [ 29.509074810230921, 40.790121386835075 ], [ 29.509075549242745, 40.790121230222695 ], [ 29.509076285413187, 40.790121060755908 ], [ 29.509077018518678, 40.790120878486192 ], [ 29.509077748336576, 40.790120683468885 ], [ 29.509078474645239, 40.790120475763231 ], [ 29.509079197224086, 40.790120255432292 ], [ 29.509079915853675, 40.790120022542993 ], [ 29.509080630315761, 40.790119777166062 ], [ 29.509081340393365, 40.790119519376006 ], [ 29.509082045870837, 40.790119249251134 ], [ 29.509082746533927, 40.790118966873472 ], [ 29.509083442169846, 40.790118672328774 ], [ 29.509084132567335, 40.790118365706491 ], [ 29.509084817516719, 40.790118047099753 ], [ 29.50908549680998, 40.790117716605316 ], [ 29.509086170240824, 40.790117374323543 ], [ 29.50908683760473, 40.790117020358387 ], [ 29.509087498699024, 40.790116654817353 ], [ 29.509088153322931, 40.79011627781145 ], [ 29.509088801277645, 40.790115889455173 ], [ 29.509089442366388, 40.790115489866459 ], [ 29.509090076394457, 40.790115079166668 ], [ 29.509090703169306, 40.79011465748053 ], [ 29.509091322500584, 40.790114224936104 ], [ 29.509091934200203, 40.790113781664758 ], [ 29.509092538082388, 40.790113327801102 ], [ 29.509093133963749, 40.790112863482982 ], [ 29.509093721663312, 40.790112388851405 ], [ 29.509094301002602, 40.790111904050512 ], [ 29.509094871805669, 40.790111409227542 ], [ 29.509095433899169, 40.790110904532774 ], [ 29.509095987112389, 40.790110390119473 ] ] ] } },
{ "type": "Feature", "properties": { "fid": 128, "line_id": 98, "line_type": "dashed_line" }, "geometry": { "type": "MultiLineString", "coordinates": [ [ [ 29.509025445020281, 40.790118998754821 ], [ 29.509026089230641, 40.790119710058889 ], [ 29.50902674574187, 40.790120410025651 ], [ 29.509027414354481, 40.79012109844242 ], [ 29.509028094865307, 40.790121775099998 ], [ 29.509028787067564, 40.790122439792782 ], [ 29.509029490750923, 40.790123092318794 ], [ 29.509030205701553, 40.790123732479756 ], [ 29.509030931702213, 40.790124360081151 ], [ 29.509031668532295, 40.790124974932269 ], [ 29.509032415967901, 40.790125576846279 ], [ 29.509033173781919, 40.790126165640281 ], [ 29.509033941744075, 40.790126741135367 ], [ 29.509034719621013, 40.790127303156659 ], [ 29.509035507176364, 40.790127851533391 ], [ 29.509036304170817, 40.790128386098914 ], [ 29.5090371103622, 40.790128906690811 ], [ 29.509037925505538, 40.790129413150879 ], [ 29.509038749353142, 40.79012990532523 ], [ 29.509039581654669, 40.790130383064316 ], [ 29.50904042215722, 40.790130846222958 ], [ 29.509041270605394, 40.790131294660426 ], [ 29.509042126741377, 40.790131728240453 ], [ 29.509042990305023, 40.79013214683129 ], [ 29.509043861033927, 40.790132550305749 ], [ 29.509044738663508, 40.790132938541227 ], [ 29.509045622927086, 40.790133311419751 ], [ 29.509046513555962, 40.790133668828013 ], [ 29.509047410279511, 40.790134010657418 ], [ 29.50904831282525, 40.790134336804087 ], [ 29.509049220918932, 40.790134647168927 ], [ 29.509050134284614, 40.790134941657627 ], [ 29.509051052644764, 40.790135220180694 ], [ 29.509051975720325, 40.790135482653504 ], [ 29.509052903230806, 40.790135728996297 ], [ 29.509053834894374, 40.790135959134219 ], [ 29.509054770427927, 40.790136172997343 ], [ 29.509055709547191, 40.790136370520678 ], [ 29.509056651966805, 40.79013655164421 ], [ 29.509057597400403, 40.790136716312901 ], [ 29.509058545560702, 40.790136864476715 ], [ 29.509059496159587, 40.790136996090624 ], [ 29.509060448908212, 40.790137111114639 ], [ 29.509061403517066, 40.790137209513809 ], [ 29.509062359696085, 40.79013729125824 ], [ 29.509063317154716, 40.790137356323079 ], [ 29.509064275602025, 40.790137404688565 ], [ 29.509065234746775, 40.790137436340004 ], [ 29.509066194297517, 40.790137451267775 ], [ 29.509067153962679, 40.790137449467338 ], [ 29.509068113450656, 40.790137430939239 ], [ 29.509069072469888, 40.790137395689122 ], [ 29.509070030728974, 40.790137343727679 ], [ 29.509070987936727, 40.790137275070713 ], [ 29.509071943802294, 40.790137189739085 ], [ 29.509072898035214, 40.790137087758715 ], [ 29.509073850345537, 40.790136969160599 ], [ 29.509074800443891, 40.790136833980775 ], [ 29.509075748041575, 40.790136682260318 ], [ 29.509076692850645, 40.790136514045322 ], [ 29.509077634584013, 40.790136329386918 ], [ 29.50907857295552, 40.790136128341203 ], [ 29.509079507680028, 40.790135910969269 ], [ 29.509080438473511, 40.790135677337169 ], [ 29.509081365053135, 40.790135427515899 ], [ 29.509082287137343, 40.790135161581368 ], [ 29.509083204445954, 40.790134879614385 ], [ 29.509084116700226, 40.790134581700627 ], [ 29.509085023622958, 40.790134267930618 ], [ 29.509085924938578, 40.790133938399705 ], [ 29.509086820373199, 40.790133593208019 ], [ 29.509087709654739, 40.790133232460448 ], [ 29.509088592512974, 40.790132856266609 ], [ 29.509089468679637, 40.790132464740822 ], [ 29.509090337888491, 40.790132058002051 ], [ 29.509091199875421, 40.790131636173889 ], [ 29.509092054378499, 40.790131199384511 ], [ 29.509092901138068, 40.790130747766653 ], [ 29.509093739896834, 40.790130281457529 ], [ 29.509094570399927, 40.790129800598848 ], [ 29.509095392394993, 40.790129305336713 ], [ 29.50909620563225, 40.790128795821623 ], [ 29.50909700986459, 40.790128272208399 ], [ 29.509097804847634, 40.790127734656146 ], [ 29.509098590339821, 40.79012718332821 ], [ 29.509099366102461, 40.790126618392122 ], [ 29.509100131899835, 40.79012604001953 ], [ 29.50910088749924, 40.790125448386199 ], [ 29.509101632671083, 40.790124843671897 ], [ 29.50910236718893, 40.790124226060371 ], [ 29.509103090829591, 40.790123595739288 ], [ 29.509103803373172, 40.790122952900191 ], [ 29.509104504603165, 40.790122297738407 ], [ 29.509105194306485, 40.790121630453015 ], [ 29.509105872273562, 40.790120951246784 ], [ 29.509106538298386, 40.790120260326098 ], [ 29.509107192178575, 40.790119557900894 ] ] ] } },
{ "type": "Feature", "properties": { "fid": 129, "line_id": 99, "line_type": "road_boundary_line" }, "geometry": { "type": "MultiLineString", "coordinates": [ [ [ 29.509005203931849, 40.790138792526378 ], [ 29.509006292102537, 40.790139894176058 ], [ 29.50900739931199, 40.790140976689194 ], [ 29.509008525223734, 40.7901420397368 ], [ 29.509009669495594, 40.790143082995819 ], [ 29.509010831779825, 40.790144106149192 ], [ 29.509012011723208, 40.790145108885994 ], [ 29.509013208967151, 40.790146090901473 ], [ 29.509014423147811, 40.7901470518972 ], [ 29.509015653896192, 40.790147991581136 ], [ 29.509016900838265, 40.790148909667693 ], [ 29.509018163595087, 40.790149805877867 ], [ 29.5090194417829, 40.790150679939295 ], [ 29.509020735013255, 40.790151531586353 ], [ 29.509022042893143, 40.790152360560221 ], [ 29.509023365025087, 40.790153166608967 ], [ 29.509024701007295, 40.790153949487639 ], [ 29.509026050433754, 40.790154708958305 ], [ 29.509027412894369, 40.790155444790173 ], [ 29.509028787975087, 40.790156156759615 ], [ 29.509030175258015, 40.790156844650262 ], [ 29.509031574321554, 40.790157508253067 ], [ 29.509032984740525, 40.790158147366348 ], [ 29.509034406086297, 40.790158761795887 ], [ 29.509035837926923, 40.790159351354951 ], [ 29.509037279827258, 40.790159915864379 ], [ 29.509038731349104, 40.790160455152609 ], [ 29.509040192051344, 40.790160969055748 ], [ 29.509041661490059, 40.790161457417625 ], [ 29.50904313921869, 40.790161920089822 ], [ 29.509044624788149, 40.790162356931731 ], [ 29.509046117746962, 40.790162767810592 ], [ 29.509047617641421, 40.790163152601544 ], [ 29.509049124015704, 40.79016351118765 ], [ 29.509050636412013, 40.790163843459922 ], [ 29.509052154370732, 40.790164149317398 ], [ 29.509053677430551, 40.790164428667111 ], [ 29.5090552051286, 40.79016468142418 ], [ 29.509056737000613, 40.79016490751178 ], [ 29.509058272581047, 40.79016510686121 ], [ 29.509059811403237, 40.79016527941188 ], [ 29.509061352999527, 40.790165425111361 ], [ 29.509062896901426, 40.790165543915364 ], [ 29.509064442639737, 40.790165635787794 ], [ 29.509065989744705, 40.790165700700719 ], [ 29.509067537746159, 40.790165738634421 ], [ 29.509069086173657, 40.790165749577376 ], [ 29.509070634556629, 40.790165733526244 ], [ 29.509072182424514, 40.790165690485914 ], [ 29.509073729306916, 40.790165620469466 ], [ 29.509075274733728, 40.790165523498175 ], [ 29.509076818235293, 40.790165399601506 ], [ 29.509078359342539, 40.790165248817118 ], [ 29.50907989758711, 40.790165071190835 ], [ 29.509081432501539, 40.790164866776635 ], [ 29.509082963619356, 40.790164635636643 ], [ 29.509084490475253, 40.790164377841101 ], [ 29.509086012605209, 40.790164093468356 ], [ 29.509087529546651, 40.790163782604829 ], [ 29.509089040838571, 40.790163445344987 ], [ 29.509090546021685, 40.790163081791334 ], [ 29.50909204463856, 40.790162692054345 ], [ 29.50909353623377, 40.790162276252474 ], [ 29.50909502035401, 40.79016183451207 ], [ 29.509096496548249, 40.790161366967389 ], [ 29.509097964367875, 40.790160873760513 ], [ 29.509099423366806, 40.790160355041337 ], [ 29.509100873101652, 40.790159810967495 ], [ 29.50910231313183, 40.790159241704337 ], [ 29.509103743019718, 40.79015864742486 ], [ 29.509105162330762, 40.790158028309669 ], [ 29.509106570633634, 40.790157384546909 ], [ 29.509107967500348, 40.790156716332234 ], [ 29.509109352506385, 40.790156023868704 ], [ 29.509110725230844, 40.790155307366767 ], [ 29.50911208525655, 40.790154567044169 ], [ 29.509113432170182, 40.790153803125897 ], [ 29.509114765562416, 40.790153015844098 ], [ 29.509116085028023, 40.790152205438048 ], [ 29.509117390166022, 40.790151372154014 ], [ 29.509118680579771, 40.790150516245248 ], [ 29.509119955877111, 40.790149637971851 ], [ 29.509121215670479, 40.790148737600738 ], [ 29.509122459577018, 40.79014781540554 ], [ 29.509123687218697, 40.790146871666501 ], [ 29.509124898222439, 40.790145906670439 ], [ 29.509126092220214, 40.79014492071061 ], [ 29.509127268849163, 40.790143914086656 ], [ 29.509128427751701, 40.790142887104494 ], [ 29.509129568575641, 40.790141840076217 ], [ 29.509130690974281, 40.790140773320033 ], [ 29.509131794606517, 40.790139687160121 ] ] ] } },
{ "type": "Feature", "properties": { "fid": 130, "line_id": 100, "line_type": "center_line" }, "geometry": { "type": "MultiLineString", "coordinates": [ [ [ 29.509014061826282, 40.790130117268944 ], [ 29.509015136865518, 40.790131023740813 ], [ 29.509016227454776, 40.790131911443289 ], [ 29.509017333266399, 40.790132780109658 ], [ 29.509018453968153, 40.790133629478944 ], [ 29.509019589223339, 40.790134459295963 ], [ 29.509020738690872, 40.790135269311392 ], [ 29.509021902025406, 40.790136059281885 ], [ 29.50902307887743, 40.790136828970084 ], [ 29.509024268893363, 40.790137578144758 ], [ 29.509025471715677, 40.790138306580815 ], [ 29.509026686982999, 40.790139014059399 ], [ 29.509027914330204, 40.790139700367966 ], [ 29.509029153388553, 40.79014036530031 ], [ 29.509030403785776, 40.790141008656661 ], [ 29.509031665146203, 40.790141630243731 ], [ 29.509032937090868, 40.790142229874768 ], [ 29.509034219237627, 40.790142807369612 ], [ 29.509035511201272, 40.790143362554765 ], [ 29.509036812593639, 40.790143895263427 ], [ 29.509038123023736, 40.790144405335546 ], [ 29.509039442097858, 40.790144892617882 ], [ 29.509040769419698, 40.790145356964025 ], [ 29.509042104590474, 40.790145798234477 ], [ 29.509043447209045, 40.790146216296655 ], [ 29.509044796872033, 40.790146611024952 ], [ 29.509046153173944, 40.790146982300783 ], [ 29.509047515707284, 40.790147330012601 ], [ 29.509048884062693, 40.790147654055936 ], [ 29.509050257829063, 40.790147954333435 ], [ 29.509051636593654, 40.790148230754873 ], [ 29.509053019942229, 40.790148483237211 ], [ 29.509054407459171, 40.790148711704589 ], [ 29.509055798727616, 40.79014891608837 ], [ 29.509057193329564, 40.790149096327141 ], [ 29.509058590846024, 40.790149252366753 ], [ 29.509059990857118, 40.79014938416033 ], [ 29.509061392942225, 40.790149491668274 ], [ 29.509062796680105, 40.790149574858283 ], [ 29.509064201649014, 40.790149633705369 ], [ 29.509065607426837, 40.790149668191845 ], [ 29.509067013591228, 40.790149678307351 ], [ 29.509068419719707, 40.790149664048847 ], [ 29.509069825389822, 40.790149625420618 ], [ 29.509071230179249, 40.790149562434273 ], [ 29.50907263366593, 40.790149475108734 ], [ 29.509074035428196, 40.790149363470235 ], [ 29.509075435044906, 40.790149227552313 ], [ 29.509076832095552, 40.790149067395816 ], [ 29.509078226160401, 40.79014888304885 ], [ 29.509079616820621, 40.790148674566801 ], [ 29.509081003658402, 40.790148442012317 ], [ 29.50908238625707, 40.790148185455259 ], [ 29.509083764201247, 40.790147904972706 ], [ 29.509085137076934, 40.790147600648922 ], [ 29.509086504471661, 40.790147272575354 ], [ 29.50908786597461, 40.79014692085056 ], [ 29.509089221176726, 40.790146545580207 ], [ 29.50909056967085, 40.790146146877049 ], [ 29.50909191105184, 40.790145724860878 ], [ 29.509093244916684, 40.790145279658468 ], [ 29.509094570864644, 40.790144811403593 ], [ 29.509095888497338, 40.790144320236934 ], [ 29.509097197418903, 40.790143806306055 ], [ 29.509098497236078, 40.790143269765359 ], [ 29.509099787558348, 40.790142710776045 ], [ 29.509101067998046, 40.790142129506059 ], [ 29.509102338170472, 40.790141526130043 ], [ 29.509103597694018, 40.790140900829272 ], [ 29.509104846190265, 40.790140253791613 ], [ 29.509106083284113, 40.790139585211463 ], [ 29.509107308603895, 40.790138895289694 ], [ 29.509108521781464, 40.790138184233584 ], [ 29.509109722452337, 40.790137452256765 ], [ 29.509110910255782, 40.790136699579151 ], [ 29.509112084834932, 40.790135926426885 ], [ 29.509113245836893, 40.790135133032244 ], [ 29.509114392912856, 40.790134319633601 ], [ 29.509115525718187, 40.790133486475334 ], [ 29.509116643912545, 40.790132633807765 ], [ 29.50911774715998, 40.790131761887061 ], [ 29.50911883512903, 40.79013087097519 ], [ 29.509119907492821, 40.790129961339822 ] ] ] } },
{ "type": "Feature", "properties": { "fid": 131, "line_id": 101, "line_type": "road_boundary_line" }, "geometry": { "type": "MultiLineString", "coordinates": [ [ [ 29.509190513998163, 40.790086618645148 ], [ 29.509190490922276, 40.790087037167261 ], [ 29.509190475087518, 40.790087456025844 ], [ 29.509190466498627, 40.790087875095637 ], [ 29.509190465158166, 40.790088294251284 ], [ 29.509190471066539, 40.790088713367432 ], [ 29.509190484221982, 40.790089132318734 ], [ 29.509190504620555, 40.790089550979879 ], [ 29.509190532256159, 40.790089969225654 ], [ 29.50919056712053, 40.79009038693097 ], [ 29.509190609203241, 40.790090803970898 ], [ 29.509190658491701, 40.790091220220702 ], [ 29.509190714971176, 40.790091635555896 ], [ 29.509190778624767, 40.790092049852262 ], [ 29.509190849433438, 40.790092462985882 ], [ 29.509190927376014, 40.790092874833192 ], [ 29.509191012429181, 40.790093285271027 ], [ 29.509191104567503, 40.790093694176619 ], [ 29.509191203763422, 40.790094101427684 ], [ 29.509191309987269, 40.790094506902406 ], [ 29.509191423207273, 40.790094910479517 ], [ 29.509191543389573, 40.790095312038318 ], [ 29.509191670498225, 40.790095711458704 ], [ 29.509191804495213, 40.790096108621221 ], [ 29.509191945340461, 40.790096503407071 ], [ 29.509192092991842, 40.790096895698198 ], [ 29.509192247405199, 40.790097285377257 ], [ 29.509192408534343, 40.790097672327711 ], [ 29.509192576331092, 40.790098056433827 ], [ 29.509192750745253, 40.790098437580724 ], [ 29.509192931724662, 40.790098815654403 ], [ 29.509193119215197, 40.790099190541795 ], [ 29.509193313160775, 40.79009956213077 ], [ 29.509193513503394, 40.790099930310198 ], [ 29.509193720183134, 40.790100294969953 ], [ 29.509193933138182, 40.790100656000988 ], [ 29.509194152304843, 40.790101013295306 ], [ 29.509194377617568, 40.79010136674605 ], [ 29.509194609008972, 40.790101716247513 ], [ 29.509194846409848, 40.790102061695166 ], [ 29.509195089749191, 40.790102402985688 ], [ 29.509195338954225, 40.790102740016998 ], [ 29.509195593950416, 40.790103072688311 ], [ 29.509195854661499, 40.790103400900108 ], [ 29.509196121009495, 40.790103724554243 ], [ 29.509196392914749, 40.790104043553917 ], [ 29.509196670295935, 40.790104357803706 ], [ 29.509196953070095, 40.79010466720964 ], [ 29.509197241152656, 40.79010497167917 ], [ 29.509197534457449, 40.790105271121234 ], [ 29.509197832896763, 40.790105565446282 ], [ 29.509198136381332, 40.790105854566278 ], [ 29.509198444820388, 40.790106138394755 ] ] ] } },
{ "type": "Feature", "properties": { "fid": 132, "line_id": 102, "line_type": "center_line" }, "geometry": { "type": "MultiLineString", "coordinates": [ [ [ 29.509179799007448, 40.790077031548194 ], [ 29.509179526286665, 40.790077390368694 ], [ 29.509179259849869, 40.790077753879643 ], [ 29.509178999777713, 40.790078121971007 ], [ 29.509178746148923, 40.790078494531357 ], [ 29.509178499040274, 40.790078871447911 ], [ 29.509178258526568, 40.790079252606589 ], [ 29.509178024680612, 40.790079637891992 ], [ 29.509177797573191, 40.790080027187507 ], [ 29.50917757727305, 40.790080420375276 ], [ 29.509177363846881, 40.790080817336296 ], [ 29.509177157359289, 40.790081217950387 ], [ 29.509176957872779, 40.790081622096288 ], [ 29.509176765447734, 40.790082029651657 ], [ 29.509176580142405, 40.790082440493123 ], [ 29.509176402012887, 40.790082854496326 ], [ 29.509176231113099, 40.790083271535941 ], [ 29.509176067494774, 40.790083691485719 ], [ 29.509175911207446, 40.790084114218551 ], [ 29.509175762298415, 40.790084539606468 ], [ 29.509175620812766, 40.790084967520698 ], [ 29.509175486793321, 40.79008539783171 ], [ 29.509175360280654, 40.79008583040924 ], [ 29.509175241313056, 40.790086265122348 ], [ 29.509175129926547, 40.790086701839442 ], [ 29.509175026154839, 40.790087140428327 ], [ 29.509174930029342, 40.790087580756236 ], [ 29.509174841579163, 40.790088022689879 ], [ 29.509174760831069, 40.790088466095469 ], [ 29.509174687809509, 40.790088910838797 ], [ 29.50917462253658, 40.790089356785231 ], [ 29.509174565032044, 40.790089803799781 ], [ 29.509174515313312, 40.790090251747124 ], [ 29.509174473395429, 40.790090700491675 ], [ 29.509174439291087, 40.790091149897584 ], [ 29.509174413010609, 40.790091599828813 ], [ 29.509174394561949, 40.79009205014917 ], [ 29.509174383950693, 40.790092500722338 ], [ 29.509174381180053, 40.790092951411921 ], [ 29.509174386250866, 40.790093402081489 ], [ 29.509174399161601, 40.79009385259463 ], [ 29.509174419908344, 40.790094302814964 ], [ 29.509174448484821, 40.790094752606208 ], [ 29.509174484882376, 40.790095201832202 ], [ 29.509174529089993, 40.790095650356967 ], [ 29.509174581094292, 40.790096098044728 ], [ 29.509174640879532, 40.790096544759962 ], [ 29.509174708427611, 40.790096990367452 ], [ 29.509174783718084, 40.790097434732303 ], [ 29.509174866728159, 40.790097877720001 ], [ 29.509174957432709, 40.79009831919646 ], [ 29.509175055804274, 40.790098759028034 ], [ 29.509175161813083, 40.790099197081574 ], [ 29.50917527542704, 40.790099633224493 ], [ 29.509175396611756, 40.790100067324765 ], [ 29.509175525330548, 40.790100499250968 ], [ 29.509175661544447, 40.790100928872377 ], [ 29.509175805212223, 40.790101356058919 ], [ 29.509175956290388, 40.790101780681297 ], [ 29.509176114733211, 40.790102202610974 ], [ 29.509176280492724, 40.790102621720223 ], [ 29.509176453518752, 40.790103037882169 ], [ 29.509176633758923, 40.790103450970854 ], [ 29.509176821158672, 40.790103860861215 ], [ 29.509177015661272, 40.790104267429186 ], [ 29.509177217207849, 40.790104670551692 ], [ 29.509177425737388, 40.790105070106705 ], [ 29.509177641186767, 40.790105465973276 ], [ 29.509177863490773, 40.790105858031566 ], [ 29.509178092582104, 40.790106246162914 ], [ 29.509178328391418, 40.790106630249809 ], [ 29.509178570847332, 40.790107010175994 ], [ 29.509178819876453, 40.79010738582646 ], [ 29.509179075403399, 40.790107757087497 ], [ 29.509179337350815, 40.790108123846721 ], [ 29.50917960563941, 40.790108485993109 ], [ 29.509179880187972, 40.790108843417038 ], [ 29.509180160913392, 40.790109196010306 ], [ 29.509180447730692, 40.79010954366619 ], [ 29.509180740553052, 40.790109886279446 ], [ 29.509181039291828, 40.79011022374636 ], [ 29.509181343856589, 40.790110555964787 ], [ 29.509181654155146, 40.790110882834156 ], [ 29.509181970093564, 40.790111204255517 ], [ 29.509182291576209, 40.790111520131575 ], [ 29.509182618505765, 40.790111830366719 ], [ 29.509182950783266, 40.79011213486703 ], [ 29.50918328830813, 40.79011243354033 ], [ 29.509183630978185, 40.790112726296222 ], [ 29.509183978689702, 40.790113013046074 ], [ 29.509184331337426, 40.790113293703087 ], [ 29.509184688814607, 40.790113568182306 ], [ 29.509185051013031, 40.79011383640065 ], [ 29.509185417823062, 40.790114098276909 ], [ 29.509185789133664, 40.79011435373183 ], [ 29.509186164832432, 40.790114602688071 ], [ 29.509186544805644, 40.790114845070278 ], [ 29.509186928938281, 40.79011508080508 ], [ 29.509187317114055, 40.790115309821111 ], [ 29.509187709215468, 40.790115532049057 ] ] ] } },
{ "type": "Feature", "properties": { "fid": 133, "line_id": 103, "line_type": "dashed_line" }, "geometry": { "type": "MultiLineString", "coordinates": [ [ [ 29.509165700335451, 40.790067162477797 ], [ 29.509165300364586, 40.790067880905504 ], [ 29.509164912945852, 40.790068606179105 ], [ 29.509164538196387, 40.790069338079306 ], [ 29.509164176229497, 40.790070076384815 ], [ 29.509163827154616, 40.790070820872423 ], [ 29.509163491077292, 40.790071571317021 ], [ 29.509163168099136, 40.790072327491721 ], [ 29.509162858317794, 40.79007308916789 ], [ 29.509162561826937, 40.790073856115235 ], [ 29.509162278716204, 40.790074628101884 ], [ 29.509162009071193, 40.790075404894409 ], [ 29.50916175297343, 40.790076186257963 ], [ 29.509161510500348, 40.790076971956296 ], [ 29.509161281725259, 40.790077761751853 ], [ 29.509161066717329, 40.790078555405842 ], [ 29.509160865541567, 40.790079352678305 ], [ 29.509160678258798, 40.790080153328184 ], [ 29.509160504925649, 40.790080957113403 ], [ 29.509160345594523, 40.790081763790944 ], [ 29.509160200313595, 40.790082573116912 ], [ 29.509160069126793, 40.790083384846604 ], [ 29.509159952073777, 40.79008419873459 ], [ 29.509159849189942, 40.790085014534796 ], [ 29.509159760506389, 40.790085832000571 ], [ 29.509159686049937, 40.790086650884753 ], [ 29.509159625843097, 40.790087470939753 ], [ 29.509159579904068, 40.790088291917627 ], [ 29.509159548246743, 40.790089113570154 ], [ 29.509159530880694, 40.790089935648915 ], [ 29.509159527811171, 40.790090757905347 ], [ 29.509159539039103, 40.790091580090845 ], [ 29.509159564561092, 40.790092401956834 ], [ 29.509159604369426, 40.790093223254807 ], [ 29.509159658452063, 40.790094043736453 ], [ 29.509159726792657, 40.790094863153698 ], [ 29.509159809370541, 40.790095681258805 ], [ 29.509159906160754, 40.790096497804406 ], [ 29.509160017134025, 40.790097312543622 ], [ 29.509160142256803, 40.790098125230131 ], [ 29.509160281491258, 40.790098935618204 ], [ 29.509160434795294, 40.790099743462825 ], [ 29.509160602122559, 40.790100548519753 ], [ 29.509160783422463, 40.790101350545569 ], [ 29.509160978640185, 40.790102149297788 ], [ 29.509161187716707, 40.790102944534901 ], [ 29.509161410588813, 40.790103736016484 ], [ 29.509161647189121, 40.790104523503217 ], [ 29.509161897446091, 40.79010530675702 ], [ 29.50916216128406, 40.790106085541062 ], [ 29.509162438623253, 40.790106859619897 ], [ 29.509162729379824, 40.790107628759465 ], [ 29.50916303346586, 40.790108392727234 ], [ 29.509163350789422, 40.790109151292206 ], [ 29.509163681254567, 40.790109904225041 ], [ 29.509164024761379, 40.790110651298086 ], [ 29.509164381205998, 40.790111392285468 ], [ 29.509164750480657, 40.790112126963145 ], [ 29.509165132473704, 40.790112855108994 ], [ 29.509165527069644, 40.790113576502861 ], [ 29.509165934149173, 40.790114290926631 ], [ 29.509166353589212, 40.790114998164299 ], [ 29.509166785262941, 40.790115698002033 ], [ 29.50916722903985, 40.790116390228242 ], [ 29.509167684785755, 40.790117074633628 ], [ 29.509168152362868, 40.790117751011266 ], [ 29.509168631629816, 40.790118419156649 ], [ 29.509169122441694, 40.790119078867775 ], [ 29.509169624650106, 40.790119729945168 ], [ 29.509170138103212, 40.790120372191986 ], [ 29.509170662645765, 40.790121005414044 ], [ 29.509171198119176, 40.790121629419886 ], [ 29.509171744361545, 40.790122244020843 ], [ 29.509172301207713, 40.7901228490311 ], [ 29.509172868489319, 40.790123444267728 ], [ 29.50917344603485, 40.790124029550761 ], [ 29.509175124298483, 40.790125603445162 ], [ 29.509174381897065, 40.790124951982534 ], [ 29.509174033669684, 40.79012460470323 ], [ 29.509174631216151, 40.790125169551253 ], [ 29.509175238493583, 40.790125723924035 ], [ 29.509175855318372, 40.790126267653974 ] ] ] } },
{ "type": "Feature", "properties": { "fid": 134, "line_id": 104, "line_type": "center_line" }, "geometry": { "type": "MultiLineString", "coordinates": [ [ [ 29.509153875895937, 40.790057891042267 ], [ 29.509153284743384, 40.790058777307813 ], [ 29.509152709141713, 40.790059673751166 ], [ 29.509152149266114, 40.790060580099485 ], [ 29.509151605286984, 40.790061496076923 ], [ 29.509151077369886, 40.790062421404699 ], [ 29.50915056567549, 40.790063355801195 ], [ 29.509150070359535, 40.790064298982017 ], [ 29.509149591572772, 40.790065250660113 ], [ 29.509149129460916, 40.790066210545831 ], [ 29.509148684164614, 40.790067178347037 ], [ 29.509148255819394, 40.79006815376917 ], [ 29.509147844555624, 40.790069136515356 ], [ 29.509147450498471, 40.790070126286501 ], [ 29.509147073767867, 40.790071122781363 ], [ 29.509146714478472, 40.790072125696661 ], [ 29.509146372739639, 40.790073134727152 ], [ 29.509146048655371, 40.79007414956574 ], [ 29.509145742324311, 40.790075169903545 ], [ 29.509145453839686, 40.790076195430039 ], [ 29.509145183289295, 40.790077225833087 ], [ 29.509144930755486, 40.790078260799099 ], [ 29.509144696315118, 40.790079300013069 ], [ 29.509144480039541, 40.790080343158714 ], [ 29.50914428199458, 40.790081389918548 ], [ 29.509144102240509, 40.790082439973993 ], [ 29.509143940832036, 40.790083493005454 ], [ 29.50914379781829, 40.790084548692448 ], [ 29.509143673242793, 40.790085606713674 ], [ 29.509143567143465, 40.790086666747115 ], [ 29.509143479552591, 40.790087728470148 ], [ 29.509143410496833, 40.79008879155964 ], [ 29.509143359997211, 40.790089855692031 ], [ 29.50914332806909, 40.790090920543456 ], [ 29.509143314722188, 40.790091985789822 ], [ 29.509143319960568, 40.790093051106922 ], [ 29.50914334378264, 40.790094116170522 ], [ 29.509143386181147, 40.790095180656465 ], [ 29.509143447143188, 40.790096244240779 ], [ 29.50914352665021, 40.790097306599755 ], [ 29.509143624678011, 40.790098367410067 ], [ 29.509143741196759, 40.790099426348846 ], [ 29.509143876170992, 40.790100483093809 ], [ 29.509144029559629, 40.790101537323338 ], [ 29.509144201315987, 40.790102588716557 ], [ 29.509144391387789, 40.790103636953496 ], [ 29.509144599717189, 40.790104681715107 ], [ 29.509144826240782, 40.790105722683414 ], [ 29.50914507088962, 40.790106759541608 ], [ 29.509145333589249, 40.790107791974108 ], [ 29.509145614259715, 40.790108819666692 ], [ 29.50914591281559, 40.790109842306585 ], [ 29.509146229166017, 40.790110859582541 ], [ 29.509146563214706, 40.790111871184955 ], [ 29.509146914859993, 40.790112876805928 ], [ 29.509147283994853, 40.790113876139415 ], [ 29.509147670506941, 40.790114868881261 ], [ 29.509148074278617, 40.790115854729322 ], [ 29.509148495186992, 40.79011683338355 ], [ 29.509148933103965, 40.790117804546092 ], [ 29.509149387896258, 40.790118767921378 ], [ 29.509149859425445, 40.790119723216193 ], [ 29.509150347548022, 40.7901206701398 ], [ 29.509150852115425, 40.790121608403993 ], [ 29.509151372974092, 40.790122537723214 ], [ 29.509151909965492, 40.790123457814616 ], [ 29.509152462926195, 40.790124368398182 ], [ 29.509153031687905, 40.790125269196757 ], [ 29.509153616077519, 40.790126159936193 ], [ 29.509154215917174, 40.790127040345389 ], [ 29.509154831024315, 40.790127910156386 ], [ 29.509155461211723, 40.790128769104456 ], [ 29.509156106287602, 40.790129616928184 ], [ 29.509156766055629, 40.790130453369521 ], [ 29.50915744031499, 40.790131278173909 ], [ 29.509158128860484, 40.7901320910903 ], [ 29.509158831482544, 40.790132891871295 ], [ 29.509159547967329, 40.790133680273172 ], [ 29.509160278096772, 40.790134456055974 ], [ 29.509161438343494, 40.790135623535136 ], [ 29.509161021648662, 40.790135218983593 ], [ 29.509161778396688, 40.790135968823833 ], [ 29.509162548110542, 40.790136705348473 ], [ 29.509163330555957, 40.790137428333352 ] ] ] } },
{ "type": "Feature", "properties": { "fid": 135, "line_id": 105, "line_type": "road_boundary_line" }, "geometry": { "type": "MultiLineString", "coordinates": [ [ [ 29.509140886672739, 40.790047706310439 ], [ 29.509140132857286, 40.790048560137791 ], [ 29.509139393931299, 40.790049426883009 ], [ 29.509138670116116, 40.790050306286481 ], [ 29.509137961628536, 40.790051198084797 ], [ 29.509137268680778, 40.79005210201084 ], [ 29.509136591480399, 40.790053017793852 ], [ 29.509135930230237, 40.790053945159535 ], [ 29.509135285128355, 40.790054883830116 ], [ 29.509134656367987, 40.790055833524427 ], [ 29.509134044137465, 40.790056793958009 ], [ 29.509133448620165, 40.790057764843191 ], [ 29.509132869994463, 40.790058745889155 ], [ 29.509132308433678, 40.79005973680205 ], [ 29.509131764106012, 40.790060737285074 ], [ 29.509131237174508, 40.79006174703855 ], [ 29.509130727797, 40.79006276576002 ], [ 29.509130236126055, 40.790063793144355 ], [ 29.509129762308952, 40.790064828883814 ], [ 29.509129306487605, 40.790065872668173 ], [ 29.509128868798552, 40.790066924184785 ], [ 29.509128449372888, 40.790067983118682 ], [ 29.509128048336251, 40.790069049152692 ], [ 29.509127665808759, 40.790070121967489 ], [ 29.509127301904989, 40.790071201241751 ], [ 29.509126956733947, 40.790072286652197 ], [ 29.509126630399013, 40.790073377873718 ], [ 29.509126322997943, 40.790074474579448 ], [ 29.509126034622806, 40.790075576440906 ], [ 29.509125765359986, 40.790076683128042 ], [ 29.509125515290126, 40.790077794309376 ], [ 29.509125284488139, 40.790078909652074 ], [ 29.509125073023149, 40.790080028822054 ], [ 29.509124880958503, 40.790081151484088 ], [ 29.509124708351724, 40.79008227730192 ], [ 29.509124555254516, 40.790083405938326 ], [ 29.509124421712738, 40.790084537055243 ], [ 29.509124307766385, 40.790085670313871 ], [ 29.509124213449589, 40.790086805374763 ], [ 29.509124138790604, 40.79008794189793 ], [ 29.509124083811788, 40.790089079542966 ], [ 29.50912404852961, 40.790090217969095 ], [ 29.509124032954642, 40.790091356835333 ], [ 29.509124037091546, 40.79009249580055 ], [ 29.509124060939083, 40.7900936345236 ], [ 29.509124104490109, 40.790094772663394 ], [ 29.509124167731578, 40.790095909879028 ], [ 29.50912425064455, 40.790097045829874 ], [ 29.509124353204193, 40.790098180175683 ], [ 29.509124475379782, 40.790099312576679 ], [ 29.50912461713472, 40.790100442693671 ], [ 29.509124778426557, 40.790101570188163 ], [ 29.509124959206972, 40.790102694722435 ], [ 29.509125159421817, 40.790103815959654 ], [ 29.509125379011127, 40.790104933563974 ], [ 29.509125617909124, 40.790106047200645 ], [ 29.509125876044251, 40.790107156536095 ], [ 29.509126153339189, 40.790108261238046 ], [ 29.509126449710884, 40.790109360975613 ], [ 29.509126765070558, 40.790110455419381 ], [ 29.509127099323752, 40.790111544241533 ], [ 29.509127452370354, 40.790112627115946 ], [ 29.50912782410461, 40.790113703718248 ], [ 29.509128214415174, 40.790114773725982 ], [ 29.509128623185138, 40.790115836818643 ], [ 29.509129050292064, 40.790116892677801 ], [ 29.509129495608018, 40.790117940987194 ], [ 29.509129958999619, 40.790118981432826 ], [ 29.509130440328065, 40.790120013703046 ], [ 29.509130939449186, 40.790121037488667 ], [ 29.509131456213474, 40.790122052483028 ], [ 29.509131990466148, 40.790123058382115 ], [ 29.509132542047183, 40.790124054884622 ], [ 29.509133110791364, 40.790125041692072 ], [ 29.509133696528334, 40.790126018508886 ], [ 29.509134299082646, 40.790126985042477 ], [ 29.509134918273819, 40.790127941003341 ], [ 29.509135553916387, 40.790128886105144 ], [ 29.509136205819956, 40.790129820064791 ], [ 29.509136873789263, 40.790130742602535 ], [ 29.509137557624229, 40.790131653442053 ], [ 29.509138257120025, 40.790132552310517 ], [ 29.509138972067131, 40.790133438938696 ], [ 29.509139702251399, 40.79013431306101 ], [ 29.509140447454119, 40.790135174415639 ], [ 29.509141207452078, 40.790136022744576 ], [ 29.509141982017635, 40.790136857793726 ], [ 29.509142770918785, 40.790137679312963 ], [ 29.509143573919228, 40.790138487056225 ], [ 29.509144390778445, 40.79013928078156 ], [ 29.509145221251757, 40.790140060251225 ], [ 29.509146065090416, 40.790140825231752 ], [ 29.509146922041662, 40.790141575494005 ], [ 29.509147791848818, 40.790142310813252 ], [ 29.509148674251353, 40.790143030969247 ], [ 29.509149568984952, 40.790143735746284 ], [ 29.509150475781624, 40.790144424933253 ], [ 29.509151394369752, 40.790145098323734 ], [ 29.509152758854992, 40.790146043262816 ], [ 29.509152245950883, 40.790145698287759 ], [ 29.509152324474194, 40.790145755716011 ], [ 29.509153265816355, 40.790146396913194 ] ] ] } },
{ "type": "Feature", "properties": { "fid": 136, "line_id": 106, "line_type": "road_boundary_line" }, "geometry": { "type": "MultiLineString", "coordinates": [ [ [ 29.509131794606517, 40.790139687160121 ], [ 29.509132412727997, 40.790139685098133 ], [ 29.509133030795105, 40.790139693551581 ], [ 29.509133648628975, 40.79013971251802 ], [ 29.50913426605079, 40.790139741991958 ], [ 29.50913488288187, 40.790139781964868 ], [ 29.509135498943696, 40.790139832425183 ], [ 29.509136114057966, 40.790139893358294 ], [ 29.50913672804667, 40.790139964746572 ], [ 29.50913734073211, 40.790140046569356 ], [ 29.509137951936964, 40.790140138802954 ], [ 29.509138561484349, 40.790140241420694 ], [ 29.509139169197855, 40.790140354392854 ], [ 29.509139774901602, 40.790140477686762 ], [ 29.509140378420291, 40.790140611266715 ], [ 29.509140979579261, 40.790140755094065 ], [ 29.509141578204527, 40.790140909127182 ], [ 29.509142174122847, 40.790141073321493 ], [ 29.509142767161752, 40.790141247629478 ], [ 29.509143357149608, 40.790141432000681 ], [ 29.509143943915671, 40.790141626381754 ], [ 29.509144527290125, 40.790141830716436 ], [ 29.509145107104132, 40.79014204494559 ], [ 29.509145683189889, 40.790142269007212 ], [ 29.509146255380674, 40.790142502836467 ], [ 29.509146823510886, 40.790142746365682 ], [ 29.509147387416103, 40.790142999524363 ], [ 29.509147946933126, 40.790143262239255 ], [ 29.509148501900025, 40.790143534434328 ], [ 29.509149052156186, 40.790143816030792 ], [ 29.509149597542361, 40.790144106947167 ], [ 29.509150137900704, 40.790144407099248 ], [ 29.509150673074839, 40.790144716400171 ], [ 29.509151202909873, 40.790145034760421 ], [ 29.509151727252473, 40.790145362087863 ], [ 29.509152245950883, 40.790145698287759 ], [ 29.509152758854992, 40.790146043262816 ], [ 29.509153265816355, 40.790146396913194 ] ] ] } },
{ "type": "Feature", "properties": { "fid": 137, "line_id": 107, "line_type": "center_line" }, "geometry": { "type": "MultiLineString", "coordinates": [ [ [ 29.509119907492821, 40.790129961339822 ], [ 29.509120497027382, 40.790129678548404 ], [ 29.509121091391936, 40.790129406054803 ], [ 29.509121690406619, 40.790129143941485 ], [ 29.509122293890165, 40.790128892287761 ], [ 29.50912290165995, 40.790128651169795 ], [ 29.509123513532053, 40.790128420660544 ], [ 29.509124129321318, 40.79012820082977 ], [ 29.509124748841391, 40.790127991743987 ], [ 29.509125371904801, 40.790127793466482 ], [ 29.509125998323004, 40.79012760605724 ], [ 29.509126627906433, 40.790127429572991 ], [ 29.509127260464567, 40.790127264067124 ], [ 29.509127895805989, 40.790127109589733 ], [ 29.509128533738433, 40.790126966187565 ], [ 29.509129174068853, 40.790126833904019 ], [ 29.509129816603476, 40.790126712779113 ], [ 29.509130461147866, 40.790126602849512 ], [ 29.50913110750697, 40.790126504148475 ], [ 29.509131755485193, 40.790126416705881 ], [ 29.509132404886447, 40.790126340548177 ], [ 29.509133055514216, 40.79012627569842 ], [ 29.509133707171614, 40.790126222176234 ], [ 29.509134359661434, 40.790126179997813 ], [ 29.509135012786228, 40.790126149175912 ], [ 29.50913566634835, 40.790126129719873 ], [ 29.509136320150024, 40.790126121635581 ], [ 29.5091369739934, 40.790126124925472 ], [ 29.509137627680619, 40.790126139588558 ], [ 29.509138281013865, 40.790126165620407 ], [ 29.509138933795427, 40.790126203013131 ], [ 29.509139585827768, 40.790126251755417 ], [ 29.509140236913574, 40.790126311832516 ], [ 29.509140886855818, 40.790126383226252 ], [ 29.509141535457818, 40.790126465915016 ], [ 29.509142182523298, 40.790126559873784 ], [ 29.509142827856447, 40.790126665074126 ], [ 29.509143471261979, 40.790126781484211 ], [ 29.50914411254519, 40.790126909068796 ], [ 29.509144751512022, 40.790127047789291 ], [ 29.509145387969109, 40.790127197603709 ], [ 29.509146021723858, 40.790127358466712 ], [ 29.50914665258448, 40.79012753032962 ], [ 29.509147280360072, 40.790127713140436 ], [ 29.509147904860658, 40.790127906843821 ], [ 29.509148525897256, 40.790128111381172 ], [ 29.509149143281935, 40.790128326690592 ], [ 29.50914975682786, 40.790128552706918 ], [ 29.50915036634937, 40.790128789361759 ], [ 29.509150971662013, 40.790129036583501 ], [ 29.509151572582613, 40.79012929429733 ], [ 29.509152168929326, 40.790129562425257 ], [ 29.509152760521683, 40.790129840886145 ], [ 29.509153347180668, 40.790130129595731 ], [ 29.509153928728743, 40.79013042846664 ], [ 29.50915450498993, 40.790130737408433 ], [ 29.509155075789838, 40.790131056327624 ], [ 29.50915564095574, 40.790131385127694 ], [ 29.509156200316607, 40.790131723709152 ], [ 29.509156753703174, 40.790132071969538 ], [ 29.509157300947969, 40.790132429803464 ], [ 29.509157841885397, 40.790132797102643 ], [ 29.50915837635176, 40.790133173755919 ], [ 29.50915890418532, 40.790133559649327 ], [ 29.509159425226347, 40.790133954666075 ], [ 29.509159939317168, 40.790134358686629 ], [ 29.509160446302218, 40.79013477158874 ], [ 29.509160946028064, 40.790135193247437 ], [ 29.509161438343494, 40.790135623535136 ], [ 29.509161923099523, 40.790136062321622 ], [ 29.509162400149453, 40.79013650947411 ], [ 29.509162869348927, 40.79013696485729 ], [ 29.509163330555957, 40.790137428333352 ] ] ] } },
{ "type": "Feature", "properties": { "fid": 138, "line_id": 108, "line_type": "dashed_line" }, "geometry": { "type": "MultiLineString", "coordinates": [ [ [ 29.509107192178575, 40.790119557900894 ], [ 29.509108037954167, 40.790119047776329 ], [ 29.509108892428429, 40.790118552360184 ], [ 29.509109755345602, 40.790118071800741 ], [ 29.509110626447395, 40.790117606241843 ], [ 29.509111505473076, 40.790117155822848 ], [ 29.509112392159533, 40.790116720678562 ], [ 29.509113286241366, 40.790116300939239 ], [ 29.509114187450962, 40.790115896730512 ], [ 29.509115095518563, 40.790115508173379 ], [ 29.509116010172377, 40.790115135384127 ], [ 29.509116931138625, 40.79011477847434 ], [ 29.509117858141646, 40.790114437550862 ], [ 29.509118790903972, 40.790114112715727 ], [ 29.509119729146409, 40.790113804066159 ], [ 29.509120672588125, 40.790113511694557 ], [ 29.509121620946726, 40.79011323568843 ], [ 29.509122573938352, 40.790112976130381 ], [ 29.509123531277758, 40.790112733098105 ], [ 29.509124492678392, 40.790112506664357 ], [ 29.509125457852488, 40.790112296896901 ], [ 29.509126426511152, 40.790112103858526 ], [ 29.509127398364448, 40.790111927607015 ], [ 29.509128373121481, 40.790111768195118 ], [ 29.509129350490486, 40.790111625670562 ], [ 29.50913033017892, 40.790111500075994 ], [ 29.509131311893544, 40.79011139144901 ], [ 29.50913229534051, 40.790111299822136 ], [ 29.509133280225459, 40.79011122522278 ], [ 29.509134266253589, 40.790111167673281 ], [ 29.50913525312977, 40.790111127190862 ], [ 29.509136240558611, 40.790111103787638 ], [ 29.509137228244551, 40.790111097470621 ], [ 29.509138215891962, 40.790111108241696 ], [ 29.509139203205219, 40.790111136097643 ], [ 29.509140189888804, 40.79011118103012 ], [ 29.509141175647379, 40.790111243025684 ], [ 29.509142160185895, 40.790111322065769 ], [ 29.509143143209656, 40.79011141812672 ], [ 29.509144124424427, 40.790111531179789 ], [ 29.509145103536511, 40.790111661191133 ], [ 29.50914608025284, 40.790111808121843 ], [ 29.509147054281069, 40.790111971927935 ], [ 29.509148025329647, 40.790112152560376 ], [ 29.509148993107928, 40.790112349965099 ], [ 29.50914995732623, 40.790112564083024 ], [ 29.509150917695951, 40.79011279485006 ], [ 29.509151873929628, 40.790113042197127 ], [ 29.509152825741051, 40.790113306050202 ], [ 29.509153772845316, 40.7901135863303 ], [ 29.509154714958942, 40.79011388295352 ], [ 29.509155651799936, 40.790114195831094 ], [ 29.509156583087883, 40.790114524869367 ], [ 29.509157508544032, 40.790114869969841 ], [ 29.509158427891375, 40.790115231029233 ], [ 29.509159340854737, 40.79011560793947 ], [ 29.509160247160846, 40.790116000587723 ], [ 29.509161146538435, 40.790116408856484 ], [ 29.509162038718298, 40.790116832623539 ], [ 29.509162923433387, 40.79011727176205 ], [ 29.509163800418897, 40.790117726140565 ], [ 29.509164669412325, 40.790118195623094 ], [ 29.509165530153563, 40.790118680069114 ], [ 29.509166382384983, 40.790119179333601 ], [ 29.509167225851488, 40.790119693267137 ], [ 29.509168060300617, 40.790120221715881 ], [ 29.509168885482602, 40.79012076452166 ], [ 29.509169701150451, 40.790121321522001 ], [ 29.50917050706002, 40.790121892550189 ], [ 29.509171302970085, 40.790122477435297 ], [ 29.509172088642412, 40.790123076002267 ], [ 29.50917286384184, 40.79012368807193 ], [ 29.509173628336335, 40.790124313461078 ], [ 29.509174381897065, 40.790124951982534 ], [ 29.509175124298483, 40.790125603445162 ], [ 29.509175855318372, 40.790126267653974 ] ] ] } },
{ "type": "Feature", "properties": { "fid": 139, "line_id": 109, "line_type": "center_line" }, "geometry": { "type": "MultiLineString", "coordinates": [ [ [ 29.509095987112389, 40.790110390119473 ], [ 29.509096785164093, 40.790109638852478 ], [ 29.509097596199858, 40.79010890162143 ], [ 29.509098419972855, 40.790108178650705 ], [ 29.509099256232385, 40.790107470160322 ], [ 29.509100104723942, 40.790106776365896 ], [ 29.509100965189301, 40.790106097478578 ], [ 29.509101837366593, 40.790105433704973 ], [ 29.509102720990384, 40.790104785247102 ], [ 29.509103615791759, 40.790104152302298 ], [ 29.509104521498397, 40.790103535063189 ], [ 29.509105437834659, 40.790102933717634 ], [ 29.509106364521674, 40.790102348448634 ], [ 29.509107301277417, 40.790101779434309 ], [ 29.509108247816805, 40.790101226847831 ], [ 29.509109203851768, 40.790100690857372 ], [ 29.509110169091354, 40.790100171626051 ], [ 29.509111143241807, 40.790099669311886 ], [ 29.509112126006656, 40.790099184067749 ], [ 29.509113117086816, 40.790098716041321 ], [ 29.509114116180669, 40.790098265375029 ], [ 29.509115122984149, 40.790097832206037 ], [ 29.509116137190855, 40.790097416666171 ], [ 29.509117158492131, 40.790097018881895 ], [ 29.509118186577155, 40.790096638974262 ], [ 29.509119221133044, 40.790096277058893 ], [ 29.509120261844952, 40.790095933245944 ], [ 29.509121308396153, 40.790095607640026 ], [ 29.509122360468144, 40.790095300340255 ], [ 29.509123417740742, 40.790095011440137 ], [ 29.509124479892183, 40.790094741027602 ], [ 29.509125546599218, 40.790094489184945 ], [ 29.509126617537213, 40.790094255988805 ], [ 29.50912769238024, 40.790094041510159 ], [ 29.50912877080119, 40.790093845814283 ], [ 29.509129852471865, 40.790093668960722 ], [ 29.50913093706307, 40.790093511003306 ], [ 29.509132024244725, 40.79009337199011 ], [ 29.509133113685969, 40.790093251963434 ], [ 29.509134205055243, 40.790093150959812 ], [ 29.509135298020407, 40.790093069009977 ], [ 29.509136392248831, 40.790093006138868 ], [ 29.509137487407507, 40.790092962365627 ], [ 29.509138583163143, 40.790092937703577 ], [ 29.509139679182255, 40.790092932160213 ], [ 29.509140775131289, 40.790092945737229 ], [ 29.509141870676714, 40.790092978430486 ], [ 29.509142965485115, 40.790093030230047 ], [ 29.509144059223299, 40.790093101120135 ], [ 29.50914515155841, 40.79009319107918 ], [ 29.50914624215801, 40.79009330007981 ], [ 29.509147330690194, 40.790093428088845 ], [ 29.509148416823678, 40.790093575067331 ], [ 29.50914950022792, 40.790093740970534 ], [ 29.509150580573202, 40.790093925747968 ], [ 29.509151657530733, 40.790094129343395 ], [ 29.509152730772762, 40.790094351694854 ], [ 29.509153799972662, 40.790094592734683 ], [ 29.509154864805037, 40.790094852389522 ], [ 29.509155924945826, 40.79009513058034 ], [ 29.50915698007239, 40.790095427222482 ], [ 29.509158029863613, 40.790095742225674 ], [ 29.509159074000014, 40.790096075494034 ], [ 29.509160112163823, 40.790096426926155 ], [ 29.509161144039087, 40.790096796415078 ], [ 29.509162169311775, 40.790097183848346 ], [ 29.509163187669859, 40.790097589108058 ], [ 29.509164198803422, 40.790098012070878 ], [ 29.509165202404734, 40.790098452608078 ], [ 29.509166198168369, 40.790098910585598 ], [ 29.509167185791281, 40.790099385864053 ], [ 29.509168164972898, 40.790099878298804 ], [ 29.509169135415227, 40.790100387739976 ], [ 29.509170096822928, 40.790100914032543 ], [ 29.509171048903408, 40.79010145701632 ], [ 29.509171991366916, 40.79010201652607 ], [ 29.509172923926631, 40.790102592391513 ], [ 29.509173846298737, 40.790103184437385 ], [ 29.50917475820253, 40.790103792483514 ], [ 29.509175659360487, 40.790104416344853 ], [ 29.509176549498349, 40.790105055831525 ], [ 29.509177428345218, 40.790105710748932 ], [ 29.509178295633632, 40.79010638089774 ], [ 29.509179151099644, 40.790107066074015 ], [ 29.509179994482906, 40.790107766069227 ], [ 29.509180825526748, 40.790108480670348 ], [ 29.509181643978252, 40.790109209659896 ], [ 29.509182449588341, 40.79010995281601 ], [ 29.509183242111831, 40.790110709912526 ], [ 29.509184021307536, 40.790111480719041 ], [ 29.50918478693832, 40.790112265000957 ], [ 29.50918553877117, 40.790113062519602 ], [ 29.509186276577285, 40.790113873032261 ], [ 29.509187000132115, 40.790114696292257 ], [ 29.509187709215468, 40.790115532049057 ] ] ] } },
{ "type": "Feature", "properties": { "fid": 140, "line_id": 110, "line_type": "road_boundary_line" }, "geometry": { "type": "MultiLineString", "coordinates": [ [ [ 29.509082589750637, 40.790099428641675 ], [ 29.509083632523748, 40.790098364548143 ], [ 29.509084693620473, 40.790097318725721 ], [ 29.50908577272072, 40.790096291489881 ], [ 29.509086869498962, 40.790095283150507 ], [ 29.509087983624351, 40.79009429401178 ], [ 29.509089114760791, 40.790093324372073 ], [ 29.509090262567067, 40.790092374523901 ], [ 29.509091426696934, 40.790091444753784 ], [ 29.509092606799211, 40.790090535342209 ], [ 29.509093802517913, 40.790089646563501 ], [ 29.509095013492338, 40.790088778685778 ], [ 29.509096239357181, 40.790087931970838 ], [ 29.50909747974265, 40.7900871066741 ], [ 29.509098734274559, 40.790086303044532 ], [ 29.509100002574478, 40.790085521324549 ], [ 29.509101284259799, 40.790084761749974 ], [ 29.509102578943896, 40.790084024549934 ], [ 29.509103886236208, 40.790083309946823 ], [ 29.509105205742379, 40.790082618156191 ], [ 29.509106537064365, 40.790081949386746 ], [ 29.509107879800556, 40.790081303840211 ], [ 29.509109233545903, 40.790080681711331 ], [ 29.509110597892033, 40.790080083187782 ], [ 29.509111972427377, 40.790079508450106 ], [ 29.509113356737291, 40.790078957671689 ], [ 29.50911475040418, 40.790078431018671 ], [ 29.509116153007636, 40.790077928649922 ], [ 29.509117564124541, 40.790077450716993 ], [ 29.509118983329216, 40.790076997364054 ], [ 29.50912041019355, 40.790076568727862 ], [ 29.509121844287108, 40.79007616493773 ], [ 29.509123285177278, 40.790075786115452 ], [ 29.509124732429406, 40.790075432375311 ], [ 29.50912618560691, 40.790075103824023 ], [ 29.50912764427142, 40.790074800560681 ], [ 29.509129107982915, 40.79007452267679 ], [ 29.509130576299853, 40.790074270256156 ], [ 29.5091320487793, 40.790074043374936 ], [ 29.509133524977063, 40.79007384210157 ], [ 29.509135004447831, 40.790073666496781 ], [ 29.509136486745312, 40.790073516613525 ], [ 29.509137971422348, 40.790073392497028 ], [ 29.509139458031072, 40.790073294184729 ], [ 29.509140946123029, 40.790073221706287 ], [ 29.509142435249327, 40.790073175083556 ], [ 29.50914392496075, 40.790073154330614 ], [ 29.509145414807907, 40.790073159453712 ], [ 29.509146904341375, 40.790073190451309 ], [ 29.509148393111818, 40.790073247314055 ], [ 29.509149880670133, 40.790073330024796 ], [ 29.509151366567583, 40.790073438558572 ], [ 29.509152850355925, 40.790073572882662 ], [ 29.50915433158756, 40.790073732956522 ], [ 29.509155809815663, 40.790073918731885 ], [ 29.509157284594306, 40.790074130152696 ], [ 29.509158755478605, 40.790074367155185 ], [ 29.509160222024857, 40.790074629667856 ], [ 29.509161683790655, 40.79007491761152 ], [ 29.509163140335048, 40.790075230899312 ], [ 29.509164591218649, 40.790075569436723 ], [ 29.509166036003784, 40.790075933121642 ], [ 29.509167474254618, 40.790076321844346 ], [ 29.509168905537287, 40.790076735487574 ], [ 29.50917032942003, 40.790077173926555 ], [ 29.509171745473317, 40.790077637029029 ], [ 29.509173153269977, 40.790078124655281 ], [ 29.509174552385335, 40.79007863665823 ], [ 29.509175942397334, 40.790079172883416 ], [ 29.509177322886661, 40.79007973316908 ], [ 29.509178693436873, 40.790080317346209 ], [ 29.50918005363453, 40.790080925238584 ], [ 29.509181403069316, 40.79008155666282 ], [ 29.509182741334158, 40.790082211428441 ], [ 29.509184068025352, 40.790082889337931 ], [ 29.50918538274269, 40.790083590186796 ], [ 29.509186685089567, 40.790084313763614 ], [ 29.509187974673125, 40.790085059850107 ], [ 29.509189251104338, 40.790085828221216 ], [ 29.509190513998163, 40.790086618645148 ] ] ] } },
{ "type": "Feature", "properties": { "fid": 141, "line_id": 111, "line_type": "road_boundary_line" }, "geometry": { "type": "MultiLineString", "coordinates": [ [ [ 29.508774030497676, 40.790186793441585 ], [ 29.508881718668455, 40.790259420347454 ] ] ] } },
{ "type": "Feature", "properties": { "fid": 142, "line_id": 112, "line_type": "road_boundary_line" }, "geometry": { "type": "MultiLineString", "coordinates": [ [ [ 29.508815770098749, 40.79014588863253 ], [ 29.508926380041604, 40.790217263350371 ] ] ] } },
{ "type": "Feature", "properties": { "fid": 143, "line_id": 113, "line_type": "dashed_line" }, "geometry": { "type": "MultiLineString", "coordinates": [ [ [ 29.508794900298213, 40.790166341037057 ], [ 29.508904049355031, 40.790238341848912 ] ] ] } },
{ "type": "Feature", "properties": { "fid": 144, "line_id": 114, "line_type": "center_line" }, "geometry": { "type": "MultiLineString", "coordinates": [ [ [ 29.508807004782533, 40.790155488740787 ], [ 29.508913858161282, 40.790228533042665 ] ] ] } },
{ "type": "Feature", "properties": { "fid": 145, "line_id": 115, "line_type": "center_line" }, "geometry": { "type": "MultiLineString", "coordinates": [ [ [ 29.508784369586781, 40.790176661134261 ], [ 29.508892433272244, 40.790249306562565 ] ] ] } },
{ "type": "Feature", "properties": { "fid": 146, "line_id": 116, "line_type": "road_boundary_line" }, "geometry": { "type": "MultiLineString", "coordinates": [ [ [ 29.508943910674049, 40.79021768074638 ], [ 29.509008782466822, 40.790162947637448 ] ] ] } },
{ "type": "Feature", "properties": { "fid": 147, "line_id": 117, "line_type": "road_boundary_line" }, "geometry": { "type": "MultiLineString", "coordinates": [ [ [ 29.508992328611296, 40.790256081179372 ], [ 29.509055750738341, 40.790200969571536 ] ] ] } },
{ "type": "Feature", "properties": { "fid": 148, "line_id": 118, "line_type": "dashed_line" }, "geometry": { "type": "MultiLineString", "coordinates": [ [ [ 29.508970102273729, 40.790238654895923 ], [ 29.509032266602581, 40.790181958604492 ] ] ] } },
{ "type": "Feature", "properties": { "fid": 149, "line_id": 119, "line_type": "center_line" }, "geometry": { "type": "MultiLineString", "coordinates": [ [ [ 29.508957162997383, 40.790228637391664 ], [ 29.508957432762479, 40.790228405161344 ], [ 29.509022053894334, 40.790172775331889 ] ] ] } },
{ "type": "Feature", "properties": { "fid": 150, "line_id": 120, "line_type": "center_line" }, "geometry": { "type": "MultiLineString", "coordinates": [ [ [ 29.508982410886006, 40.790248215397249 ], [ 29.509044787185641, 40.790192094314591 ] ] ] } },
{ "type": "Feature", "properties": { "fid": 151, "line_id": 121, "line_type": "road_boundary_line" }, "geometry": { "type": "MultiLineString", "coordinates": [ [ [ 29.508926380041604, 40.790217263350371 ], [ 29.508927292266861, 40.79021742855786 ], [ 29.508928207207862, 40.790217577994795 ], [ 29.508929124591987, 40.790217711616656 ], [ 29.508930044145888, 40.790217829383622 ], [ 29.508930965595567, 40.790217931260599 ], [ 29.508931888666467, 40.790218017217242 ], [ 29.508932813083547, 40.790218087227935 ], [ 29.508933738571361, 40.790218141271815 ], [ 29.508934664854145, 40.790218179332776 ], [ 29.508935591655899, 40.79021820139949 ], [ 29.508936518700473, 40.790218207465365 ], [ 29.508937445711634, 40.790218197528603 ], [ 29.508938372413169, 40.790218171592166 ], [ 29.508939298528951, 40.790218129663778 ], [ 29.508940223783032, 40.79021807175593 ], [ 29.508941147899719, 40.790217997885883 ], [ 29.508942070603656, 40.790217908075647 ], [ 29.508942991619907, 40.790217802351975 ], [ 29.508943910674049, 40.79021768074638 ] ] ] } },
{ "type": "Feature", "properties": { "fid": 152, "line_id": 122, "line_type": "center_line" }, "geometry": { "type": "MultiLineString", "coordinates": [ [ [ 29.508913858161282, 40.790228533042665 ], [ 29.508914556764125, 40.790228905878571 ], [ 29.508915261756268, 40.790229266487259 ], [ 29.508915972923724, 40.790229614759269 ], [ 29.508916690050636, 40.790229950588902 ], [ 29.508917412919335, 40.790230273874208 ], [ 29.508918141310406, 40.790230584517076 ], [ 29.508918875002767, 40.790230882423216 ], [ 29.50891961377372, 40.790231167502192 ], [ 29.508920357399028, 40.790231439667487 ], [ 29.508921105652981, 40.790231698836493 ], [ 29.508921858308458, 40.790231944930532 ], [ 29.50892261513701, 40.790232177874913 ], [ 29.508923375908921, 40.790232397598935 ], [ 29.508924140393272, 40.790232604035907 ], [ 29.508924908358022, 40.790232797123167 ], [ 29.508925679570073, 40.790232976802102 ], [ 29.50892645379534, 40.790233143018177 ], [ 29.508927230798822, 40.790233295720945 ], [ 29.508928010344675, 40.790233434864057 ], [ 29.50892879219629, 40.790233560405269 ], [ 29.508929576116355, 40.790233672306492 ], [ 29.50893036186692, 40.790233770533746 ], [ 29.508931149209491, 40.790233855057224 ], [ 29.508931937905093, 40.790233925851268 ], [ 29.508932727714328, 40.790233982894392 ], [ 29.50893351839747, 40.79023402616928 ], [ 29.508934309714522, 40.7902340556628 ], [ 29.508935101425301, 40.790234071365994 ], [ 29.508935893289497, 40.7902340732741 ], [ 29.508936685066757, 40.790234061386542 ], [ 29.50893747651676, 40.790234035706916 ], [ 29.50893826739927, 40.790233996243032 ], [ 29.50893905747424, 40.790233943006854 ], [ 29.508939846501853, 40.790233876014554 ], [ 29.508940634242624, 40.790233795286461 ], [ 29.508941420457447, 40.790233700847068 ], [ 29.508942204907687, 40.790233592725059 ], [ 29.508942987355237, 40.790233470953233 ], [ 29.508943767562606, 40.790233335568566 ], [ 29.508944545292977, 40.790233186612149 ], [ 29.508945320310286, 40.790233024129179 ], [ 29.508946092379301, 40.790232848168998 ], [ 29.508946861265667, 40.790232658784994 ], [ 29.50894762673601, 40.790232456034666 ], [ 29.508948388557993, 40.790232239979538 ], [ 29.508949146500374, 40.790232010685209 ], [ 29.5089499003331, 40.790231768221261 ], [ 29.508950649827362, 40.790231512661286 ], [ 29.508951394755666, 40.790231244082868 ], [ 29.508952134891906, 40.79023096256752 ], [ 29.508952870011431, 40.790230668200692 ], [ 29.508953599891111, 40.790230361071728 ], [ 29.508954324309407, 40.790230041273858 ], [ 29.508955043046438, 40.790229708904143 ], [ 29.508955755884045, 40.790229364063464 ], [ 29.508956462605862, 40.790229006856499 ], [ 29.508957162997383, 40.790228637391664 ] ] ] } },
{ "type": "Feature", "properties": { "fid": 153, "line_id": 123, "line_type": "dashed_line" }, "geometry": { "type": "MultiLineString", "coordinates": [ [ [ 29.508904049355031, 40.790238341848912 ], [ 29.508904848029413, 40.790238908122504 ], [ 29.508905656347071, 40.790239460543653 ], [ 29.508906474067764, 40.790239998948167 ], [ 29.508907300948465, 40.790240523176038 ], [ 29.508908136743422, 40.790241033071467 ], [ 29.508908981204232, 40.790241528482902 ], [ 29.508909834079926, 40.79024200926311 ], [ 29.508910695117017, 40.790242475269203 ], [ 29.508911564059609, 40.79024292636268 ], [ 29.50891244064945, 40.790243362409477 ], [ 29.508913324626011, 40.790243783279998 ], [ 29.50891421572657, 40.790244188849158 ], [ 29.508915113686296, 40.790244578996422 ], [ 29.508916018238306, 40.790244953605836 ], [ 29.50891692911377, 40.790245312566071 ], [ 29.508917846041967, 40.790245655770434 ], [ 29.508918768750387, 40.790245983116925 ], [ 29.508919696964796, 40.790246294508258 ], [ 29.508920630409328, 40.79024658985189 ], [ 29.50892156880656, 40.790246869060041 ], [ 29.508922511877596, 40.790247132049728 ], [ 29.508923459342153, 40.790247378742791 ], [ 29.508924410918642, 40.790247609065908 ], [ 29.508925366324252, 40.790247822950633 ], [ 29.508926325275031, 40.790248020333394 ], [ 29.508927287485982, 40.790248201155528 ], [ 29.508928252671126, 40.790248365363304 ], [ 29.50892922054361, 40.790248512907901 ], [ 29.508930190815779, 40.790248643745485 ], [ 29.508931163199264, 40.790248757837162 ], [ 29.508932137405072, 40.790248855149024 ], [ 29.508933113143662, 40.790248935652151 ], [ 29.508934090125049, 40.790248999322621 ], [ 29.508935068058864, 40.790249046141504 ], [ 29.508936046654462, 40.790249076094895 ], [ 29.508937025621009, 40.790249089173876 ], [ 29.508938004667545, 40.790249085374576 ], [ 29.508938983503096, 40.790249064698116 ], [ 29.508939961836752, 40.790249027150644 ], [ 29.508940939377748, 40.790248972743314 ], [ 29.508941915835553, 40.790248901492298 ], [ 29.508942890919965, 40.790248813418778 ], [ 29.508943864341184, 40.790248708548923 ], [ 29.508944835809903, 40.790248586913904 ], [ 29.508945805037406, 40.790248448549875 ], [ 29.50894677173563, 40.790248293497946 ], [ 29.508947735617269, 40.790248121804211 ], [ 29.508948696395855, 40.790247933519694 ], [ 29.508949653785844, 40.790247728700351 ], [ 29.508950607502697, 40.790247507407059 ], [ 29.508951557262964, 40.790247269705581 ], [ 29.508952502784371, 40.790247015666573 ], [ 29.508953443785913, 40.790246745365522 ], [ 29.508954379987916, 40.790246458882777 ], [ 29.508955311112139, 40.790246156303475 ], [ 29.508956236881851, 40.790245837717542 ], [ 29.508957157021907, 40.790245503219658 ], [ 29.508958071258839, 40.79024515290925 ], [ 29.508958979320937, 40.790244786890426 ], [ 29.50895988093832, 40.790244405271963 ], [ 29.508960775843022, 40.790244008167278 ], [ 29.508961663769078, 40.790243595694406 ], [ 29.50896254445259, 40.790243167975916 ], [ 29.508963417631819, 40.790242725138938 ], [ 29.508964283047256, 40.790242267315087 ], [ 29.508965140441688, 40.790241794640423 ], [ 29.508965989560306, 40.790241307255435 ], [ 29.50896683015074, 40.790240805304961 ], [ 29.508967661963169, 40.790240288938193 ], [ 29.508968484750373, 40.790239758308601 ], [ 29.508969298267822, 40.790239213573876 ], [ 29.508970102273729, 40.790238654895923 ] ] ] } },
{ "type": "Feature", "properties": { "fid": 154, "line_id": 124, "line_type": "center_line" }, "geometry": { "type": "MultiLineString", "coordinates": [ [ [ 29.508892433272244, 40.790249306562565 ], [ 29.508893388796889, 40.790250064556929 ], [ 29.508894357280003, 40.790250805922739 ], [ 29.508895338432243, 40.790251530438496 ], [ 29.508896331960482, 40.790252237887749 ], [ 29.508897337567891, 40.790252928059139 ], [ 29.508898354954031, 40.790253600746468 ], [ 29.508899383814953, 40.790254255748764 ], [ 29.508900423843272, 40.790254892870344 ], [ 29.508901474728265, 40.790255511920854 ], [ 29.508902536155976, 40.790256112715348 ], [ 29.508903607809287, 40.790256695074326 ], [ 29.50890468936803, 40.790257258823821 ], [ 29.508905780509082, 40.790257803795384 ], [ 29.508906880906451, 40.790258329826216 ], [ 29.508907990231382, 40.790258836759158 ], [ 29.508909108152451, 40.790259324442751 ], [ 29.508910234335673, 40.790259792731291 ], [ 29.508911368444579, 40.790260241484887 ], [ 29.508912510140352, 40.790260670569459 ], [ 29.508913659081895, 40.790261079856819 ], [ 29.508914814925944, 40.790261469224674 ], [ 29.508915977327188, 40.790261838556717 ], [ 29.508917145938344, 40.790262187742591 ], [ 29.508918320410274, 40.790262516677984 ], [ 29.508919500392093, 40.790262825264612 ], [ 29.508920685531272, 40.790263113410283 ], [ 29.508921875473739, 40.790263381028922 ], [ 29.508923069863982, 40.790263628040563 ], [ 29.508924268345169, 40.79026385437141 ], [ 29.508925470559234, 40.790264059953856 ], [ 29.508926676147013, 40.790264244726465 ], [ 29.508927884748314, 40.790264408634044 ], [ 29.508929096002063, 40.790264551627622 ], [ 29.508930309546383, 40.790264673664481 ], [ 29.50893152501871, 40.790264774708149 ], [ 29.508932742055915, 40.790264854728456 ], [ 29.508933960294389, 40.790264913701485 ], [ 29.50893517937018, 40.790264951609615 ], [ 29.508936398919069, 40.790264968441519 ], [ 29.508937618576702, 40.790264964192183 ], [ 29.5089388379787, 40.790264938862862 ], [ 29.50894005676075, 40.790264892461131 ], [ 29.50894127455873, 40.790264825000847 ], [ 29.508942491008806, 40.790264736502166 ], [ 29.508943705747551, 40.790264626991529 ], [ 29.508944918412055, 40.790264496501663 ], [ 29.508946128640019, 40.790264345071535 ], [ 29.508947336069873, 40.790264172746397 ], [ 29.508948540340885, 40.790263979577738 ], [ 29.508949741093268, 40.790263765623259 ], [ 29.508950937968287, 40.790263530946881 ], [ 29.508952130608353, 40.79026327561872 ], [ 29.508953318657166, 40.790262999715061 ], [ 29.508954501759774, 40.790262703318326 ], [ 29.508955679562717, 40.790262386517078 ], [ 29.50895685171411, 40.790262049405946 ], [ 29.508958017863769, 40.790261692085664 ], [ 29.508959177663286, 40.790261314662978 ], [ 29.508960330766161, 40.790260917250649 ], [ 29.508961476827896, 40.790260499967395 ], [ 29.508962615506086, 40.790260062937904 ], [ 29.508963746460548, 40.790259606292736 ], [ 29.508964869353392, 40.790259130168309 ], [ 29.508965983849141, 40.790258634706881 ], [ 29.508967089614831, 40.790258120056471 ], [ 29.5089681863201, 40.790257586370835 ], [ 29.508969273637302, 40.790257033809425 ], [ 29.50897035124158, 40.790256462537322 ], [ 29.508971418810997, 40.79025587272519 ], [ 29.508972476026599, 40.790255264549252 ], [ 29.508973522572539, 40.7902546381912 ], [ 29.508974558136142, 40.790253993838171 ], [ 29.508975793227901, 40.790253187199397 ], [ 29.508975582408031, 40.790253331682671 ], [ 29.508976595082185, 40.790252651922529 ], [ 29.508977595856067, 40.790251954760819 ], [ 29.508978584430675, 40.79025124040583 ], [ 29.508979560510671, 40.790250509070994 ], [ 29.508980523804436, 40.790249760974788 ], [ 29.508981474024178, 40.790248996340729 ], [ 29.508982410886006, 40.790248215397249 ] ] ] } },
{ "type": "Feature", "properties": { "fid": 155, "line_id": 125, "line_type": "road_boundary_line" }, "geometry": { "type": "MultiLineString", "coordinates": [ [ [ 29.508881718668455, 40.790259420347454 ], [ 29.508882692798473, 40.790260340075925 ], [ 29.508883682687483, 40.790261242821458 ], [ 29.508884688039444, 40.790262128314083 ], [ 29.508885708553695, 40.790262996288973 ], [ 29.508886743925043, 40.79026384648656 ], [ 29.50888779384384, 40.790264678652569 ], [ 29.508888857996098, 40.79026549253814 ], [ 29.508889936063571, 40.790266287899868 ], [ 29.508891027723845, 40.790267064499893 ], [ 29.508892132650452, 40.790267822105953 ], [ 29.508893250512948, 40.790268560491491 ], [ 29.508894380977019, 40.79026927943567 ], [ 29.508895523704584, 40.790269978723494 ], [ 29.508896678353906, 40.790270658145822 ], [ 29.508897844579664, 40.790271317499467 ], [ 29.508899022033088, 40.790271956587247 ], [ 29.508900210362047, 40.790272575218026 ], [ 29.508901409211152, 40.790273173206799 ], [ 29.508902618221875, 40.79027375037473 ], [ 29.508903837032648, 40.790274306549215 ], [ 29.50890506527897, 40.790274841563914 ], [ 29.508906302593516, 40.790275355258828 ], [ 29.508907548606253, 40.790275847480331 ], [ 29.50890880294455, 40.790276318081219 ], [ 29.508910065233273, 40.790276766920755 ], [ 29.508911335094929, 40.790277193864696 ], [ 29.508912612149743, 40.79027759878538 ], [ 29.508913896015798, 40.790277981561687 ], [ 29.508915186309139, 40.790278342079162 ], [ 29.508916482643887, 40.790278680229974 ], [ 29.508917784632356, 40.790278995913006 ], [ 29.508919091885172, 40.79027928903384 ], [ 29.508920404011388, 40.790279559504825 ], [ 29.508921720618588, 40.790279807245064 ], [ 29.508923041313032, 40.790280032180469 ], [ 29.508924365699752, 40.790280234243774 ], [ 29.508925693382665, 40.790280413374546 ], [ 29.508927023964716, 40.790280569519219 ], [ 29.508928357047978, 40.790280702631087 ], [ 29.508929692233774, 40.790280812670346 ], [ 29.508931029122802, 40.790280899604092 ], [ 29.508932367315253, 40.790280963406317 ], [ 29.508933706410918, 40.790281004057945 ], [ 29.508935046009324, 40.790281021546818 ], [ 29.508936385709848, 40.790281015867713 ], [ 29.508937725111842, 40.790280987022314 ], [ 29.508939063814733, 40.790280935019261 ], [ 29.508940401418172, 40.790280859874102 ], [ 29.508941737522129, 40.790280761609303 ], [ 29.508943071727025, 40.790280640254259 ], [ 29.508944403633851, 40.790280495845266 ], [ 29.508945732844285, 40.790280328425503 ], [ 29.508947058960807, 40.790280138045041 ], [ 29.50894838158683, 40.790279924760817 ], [ 29.508949700326802, 40.790279688636609 ], [ 29.508951014786337, 40.790279429743052 ], [ 29.508952324572338, 40.790279148157552 ], [ 29.508953629293085, 40.790278843964323 ], [ 29.508954928558396, 40.79027851725435 ], [ 29.508956221979705, 40.790278168125333 ], [ 29.508957509170198, 40.790277796681679 ], [ 29.508958789744923, 40.790277403034473 ], [ 29.508960063320917, 40.790276987301446 ], [ 29.508961329517291, 40.790276549606929 ], [ 29.508962587955377, 40.790276090081811 ], [ 29.508963838258826, 40.790275608863524 ], [ 29.50896508005372, 40.79027510609599 ], [ 29.508966312968678, 40.790274581929552 ], [ 29.508967536634991, 40.790274036520977 ], [ 29.508968750686698, 40.790273470033377 ], [ 29.50896995476073, 40.790272882636167 ], [ 29.508971148496986, 40.790272274505007 ], [ 29.50897233153847, 40.790271645821782 ], [ 29.508973503531376, 40.790270996774495 ], [ 29.508974664125205, 40.790270327557252 ], [ 29.508975812972867, 40.790269638370198 ], [ 29.508976949730791, 40.79026892941944 ], [ 29.508978074059005, 40.790268200916991 ], [ 29.508979185621275, 40.79026745308073 ], [ 29.508980284085169, 40.790266686134295 ], [ 29.508981369122179, 40.790265900307062 ], [ 29.508982440407809, 40.790265095834037 ], [ 29.508983497621681, 40.79026427295581 ], [ 29.508984540447621, 40.790263431918468 ], [ 29.508985568573763, 40.790262572973539 ], [ 29.508986581692625, 40.790261696377897 ], [ 29.508987579501227, 40.790260802393696 ], [ 29.508988561701162, 40.790259891288301 ], [ 29.50898952799869, 40.790258963334189 ], [ 29.508990478104828, 40.790258018808863 ], [ 29.508991411735433, 40.790257057994815 ], [ 29.508992328611296, 40.790256081179372 ] ] ] } },
{ "type": "Feature", "properties": { "fid": 156, "line_id": 126, "line_type": "road_boundary_line" }, "geometry": { "type": "MultiLineString", "coordinates": [ [ [ 29.508881718668455, 40.790259420347454 ], [ 29.508959667373443, 40.790313160083834 ] ] ] } },
{ "type": "Feature", "properties": { "fid": 158, "line_id": 127, "line_type": "dashed_line" }, "geometry": { "type": "MultiLineString", "coordinates": [ [ [ 29.508904049355031, 40.790238341848912 ], [ 29.508982102409021, 40.790293438122326 ] ] ] } },
{ "type": "Feature", "properties": { "fid": 159, "line_id": 128, "line_type": "center_line" }, "geometry": { "type": "MultiLineString", "coordinates": [ [ [ 29.508913858161282, 40.790228533042665 ], [ 29.508986602817412, 40.790279239789726 ], [ 29.508993059054301, 40.790283733665078 ] ] ] } },
{ "type": "Feature", "properties": { "fid": 160, "line_id": 129, "line_type": "road_boundary_line" }, "geometry": { "type": "MultiLineString", "coordinates": [ [ [ 29.508926380041604, 40.790217263350371 ], [ 29.509004537444596, 40.790273716160819 ] ] ] } },
{ "type": "Feature", "properties": { "fid": 161, "line_id": 130, "line_type": "road_boundary_line" }, "geometry": { "type": "MultiLineString", "coordinates": [ [ [ 29.509004537444596, 40.790273716160819 ], [ 29.508987579501227, 40.790260802393696 ], [ 29.508992328611296, 40.790256081179372 ] ] ] } },
{ "type": "Feature", "properties": { "fid": 162, "line_id": 131, "line_type": "road_boundary_line" }, "geometry": { "type": "MultiLineString", "coordinates": [ [ [ 29.508593302167764, 40.790066204450135 ], [ 29.50868773886911, 40.790130961045342 ] ] ] } },
{ "type": "Feature", "properties": { "fid": 163, "line_id": 132, "line_type": "road_boundary_line" }, "geometry": { "type": "MultiLineString", "coordinates": [ [ [ 29.508639711060997, 40.790022493748367 ], [ 29.50873360812405, 40.790089948535048 ] ] ] } },
{ "type": "Feature", "properties": { "fid": 164, "line_id": 133, "line_type": "dashed_line" }, "geometry": { "type": "MultiLineString", "coordinates": [ [ [ 29.508617429691032, 40.790043547390823 ], [ 29.508712717810315, 40.790108621915081 ] ] ] } },
{ "type": "Feature", "properties": { "fid": 165, "line_id": 134, "line_type": "center_line" }, "geometry": { "type": "MultiLineString", "coordinates": [ [ [ 29.508629299563044, 40.790032299926672 ], [ 29.508723035959886, 40.790099649611108 ] ] ] } },
{ "type": "Feature", "properties": { "fid": 166, "line_id": 135, "line_type": "center_line" }, "geometry": { "type": "MultiLineString", "coordinates": [ [ [ 29.508605947393011, 40.790054788091233 ], [ 29.508700585195715, 40.790119472337274 ] ] ] } },
{ "type": "Feature", "properties": { "fid": 167, "line_id": 136, "line_type": "road_boundary_line" }, "geometry": { "type": "MultiLineString", "coordinates": [ [ [ 29.508472260063769, 40.789981663813833 ], [ 29.508522056350831, 40.790016207184138 ] ] ] } },
{ "type": "Feature", "properties": { "fid": 168, "line_id": 137, "line_type": "road_boundary_line" }, "geometry": { "type": "MultiLineString", "coordinates": [ [ [ 29.508514878507651, 40.789938596754752 ], [ 29.508565123409912, 40.789973140125056 ] ] ] } },
{ "type": "Feature", "properties": { "fid": 169, "line_id": 138, "line_type": "dashed_line" }, "geometry": { "type": "MultiLineString", "coordinates": [ [ [ 29.508493569285712, 40.789960130284292 ], [ 29.508543589880372, 40.789994673654597 ] ] ] } },
{ "type": "Feature", "properties": { "fid": 170, "line_id": 139, "line_type": "center_line" }, "geometry": { "type": "MultiLineString", "coordinates": [ [ [ 29.508504607651926, 40.789948975724748 ], [ 29.508553908029945, 40.789983458274627 ] ] ] } },
{ "type": "Feature", "properties": { "fid": 171, "line_id": 140, "line_type": "center_line" }, "geometry": { "type": "MultiLineString", "coordinates": [ [ [ 29.508482297278558, 40.78997152094415 ], [ 29.508531925885205, 40.790006337649764 ] ] ] } },
{ "type": "Feature", "properties": { "fid": 172, "line_id": 141, "line_type": "road_boundary_line" }, "geometry": { "type": "MultiLineString", "coordinates": [ [ [ 29.50859159170664, 40.789969551203463 ], [ 29.508651257528072, 40.78991526876441 ] ] ] } },
{ "type": "Feature", "properties": { "fid": 173, "line_id": 142, "line_type": "road_boundary_line" }, "geometry": { "type": "MultiLineString", "coordinates": [ [ [ 29.508640490763305, 40.790004094573767 ], [ 29.508702399660731, 40.789953401056309 ] ] ] } },
{ "type": "Feature", "properties": { "fid": 174, "line_id": 143, "line_type": "dashed_line" }, "geometry": { "type": "MultiLineString", "coordinates": [ [ [ 29.508616041234973, 40.789986822888615 ], [ 29.508676828594403, 40.789934334910356 ] ] ] } },
{ "type": "Feature", "properties": { "fid": 175, "line_id": 144, "line_type": "center_line" }, "geometry": { "type": "MultiLineString", "coordinates": [ [ [ 29.508629275383335, 40.789996468115383 ], [ 29.508689591997424, 40.789943851482789 ] ] ] } },
{ "type": "Feature", "properties": { "fid": 176, "line_id": 145, "line_type": "center_line" }, "geometry": { "type": "MultiLineString", "coordinates": [ [ [ 29.508604152932204, 40.789978972122626 ], [ 29.508664128420367, 40.789924865482348 ] ] ] } },
{ "type": "Feature", "properties": { "fid": 177, "line_id": 146, "line_type": "road_boundary_line" }, "geometry": { "type": "MultiLineString", "coordinates": [ [ [ 29.508522056350831, 40.790016207184138 ], [ 29.508593302167764, 40.790066204450135 ] ] ] } },
{ "type": "Feature", "properties": { "fid": 178, "line_id": 147, "line_type": "road_boundary_line" }, "geometry": { "type": "MultiLineString", "coordinates": [ [ [ 29.508565123409912, 40.789973140125056 ], [ 29.508639711060997, 40.790022493748367 ] ] ] } },
{ "type": "Feature", "properties": { "fid": 179, "line_id": 148, "line_type": "center_line" }, "geometry": { "type": "MultiLineString", "coordinates": [ [ [ 29.508553908029945, 40.789983458274627 ], [ 29.508629299563044, 40.790032299926672 ] ] ] } },
{ "type": "Feature", "properties": { "fid": 180, "line_id": 149, "line_type": "dashed_line" }, "geometry": { "type": "MultiLineString", "coordinates": [ [ [ 29.508543589880372, 40.789994673654597 ], [ 29.508546755531068, 40.789996766330553 ], [ 29.508617429691032, 40.790043547390823 ] ] ] } },
{ "type": "Feature", "properties": { "fid": 181, "line_id": 150, "line_type": "center_line" }, "geometry": { "type": "MultiLineString", "coordinates": [ [ [ 29.508531925885205, 40.790006337649764 ], [ 29.508535229795406, 40.79000848564467 ], [ 29.508605947393011, 40.790054788091233 ] ] ] } },
{ "type": "Feature", "properties": { "fid": 182, "line_id": 151, "line_type": "road_boundary_line" }, "geometry": { "type": "MultiLineString", "coordinates": [ [ [ 29.508640490763305, 40.790004094573767 ], [ 29.508640319016667, 40.790004487360221 ], [ 29.508640154051957, 40.790004883042862 ], [ 29.508639995917989, 40.790005281504591 ], [ 29.508639844661555, 40.790005682627516 ], [ 29.508639700327421, 40.790006086292927 ], [ 29.508639562958294, 40.790006492381373 ], [ 29.508639432594823, 40.790006900772696 ], [ 29.50863930927558, 40.790007311346038 ], [ 29.508639193037066, 40.790007723979912 ], [ 29.508639083913668, 40.79000813855221 ], [ 29.508638981937686, 40.790008554940258 ], [ 29.508638887139288, 40.790008973020839 ], [ 29.508638799546532, 40.790009392670228 ], [ 29.508638719185335, 40.790009813764264 ], [ 29.508638646079479, 40.790010236178325 ], [ 29.508638580250594, 40.79001065978742 ], [ 29.508638521718165, 40.790011084466194 ], [ 29.508638470499506, 40.790011510088981 ], [ 29.508638426609775, 40.790011936529829 ], [ 29.508638390061964, 40.790012363662548 ], [ 29.508638360866883, 40.790012791360752 ], [ 29.508638339033173, 40.790013219497872 ], [ 29.508638324567293, 40.790013647947227 ], [ 29.50863831747353, 40.790014076582018 ], [ 29.508638317753977, 40.790014505275408 ], [ 29.508638325408551, 40.790014933900551 ], [ 29.508638340434992, 40.790015362330607 ], [ 29.508638362828847, 40.790015790438801 ], [ 29.508638392583492, 40.790016218098437 ], [ 29.508638429690123, 40.79001664518298 ], [ 29.508638474137761, 40.790017071566034 ], [ 29.508638525913252, 40.790017497121447 ], [ 29.508638585001272, 40.790017921723269 ], [ 29.508638651384342, 40.790018345245876 ], [ 29.508638725042811, 40.790018767563922 ], [ 29.508638805954892, 40.790019188552449 ], [ 29.508638894096631, 40.790019608086887 ], [ 29.508638989441952, 40.790020026043074 ], [ 29.508639091962642, 40.79002044229734 ], [ 29.508639201628363, 40.790020856726507 ], [ 29.508639318406658, 40.790021269207948 ], [ 29.508639442262979, 40.790021679619592 ], [ 29.508639573160668, 40.790022087839994 ], [ 29.508639711060997, 40.790022493748367 ] ] ] } },
{ "type": "Feature", "properties": { "fid": 183, "line_id": 152, "line_type": "center_line" }, "geometry": { "type": "MultiLineString", "coordinates": [ [ [ 29.508629275383335, 40.789996468115383 ], [ 29.508628968458957, 40.789997071728294 ], [ 29.508628672112295, 40.789997680604131 ], [ 29.508628386433557, 40.789998294557535 ], [ 29.508628111509712, 40.789998913401618 ], [ 29.508627847424439, 40.789999536948002 ], [ 29.508627594258137, 40.790000165006873 ], [ 29.508627352087867, 40.790000797387044 ], [ 29.508627120987345, 40.790001433896016 ], [ 29.508626901026926, 40.79000207434003 ], [ 29.508626692273566, 40.790002718524129 ], [ 29.508626494790807, 40.790003366252222 ], [ 29.508626308638764, 40.790004017327135 ], [ 29.50862613387411, 40.790004671550676 ], [ 29.508625970550039, 40.790005328723687 ], [ 29.508625818716268, 40.790005988646129 ], [ 29.508625678419023, 40.79000665111711 ], [ 29.508625549701001, 40.790007315934979 ], [ 29.508625432601391, 40.79000798289735 ], [ 29.508625327155841, 40.790008651801195 ], [ 29.508625233396444, 40.790009322442899 ], [ 29.508625151351744, 40.790009994618316 ], [ 29.508625081046716, 40.790010668122825 ], [ 29.508625022502759, 40.790011342751413 ], [ 29.5086249757377, 40.790012018298711 ], [ 29.508624940765767, 40.790012694559081 ], [ 29.508624917597611, 40.790013371326658 ], [ 29.508624906240286, 40.790014048395442 ], [ 29.508624906697243, 40.790014725559317 ], [ 29.508624918968348, 40.790015402612148 ], [ 29.508624943049863, 40.790016079347851 ], [ 29.508624978934456, 40.790016755560401 ], [ 29.50862502661121, 40.790017431043971 ], [ 29.508625086065603, 40.790018105592928 ], [ 29.508625157279546, 40.79001877900194 ], [ 29.508625240231353, 40.790019451066016 ], [ 29.508625334895775, 40.790020121580568 ], [ 29.508625441244, 40.790020790341494 ], [ 29.508625559243647, 40.790021457145222 ], [ 29.508625688858803, 40.790022121788759 ], [ 29.508625830050011, 40.790022784069791 ], [ 29.508625982774287, 40.790023443786716 ], [ 29.508626146985144, 40.790024100738705 ], [ 29.508626322632594, 40.790024754725778 ], [ 29.50862650966317, 40.79002540554886 ], [ 29.508626708019939, 40.790026053009839 ], [ 29.508626917642516, 40.790026696911617 ], [ 29.508627138467091, 40.790027337058184 ], [ 29.508627370426446, 40.790027973254681 ], [ 29.508627613449971, 40.790028605307434 ], [ 29.508627867463687, 40.790029233024057 ], [ 29.508628132390267, 40.790029856213458 ], [ 29.508628408149072, 40.790030474685935 ], [ 29.508628694656153, 40.790031088253222 ], [ 29.508628991824295, 40.790031696728541 ], [ 29.508629299563044, 40.790032299926672 ] ] ] } },
{ "type": "Feature", "properties": { "fid": 184, "line_id": 153, "line_type": "dashed_line" }, "geometry": { "type": "MultiLineString", "coordinates": [ [ [ 29.508616041234973, 40.789986822888615 ], [ 29.508615578162004, 40.789987680748027 ], [ 29.508615130011574, 40.789988546496573 ], [ 29.508614696918041, 40.789989419874694 ], [ 29.508614279011248, 40.789990300620552 ], [ 29.508613876416486, 40.789991188470097 ], [ 29.508613489254454, 40.789992083157138 ], [ 29.508613117641222, 40.789992984413459 ], [ 29.508612761688202, 40.789993891968862 ], [ 29.508612421502111, 40.789994805551245 ], [ 29.508612097184937, 40.789995724886722 ], [ 29.508611788833914, 40.789996649699674 ], [ 29.50861149654148, 40.789997579712839 ], [ 29.50861122039527, 40.789998514647394 ], [ 29.508610960478073, 40.789999454223043 ], [ 29.50861071686781, 40.790000398158099 ], [ 29.508610489637523, 40.790001346169568 ], [ 29.508610278855329, 40.790002297973231 ], [ 29.508610084584422, 40.790003253283743 ], [ 29.508609906883049, 40.790004211814683 ], [ 29.508609745804485, 40.790005173278701 ], [ 29.508609601397016, 40.790006137387529 ], [ 29.508609473703945, 40.790007103852133 ], [ 29.508609362763547, 40.790008072382761 ], [ 29.508609268609085, 40.790009042689043 ], [ 29.508609191268786, 40.790010014480089 ], [ 29.508609130765841, 40.790010987464541 ], [ 29.50860908711838, 40.7900119613507 ], [ 29.508609060339499, 40.79001293584659 ], [ 29.508609050437219, 40.790013910660058 ], [ 29.508609057414514, 40.790014885498849 ], [ 29.508609081269288, 40.790015860070703 ], [ 29.508609121994393, 40.790016834083438 ], [ 29.508609179577615, 40.79001780724505 ], [ 29.508609254001691, 40.790018779263782 ], [ 29.508609345244313, 40.790019749848213 ], [ 29.508609453278122, 40.790020718707353 ], [ 29.508609578070732, 40.790021685550755 ], [ 29.508609719584726, 40.790022650088538 ], [ 29.508609877777683, 40.79002361203154 ], [ 29.508610052602172, 40.790024571091365 ], [ 29.50861024400578, 40.790025526980486 ], [ 29.508610451931126, 40.790026479412326 ], [ 29.508610676315872, 40.790027428101332 ], [ 29.508610917092746, 40.790028372763096 ], [ 29.508611174189564, 40.790029313114402 ], [ 29.508611447529251, 40.790030248873329 ], [ 29.508611737029849, 40.790031179759332 ], [ 29.508612042604575, 40.790032105493331 ], [ 29.508612364161809, 40.79003302579779 ], [ 29.508612701605156, 40.790033940396796 ], [ 29.50861305483344, 40.790034849016145 ], [ 29.508613423740766, 40.790035751383442 ], [ 29.508613808216538, 40.790036647228142 ], [ 29.508614208145481, 40.79003753628168 ], [ 29.508614623407702, 40.790038418277504 ], [ 29.508615053878703, 40.790039292951199 ], [ 29.508615499429428, 40.790040160040526 ], [ 29.508615959926296, 40.790041019285539 ], [ 29.50861643523125, 40.790041870428624 ], [ 29.508616925201796, 40.790042713214604 ], [ 29.508617429691032, 40.790043547390823 ] ] ] } },
{ "type": "Feature", "properties": { "fid": 185, "line_id": 154, "line_type": "center_line" }, "geometry": { "type": "MultiLineString", "coordinates": [ [ [ 29.508604152932204, 40.789978972122626 ], [ 29.508603533072296, 40.789979996255902 ], [ 29.508602930928884, 40.789981030904904 ], [ 29.508602346680302, 40.789982075763206 ], [ 29.508601780499603, 40.789983130521314 ], [ 29.508601232554479, 40.789984194866847 ], [ 29.508600703007222, 40.789985268484543 ], [ 29.508600192014672, 40.789986351056427 ], [ 29.508599699728187, 40.789987442261847 ], [ 29.508599226293562, 40.789988541777618 ], [ 29.50859877185103, 40.78998964927807 ], [ 29.50859833653519, 40.789990764435181 ], [ 29.508597920474973, 40.789991886918656 ], [ 29.508597523793604, 40.789993016396039 ], [ 29.508597146608587, 40.789994152532792 ], [ 29.508596789031625, 40.789995294992409 ], [ 29.508596451168636, 40.789996443436515 ], [ 29.508596133119685, 40.789997597524959 ], [ 29.508595834978976, 40.789998756915907 ], [ 29.508595556834809, 40.789999921265981 ], [ 29.508595298769574, 40.790001090230305 ], [ 29.508595060859697, 40.790002263462661 ], [ 29.508594843175651, 40.790003440615543 ], [ 29.508594645781905, 40.790004621340309 ], [ 29.508594468736927, 40.790005805287244 ], [ 29.508594312093155, 40.790006992105674 ], [ 29.508594175896981, 40.790008181444087 ], [ 29.508594060188749, 40.790009372950223 ], [ 29.508593965002724, 40.790010566271171 ], [ 29.508593890367106, 40.790011761053492 ], [ 29.508593836303994, 40.790012956943301 ], [ 29.508593802829406, 40.790014153586405 ], [ 29.508593789953256, 40.790015350628373 ], [ 29.508593797679353, 40.790016547714657 ], [ 29.508593826005416, 40.790017744490697 ], [ 29.508593874923047, 40.790018940602032 ], [ 29.508593944417765, 40.790020135694391 ], [ 29.508594034468981, 40.790021329413804 ], [ 29.508594145050026, 40.790022521406719 ], [ 29.508594276128147, 40.790023711320067 ], [ 29.508594427664519, 40.790024898801434 ], [ 29.508594599614263, 40.790026083499093 ], [ 29.508594791926448, 40.790027265062164 ], [ 29.508595004544112, 40.790028443140685 ], [ 29.508595237404286, 40.79002961738572 ], [ 29.508595490437997, 40.790030787449474 ], [ 29.508595763570302, 40.790031952985409 ], [ 29.5085960567203, 40.790033113648299 ], [ 29.508596369801168, 40.79003426909437 ], [ 29.508596702720176, 40.790035418981411 ], [ 29.508597055378718, 40.79003656296883 ], [ 29.508597427672342, 40.790037700717797 ], [ 29.508597819490781, 40.790038831891337 ], [ 29.508598230717983, 40.790039956154409 ], [ 29.508598661232146, 40.790041073174024 ], [ 29.508599110905767, 40.790042182619331 ], [ 29.508599579605651, 40.79004328416174 ], [ 29.50860006719298, 40.790044377474992 ], [ 29.508600573523339, 40.790045462235256 ], [ 29.508601098446761, 40.790046538121246 ], [ 29.508601641807772, 40.790047604814305 ], [ 29.508602203445431, 40.79004866199849 ], [ 29.5086027831934, 40.79004970936068 ], [ 29.508603380879954, 40.790050746590666 ], [ 29.50860399632808, 40.790051773381229 ], [ 29.508604629355485, 40.790052789428259 ], [ 29.508605279774677, 40.790053794430818 ], [ 29.508605947393011, 40.790054788091233 ] ] ] } },
{ "type": "Feature", "properties": { "fid": 186, "line_id": 155, "line_type": "road_boundary_line" }, "geometry": { "type": "MultiLineString", "coordinates": [ [ [ 29.50859159170664, 40.789969551203463 ], [ 29.508590788336083, 40.789970803367233 ], [ 29.508590006744583, 40.789972069239695 ], [ 29.508589247166, 40.789973348442082 ], [ 29.508588509827614, 40.789974640591637 ], [ 29.508587794950042, 40.789975945301727 ], [ 29.508587102747189, 40.789977262181971 ], [ 29.508586433426171, 40.789978590838331 ], [ 29.508585787187254, 40.789979930873265 ], [ 29.508585164223806, 40.789981281885815 ], [ 29.508584564722227, 40.789982643471738 ], [ 29.50858398886189, 40.789984015223624 ], [ 29.508583436815108, 40.789985396731034 ], [ 29.508582908747059, 40.789986787580588 ], [ 29.508582404815744, 40.789988187356144 ], [ 29.508581925171949, 40.789989595638851 ], [ 29.508581469959193, 40.789991012007349 ], [ 29.508581039313679, 40.789992436037828 ], [ 29.508580633364257, 40.789993867304197 ], [ 29.508580252232402, 40.789995305378213 ], [ 29.508579896032149, 40.789996749829577 ], [ 29.508579564870079, 40.789998200226094 ], [ 29.50857925884528, 40.78999965613378 ], [ 29.508578978049322, 40.790001117117008 ], [ 29.508578722566217, 40.79000258273863 ], [ 29.508578492472409, 40.790004052560114 ], [ 29.508578287836752, 40.790005526141677 ], [ 29.508578108720471, 40.79000700304239 ], [ 29.508577955177163, 40.790008482820355 ], [ 29.508577827252765, 40.790009965032787 ], [ 29.50857772498556, 40.790011449236211 ], [ 29.508577648406142, 40.790012934986507 ], [ 29.508577597537428, 40.790014421839139 ], [ 29.508577572394639, 40.790015909349208 ], [ 29.508577572985299, 40.79001739707163 ], [ 29.508577599309227, 40.790018884561263 ], [ 29.50857765135855, 40.790020371373032 ], [ 29.508577729117693, 40.790021857062058 ], [ 29.50857783256339, 40.790023341183804 ], [ 29.508577961664688, 40.790024823294196 ], [ 29.508578116382957, 40.790026302949769 ], [ 29.508578296671907, 40.790027779707792 ], [ 29.508578502477587, 40.790029253126399 ], [ 29.508578733738425, 40.790030722764719 ], [ 29.508578990385214, 40.790032188183019 ], [ 29.508579272341173, 40.790033648942817 ], [ 29.508579579521928, 40.79003510460705 ], [ 29.508579911835572, 40.790036554740148 ], [ 29.508580269182673, 40.790037998908218 ], [ 29.508580651456299, 40.790039436679145 ], [ 29.508581058542077, 40.790040867622722 ], [ 29.5085814903182, 40.790042291310805 ], [ 29.508581946655475, 40.790043707317388 ], [ 29.508582427417355, 40.790045115218803 ], [ 29.508582932459994, 40.790046514593769 ], [ 29.508583461632274, 40.790047905023577 ], [ 29.50858401477586, 40.790049286092199 ], [ 29.508584591725242, 40.790050657386395 ], [ 29.508585192307791, 40.790052018495857 ], [ 29.508585816343807, 40.790053369013322 ], [ 29.508586463646566, 40.79005470853469 ], [ 29.508587134022385, 40.790056036659166 ], [ 29.508587827270681, 40.790057352989358 ], [ 29.508588543184022, 40.790058657131389 ], [ 29.5085892815482, 40.79005994869506 ], [ 29.508590042142288, 40.790061227293897 ], [ 29.5085908247387, 40.790062492545346 ], [ 29.508591629103275, 40.790063744070814 ], [ 29.508592454995334, 40.790064981495824 ], [ 29.508593302167764, 40.790066204450135 ] ] ] } },
{ "type": "Feature", "properties": { "fid": 187, "line_id": 156, "line_type": "road_boundary_line" }, "geometry": { "type": "MultiLineString", "coordinates": [ [ [ 29.508565123409912, 40.789973140125056 ], [ 29.508566699890757, 40.789973138376773 ], [ 29.508568276122357, 40.789973110290454 ], [ 29.508569851664724, 40.789973055873936 ], [ 29.508571426078053, 40.789972975142405 ], [ 29.508572998922855, 40.789972868118404 ], [ 29.508574569760079, 40.7899727348318 ], [ 29.508576138151238, 40.789972575319808 ], [ 29.508577703658528, 40.789972389626953 ], [ 29.50857926584494, 40.789972177805069 ], [ 29.508580824274407, 40.789971939913279 ], [ 29.508582378511903, 40.789971676017998 ], [ 29.508583928123567, 40.789971386192882 ], [ 29.508585472676835, 40.789971070518838 ], [ 29.508587011740559, 40.78997072908399 ], [ 29.508588544885118, 40.789970361983634 ], [ 29.508590071682544, 40.789969969320261 ], [ 29.50859159170664, 40.789969551203463 ] ] ] } },
{ "type": "Feature", "properties": { "fid": 188, "line_id": 157, "line_type": "center_line" }, "geometry": { "type": "MultiLineString", "coordinates": [ [ [ 29.508553908029945, 40.789983458274627 ], [ 29.508554639135216, 40.789983827352636 ], [ 29.508555376548635, 40.789984183660003 ], [ 29.50855612004715, 40.789984527088961 ], [ 29.508556869405869, 40.789984857535629 ], [ 29.508557624398133, 40.789985174900053 ], [ 29.508558384795567, 40.789985479086234 ], [ 29.508559150368168, 40.789985770002168 ], [ 29.508559920884373, 40.789986047559857 ], [ 29.508560696111115, 40.789986311675349 ], [ 29.508561475813902, 40.789986562268751 ], [ 29.508562259756896, 40.789986799264263 ], [ 29.508563047702971, 40.789987022590203 ], [ 29.508563839413792, 40.789987232179016 ], [ 29.508564634649879, 40.789987427967311 ], [ 29.508565433170695, 40.78998760989586 ], [ 29.508566234734705, 40.789987777909644 ], [ 29.508567039099454, 40.789987931957832 ], [ 29.508567846021638, 40.789988071993825 ], [ 29.508568655257179, 40.789988197975283 ], [ 29.508569466561308, 40.789988309864086 ], [ 29.50857027968862, 40.789988407626389 ], [ 29.508571094393158, 40.789988491232627 ], [ 29.5085719104285, 40.789988560657505 ], [ 29.508572727547808, 40.789988615880034 ], [ 29.508573545503925, 40.789988656883502 ], [ 29.508574364049434, 40.789988683655501 ], [ 29.508575182936745, 40.789988696187947 ], [ 29.508576001918165, 40.789988694477039 ], [ 29.508576820745969, 40.789988678523301 ], [ 29.508577639172476, 40.789988648331558 ], [ 29.508578456950136, 40.789988603910935 ], [ 29.508579273831586, 40.789988545274873 ], [ 29.50858008956974, 40.789988472441109 ], [ 29.508580903917853, 40.78998838543167 ], [ 29.508581716629603, 40.78998828427288 ], [ 29.508582527459165, 40.789988168995336 ], [ 29.508583336161283, 40.789988039633904 ], [ 29.508584142491337, 40.789987896227714 ], [ 29.508584946205431, 40.789987738820145 ], [ 29.508585747060465, 40.789987567458802 ], [ 29.508586544814193, 40.789987382195534 ], [ 29.508587339225315, 40.78998718308636 ], [ 29.508588130053536, 40.789986970191514 ], [ 29.508588917059654, 40.789986743575398 ], [ 29.508589700005611, 40.789986503306551 ], [ 29.508590478654586, 40.789986249457648 ], [ 29.508591252771058, 40.789985982105478 ], [ 29.508592022120869, 40.789985701330913 ], [ 29.508592786471308, 40.789985407218865 ], [ 29.508593545591182, 40.789985099858313 ], [ 29.50859429925087, 40.789984779342213 ], [ 29.508595047222403, 40.789984445767523 ], [ 29.508595789279546, 40.789984099235141 ], [ 29.508596525197834, 40.789983739849887 ], [ 29.508597254754672, 40.78998336772046 ], [ 29.508597977729387, 40.789982982959422 ], [ 29.508598693903295, 40.789982585683163 ], [ 29.508599403059765, 40.78998217601184 ], [ 29.508600104984296, 40.789981754069373 ], [ 29.508600799464574, 40.789981319983397 ], [ 29.50860148629053, 40.789980873885199 ], [ 29.508602165254416, 40.789980415909731 ], [ 29.50860283615086, 40.789979946195508 ], [ 29.508603498776932, 40.78997946488461 ], [ 29.508604152932204, 40.789978972122626 ] ] ] } },
{ "type": "Feature", "properties": { "fid": 189, "line_id": 158, "line_type": "dashed_line" }, "geometry": { "type": "MultiLineString", "coordinates": [ [ [ 29.508543589880372, 40.789994673654597 ], [ 29.508544367596411, 40.789995217285366 ], [ 29.508545154601038, 40.789995747380047 ], [ 29.508545950658682, 40.789996263779962 ], [ 29.508546755531068, 40.789996766330553 ], [ 29.508547568977278, 40.789997254881385 ], [ 29.508548390753827, 40.789997729286227 ], [ 29.508549220614739, 40.789998189403079 ], [ 29.50855005831162, 40.789998635094214 ], [ 29.508550903593726, 40.78999906622623 ], [ 29.508551756208039, 40.789999482670076 ], [ 29.508552615899362, 40.78999988430111 ], [ 29.508553482410363, 40.790000270999101 ], [ 29.508554355481674, 40.790000642648309 ], [ 29.508555234851972, 40.790000999137483 ], [ 29.508556120258032, 40.790001340359929 ], [ 29.508557011434839, 40.790001666213506 ], [ 29.508557908115634, 40.790001976600685 ], [ 29.508558810032032, 40.790002271428541 ], [ 29.508559716914057, 40.790002550608847 ], [ 29.508560628490265, 40.790002814058028 ], [ 29.508561544487797, 40.79000306169722 ], [ 29.508562464632476, 40.790003293452315 ], [ 29.508563388648877, 40.790003509253928 ], [ 29.508564316260426, 40.790003709037478 ], [ 29.508565247189466, 40.790003892743158 ], [ 29.508566181157345, 40.790004060315979 ], [ 29.508567117884507, 40.790004211705785 ], [ 29.508568057090567, 40.790004346867264 ], [ 29.508568998494404, 40.790004465759957 ], [ 29.508569941814226, 40.790004568348273 ], [ 29.508570886767679, 40.79000465460151 ], [ 29.508571833071919, 40.790004724493848 ], [ 29.508572780443693, 40.790004778004366 ], [ 29.508573728599426, 40.790004815117051 ], [ 29.508574677255321, 40.790004835820795 ], [ 29.508575626127421, 40.79000484010939 ], [ 29.508576574931702, 40.790004827981562 ], [ 29.508577523384172, 40.790004799440943 ], [ 29.508578471200931, 40.790004754496067 ], [ 29.508579418098279, 40.790004693160391 ], [ 29.508580363792785, 40.790004615452276 ], [ 29.508581308001382, 40.790004521394984 ], [ 29.508582250441449, 40.790004411016668 ], [ 29.508583190830887, 40.79000428435036 ], [ 29.50858412888822, 40.790004141433975 ], [ 29.508585064332664, 40.790003982310296 ], [ 29.508585996884218, 40.790003807026956 ], [ 29.508586926263749, 40.790003615636415 ], [ 29.50858785219307, 40.790003408195957 ], [ 29.508588774395029, 40.790003184767684 ], [ 29.508589692593596, 40.790002945418465 ], [ 29.508590606513923, 40.790002690219943 ], [ 29.508591515882461, 40.790002419248516 ], [ 29.508592420427007, 40.790002132585279 ], [ 29.508593319876816, 40.790001830316037 ], [ 29.50859421396266, 40.790001512531276 ], [ 29.508595102416919, 40.790001179326111 ], [ 29.508595984973656, 40.790000830800281 ], [ 29.508596861368702, 40.7900004670581 ], [ 29.508597731339734, 40.790000088208451 ], [ 29.508598594626346, 40.789999694364731 ], [ 29.508599450970138, 40.789999285644825 ], [ 29.508600300114789, 40.789998862171075 ], [ 29.508601141806125, 40.789998424070234 ], [ 29.50860197579221, 40.78999797147344 ], [ 29.508602801823415, 40.789997504516165 ], [ 29.50860361965249, 40.789997023338174 ], [ 29.508604429034634, 40.789996528083499 ], [ 29.508605229727586, 40.789996018900382 ], [ 29.50860602149168, 40.789995495941227 ], [ 29.508606804089919, 40.789994959362581 ], [ 29.508607577288057, 40.78999440932504 ], [ 29.508608340854654, 40.789993845993259 ], [ 29.508609094561159, 40.789993269535834 ], [ 29.508609838181968, 40.789992680125337 ], [ 29.508610571494504, 40.789992077938173 ], [ 29.508611294279262, 40.7899914631546 ], [ 29.5086120063199, 40.789990835958633 ], [ 29.508612707403287, 40.789990196538007 ], [ 29.508613397319575, 40.789989545084119 ], [ 29.508614075862251, 40.789988881791956 ], [ 29.508614742828215, 40.789988206860073 ], [ 29.508615398017827, 40.78998752049047 ], [ 29.508616041234973, 40.789986822888615 ] ] ] } },
{ "type": "Feature", "properties": { "fid": 190, "line_id": 159, "line_type": "center_line" }, "geometry": { "type": "MultiLineString", "coordinates": [ [ [ 29.508531925885205, 40.790006337649764 ], [ 29.508533014694244, 40.790007072744878 ], [ 29.508534116108439, 40.790007788815217 ], [ 29.508535229795406, 40.79000848564467 ], [ 29.508536355419061, 40.790009163022958 ], [ 29.508537492639707, 40.790009820745659 ], [ 29.508538641114161, 40.790010458614283 ], [ 29.508539800495832, 40.790011076436343 ], [ 29.508540970434844, 40.790011674025379 ], [ 29.508542150578133, 40.79001225120107 ], [ 29.508543340569556, 40.790012807789218 ], [ 29.508544540049996, 40.790013343621858 ], [ 29.508545748657479, 40.7900138585373 ], [ 29.508546966027264, 40.79001435238014 ], [ 29.508548191791984, 40.790014825001357 ], [ 29.50854942558172, 40.790015276258309 ], [ 29.508550667024139, 40.790015706014835 ], [ 29.508551915744604, 40.790016114141224 ], [ 29.508553171366277, 40.790016500514326 ], [ 29.508554433510234, 40.790016865017535 ], [ 29.508555701795583, 40.790017207540849 ], [ 29.508556975839586, 40.790017527980901 ], [ 29.508558255257764, 40.790017826240998 ], [ 29.508559539664009, 40.79001810223113 ], [ 29.508560828670714, 40.790018355868 ], [ 29.50856212188889, 40.790018587075068 ], [ 29.508563418928262, 40.790018795782565 ], [ 29.508564719397413, 40.790018981927503 ], [ 29.508566022903889, 40.790019145453705 ], [ 29.508567329054316, 40.790019286311832 ], [ 29.508568637454527, 40.790019404459372 ], [ 29.508569947709674, 40.790019499860662 ], [ 29.508571259424347, 40.790019572486926 ], [ 29.508572572202695, 40.79001962231623 ], [ 29.508573885648552, 40.790019649333551 ], [ 29.508575199365541, 40.790019653530734 ], [ 29.50857651295722, 40.790019634906507 ], [ 29.508577826027164, 40.790019593466489 ], [ 29.508579138179119, 40.790019529223187 ], [ 29.508580449017103, 40.790019442195991 ], [ 29.508581758145532, 40.79001933241117 ], [ 29.50858306516934, 40.790019199901842 ], [ 29.508584369694088, 40.790019044708004 ], [ 29.508585671326106, 40.790018866876487 ], [ 29.508586969672582, 40.790018666460959 ], [ 29.5085882643417, 40.790018443521902 ], [ 29.508589554942759, 40.790018198126589 ], [ 29.508590841086281, 40.79001793034908 ], [ 29.508592122384133, 40.790017640270186 ], [ 29.508593398449648, 40.790017327977445 ], [ 29.508594668897732, 40.790016993565096 ], [ 29.508595933344992, 40.790016637134066 ], [ 29.508597191409844, 40.790016258791916 ], [ 29.508598442712628, 40.790015858652822 ], [ 29.508599686875726, 40.790015436837528 ], [ 29.508600923523677, 40.790014993473349 ], [ 29.508602152283284, 40.790014528694066 ], [ 29.508603372783732, 40.790014042639946 ], [ 29.508604584656702, 40.790013535457668 ], [ 29.508605787536471, 40.790013007300296 ], [ 29.508606981060041, 40.790012458327212 ], [ 29.508608164867223, 40.790011888704086 ], [ 29.50860933860077, 40.79001129860282 ], [ 29.508610501906478, 40.790010688201491 ], [ 29.508611654433285, 40.790010057684306 ], [ 29.508612795833372, 40.790009407241541 ], [ 29.508613925762301, 40.790008737069492 ], [ 29.508615043879072, 40.790008047370399 ], [ 29.508616149846265, 40.790007338352403 ], [ 29.508617243330121, 40.790006610229469 ], [ 29.508618324000651, 40.790005863221324 ], [ 29.508619391531724, 40.790005097553411 ], [ 29.508620445601188, 40.790004313456784 ], [ 29.508621485890945, 40.790003511168074 ], [ 29.508622512087054, 40.790002690929391 ], [ 29.50862352387983, 40.790001852988262 ], [ 29.508624520963938, 40.790000997597573 ], [ 29.508625503038473, 40.790000125015453 ], [ 29.508626469807073, 40.789999235505235 ], [ 29.508627420977977, 40.789998329335347 ], [ 29.50862835626415, 40.789997406779264 ], [ 29.508629275383335, 40.789996468115383 ] ] ] } },
{ "type": "Feature", "properties": { "fid": 191, "line_id": 160, "line_type": "road_boundary_line" }, "geometry": { "type": "MultiLineString", "coordinates": [ [ [ 29.508522056350831, 40.790016207184138 ], [ 29.508523281936814, 40.790017107767724 ], [ 29.508524522926631, 40.790017987003807 ], [ 29.508525778948488, 40.790018844628953 ], [ 29.508527049626089, 40.790019680386237 ], [ 29.508528334578745, 40.790020494025271 ], [ 29.508529633421496, 40.790021285302281 ], [ 29.508530945765212, 40.790022053980223 ], [ 29.508532271216726, 40.79002279982879 ], [ 29.508533609378937, 40.790023522624537 ], [ 29.508534959850945, 40.790024222150926 ], [ 29.508536322228153, 40.790024898198368 ], [ 29.508537696102401, 40.790025550564337 ], [ 29.508539081062086, 40.790026179053378 ], [ 29.508540476692279, 40.790026783477202 ], [ 29.50854188257486, 40.79002736365473 ], [ 29.50854329828864, 40.790027919412147 ], [ 29.508544723409472, 40.790028450582945 ], [ 29.508546157510402, 40.790028957007991 ], [ 29.50854760016178, 40.790029438535562 ], [ 29.508549050931396, 40.790029895021398 ], [ 29.508550509384612, 40.79003032632874 ], [ 29.508551975084483, 40.790030732328361 ], [ 29.50855344759189, 40.790031112898639 ], [ 29.508554926465685, 40.790031467925544 ], [ 29.508556411262802, 40.790031797302724 ], [ 29.508557901538403, 40.790032100931498 ], [ 29.508559396846017, 40.790032378720895 ], [ 29.508560896737652, 40.790032630587689 ], [ 29.508562400763953, 40.790032856456435 ], [ 29.508563908474322, 40.790033056259446 ], [ 29.50856541941706, 40.790033229936881 ], [ 29.508566933139495, 40.790033377436693 ], [ 29.508568449188122, 40.790033498714699 ], [ 29.508569967108748, 40.790033593734563 ], [ 29.508571486446613, 40.790033662467813 ], [ 29.508573006746527, 40.790033704893865 ], [ 29.508574527553023, 40.790033721 ], [ 29.508576048410472, 40.790033710781408 ], [ 29.508577568863238, 40.790033674241137 ], [ 29.5085790884558, 40.790033611390136 ], [ 29.508580606732899, 40.790033522247235 ], [ 29.508582123239666, 40.790033406839143 ], [ 29.508583637521767, 40.790033265200435 ], [ 29.50858514912553, 40.790033097373545 ], [ 29.508586657598087, 40.790032903408751 ], [ 29.508588162487513, 40.790032683364167 ], [ 29.508589663342949, 40.790032437305712 ], [ 29.508591159714751, 40.79003216530711 ], [ 29.508592651154608, 40.790031867449841 ], [ 29.508594137215702, 40.790031543823154 ], [ 29.508595617452812, 40.790031194523998 ], [ 29.50859709142247, 40.790030819657019 ], [ 29.508598558683083, 40.790030419334528 ], [ 29.508600018795068, 40.790029993676463 ], [ 29.508601471320986, 40.790029542810338 ], [ 29.508602915825669, 40.790029066871242 ], [ 29.50860435187635, 40.790028566001752 ], [ 29.508605779042799, 40.790028040351935 ], [ 29.508607196897444, 40.790027490079268 ], [ 29.508608605015503, 40.790026915348612 ], [ 29.508610002975118, 40.790026316332145 ], [ 29.508611390357462, 40.790025693209337 ], [ 29.508612766746886, 40.790025046166875 ], [ 29.508614131731036, 40.790024375398602 ], [ 29.508615484900965, 40.790023681105474 ], [ 29.508616825851274, 40.790022963495502 ], [ 29.508618154180223, 40.790022222783676 ], [ 29.508619469489851, 40.790021459191912 ], [ 29.508620771386099, 40.79002067294897 ], [ 29.508622059478927, 40.790019864290407 ], [ 29.508623333382435, 40.790019033458499 ], [ 29.508624592714959, 40.790018180702155 ], [ 29.50862583709922, 40.790017306276845 ], [ 29.508627066162404, 40.790016410444558 ], [ 29.508628279536293, 40.790015493473668 ], [ 29.508629476857365, 40.790014555638898 ], [ 29.508630657766911, 40.790013597221218 ], [ 29.508631821911138, 40.790012618507767 ], [ 29.508632968941271, 40.790011619791755 ], [ 29.508634098513674, 40.790010601372394 ], [ 29.508635210289931, 40.790009563554804 ], [ 29.508636303936957, 40.790008506649897 ], [ 29.508637379127105, 40.79000743097432 ], [ 29.508638435538256, 40.79000633685034 ], [ 29.508639472853915, 40.79000522460575 ], [ 29.508640490763305, 40.790004094573767 ] ] ] } },
{ "type": "Feature", "properties": { "fid": 192, "line_id": 161, "line_type": "road_boundary_line" }, "geometry": { "type": "MultiLineString", "coordinates": [ [ [ 29.508850879611146, 40.789741127827519 ], [ 29.508924064045967, 40.789677903572617 ], [ 29.508926476162451, 40.789675819564252 ] ] ] } },
{ "type": "Feature", "properties": { "fid": 193, "line_id": 162, "line_type": "center_line" }, "geometry": { "type": "MultiLineString", "coordinates": [ [ [ 29.508863046630054, 40.789750253091697 ], [ 29.508935311038279, 40.789687624234318 ], [ 29.508938452952226, 40.789684883080838 ] ] ] } },
{ "type": "Feature", "properties": { "fid": 194, "line_id": 163, "line_type": "dashed_line" }, "geometry": { "type": "MultiLineString", "coordinates": [ [ [ 29.508876823989699, 40.789760586111427 ], [ 29.50891102710197, 40.789730284108686 ], [ 29.508911201645574, 40.789730118734838 ], [ 29.508939982056798, 40.789704639734104 ], [ 29.508948967377769, 40.789696660293572 ], [ 29.508951302248825, 40.789694606872857 ] ] ] } },
{ "type": "Feature", "properties": { "fid": 195, "line_id": 164, "line_type": "center_line" }, "geometry": { "type": "MultiLineString", "coordinates": [ [ [ 29.508889527788853, 40.789770113960792 ], [ 29.508903326682631, 40.789758001430492 ], [ 29.508963439424086, 40.789705283538176 ], [ 29.508963738758368, 40.789705011057556 ], [ 29.508964042785934, 40.789704743823691 ], [ 29.508964351414832, 40.789704481917404 ] ] ] } },
{ "type": "Feature", "properties": { "fid": 196, "line_id": 165, "line_type": "road_boundary_line" }, "geometry": { "type": "MultiLineString", "coordinates": [ [ [ 29.508902768368252, 40.789780044395343 ], [ 29.508976128335199, 40.789713394181469 ] ] ] } },
{ "type": "Feature", "properties": { "fid": 202, "line_id": 166, "line_type": "center_line" }, "geometry": { "type": "MultiLineString", "coordinates": [ [ [ 29.508979203638674, 40.789584231434809 ], [ 29.50898417646377, 40.78958751961531 ], [ 29.509075277632988, 40.789647708128911 ], [ 29.509074676391389, 40.789647308263042 ], [ 29.509074068271527, 40.789646918937464 ], [ 29.50907587181365, 40.789648118413588 ] ] ] } },
{ "type": "Feature", "properties": { "fid": 203, "line_id": 167, "line_type": "road_boundary_line" }, "geometry": { "type": "MultiLineString", "coordinates": [ [ [ 29.508971375593422, 40.789593625089118 ], [ 29.508981277535664, 40.789600505199488 ], [ 29.509066860960992, 40.789660003392953 ] ] ] } },
{ "type": "Feature", "properties": { "fid": 204, "line_id": 168, "line_type": "dashed_line" }, "geometry": { "type": "MultiLineString", "coordinates": [ [ [ 29.50898833949746, 40.789573750219297 ], [ 29.509024060345066, 40.789597016950282 ], [ 29.50908601425331, 40.789637377083814 ] ] ] } },
{ "type": "Feature", "properties": { "fid": 205, "line_id": 169, "line_type": "center_line" }, "geometry": { "type": "MultiLineString", "coordinates": [ [ [ 29.508998230134576, 40.789562162372256 ], [ 29.509000693762605, 40.789563765125088 ], [ 29.509000759062932, 40.789563818606716 ], [ 29.509003999271147, 40.789565958398455 ], [ 29.50900398760534, 40.789565954258066 ], [ 29.509010548763477, 40.789570263901886 ], [ 29.509016534282249, 40.789574195441631 ], [ 29.50909561088239, 40.789626136268851 ] ] ] } },
{ "type": "Feature", "properties": { "fid": 206, "line_id": 170, "line_type": "road_boundary_line" }, "geometry": { "type": "MultiLineString", "coordinates": [ [ [ 29.509009173869067, 40.789549340718828 ], [ 29.509010353853082, 40.789550134159626 ], [ 29.509011519941843, 40.789550947884138 ], [ 29.509026755953244, 40.789561328305297 ], [ 29.509033043238297, 40.789565611884839 ], [ 29.509105167545627, 40.789614750774675 ] ] ] } },
{ "type": "Feature", "properties": { "fid": 207, "line_id": 171, "line_type": "road_boundary_line" }, "geometry": { "type": "MultiLineString", "coordinates": [ [ [ 29.508982390771404, 40.78962795665899 ], [ 29.508982614325173, 40.789627632570991 ], [ 29.508982832201166, 40.789627304639026 ], [ 29.508983044333309, 40.789626972962566 ], [ 29.508983250657263, 40.789626637642201 ], [ 29.508983451110449, 40.789626298779631 ], [ 29.508983645632071, 40.789625956477629 ], [ 29.508983834163136, 40.789625610840019 ], [ 29.508984016646462, 40.789625261971622 ], [ 29.508984193026702, 40.789624909978258 ], [ 29.508984363250363, 40.789624554966672 ], [ 29.508984527265817, 40.789624197044539 ], [ 29.508984685023322, 40.789623836320416 ], [ 29.508984836475022, 40.789623472903713 ], [ 29.508984981574994, 40.789623106904642 ], [ 29.508985120279227, 40.789622738434211 ], [ 29.508985252545649, 40.789622367604181 ], [ 29.508985378334149, 40.78962199452701 ], [ 29.508985497606574, 40.789621619315859 ], [ 29.50898561032675, 40.789621242084522 ], [ 29.508985716460494, 40.789620862947409 ], [ 29.50898581597561, 40.789620482019508 ], [ 29.508985908841918, 40.789620099416361 ], [ 29.508985995031253, 40.789619715253998 ], [ 29.508986074517477, 40.789619329648943 ], [ 29.508986147276477, 40.789618942718135 ], [ 29.508986213286189, 40.789618554578936 ], [ 29.508986272526595, 40.789618165349061 ], [ 29.508986324979723, 40.78961777514656 ], [ 29.508986370629671, 40.789617384089787 ], [ 29.508986409462583, 40.789616992297333 ], [ 29.508986441466693, 40.789616599888035 ], [ 29.508986466632287, 40.789616206980902 ], [ 29.508986484951734, 40.789615813695107 ], [ 29.508986496419482, 40.789615420149921 ], [ 29.508986501032044, 40.789615026464709 ], [ 29.50898649878803, 40.789614632758877 ], [ 29.508986489688116, 40.789614239151824 ], [ 29.508986473735064, 40.789613845762929 ], [ 29.508986450933712, 40.789613452711507 ], [ 29.508986421290974, 40.789613060116771 ], [ 29.508986384815842, 40.789612668097782 ], [ 29.508986341519375, 40.789612276773447 ], [ 29.508986291414711, 40.789611886262442 ], [ 29.508986234517039, 40.789611496683214 ], [ 29.508986170843624, 40.789611108153913 ], [ 29.508986100413768, 40.789610720792382 ], [ 29.508986023248841, 40.789610334716102 ], [ 29.508985939372241, 40.78960995004217 ], [ 29.508985848809409, 40.789609566887243 ], [ 29.508985751587808, 40.789609185367546 ], [ 29.508985647736932, 40.789608805598782 ], [ 29.508985537288272, 40.789608427696123 ], [ 29.50898542027533, 40.789608051774202 ], [ 29.508985296733591, 40.789607677947025 ], [ 29.50898516670053, 40.789607306327966 ], [ 29.50898503021558, 40.789606937029738 ], [ 29.508984887320139, 40.789606570164352 ], [ 29.508984738057542, 40.789606205843072 ], [ 29.508984582473065, 40.789605844176386 ], [ 29.508984420613888, 40.789605485273988 ], [ 29.50898425252911, 40.789605129244741 ], [ 29.508984078269705, 40.789604776196612 ], [ 29.508983897888523, 40.789604426236686 ], [ 29.508983711440276, 40.789604079471097 ], [ 29.508983518981513, 40.789603736005027 ], [ 29.5089833205706, 40.789603395942635 ], [ 29.508983116267714, 40.789603059387062 ], [ 29.508982906134825, 40.789602726440386 ], [ 29.508982690235658, 40.789602397203581 ], [ 29.508982468635697, 40.789602071776514 ], [ 29.508982241402151, 40.789601750257873 ], [ 29.50898200860394, 40.789601432745172 ], [ 29.508981770311664, 40.789601119334719 ], [ 29.508981526597601, 40.789600810121563 ], [ 29.508981277535664, 40.789600505199488 ], [ 29.508981023201393, 40.789600204660971 ], [ 29.508980763671925, 40.789599908597168 ], [ 29.508980499025974, 40.789599617097871 ], [ 29.508980229343805, 40.789599330251484 ], [ 29.508979954707211, 40.789599048145014 ], [ 29.508979675199488, 40.789598770864011 ], [ 29.508979390905402, 40.789598498492587 ], [ 29.508979101911184, 40.789598231113338 ], [ 29.508978808304484, 40.789597968807357 ], [ 29.508978510174344, 40.78959771165421 ], [ 29.508978207611193, 40.78959745973188 ], [ 29.508977900706789, 40.789597213116785 ], [ 29.508977589554217, 40.789596971883704 ], [ 29.508977274247847, 40.789596736105814 ], [ 29.508976954883309, 40.789596505854618 ], [ 29.508976631557463, 40.789596281199955 ], [ 29.508976304368371, 40.789596062209959 ], [ 29.508975973415268, 40.789595848951045 ], [ 29.508975638798528, 40.789595641487892 ], [ 29.508975300619639, 40.789595439883428 ], [ 29.508974958981167, 40.789595244198793 ], [ 29.50897461398673, 40.78959505449334 ], [ 29.50897426574096, 40.789594870824608 ], [ 29.508973914349479, 40.78959469324829 ], [ 29.508973559918861, 40.789594521818259 ], [ 29.5089732025566, 40.789594356586498 ], [ 29.508972842371083, 40.789594197603122 ], [ 29.508972479471549, 40.789594044916349 ], [ 29.508972113968067, 40.789593898572491 ], [ 29.508971745971486, 40.789593758615929 ], [ 29.508971375593422, 40.789593625089118 ] ] ] } },
{ "type": "Feature", "properties": { "fid": 208, "line_id": 172, "line_type": "center_line" }, "geometry": { "type": "MultiLineString", "coordinates": [ [ [ 29.508994021010064, 40.789636455679549 ], [ 29.508994340602008, 40.789635874715877 ], [ 29.508994650084418, 40.789635288304389 ], [ 29.508994949364464, 40.789634696620986 ], [ 29.508995238352369, 40.789634099843148 ], [ 29.508995516961448, 40.78963349814989 ], [ 29.50899578510813, 40.789632891721695 ], [ 29.508996042711981, 40.78963228074047 ], [ 29.50899628969573, 40.789631665389493 ], [ 29.508996525985285, 40.789631045853341 ], [ 29.508996751509777, 40.789630422317856 ], [ 29.508996966201547, 40.789629794970075 ], [ 29.508997169996203, 40.789629163998178 ], [ 29.508997362832609, 40.789628529591432 ], [ 29.508997544652921, 40.789627891940135 ], [ 29.508997715402604, 40.789627251235572 ], [ 29.508997875030438, 40.789626607669916 ], [ 29.508998023488537, 40.789625961436222 ], [ 29.508998160732371, 40.789625312728326 ], [ 29.508998286720775, 40.789624661740831 ], [ 29.508998401415951, 40.789624008669001 ], [ 29.508998504783499, 40.789623353708741 ], [ 29.508998596792413, 40.789622697056508 ], [ 29.508998677415089, 40.789622038909272 ], [ 29.508998746627348, 40.789621379464457 ], [ 29.508998804408424, 40.789620718919878 ], [ 29.508998850740991, 40.789620057473662 ], [ 29.508998885611145, 40.78961939532423 ], [ 29.508998909008429, 40.789618732670206 ], [ 29.508998920925826, 40.789618069710343 ], [ 29.508998921359758, 40.789617406643522 ], [ 29.508998910310098, 40.789616743668638 ], [ 29.508998887780159, 40.789616080984551 ], [ 29.508998853776699, 40.789615418790042 ], [ 29.508998808309915, 40.789614757283758 ], [ 29.508998751393452, 40.78961409666411 ], [ 29.508998683044375, 40.789613437129276 ], [ 29.508998603283196, 40.789612778877078 ], [ 29.508998512133829, 40.789612122104984 ], [ 29.508998409623626, 40.789611467009983 ], [ 29.508998295783329, 40.789610813788592 ], [ 29.508998170647089, 40.789610162636755 ], [ 29.508998034252443, 40.789609513749788 ], [ 29.508997886640305, 40.789608867322329 ], [ 29.508997727854947, 40.789608223548299 ], [ 29.508997557944006, 40.789607582620789 ], [ 29.508997376958447, 40.789606944732064 ], [ 29.508997184952559, 40.789606310073466 ], [ 29.508996981983938, 40.789605678835372 ], [ 29.508996768113462, 40.789605051207118 ], [ 29.508996543405292, 40.789604427376986 ], [ 29.508996307926825, 40.789603807532096 ], [ 29.5089960617487, 40.789603191858376 ], [ 29.508995804944764, 40.78960258054051 ], [ 29.508995537592043, 40.789601973761869 ], [ 29.508995259770735, 40.789601371704464 ], [ 29.508994971564181, 40.789600774548887 ], [ 29.508994673058826, 40.789600182474274 ], [ 29.508994364344211, 40.789599595658217 ], [ 29.508994045512946, 40.789599014276739 ], [ 29.508993716660662, 40.789598438504242 ], [ 29.508993377886007, 40.789597868513425 ], [ 29.508993029290597, 40.789597304475272 ], [ 29.508992670979001, 40.789596746558971 ], [ 29.508992303058701, 40.789596194931882 ], [ 29.508991925640053, 40.789595649759463 ], [ 29.508991538836277, 40.789595111205251 ], [ 29.508991142763396, 40.789594579430798 ], [ 29.508990737540216, 40.789594054595611 ], [ 29.508990323288295, 40.789593536857126 ], [ 29.508989900131883, 40.789593026370639 ], [ 29.508989468197925, 40.789592523289286 ], [ 29.508989027615975, 40.789592027763966 ], [ 29.508988578518196, 40.789591539943316 ], [ 29.508988121039302, 40.789591059973674 ], [ 29.508987655316513, 40.789590587999015 ], [ 29.508987181489541, 40.789590124160902 ], [ 29.508986699700504, 40.789589668598474 ], [ 29.508986210093934, 40.789589221448388 ], [ 29.508985712816685, 40.789588782844767 ], [ 29.508985208017926, 40.789588352919182 ], [ 29.508984695849076, 40.78958793180059 ], [ 29.50898417646377, 40.78958751961531 ], [ 29.508983650017804, 40.789587116486992 ], [ 29.508983116669093, 40.789586722536548 ], [ 29.508982576577623, 40.789586337882163 ], [ 29.508982029905397, 40.789585962639201 ], [ 29.508981476816405, 40.78958559692024 ], [ 29.508980917476546, 40.789585240834967 ], [ 29.508980352053605, 40.789584894490204 ], [ 29.508979780717187, 40.789584557989841 ], [ 29.508979203638674, 40.789584231434809 ] ] ] } },
{ "type": "Feature", "properties": { "fid": 209, "line_id": 173, "line_type": "dashed_line" }, "geometry": { "type": "MultiLineString", "coordinates": [ [ [ 29.509006993199343, 40.789646296650723 ], [ 29.509007453988382, 40.789645506197843 ], [ 29.509007901017306, 40.789644707882474 ], [ 29.509008334151989, 40.789643901944117 ], [ 29.509008753262489, 40.78964308862458 ], [ 29.509009158223062, 40.78964226816786 ], [ 29.509009548912207, 40.78964144082012 ], [ 29.509009925212716, 40.789640606829586 ], [ 29.509010287011687, 40.789639766446456 ], [ 29.509010634200571, 40.789638919922879 ], [ 29.509010966675209, 40.789638067512826 ], [ 29.509011284335852, 40.789637209472026 ], [ 29.509011587087191, 40.789636346057925 ], [ 29.509011874838396, 40.789635477529551 ], [ 29.509012147503139, 40.789634604147487 ], [ 29.509012404999613, 40.789633726173768 ], [ 29.509012647250561, 40.7896328438718 ], [ 29.509012874183306, 40.789631957506288 ], [ 29.509013085729762, 40.789631067343166 ], [ 29.509013281826462, 40.789630173649492 ], [ 29.509013462414572, 40.789629276693404 ], [ 29.509013627439913, 40.789628376744005 ], [ 29.509013776852974, 40.789627474071295 ], [ 29.509013910608928, 40.78962656894609 ], [ 29.509014028667643, 40.789625661639953 ], [ 29.509014130993702, 40.789624752425084 ], [ 29.509014217556402, 40.789623841574283 ], [ 29.509014288329777, 40.78962292936081 ], [ 29.509014343292591, 40.789622016058352 ], [ 29.509014382428351, 40.789621101940917 ], [ 29.509014405725321, 40.789620187282765 ], [ 29.509014413176509, 40.789619272358301 ], [ 29.509014404779681, 40.789618357442031 ], [ 29.509014380537351, 40.789617442808442 ], [ 29.509014340456797, 40.789616528731948 ], [ 29.509014284550044, 40.789615615486788 ], [ 29.509014212833861, 40.789614703346956 ], [ 29.50901412532977, 40.789613792586103 ], [ 29.509014022064022, 40.789612883477488 ], [ 29.509013903067597, 40.789611976293855 ], [ 29.509013768376196, 40.789611071307384 ], [ 29.509013618030234, 40.789610168789586 ], [ 29.509013452074811, 40.78960926901123 ], [ 29.509013270559723, 40.78960837224227 ], [ 29.509013073539425, 40.789607478751762 ], [ 29.509012861073028, 40.789606588807764 ], [ 29.509012633224277, 40.789605702677278 ], [ 29.509012390061528, 40.789604820626167 ], [ 29.509012131657737, 40.789603942919058 ], [ 29.509011858090432, 40.789603069819279 ], [ 29.509011569441686, 40.789602201588785 ], [ 29.509011265798101, 40.789601338488062 ], [ 29.509010947250779, 40.789600480776052 ], [ 29.509010613895285, 40.789599628710086 ], [ 29.509010265831634, 40.789598782545809 ], [ 29.509009903164255, 40.789597942537085 ], [ 29.509009526001954, 40.789597108935929 ], [ 29.509009134457887, 40.789596281992438 ], [ 29.509008728649526, 40.789595461954718 ], [ 29.509008308698622, 40.789594649068796 ], [ 29.509007874731164, 40.789593843578544 ], [ 29.509007426877361, 40.789593045725645 ], [ 29.509006965271567, 40.789592255749454 ], [ 29.509006490052283, 40.789591473886986 ], [ 29.509006001362078, 40.789590700372813 ], [ 29.50900549934757, 40.789589935439011 ], [ 29.509004984159375, 40.789589179315065 ], [ 29.509004455952059, 40.789588432227845 ], [ 29.509003914884097, 40.789587694401476 ], [ 29.509003361117816, 40.789586966057328 ], [ 29.509002794819363, 40.789586247413915 ], [ 29.509002216158635, 40.78958553868685 ], [ 29.509001625309246, 40.789584840088764 ], [ 29.509001022448455, 40.789584151829253 ], [ 29.509000407757139, 40.789583474114799 ], [ 29.508999781419718, 40.78958280714874 ], [ 29.508999143624102, 40.789582151131178 ], [ 29.508998494561649, 40.789581506258934 ], [ 29.508997834427085, 40.789580872725473 ], [ 29.508997163418464, 40.789580250720874 ], [ 29.508996481737103, 40.789579640431747 ], [ 29.508995789587523, 40.789579042041197 ], [ 29.508995087177382, 40.789578455728751 ], [ 29.508994374717417, 40.789577881670319 ], [ 29.508993652421378, 40.789577320038127 ], [ 29.508992920505971, 40.789576771000668 ], [ 29.508992179190788, 40.789576234722674 ], [ 29.508991428698234, 40.789575711365039 ], [ 29.508990669253471, 40.78957520108478 ], [ 29.508989901084355, 40.78957470403499 ], [ 29.508989124421344, 40.789574220364791 ], [ 29.50898833949746, 40.789573750219297 ] ] ] } },
{ "type": "Feature", "properties": { "fid": 210, "line_id": 174, "line_type": "center_line" }, "geometry": { "type": "MultiLineString", "coordinates": [ [ [ 29.509020412705489, 40.789655242988154 ], [ 29.509021027051475, 40.789654271428255 ], [ 29.509021624455588, 40.789653289360054 ], [ 29.509022204738137, 40.789652297078945 ], [ 29.509022767724574, 40.789651294883413 ], [ 29.50902331324556, 40.789650283074891 ], [ 29.509023841137008, 40.789649261957734 ], [ 29.509024351240125, 40.789648231839081 ], [ 29.509024843401484, 40.789647193028784 ], [ 29.509025317473043, 40.78964614583932 ], [ 29.509025773312207, 40.789645090585658 ], [ 29.509026210781862, 40.789644027585226 ], [ 29.509026629750419, 40.789642957157753 ], [ 29.509027030091861, 40.789641879625215 ], [ 29.509027411685764, 40.78964079531174 ], [ 29.509027774417344, 40.789639704543461 ], [ 29.509028118177504, 40.789638607648492 ], [ 29.509028442862835, 40.789637504956758 ], [ 29.50902874837568, 40.789636396799942 ], [ 29.509029034624138, 40.789635283511366 ], [ 29.509029301522112, 40.789634165425902 ], [ 29.509029548989322, 40.789633042879863 ], [ 29.509029776951326, 40.789631916210901 ], [ 29.509029985339559, 40.789630785757907 ], [ 29.50903017409134, 40.789629651860913 ], [ 29.509030343149895, 40.789628514860986 ], [ 29.509030492464369, 40.789627375100132 ], [ 29.509030621989847, 40.789626232921172 ], [ 29.509030731687378, 40.78962508866767 ], [ 29.509030821523957, 40.789623942683804 ], [ 29.509030891472566, 40.78962279531428 ], [ 29.509030941512165, 40.789621646904223 ], [ 29.509030971627702, 40.789620497799056 ], [ 29.509030981810117, 40.789619348344424 ], [ 29.509030972056351, 40.789618198886075 ], [ 29.509030942369332, 40.78961704976976 ], [ 29.509030892757995, 40.789615901341122 ], [ 29.509030823237261, 40.789614753945592 ], [ 29.509030733828041, 40.78961360792831 ], [ 29.50903062455723, 40.789612463633979 ], [ 29.50903049545769, 40.789611321406795 ], [ 29.509030346568263, 40.789610181590334 ], [ 29.509030177933724, 40.789609044527438 ], [ 29.509029989604802, 40.789607910560136 ], [ 29.509029781638144, 40.789606780029509 ], [ 29.509029554096305, 40.789605653275615 ], [ 29.509029307047729, 40.789604530637369 ], [ 29.509029040566723, 40.789603412452458 ], [ 29.509028754733443, 40.789602299057215 ], [ 29.509028449633867, 40.789601190786549 ], [ 29.509028125359769, 40.78960008797381 ], [ 29.509027782008683, 40.789598990950722 ], [ 29.509027419683886, 40.789597900047255 ], [ 29.509026788286707, 40.789596176535646 ], [ 29.509027038494366, 40.789596815591551 ], [ 29.509026638554783, 40.789595737909799 ], [ 29.509026219985429, 40.789594667326156 ], [ 29.509025782912214, 40.789593604162661 ], [ 29.509025327466603, 40.789592548739087 ], [ 29.509024853785586, 40.789591501372897 ], [ 29.509024362011647, 40.789590462379145 ], [ 29.50902385229271, 40.789589432070343 ], [ 29.509023324782092, 40.789588410756394 ], [ 29.50902277963846, 40.789587398744516 ], [ 29.509022217025795, 40.789586396339097 ], [ 29.509021637113321, 40.78958540384167 ], [ 29.509021040075478, 40.789584421550757 ], [ 29.509020426091841, 40.789583449761821 ], [ 29.509019795347101, 40.789582488767181 ], [ 29.509019148030973, 40.789581538855892 ], [ 29.509018484338171, 40.789580600313677 ], [ 29.509017804468321, 40.789579673422843 ], [ 29.50901710862593, 40.789578758462191 ], [ 29.509016397020297, 40.789577855706938 ], [ 29.50901566986547, 40.789576965428616 ], [ 29.509014927380171, 40.789576087895028 ], [ 29.509014169787733, 40.789575223370115 ], [ 29.509013397316032, 40.789574372113925 ], [ 29.509012610197423, 40.789573534382505 ], [ 29.509011808668667, 40.789572710427848 ], [ 29.509010992970854, 40.789571900497791 ], [ 29.509010163349341, 40.789571104835943 ], [ 29.509009320053671, 40.789570323681637 ], [ 29.509008463337501, 40.78956955726985 ], [ 29.509007593458527, 40.789568805831102 ], [ 29.509006710678396, 40.789568069591418 ], [ 29.509005815262647, 40.789567348772259 ], [ 29.509004907480609, 40.789566643590433 ], [ 29.509003999271147, 40.789565958398455 ], [ 29.50900398760534, 40.789565954258066 ], [ 29.509003015999649, 40.789565270004033 ], [ 29.509003055913528, 40.789565280982494 ], [ 29.509002112685419, 40.789564623966243 ], [ 29.509001074758462, 40.789563943940045 ], [ 29.509001202678686, 40.789564000429024 ], [ 29.509001158204729, 40.789563983406921 ], [ 29.509000192758556, 40.789563359497215 ], [ 29.508998934030849, 40.789562585591206 ], [ 29.508999216637303, 40.789562752424793 ], [ 29.508998230134576, 40.789562162372256 ] ] ] } },
{ "type": "Feature", "properties": { "fid": 211, "line_id": 175, "line_type": "road_boundary_line" }, "geometry": { "type": "MultiLineString", "coordinates": [ [ [ 29.509031595627281, 40.789664636642456 ], [ 29.509032392254532, 40.789663458807325 ], [ 29.509033168397526, 40.789662267374304 ], [ 29.509033923824216, 40.789661062699622 ], [ 29.509034658308746, 40.78965984514344 ], [ 29.509035371631519, 40.789658615069783 ], [ 29.509036063579266, 40.78965737284642 ], [ 29.509036733945116, 40.789656118844739 ], [ 29.509037382528639, 40.789654853439664 ], [ 29.509038009135921, 40.789653577009531 ], [ 29.509038613579627, 40.789652289935958 ], [ 29.509039195679033, 40.789650992603747 ], [ 29.509039755260112, 40.789649685400782 ], [ 29.509040292155557, 40.789648368717884 ], [ 29.509040806204851, 40.789647042948708 ], [ 29.509041297254303, 40.789645708489637 ], [ 29.509041765157097, 40.78964436573964 ], [ 29.509042209773341, 40.789643015100168 ], [ 29.509042630970111, 40.789641656975043 ], [ 29.50904302862147, 40.789640291770304 ], [ 29.509043402608533, 40.789638919894124 ], [ 29.509043752819487, 40.789637541756662 ], [ 29.509044079149625, 40.789636157769948 ], [ 29.509044381501379, 40.789634768347767 ], [ 29.509044659784358, 40.789633373905524 ], [ 29.509044913915357, 40.789631974860136 ], [ 29.509045143818398, 40.789630571629871 ], [ 29.509045349424746, 40.78962916463427 ], [ 29.509045530672928, 40.789627754294003 ], [ 29.509045687508753, 40.789626341030718 ], [ 29.509045819885333, 40.789624925266963 ], [ 29.50904592776309, 40.789623507426008 ], [ 29.509046011109771, 40.789622087931768 ], [ 29.509046069900457, 40.789620667208631 ], [ 29.509046104117569, 40.789619245681358 ], [ 29.50904611375088, 40.789617823774975 ], [ 29.509046098797509, 40.789616401914579 ], [ 29.509046059261923, 40.789614980525286 ], [ 29.509045995155947, 40.789613560032066 ], [ 29.509045906498745, 40.789612140859603 ], [ 29.509045793316826, 40.789610723432197 ], [ 29.509045655644023, 40.789609308173645 ], [ 29.509045493521505, 40.789607895507068 ], [ 29.509045306997738, 40.789606485854819 ], [ 29.509045096128489, 40.789605079638349 ], [ 29.509044860976807, 40.789603677278102 ], [ 29.509044601612992, 40.789602279193346 ], [ 29.50904431811459, 40.789600885802074 ], [ 29.509044010566363, 40.789599497520882 ], [ 29.509043679060259, 40.789598114764836 ], [ 29.509043323695391, 40.789596737947349 ], [ 29.509042944578006, 40.789595367480061 ], [ 29.509042541821451, 40.789594003772713 ], [ 29.509042115546141, 40.789592647233022 ], [ 29.509041665879526, 40.789591298266558 ], [ 29.509041192956044, 40.78958995727664 ], [ 29.50904069691709, 40.789588624664191 ], [ 29.509040177910968, 40.789587300827634 ], [ 29.509039636092851, 40.78958598616277 ], [ 29.509039071624727, 40.789584681062657 ], [ 29.509038484675365, 40.789583385917481 ], [ 29.509037875420244, 40.789582101114469 ], [ 29.509037244041522, 40.789580827037746 ], [ 29.509036590727966, 40.789579564068241 ], [ 29.509035915674904, 40.789578312583544 ], [ 29.509035219084161, 40.789577072957826 ], [ 29.509034501164006, 40.789575845561714 ], [ 29.509033762129071, 40.789574630762161 ], [ 29.509033002200326, 40.789573428922374 ], [ 29.509032221604961, 40.789572240401675 ], [ 29.50903142057636, 40.7895710655554 ], [ 29.509030599354016, 40.789569904734812 ], [ 29.509029758183456, 40.789568758286961 ], [ 29.509028897316171, 40.789567626554621 ], [ 29.509028017009538, 40.789566509876146 ], [ 29.509027117526752, 40.789565408585403 ], [ 29.509026199136745, 40.789564323011653 ], [ 29.509025262114086, 40.789563253479457 ], [ 29.509024530957394, 40.789562432610822 ], [ 29.509024306738926, 40.789562200308588 ], [ 29.509022702853457, 40.789560515376721 ], [ 29.509023333296906, 40.789561163813907 ], [ 29.50902234207906, 40.78956014430532 ], [ 29.509021333381742, 40.789559142087633 ], [ 29.509020307506532, 40.789558157460476 ], [ 29.509019264760141, 40.789557190718249 ], [ 29.509018205454328, 40.78955624214997 ], [ 29.509017129905804, 40.789555312039248 ], [ 29.509016038436133, 40.789554400664166 ], [ 29.509014931371645, 40.78955350829721 ], [ 29.509013809043321, 40.789552635205169 ], [ 29.509012671786714, 40.789551781649081 ], [ 29.509011519941843, 40.789550947884138 ], [ 29.509010353853082, 40.789550134159626 ], [ 29.509009173869067, 40.789549340718828 ] ] ] } },
{ "type": "Feature", "properties": { "fid": 212, "line_id": 176, "line_type": "road_boundary_line" }, "geometry": { "type": "MultiLineString", "coordinates": [ [ [ 29.509031595627281, 40.789664636642456 ], [ 29.50903204263156, 40.7896642714488 ], [ 29.509032495895141, 40.789663914053548 ], [ 29.509032955281988, 40.78966356456398 ], [ 29.509033420654227, 40.789663223084979 ], [ 29.509033891872196, 40.789662889719018 ], [ 29.50903436879447, 40.789662564566164 ], [ 29.50903485127791, 40.789662247723996 ], [ 29.509035339177721, 40.789661939287598 ], [ 29.509035832347468, 40.789661639349546 ], [ 29.509036330639141, 40.789661347999854 ], [ 29.509036833903195, 40.789661065325966 ], [ 29.509037341988588, 40.789660791412722 ], [ 29.509037854742832, 40.789660526342317 ], [ 29.509038372012043, 40.789660270194311 ], [ 29.50903889364097, 40.789660023045577 ], [ 29.509039419473066, 40.789659784970297 ], [ 29.50903994935052, 40.789659556039915 ], [ 29.509040483114301, 40.78965933632314 ], [ 29.509041020604215, 40.789659125885919 ], [ 29.50904156165895, 40.789658924791397 ], [ 29.509042106116127, 40.789658733099934 ], [ 29.50904265381234, 40.789658550869056 ], [ 29.509043204583215, 40.789658378153462 ], [ 29.509043758263456, 40.789658215004984 ], [ 29.509044314686889, 40.789658061472579 ], [ 29.50904487368652, 40.789657917602341 ], [ 29.509045435094581, 40.789657783437434 ], [ 29.509045998742586, 40.789657659018133 ], [ 29.509046564461364, 40.789657544381768 ], [ 29.50904713208114, 40.78965743956276 ], [ 29.509047701431555, 40.789657344592555 ], [ 29.509048272341733, 40.789657259499656 ], [ 29.509048844640336, 40.789657184309604 ], [ 29.509049418155605, 40.789657119044968 ], [ 29.509049992715411, 40.789657063725329 ], [ 29.50905056814732, 40.789657018367301 ], [ 29.509051144278633, 40.789656982984482 ], [ 29.509051720936444, 40.789656957587496 ], [ 29.509052297947679, 40.789656942183967 ], [ 29.509052875139169, 40.789656936778528 ], [ 29.509053452337682, 40.789656941372783 ], [ 29.509054029369995, 40.789656955965363 ], [ 29.509054606062929, 40.789656980551882 ], [ 29.509055182243401, 40.789657015124973 ], [ 29.509055757738487, 40.789657059674248 ], [ 29.509056332375472, 40.789657114186348 ], [ 29.509056905981897, 40.789657178644902 ], [ 29.509057478385607, 40.789657253030569 ], [ 29.509058049414811, 40.789657337321032 ], [ 29.509058618898134, 40.789657431490973 ], [ 29.509059186664661, 40.789657535512156 ], [ 29.509059752543994, 40.789657649353337 ], [ 29.509060316366298, 40.78965777298037 ], [ 29.509060877962362, 40.78965790635614 ], [ 29.509061437163634, 40.789658049440625 ], [ 29.509061993802291, 40.789658202190871 ], [ 29.509062547711274, 40.789658364561049 ], [ 29.50906309872434, 40.789658536502422 ], [ 29.509063646676118, 40.789658717963384 ], [ 29.50906419140216, 40.789658908889479 ], [ 29.509064732738981, 40.789659109223408 ], [ 29.509065270524115, 40.789659318905038 ], [ 29.509065804596155, 40.789659537871444 ], [ 29.509066334794824, 40.789659766056907 ], [ 29.509066860960992, 40.789660003392953 ] ] ] } },
{ "type": "Feature", "properties": { "fid": 213, "line_id": 177, "line_type": "center_line" }, "geometry": { "type": "MultiLineString", "coordinates": [ [ [ 29.509020412705489, 40.789655242988154 ], [ 29.509020883889328, 40.789654695841037 ], [ 29.509021364538278, 40.789654156989705 ], [ 29.509021854506305, 40.789653626597861 ], [ 29.50902235364455, 40.789653104826655 ], [ 29.509022861801359, 40.789652591834624 ], [ 29.509023378822349, 40.789652087777604 ], [ 29.509023904550428, 40.78965159280876 ], [ 29.509024438825875, 40.789651107078463 ], [ 29.509024981486366, 40.789650630734293 ], [ 29.509025532367023, 40.789650163920975 ], [ 29.509026091300477, 40.789649706780331 ], [ 29.509026658116916, 40.789649259451252 ], [ 29.509027232644126, 40.789648822069658 ], [ 29.509027814707547, 40.789648394768427 ], [ 29.509028404130344, 40.789647977677376 ], [ 29.509029000733435, 40.789647570923236 ], [ 29.509029604335552, 40.789647174629586 ], [ 29.509030214753317, 40.789646788916833 ], [ 29.509030831801262, 40.789646413902155 ], [ 29.509031455291918, 40.789646049699499 ], [ 29.509032085035855, 40.789645696419512 ], [ 29.509032720841745, 40.789645354169537 ], [ 29.509033362516409, 40.789645023053545 ], [ 29.509034009864898, 40.789644703172144 ], [ 29.509034662690528, 40.789644394622528 ], [ 29.509035320794961, 40.789644097498424 ], [ 29.509035983978247, 40.789643811890116 ], [ 29.509036652038894, 40.78964353788438 ], [ 29.509037324773935, 40.789643275564458 ], [ 29.509038001978976, 40.789643025010058 ], [ 29.509038683448264, 40.789642786297293 ], [ 29.509039368974758, 40.789642559498695 ], [ 29.509040058350173, 40.789642344683173 ], [ 29.50904075136507, 40.789642141915991 ], [ 29.509041447808887, 40.789641951258751 ], [ 29.509042147470034, 40.789641772769386 ], [ 29.509042850135938, 40.789641606502116 ], [ 29.509043555593109, 40.789641452507468 ], [ 29.509044263627217, 40.789641310832216 ], [ 29.509044974023144, 40.789641181519414 ], [ 29.509045686565056, 40.78964106460834 ], [ 29.509046401036468, 40.789640960134527 ], [ 29.509047117220305, 40.789640868129709 ], [ 29.509047834898976, 40.789640788621838 ], [ 29.509048553854431, 40.789640721635081 ], [ 29.509049273868239, 40.789640667189772 ], [ 29.509049994721643, 40.789640625302468 ], [ 29.509050716195627, 40.789640595985887 ], [ 29.509051438070998, 40.789640579248946 ], [ 29.50905216012843, 40.789640575096719 ], [ 29.509052882148545, 40.789640583530471 ], [ 29.509053603911976, 40.789640604547635 ], [ 29.50905432519944, 40.78964063814184 ], [ 29.50905504579179, 40.78964068430286 ], [ 29.509055765470094, 40.78964074301669 ], [ 29.509056484015698, 40.789640814265475 ], [ 29.509057201210293, 40.789640898027578 ], [ 29.509057916835975, 40.789640994277548 ], [ 29.509058630675327, 40.789641102986138 ], [ 29.50905934251146, 40.789641224120324 ], [ 29.50906005212811, 40.789641357643298 ], [ 29.509060759309676, 40.789641503514503 ], [ 29.509061463841302, 40.789641661689608 ], [ 29.509062165508933, 40.789641832120566 ], [ 29.509062864099388, 40.789642014755586 ], [ 29.509063559400417, 40.789642209539188 ], [ 29.509064251200776, 40.789642416412192 ], [ 29.50906493929028, 40.789642635311736 ], [ 29.509065623459868, 40.789642866171327 ], [ 29.509066303501676, 40.789643108920814 ], [ 29.509066979209091, 40.789643363486441 ], [ 29.509067650376824, 40.789643629790881 ], [ 29.509068316800949, 40.789643907753209 ], [ 29.509068978279, 40.789644197288986 ], [ 29.50906963461, 40.789644498310238 ], [ 29.509070285594543, 40.789644810725505 ], [ 29.509070931034842, 40.789645134439873 ], [ 29.509071570734804, 40.789645469354994 ], [ 29.509072204500068, 40.789645815369106 ], [ 29.509072832138081, 40.789646172377083 ], [ 29.509073453458161, 40.789646540270461 ], [ 29.509074068271527, 40.789646918937464 ], [ 29.509074676391389, 40.789647308263042 ], [ 29.509075277632988, 40.789647708128911 ], [ 29.509076535204191, 40.78964857494433 ] ] ] } },
{ "type": "Feature", "properties": { "fid": 214, "line_id": 178, "line_type": "dashed_line" }, "geometry": { "type": "MultiLineString", "coordinates": [ [ [ 29.509006993199343, 40.789646296650723 ], [ 29.509007966458313, 40.789645502154322 ], [ 29.509008953346765, 40.789644724652732 ], [ 29.509009953567979, 40.789643964379707 ], [ 29.509010966821226, 40.78964322156385 ], [ 29.509011992801852, 40.789642496428478 ], [ 29.509013031201384, 40.789641789191634 ], [ 29.509014081707612, 40.789641100065943 ], [ 29.509015144004685, 40.789640429258618 ], [ 29.509016217773212, 40.789639776971327 ], [ 29.509017302690342, 40.789639143400208 ], [ 29.50901839842988, 40.789638528735743 ], [ 29.509019504662383, 40.789637933162737 ], [ 29.509020621055239, 40.789637356860268 ], [ 29.50902174727279, 40.789636800001603 ], [ 29.509022882976424, 40.789636262754165 ], [ 29.509024027824672, 40.789635745279497 ], [ 29.509025181473323, 40.78963524773318 ], [ 29.509026343575513, 40.789634770264811 ], [ 29.509027513781842, 40.789634313017942 ], [ 29.509028691740465, 40.789633876130047 ], [ 29.509029877097213, 40.789633459732499 ], [ 29.509031069495698, 40.789633063950482 ], [ 29.5090322685774, 40.789632688902991 ], [ 29.509033473981802, 40.789632334702802 ], [ 29.509034685346478, 40.789632001456397 ], [ 29.509035902307218, 40.789631689263977 ], [ 29.509037124498121, 40.789631398219413 ], [ 29.509038351551723, 40.789631128410207 ], [ 29.509039583099085, 40.789630879917475 ], [ 29.509040818769932, 40.789630652815937 ], [ 29.509042058192737, 40.78963044717387 ], [ 29.509043300994851, 40.789630263053112 ], [ 29.509044546802606, 40.789630100509015 ], [ 29.50904579524143, 40.789629959590442 ], [ 29.509047045935969, 40.789629840339778 ], [ 29.509048298510177, 40.789629742792876 ], [ 29.509049552587452, 40.789629666979053 ], [ 29.509050807790736, 40.789629612921111 ], [ 29.509052063742637, 40.7896295806353 ], [ 29.509053320065529, 40.789629570131332 ], [ 29.509054576381686, 40.789629581412356 ], [ 29.509055832313376, 40.789629614474997 ], [ 29.509057087482987, 40.789629669309299 ], [ 29.509058341513128, 40.789629745898779 ], [ 29.509059594026763, 40.789629844220414 ], [ 29.509060844647301, 40.789629964244632 ], [ 29.509062092998729, 40.789630105935359 ], [ 29.509063338705708, 40.78963026924999 ], [ 29.509064581393702, 40.789630454139413 ], [ 29.509065820689074, 40.789630660548049 ], [ 29.509067056219216, 40.789630888413832 ], [ 29.509068287612646, 40.789631137668252 ], [ 29.509069514499128, 40.789631408236367 ], [ 29.509070736509784, 40.789631700036828 ], [ 29.509071953277193, 40.789632012981905 ], [ 29.509073164435517, 40.789632346977498 ], [ 29.50907436962061, 40.789632701923189 ], [ 29.509075568470106, 40.789633077712267 ], [ 29.509076760623561, 40.789633474231728 ], [ 29.509077945722535, 40.789633891362371 ], [ 29.509079123410707, 40.789634328978771 ], [ 29.509080293333994, 40.78963478694935 ], [ 29.509081455140638, 40.789635265136418 ], [ 29.509082608481325, 40.789635763396198 ], [ 29.509083753009286, 40.789636281578879 ], [ 29.509084888380404, 40.789636819528667 ], [ 29.50908601425331, 40.789637377083814 ] ] ] } },
{ "type": "Feature", "properties": { "fid": 215, "line_id": 179, "line_type": "center_line" }, "geometry": { "type": "MultiLineString", "coordinates": [ [ [ 29.508994021010064, 40.789636455679549 ], [ 29.508995035403341, 40.789635468432436 ], [ 29.508996066838051, 40.78963449900322 ], [ 29.508997115001268, 40.789633547686002 ], [ 29.508998179574988, 40.78963261476941 ], [ 29.508999260236234, 40.789631700536482 ], [ 29.509000356657136, 40.789630805264579 ], [ 29.509001468505062, 40.789629929225327 ], [ 29.509002595442677, 40.789629072684505 ], [ 29.509003737128086, 40.789628235901979 ], [ 29.509004893214914, 40.789627419131619 ], [ 29.509006063352412, 40.789626622621221 ], [ 29.509007247185576, 40.789625846612445 ], [ 29.509008444355239, 40.789625091340724 ], [ 29.50900965449819, 40.789624357035194 ], [ 29.509010877247292, 40.789623643918645 ], [ 29.509012112231567, 40.789622952207424 ], [ 29.509013359076334, 40.789622282111388 ], [ 29.509014617403317, 40.789621633833839 ], [ 29.509015886830749, 40.789621007571455 ], [ 29.5090171669735, 40.789620403514249 ], [ 29.509018457443183, 40.78961982184547 ], [ 29.509019757848289, 40.789619262741603 ], [ 29.509021067794286, 40.789618726372268 ], [ 29.509022386883746, 40.789618212900194 ], [ 29.509023714716474, 40.789617722481168 ], [ 29.509025050889619, 40.789617255263977 ], [ 29.509026394997797, 40.789616811390367 ], [ 29.509027746633219, 40.789616390995008 ], [ 29.509029105385814, 40.789615994205441 ], [ 29.509030470843349, 40.789615621142048 ], [ 29.509031842591558, 40.789615271918009 ], [ 29.509033220214267, 40.78961494663929 ], [ 29.509034603293518, 40.789614645404562 ], [ 29.509035991409696, 40.789614368305223 ], [ 29.509037384141667, 40.789614115425337 ], [ 29.509038781066884, 40.789613886841636 ], [ 29.509040181761538, 40.789613682623461 ], [ 29.50904158580067, 40.789613502832772 ], [ 29.50904299275831, 40.789613347524117 ], [ 29.509044402207596, 40.789613216744613 ], [ 29.509045813720924, 40.789613110533935 ], [ 29.509047226870045, 40.789613028924315 ], [ 29.509048641226233, 40.7896129719405 ], [ 29.50905005636038, 40.789612939599792 ], [ 29.509051471843147, 40.789612931911989 ], [ 29.509052887245097, 40.789612948879437 ], [ 29.509054302136811, 40.789612990496977 ], [ 29.509055716089019, 40.789613056751989 ], [ 29.509057128672744, 40.789613147624372 ], [ 29.509058539459428, 40.789613263086558 ], [ 29.509059948021044, 40.789613403103509 ], [ 29.509061353930253, 40.789613567632749 ], [ 29.509062756760514, 40.789613756624362 ], [ 29.509064156086225, 40.789613970021009 ], [ 29.509065551482845, 40.78961420775795 ], [ 29.509066942527021, 40.789614469763059 ], [ 29.509068328796722, 40.78961475595684 ], [ 29.509069709871376, 40.789615066252473 ], [ 29.509071085331975, 40.78961540055581 ], [ 29.509072454761213, 40.789615758765429 ], [ 29.509073817743626, 40.789616140772651 ], [ 29.509075173865693, 40.789616546461588 ], [ 29.509076522715983, 40.789616975709144 ], [ 29.50907786388527, 40.7896174283851 ], [ 29.509079196966653, 40.789617904352113 ], [ 29.509080521555692, 40.789618403465788 ], [ 29.509081837250516, 40.789618925574686 ], [ 29.509083143651957, 40.789619470520414 ], [ 29.509084440363669, 40.789620038137642 ], [ 29.50908572699224, 40.789620628254148 ], [ 29.509087003147322, 40.789621240690913 ], [ 29.509088268441737, 40.789621875262114 ], [ 29.509089522491614, 40.789622531775244 ], [ 29.509090764916479, 40.78962321003111 ], [ 29.509091995339404, 40.789623909823945 ], [ 29.509093213387079, 40.789624630941432 ], [ 29.509094418689966, 40.789625373164796 ], [ 29.50909561088239, 40.789626136268851 ] ] ] } },
{ "type": "Feature", "properties": { "fid": 216, "line_id": 180, "line_type": "road_boundary_line" }, "geometry": { "type": "MultiLineString", "coordinates": [ [ [ 29.508982390771404, 40.78962795665899 ], [ 29.508983324266225, 40.789626787294189 ], [ 29.508984277921297, 40.789625634311697 ], [ 29.508985251449175, 40.789624498059048 ], [ 29.508986244556421, 40.789623378878716 ], [ 29.508987256943701, 40.789622277108052 ], [ 29.508988288305869, 40.789621193079128 ], [ 29.50898933833205, 40.789620127118702 ], [ 29.508990406705752, 40.789619079548061 ], [ 29.508991493104954, 40.789618050682961 ], [ 29.508992597202198, 40.789617040833519 ], [ 29.508993718664694, 40.789616050304126 ], [ 29.508994857154413, 40.789615079393329 ], [ 29.508996012328197, 40.789614128393779 ], [ 29.508997183837863, 40.789613197592125 ], [ 29.508998371330296, 40.789612287268923 ], [ 29.508999574447575, 40.789611397698557 ], [ 29.509000792827052, 40.789610529149158 ], [ 29.509002026101498, 40.789609681882517 ], [ 29.509003273899186, 40.789608856154018 ], [ 29.509004535844003, 40.789608052212543 ], [ 29.509005811555586, 40.789607270300415 ], [ 29.509007100649413, 40.789606510653314 ], [ 29.509008402736935, 40.789605773500213 ], [ 29.509009717425684, 40.789605059063291 ], [ 29.50901104431939, 40.789604367557899 ], [ 29.509012383018106, 40.789603699192462 ], [ 29.509013733118334, 40.789603054168431 ], [ 29.50901509421313, 40.78960243268024 ], [ 29.509016465892238, 40.789601834915203 ], [ 29.509017847742218, 40.789601261053498 ], [ 29.509019239346554, 40.7896007112681 ], [ 29.509020640285797, 40.789600185724716 ], [ 29.509022050137688, 40.789599684581759 ], [ 29.50902346847727, 40.789599207990271 ], [ 29.50902489487704, 40.789598756093916 ], [ 29.509026328907055, 40.789598329028898 ], [ 29.509027770135077, 40.789597926923939 ], [ 29.509029218126702, 40.789597549900236 ], [ 29.509030672445483, 40.789597198071434 ], [ 29.509032132653061, 40.78959687154358 ], [ 29.509033598309315, 40.7895965704151 ], [ 29.509035068972469, 40.789596294776743 ], [ 29.509036544199247, 40.789596044711608 ], [ 29.509038023544989, 40.789595820295055 ], [ 29.509039506563802, 40.789595621594728 ], [ 29.509040992808679, 40.789595448670532 ], [ 29.509042481831646, 40.789595301574572 ], [ 29.509043973183889, 40.789595180351192 ], [ 29.509045466415888, 40.789595085036929 ], [ 29.509046961077566, 40.789595015660517 ], [ 29.509048456718407, 40.789594972242867 ], [ 29.509049952887601, 40.789594954797053 ], [ 29.509051449134184, 40.789594963328348 ], [ 29.509052945007159, 40.789594997834172 ], [ 29.509054440055657, 40.789595058304137 ], [ 29.509055933829035, 40.789595144719996 ], [ 29.50905742587706, 40.789595257055716 ], [ 29.509058915749996, 40.789595395277438 ], [ 29.509060402998781, 40.789595559343496 ], [ 29.509061887175132, 40.789595749204437 ], [ 29.509063367831697, 40.789595964803034 ], [ 29.509064844522182, 40.7895962060743 ], [ 29.509066316801491, 40.789596472945526 ], [ 29.509067784225859, 40.789596765336256 ], [ 29.509069246352983, 40.78959708315837 ], [ 29.50907070274215, 40.789597426316064 ], [ 29.509072152954388, 40.789597794705912 ], [ 29.509073596552582, 40.789598188216871 ], [ 29.509075033101606, 40.78959860673033 ], [ 29.509076462168466, 40.789599050120145 ], [ 29.509077883322416, 40.789599518252679 ], [ 29.509079296135102, 40.789600010986817 ], [ 29.509080700180679, 40.789600528174049 ], [ 29.509082095035946, 40.789601069658481 ], [ 29.509083480280477, 40.78960163527691 ], [ 29.509084855496738, 40.789602224858847 ], [ 29.509086220270213, 40.789602838226585 ], [ 29.509087574189543, 40.789603475195236 ], [ 29.509088916846633, 40.789604135572816 ], [ 29.509090247836792, 40.789604819160282 ], [ 29.509091566758833, 40.789605525751575 ], [ 29.509092873215216, 40.789606255133734 ], [ 29.509094166812158, 40.789607007086907 ], [ 29.509095447159744, 40.78960778138444 ], [ 29.509096713872065, 40.789608577792954 ], [ 29.509097966567307, 40.789609396072393 ], [ 29.509099204867894, 40.78961023597612 ], [ 29.509100428400583, 40.789611097250976 ], [ 29.509101636796583, 40.789611979637357 ], [ 29.509102829691663, 40.789612882869299 ], [ 29.509104006726272, 40.789613806674552 ], [ 29.509105167545627, 40.789614750774675 ] ] ] } },
{ "type": "Feature", "properties": { "fid": 217, "line_id": 181, "line_type": "road_boundary_line" }, "geometry": { "type": "MultiLineString", "coordinates": [ [ [ 29.509009173869067, 40.789549340718828 ], [ 29.509062325775496, 40.78954661065449 ], [ 29.509128233200805, 40.789592361925457 ], [ 29.509130673713138, 40.789632184785859 ] ] ] } },
{ "type": "Feature", "properties": { "fid": 222, "line_id": 182, "line_type": "road_boundary_line" }, "geometry": { "type": "MultiLineString", "coordinates": [ [ [ 29.508682241150549, 40.789694606872864 ], [ 29.508677839133011, 40.789661348763232 ], [ 29.508739747321339, 40.789605679384586 ], [ 29.508784378805949, 40.78960375975084 ], [ 29.508806315667808, 40.78958713899447 ] ] ] } },
{ "type": "Feature", "properties": { "fid": 231, "line_id": 183, "line_type": "road_boundary_line" }, "geometry": { "type": "MultiLineString", "coordinates": [ [ [ 29.50885132603285, 40.789721817226265 ], [ 29.508851451389752, 40.789722950328581 ], [ 29.508851557850182, 40.789724085362238 ], [ 29.508851645384588, 40.789725222012109 ], [ 29.508851713968664, 40.789726359962657 ], [ 29.508851763583372, 40.789727498897946 ], [ 29.508851794214941, 40.789728638501785 ], [ 29.508851805854864, 40.789729778457804 ], [ 29.508851798499908, 40.789730918449528 ], [ 29.508851772152116, 40.78973205816046 ], [ 29.508851726818804, 40.789733197274195 ], [ 29.508851662512555, 40.789734335474492 ], [ 29.508851579251225, 40.789735472445365 ], [ 29.508851477057927, 40.789736607871163 ], [ 29.508851355961031, 40.789737741436674 ], [ 29.508851215994163, 40.789738872827179 ], [ 29.508851057196171, 40.789740001728603 ], [ 29.508850879611146, 40.789741127827519 ] ] ] } },
{ "type": "Feature", "properties": { "fid": 232, "line_id": 184, "line_type": "road_boundary_line" }, "geometry": { "type": "MultiLineString", "coordinates": [ [ [ 29.508896437425896, 40.789679105375406 ], [ 29.508897700573232, 40.789679211389945 ], [ 29.508898965319482, 40.789679296226261 ], [ 29.508900231309589, 40.789679359860529 ], [ 29.508901498188155, 40.789679402274892 ], [ 29.508902765599522, 40.789679423457436 ], [ 29.508904033187893, 40.78967942340222 ], [ 29.508905300597409, 40.78967940210925 ], [ 29.508906567472273, 40.789679359584518 ], [ 29.508907833456835, 40.789679295839953 ], [ 29.508909098195687, 40.789679210893453 ], [ 29.508910361333783, 40.789679104768858 ], [ 29.508911622516518, 40.789678977495974 ], [ 29.508912881389836, 40.789678829110521 ], [ 29.508914137600335, 40.789678659654157 ], [ 29.508915390795355, 40.789678469174454 ], [ 29.508916640623085, 40.789678257724887 ], [ 29.508917886732657, 40.789678025364815 ], [ 29.508919128774256, 40.789677772159465 ], [ 29.508920366399195, 40.789677498179927 ], [ 29.508921599260034, 40.789677203503111 ], [ 29.508922827010672, 40.789676888211751 ], [ 29.508924049306444, 40.78967655239434 ], [ 29.508925265804205, 40.789676196145173 ], [ 29.508926476162451, 40.789675819564252 ] ] ] } },
{ "type": "Feature", "properties": { "fid": 233, "line_id": 185, "line_type": "road_boundary_line" }, "geometry": { "type": "MultiLineString", "coordinates": [ [ [ 29.508896437425896, 40.789679105375406 ], [ 29.50885132603285, 40.789647431418587 ], [ 29.50885132603285, 40.789647431418587 ] ] ] } },
{ "type": "Feature", "properties": { "fid": 234, "line_id": 186, "line_type": "dashed_line" }, "geometry": { "type": "MultiLineString", "coordinates": [ [ [ 29.508873881729372, 40.789700461300839 ], [ 29.508827810519456, 40.789668547389795 ], [ 29.508827810519456, 40.789668547389795 ] ] ] } },
{ "type": "Feature", "properties": { "fid": 235, "line_id": 187, "line_type": "road_boundary_line" }, "geometry": { "type": "MultiLineString", "coordinates": [ [ [ 29.50885132603285, 40.789721817226265 ], [ 29.508852503823299, 40.789720702084246 ], [ 29.508807654365121, 40.789687503773045 ] ] ] } },
{ "type": "Feature", "properties": { "fid": 236, "line_id": 188, "line_type": "center_line" }, "geometry": { "type": "MultiLineString", "coordinates": [ [ [ 29.508862383802555, 40.789711347635802 ], [ 29.508817252533856, 40.789678385512758 ] ] ] } },
{ "type": "Feature", "properties": { "fid": 237, "line_id": 189, "line_type": "center_line" }, "geometry": { "type": "MultiLineString", "coordinates": [ [ [ 29.508883719852331, 40.789690383223672 ], [ 29.508840048184595, 40.789657509495761 ] ] ] } },
{ "type": "Feature", "properties": { "fid": 238, "line_id": 190, "line_type": "center_line" }, "geometry": { "type": "MultiLineString", "coordinates": [ [ [ 29.508863046630054, 40.789750253091697 ], [ 29.508863364793921, 40.789749547444288 ], [ 29.508863670717794, 40.78974883640484 ], [ 29.508863964310333, 40.789748120185642 ], [ 29.508864245483881, 40.789747399000539 ], [ 29.508864514154492, 40.789746673064855 ], [ 29.508864770241946, 40.789745942595331 ], [ 29.508865013669784, 40.78974520781005 ], [ 29.508865244365325, 40.789744468928411 ], [ 29.508865462259696, 40.789743726171011 ], [ 29.508865667287832, 40.789742979759609 ], [ 29.508865859388528, 40.789742229917067 ], [ 29.508866038504426, 40.789741476867263 ], [ 29.508866204582045, 40.789740720835027 ], [ 29.508866357571801, 40.789739962046092 ], [ 29.508866497428016, 40.789739200727006 ], [ 29.508866624108933, 40.789738437105072 ], [ 29.508866737576732, 40.789737671408282 ], [ 29.508866837797534, 40.789736903865247 ], [ 29.508866924741415, 40.789736134705137 ], [ 29.508866998382416, 40.789735364157593 ], [ 29.508867058698552, 40.789734592452682 ], [ 29.508867105671815, 40.789733819820796 ], [ 29.508867139288181, 40.789733046492628 ], [ 29.508867159537608, 40.789732272699069 ], [ 29.508867166414056, 40.789731498671145 ], [ 29.508867159915468, 40.789730724639952 ], [ 29.50886714004379, 40.789729950836595 ], [ 29.508867106804946, 40.789729177492113 ], [ 29.508867060208868, 40.78972840483739 ], [ 29.508867000269465, 40.789727633103119 ], [ 29.508866927004629, 40.789726862519721 ], [ 29.508866840436244, 40.789726093317256 ], [ 29.508866740590147, 40.789725325725392 ], [ 29.508866627496154, 40.789724559973301 ], [ 29.508866501188031, 40.789723796289614 ], [ 29.50886636170349, 40.789723034902345 ], [ 29.508866209084172, 40.789722276038816 ], [ 29.508866043375647, 40.789721519925592 ], [ 29.508865864627392, 40.789720766788442 ], [ 29.508865672892771, 40.789720016852208 ], [ 29.508865468229033, 40.789719270340811 ], [ 29.508865250697287, 40.789718527477127 ], [ 29.508865020362474, 40.789717788482953 ], [ 29.508864777293368, 40.789717053578926 ], [ 29.50886452156254, 40.789716322984475 ], [ 29.508864253246344, 40.789715596917716 ], [ 29.508863972424891, 40.789714875595443 ], [ 29.508863679182028, 40.789714159233007 ], [ 29.508863373605298, 40.789713448044303 ], [ 29.508863055785948, 40.789712742241655 ], [ 29.508862725818858, 40.789712042035802 ], [ 29.508862383802555, 40.789711347635802 ] ] ] } },
{ "type": "Feature", "properties": { "fid": 239, "line_id": 191, "line_type": "dashed_line" }, "geometry": { "type": "MultiLineString", "coordinates": [ [ [ 29.508876823989699, 40.789760586111427 ], [ 29.50887729594999, 40.789759715287659 ], [ 29.508877752758305, 40.789758836420937 ], [ 29.508878194277624, 40.789757949774881 ], [ 29.508878620375516, 40.789757055615418 ], [ 29.508879030924174, 40.789756154210764 ], [ 29.508879425800455, 40.789755245831287 ], [ 29.508879804885915, 40.789754330749453 ], [ 29.508880168066852, 40.789753409239744 ], [ 29.508880515234328, 40.789752481578546 ], [ 29.508880846284217, 40.789751548044123 ], [ 29.508881161117216, 40.789750608916478 ], [ 29.508881459638893, 40.789749664477299 ], [ 29.508881741759712, 40.789748715009878 ], [ 29.508882007395044, 40.789747760798988 ], [ 29.50888225646522, 40.78974680213085 ], [ 29.50888248889553, 40.789745839293012 ], [ 29.508882704616255, 40.789744872574275 ], [ 29.508882903562693, 40.789743902264604 ], [ 29.508883085675169, 40.789742928655031 ], [ 29.508883250899061, 40.789741952037595 ], [ 29.508883399184811, 40.789740972705225 ], [ 29.508883530487939, 40.789739990951674 ], [ 29.50888364476906, 40.789739007071411 ], [ 29.508883741993898, 40.789738021359547 ], [ 29.508883822133292, 40.789737034111745 ], [ 29.5088838851632, 40.789736045624117 ], [ 29.508883931064723, 40.789735056193173 ], [ 29.50888395982409, 40.789734066115678 ], [ 29.50888397143267, 40.789733075688602 ], [ 29.508883965886987, 40.789732085209025 ], [ 29.508883943188703, 40.78973109497403 ], [ 29.508883903344628, 40.789730105280647 ], [ 29.508883846366707, 40.789729116425718 ], [ 29.508883772272036, 40.78972812870586 ], [ 29.508883681082839, 40.78972714241732 ], [ 29.508883572826466, 40.789726157855938 ], [ 29.508883447535386, 40.789725175317038 ], [ 29.508883305247185, 40.789724195095317 ], [ 29.508883146004539, 40.789723217484799 ], [ 29.508882969855211, 40.789722242778709 ], [ 29.508882776852037, 40.789721271269407 ], [ 29.508882567052911, 40.789720303248295 ], [ 29.508882340520756, 40.789719339005728 ], [ 29.508882097323525, 40.789718378830919 ], [ 29.508881837534158, 40.789717423011879 ], [ 29.508881561230584, 40.789716471835305 ], [ 29.508881268495674, 40.789715525586487 ], [ 29.50888095941724, 40.789714584549259 ], [ 29.50888063408798, 40.789713649005876 ], [ 29.508880292605483, 40.789712719236945 ], [ 29.508879935072169, 40.789711795521363 ], [ 29.508879561595283, 40.789710878136184 ], [ 29.508879172286846, 40.789709967356579 ], [ 29.508878767263631, 40.789709063455732 ], [ 29.508878346647126, 40.789708166704763 ], [ 29.508877910563488, 40.789707277372649 ], [ 29.50887745914352, 40.789706395726142 ], [ 29.508876992522623, 40.789705522029685 ], [ 29.508876510840764, 40.789704656545354 ], [ 29.508876014242414, 40.789703799532731 ], [ 29.508875502876531, 40.789702951248891 ], [ 29.508874976896497, 40.789702111948252 ], [ 29.508874436460076, 40.789701281882579 ], [ 29.508873881729372, 40.789700461300839 ] ] ] } },
{ "type": "Feature", "properties": { "fid": 240, "line_id": 192, "line_type": "center_line" }, "geometry": { "type": "MultiLineString", "coordinates": [ [ [ 29.508889527788853, 40.789770113960792 ], [ 29.508890140160759, 40.789769098549101 ], [ 29.508890734839301, 40.789768072674988 ], [ 29.50889131164578, 40.789767036646737 ], [ 29.508891870406867, 40.789765990775656 ], [ 29.508892410954648, 40.789764935376041 ], [ 29.508892933126699, 40.789763870765029 ], [ 29.508893436766105, 40.789762797262533 ], [ 29.508893921721523, 40.78976171519114 ], [ 29.508894387847224, 40.78976062487601 ], [ 29.508894835003144, 40.789759526644772 ], [ 29.50889526305491, 40.789758420827454 ], [ 29.508895671873891, 40.789757307756339 ], [ 29.508896061337243, 40.789756187765917 ], [ 29.508896431327933, 40.789755061192729 ], [ 29.508896781734776, 40.789753928375312 ], [ 29.508897112452477, 40.789752789654067 ], [ 29.508897423381658, 40.78975164537119 ], [ 29.508897714428883, 40.789750495870528 ], [ 29.508897985506696, 40.789749341497505 ], [ 29.508898236533636, 40.789748182599006 ], [ 29.508898467434271, 40.789747019523276 ], [ 29.508898678139218, 40.789745852619816 ], [ 29.50889886858516, 40.789744682239281 ], [ 29.508899038714866, 40.789743508733359 ], [ 29.508899188477212, 40.789742332454693 ], [ 29.508899317827201, 40.789741153756758 ], [ 29.508899426725957, 40.789739972993729 ], [ 29.508899515140758, 40.789738790520438 ], [ 29.508899583045039, 40.789737606692213 ], [ 29.508899630418391, 40.789736421864788 ], [ 29.50889965724658, 40.789735236394208 ], [ 29.508899663521543, 40.789734050636696 ], [ 29.508899649241396, 40.789732864948562 ], [ 29.508899614410431, 40.78973167968612 ], [ 29.508899559039111, 40.789730495205525 ], [ 29.508899483144077, 40.789729311862722 ], [ 29.508899386748137, 40.789728130013287 ], [ 29.508899269880256, 40.789726950012373 ], [ 29.50889913257555, 40.789725772214567 ], [ 29.508898974875283, 40.789724596973791 ], [ 29.508898796826841, 40.789723424643199 ], [ 29.508898598483729, 40.789722255575079 ], [ 29.508898379905546, 40.789721090120729 ], [ 29.508898141157974, 40.789719928630369 ], [ 29.508897882312763, 40.789718771453025 ], [ 29.508897603447686, 40.789717618936415 ], [ 29.508897304646545, 40.789716471426878 ], [ 29.508896985999129, 40.789715329269235 ], [ 29.50889664760119, 40.789714192806706 ], [ 29.508896289554418, 40.789713062380777 ], [ 29.508895911966402, 40.789711938331159 ], [ 29.508895514950609, 40.789710820995616 ], [ 29.50889509862634, 40.7897097107099 ], [ 29.508894663118699, 40.789708607807661 ], [ 29.508894208558555, 40.789707512620311 ], [ 29.508893735082502, 40.78970642547695 ], [ 29.508893242832819, 40.789705346704267 ], [ 29.508892731957427, 40.789704276626424 ], [ 29.508892202609839, 40.789703215564977 ], [ 29.508891654949124, 40.789702163838776 ], [ 29.508891089139855, 40.789701121763862 ], [ 29.508890505352053, 40.789700089653373 ], [ 29.508889903761148, 40.789699067817459 ], [ 29.508889284547912, 40.789698056563175 ], [ 29.50888864789842, 40.789697056194399 ], [ 29.508887994003985, 40.789696067011747 ], [ 29.508887323061096, 40.789695089312453 ], [ 29.508886635271374, 40.789694123390326 ], [ 29.508885930841494, 40.789693169535617 ], [ 29.508885209983138, 40.789692228034966 ], [ 29.508884472912921, 40.789691299171274 ], [ 29.508883719852331, 40.789690383223672 ] ] ] } },
{ "type": "Feature", "properties": { "fid": 241, "line_id": 193, "line_type": "road_boundary_line" }, "geometry": { "type": "MultiLineString", "coordinates": [ [ [ 29.508902768368252, 40.789780044395343 ], [ 29.508903351552167, 40.78977941891079 ], [ 29.508903057255157, 40.789779729130956 ], [ 29.50890358140985, 40.789779142315254 ], [ 29.508904378717222, 40.789778226298843 ], [ 29.50890516005153, 40.7897772966205 ], [ 29.508905925178709, 40.789776353558722 ], [ 29.508906673869564, 40.789775397396014 ], [ 29.508907405899816, 40.789774428418802 ], [ 29.508908121050172, 40.789773446917359 ], [ 29.508908819106406, 40.789772453185698 ], [ 29.50890949985941, 40.789771447521503 ], [ 29.508910163105252, 40.789770430226035 ], [ 29.508910808645254, 40.789769401604033 ], [ 29.508911436286034, 40.789768361963624 ], [ 29.50891204583958, 40.789767311616259 ], [ 29.508912637123288, 40.789766250876568 ], [ 29.508913209960038, 40.789765180062304 ], [ 29.508913764178232, 40.789764099494256 ], [ 29.508914299611845, 40.789763009496106 ], [ 29.508914816100482, 40.789761910394375 ], [ 29.508915313489425, 40.789760802518316 ], [ 29.508915791629672, 40.789759686199801 ], [ 29.508916250377997, 40.78975856177324 ], [ 29.508916689596973, 40.789757429575459 ], [ 29.508917109155032, 40.789756289945629 ], [ 29.508917508926483, 40.789755143225129 ], [ 29.508917888791579, 40.789753989757479 ], [ 29.508918248636526, 40.789752829888201 ], [ 29.50891858835352, 40.789751663964751 ], [ 29.508918907840808, 40.789750492336402 ], [ 29.508919207002673, 40.789749315354115 ], [ 29.508919485749505, 40.78974813337048 ], [ 29.508919743997801, 40.789746946739562 ], [ 29.508919981670196, 40.789745755816831 ], [ 29.508920198695503, 40.789744560959036 ], [ 29.508920395008698, 40.789743362524121 ], [ 29.508920570550977, 40.789742160871079 ], [ 29.508920725269757, 40.789740956359886 ], [ 29.508920859118692, 40.789739749351362 ], [ 29.50892097205768, 40.789738540207075 ], [ 29.508921064052895, 40.789737329289238 ], [ 29.508921135076775, 40.789736116960597 ], [ 29.508921185108044, 40.789734903584325 ], [ 29.508921214131718, 40.789733689523885 ], [ 29.508921222139097, 40.789732475142969 ], [ 29.508921209127791, 40.789731260805361 ], [ 29.50892117510169, 40.78973004687483 ], [ 29.508921120070987, 40.78972883371501 ], [ 29.508921044052173, 40.789727621689323 ], [ 29.508920947068013, 40.789726411160849 ], [ 29.508920829147566, 40.789725202492207 ], [ 29.508920690326153, 40.789723996045467 ], [ 29.508920393505658, 40.789721877715522 ], [ 29.508920530645359, 40.789722792182033 ], [ 29.508920350153019, 40.789721591262541 ], [ 29.508920148903204, 40.789720393646725 ], [ 29.508919926956196, 40.789719199693359 ], [ 29.508919684378483, 40.789718009760094 ], [ 29.50891942124273, 40.789716824203389 ], [ 29.508919137627768, 40.789715643378393 ], [ 29.508918833618552, 40.789714467638831 ], [ 29.508918509306149, 40.78971329733691 ], [ 29.508918164787715, 40.789712132823205 ], [ 29.508917800166451, 40.789710974446564 ], [ 29.508917415551586, 40.789709822553981 ], [ 29.508917011058333, 40.789708677490516 ], [ 29.508916586807864, 40.789707539599192 ], [ 29.508916142927266, 40.789706409220884 ], [ 29.508915679549506, 40.789705286694186 ], [ 29.508915196813401, 40.789704172355385 ], [ 29.508914694863549, 40.78970306653828 ], [ 29.508914173850325, 40.789701969574132 ], [ 29.508913633929797, 40.789700881791553 ], [ 29.508913075263706, 40.789699803516392 ], [ 29.508912498019406, 40.789698735071667 ], [ 29.508911902369814, 40.789697676777429 ], [ 29.508911288493369, 40.789696628950715 ], [ 29.508910645832966, 40.789695579809141 ], [ 29.50891065657396, 40.789695591905399 ], [ 29.508910006800885, 40.789694565952153 ], [ 29.508909339368788, 40.789693551398301 ], [ 29.508908654477612, 40.789692548547762 ], [ 29.508907952332521, 40.789691557700962 ], [ 29.508907233143844, 40.789690579154708 ], [ 29.508906497127029, 40.789689613202135 ], [ 29.508905744502552, 40.789688660132612 ], [ 29.508904975495874, 40.789687720231633 ], [ 29.508904190337354, 40.78968679378076 ], [ 29.508903389262198, 40.789685881057522 ], [ 29.508902572510376, 40.789684982335324 ], [ 29.508901740326554, 40.789684097883402 ], [ 29.508900892960021, 40.789683227966691 ], [ 29.508900030664616, 40.789682372845796 ], [ 29.508899153698646, 40.789681532776868 ], [ 29.508898262324816, 40.789680708011552 ], [ 29.508897356810149, 40.789679898796933 ], [ 29.508896437425896, 40.789679105375406 ] ] ] } },
{ "type": "Feature", "properties": { "fid": 242, "line_id": 194, "line_type": "center_line" }, "geometry": { "type": "MultiLineString", "coordinates": [ [ [ 29.508883719852331, 40.789690383223672 ], [ 29.508884195471015, 40.789690811603222 ], [ 29.508884678454887, 40.789691231661259 ], [ 29.508885168658374, 40.789691643271162 ], [ 29.508885665933718, 40.789692046308879 ], [ 29.508886170131042, 40.789692440652928 ], [ 29.508886681098378, 40.789692826184456 ], [ 29.508887198681709, 40.789693202787248 ], [ 29.508887722725039, 40.789693570347808 ], [ 29.50888825307041, 40.789693928755334 ], [ 29.508888789557979, 40.789694277901816 ], [ 29.508889332026037, 40.789694617682002 ], [ 29.508889880311084, 40.789694947993489 ], [ 29.50889043424786, 40.789695268736722 ], [ 29.508890993669407, 40.789695579815017 ], [ 29.508891558407107, 40.78969588113462 ], [ 29.508892128290746, 40.7896961726047 ], [ 29.508892703148558, 40.78969645413742 ], [ 29.508893282807271, 40.789696725647914 ], [ 29.508893867092173, 40.789696987054342 ], [ 29.508894455827157, 40.789697238277931 ], [ 29.508895048834777, 40.789697479242946 ], [ 29.508895645936288, 40.789697709876762 ], [ 29.508896246951721, 40.789697930109867 ], [ 29.508896851699927, 40.789698139875874 ], [ 29.508897459998632, 40.78969833911156 ], [ 29.508898071664483, 40.789698527756883 ], [ 29.508898686513124, 40.789698705754972 ], [ 29.508899304359236, 40.789698873052181 ], [ 29.508899925016589, 40.78969902959809 ], [ 29.508900548298119, 40.789699175345504 ], [ 29.508901174015957, 40.789699310250505 ], [ 29.508901801981509, 40.789699434272421 ], [ 29.508902432005502, 40.789699547373885 ], [ 29.508903063898043, 40.789699649520792 ], [ 29.508903697468668, 40.789699740682359 ], [ 29.508904332526424, 40.789699820831117 ], [ 29.508904968879889, 40.789699889942895 ], [ 29.508905606337265, 40.789699947996873 ], [ 29.50890624470642, 40.78969999497555 ], [ 29.508906883794939, 40.789700030864765 ], [ 29.508907523410198, 40.789700055653704 ], [ 29.508908163359411, 40.789700069334891 ], [ 29.508908803449696, 40.7897000719042 ], [ 29.508909443488118, 40.789700063360868 ], [ 29.508910083281769, 40.789700043707455 ], [ 29.508910722637811, 40.789700012949893 ], [ 29.508911361363531, 40.789699971097463 ], [ 29.508911999266413, 40.789699918162761 ], [ 29.508912636154193, 40.789699854161746 ], [ 29.508913271834903, 40.789699779113718 ], [ 29.508913906116945, 40.789699693041285 ], [ 29.50891453880914, 40.789699595970404 ], [ 29.508915169720794, 40.789699487930321 ], [ 29.508915798661739, 40.789699368953599 ], [ 29.508916425442411, 40.789699239076114 ], [ 29.50891704987389, 40.789699098336996 ], [ 29.508917671767971, 40.789698946778671 ], [ 29.508918290937206, 40.78969878444682 ], [ 29.508918907194975, 40.789698611390371 ], [ 29.50891952035553, 40.789698427661484 ], [ 29.508920130234063, 40.789698233315541 ], [ 29.508920736646754, 40.789698028411109 ], [ 29.508921339410815, 40.789697813009965 ], [ 29.508921938344578, 40.78969758717701 ], [ 29.508922533267516, 40.789697350980333 ], [ 29.508923124000312, 40.789697104491111 ], [ 29.508923710364915, 40.789696847783645 ], [ 29.508924292184592, 40.789696580935306 ], [ 29.508924869283977, 40.789696304026528 ], [ 29.508925441489129, 40.78969601714077 ], [ 29.508926008627576, 40.789695720364506 ], [ 29.508926570528381, 40.789695413787179 ], [ 29.508927127022183, 40.789695097501202 ], [ 29.508927677941251, 40.789694771601901 ], [ 29.508928223119529, 40.78969443618751 ], [ 29.508928762392699, 40.789694091359117 ], [ 29.508929295598222, 40.789693737220659 ], [ 29.508929822575382, 40.789693373878883 ], [ 29.508930343165343, 40.789693001443304 ], [ 29.508930857211194, 40.789692620026166 ], [ 29.508931364558002, 40.789692229742435 ], [ 29.508931865052848, 40.789691830709749 ], [ 29.508932358544875, 40.789691423048382 ], [ 29.50893284488534, 40.789691006881206 ], [ 29.508933323927661, 40.789690582333648 ], [ 29.508933795527447, 40.789690149533676 ], [ 29.508934259542556, 40.789689708611746 ], [ 29.508934715833128, 40.789689259700744 ], [ 29.508935164261636, 40.789688802935984 ], [ 29.508935604692915, 40.789688338455136 ], [ 29.508936036994221, 40.789687866398197 ], [ 29.508936461035251, 40.789687386907445 ], [ 29.508936876688196, 40.789686900127414 ], [ 29.508937283827777, 40.789686406204815 ], [ 29.508937682331279, 40.789685905288522 ], [ 29.508938072078585, 40.789685397529517 ], [ 29.508938452952226, 40.789684883080838 ] ] ] } },
{ "type": "Feature", "properties": { "fid": 243, "line_id": 195, "line_type": "dashed_line" }, "geometry": { "type": "MultiLineString", "coordinates": [ [ [ 29.508873881729372, 40.789700461300839 ], [ 29.50887460456072, 40.789701075310283 ], [ 29.508875337921104, 40.789701676704745 ], [ 29.508876081590394, 40.789702265303703 ], [ 29.508876835345362, 40.789702840930495 ], [ 29.508877598959756, 40.789703403412318 ], [ 29.508878372204368, 40.789703952580346 ], [ 29.508879154847094, 40.789704488269734 ], [ 29.508879946653003, 40.789705010319686 ], [ 29.508880747384431, 40.789705518573491 ], [ 29.508881556801015, 40.789706012878604 ], [ 29.508882374659805, 40.789706493086634 ], [ 29.508883200715296, 40.789706959053454 ], [ 29.508884034719543, 40.789707410639181 ], [ 29.508884876422197, 40.789707847708272 ], [ 29.508885725570611, 40.78970827012953 ], [ 29.508886581909898, 40.789708677776169 ], [ 29.508887445183014, 40.789709070525809 ], [ 29.508888315130829, 40.789709448260574 ], [ 29.508889191492216, 40.789709810867066 ], [ 29.508890074004118, 40.78971015823646 ], [ 29.508890962401637, 40.789710490264468 ], [ 29.508891856418103, 40.789710806851446 ], [ 29.508892755785158, 40.789711107902349 ], [ 29.508893660232847, 40.789711393326819 ], [ 29.508894569489684, 40.789711663039178 ], [ 29.508895483282739, 40.789711916958474 ], [ 29.508896401337719, 40.78971215500848 ], [ 29.508897323379056, 40.789712377117745 ], [ 29.508898249129981, 40.789712583219597 ], [ 29.508899178312618, 40.78971277325217 ], [ 29.508900110648053, 40.789712947158428 ], [ 29.508901045856433, 40.789713104886161 ], [ 29.508901983657037, 40.78971324638804 ], [ 29.508902923768368, 40.789713371621573 ], [ 29.508903865908234, 40.789713480549182 ], [ 29.508904809793837, 40.789713573138165 ], [ 29.508905755141853, 40.789713649360728 ], [ 29.508906701668518, 40.789713709193997 ], [ 29.508907649089721, 40.789713752620003 ], [ 29.508908597121071, 40.789713779625721 ], [ 29.508909545478005, 40.789713790203038 ], [ 29.508910493875852, 40.789713784348784 ], [ 29.508911442029941, 40.789713762064714 ], [ 29.508912389655659, 40.789713723357515 ], [ 29.508913336468567, 40.789713668238804 ], [ 29.508914282184456, 40.789713596725136 ], [ 29.508915226519459, 40.789713508837963 ], [ 29.508916169190115, 40.789713404603681 ], [ 29.508917109913465, 40.789713284053562 ], [ 29.508918048407136, 40.789713147223807 ], [ 29.508918984389421, 40.789712994155472 ], [ 29.508919917579369, 40.789712824894515 ], [ 29.508920847696867, 40.789712639491739 ], [ 29.508921774462724, 40.789712438002795 ], [ 29.508922697598759, 40.789712220488163 ], [ 29.508923616827872, 40.789711987013135 ], [ 29.508924531874143, 40.789711737647792 ], [ 29.508925442462903, 40.789711472466983 ], [ 29.508926348320827, 40.78971119155031 ], [ 29.508927249176001, 40.7897108949821 ], [ 29.50892814475802, 40.789710582851356 ], [ 29.508929034798062, 40.789710255251791 ], [ 29.508929919028962, 40.789709912281722 ], [ 29.508930797185304, 40.789709554044109 ], [ 29.508931669003495, 40.789709180646476 ], [ 29.508932534221845, 40.789708792200912 ], [ 29.508933392580641, 40.789708388824003 ], [ 29.508934243822235, 40.78970797063684 ], [ 29.508935087691111, 40.789707537764954 ], [ 29.508935923933965, 40.789707090338268 ], [ 29.508936752299785, 40.789706628491082 ], [ 29.508937572539924, 40.789706152362044 ], [ 29.508938384408172, 40.789705662094057 ], [ 29.508939187660836, 40.789705157834291 ], [ 29.508939982056798, 40.789704639734104 ], [ 29.508940767357615, 40.789704107949014 ], [ 29.508941543327559, 40.789703562638643 ], [ 29.508942309733712, 40.789703003966686 ], [ 29.508943066346024, 40.789702432100825 ], [ 29.508943812937385, 40.789701847212726 ], [ 29.508944549283694, 40.789701249477943 ], [ 29.508945625848177, 40.78970034275978 ], [ 29.508945275163921, 40.789700639075903 ], [ 29.508945990360179, 40.789700016189833 ], [ 29.508946694657794, 40.789699381006692 ], [ 29.508947387845357, 40.789698733717145 ], [ 29.508948069714798, 40.789698074515492 ], [ 29.508948740061438, 40.789697403599604 ], [ 29.508949398684059, 40.789696721170863 ], [ 29.508950045384974, 40.789696027434104 ], [ 29.508950679970056, 40.789695322597581 ], [ 29.508951302248825, 40.789694606872857 ] ] ] } },
{ "type": "Feature", "properties": { "fid": 244, "line_id": 196, "line_type": "center_line" }, "geometry": { "type": "MultiLineString", "coordinates": [ [ [ 29.508862383802555, 40.789711347635802 ], [ 29.508863282852445, 40.789712169532123 ], [ 29.508864196044449, 40.789712975686356 ], [ 29.508865123102957, 40.789713765855197 ], [ 29.50886606374819, 40.789714539800173 ], [ 29.508867017696254, 40.7897152972877 ], [ 29.508867984659254, 40.789716038089182 ], [ 29.508868964345353, 40.78971676198104 ], [ 29.508869956458888, 40.789717468744797 ], [ 29.508870960700435, 40.789718158167162 ], [ 29.508871976766912, 40.789718830040052 ], [ 29.508873004351674, 40.789719484160713 ], [ 29.508874043144591, 40.789720120331715 ], [ 29.508875092832159, 40.789720738361076 ], [ 29.508876153097578, 40.789721338062265 ], [ 29.508877223620864, 40.789721919254291 ], [ 29.508878304078927, 40.78972248176175 ], [ 29.508879394145687, 40.789723025414887 ], [ 29.508880493492164, 40.789723550049615 ], [ 29.50888160178657, 40.789724055507612 ], [ 29.508882718694426, 40.789724541636318 ], [ 29.508883843878646, 40.789725008289025 ], [ 29.508884976999646, 40.789725455324891 ], [ 29.508886117715456, 40.789725882609012 ], [ 29.508887265681803, 40.789726290012425 ], [ 29.508888420552232, 40.789726677412176 ], [ 29.508889581978202, 40.789727044691347 ], [ 29.508890749609193, 40.789727391739099 ], [ 29.508891923092815, 40.789727718450692 ], [ 29.508893102074911, 40.789728024727516 ], [ 29.508894286199663, 40.789728310477138 ], [ 29.5088954751097, 40.789728575613331 ], [ 29.508896668446209, 40.789728820056062 ], [ 29.508897865849043, 40.789729043731569 ], [ 29.508899066956822, 40.789729246572335 ], [ 29.50890027140705, 40.789729428517155 ], [ 29.508901478836229, 40.789729589511111 ], [ 29.508902688879953, 40.789729729505609 ], [ 29.508903901173031, 40.789729848458414 ], [ 29.508905115349592, 40.789729946333615 ], [ 29.508906331043196, 40.789730023101676 ], [ 29.508907547886949, 40.789730078739431 ], [ 29.508908765513603, 40.789730113230085 ], [ 29.508909983555679, 40.789730126563228 ], [ 29.508911201645574, 40.789730118734838 ], [ 29.508912419415665, 40.78973008974728 ], [ 29.508914207193683, 40.789729996123334 ], [ 29.508913636498431, 40.789730039609296 ], [ 29.508915800512145, 40.789729893612908 ], [ 29.508914852526555, 40.789729968336026 ], [ 29.508916067133036, 40.789729875948971 ], [ 29.508917279951309, 40.789729762476021 ], [ 29.508918490615343, 40.789729627951417 ], [ 29.508919698759762, 40.789729472415758 ], [ 29.508920904019945, 40.789729295915997 ], [ 29.508922106032145, 40.789729098505383 ], [ 29.508923304433591, 40.789728880243509 ], [ 29.508924498862608, 40.789728641196241 ], [ 29.508925688958719, 40.789728381435722 ], [ 29.508926874362746, 40.789728101040353 ], [ 29.508928054716939, 40.789727800094752 ], [ 29.508929229665064, 40.789727478689748 ], [ 29.508930398852524, 40.789727136922338 ], [ 29.508931561926453, 40.789726774895676 ], [ 29.508932718535839, 40.789726392719011 ], [ 29.508933868331614, 40.789725990507684 ], [ 29.508935010966773, 40.789725568383091 ], [ 29.508936146096463, 40.789725126472625 ], [ 29.508937273378105, 40.789724664909656 ], [ 29.508938392471485, 40.789724183833485 ], [ 29.508939503038857, 40.789723683389298 ], [ 29.508940604745053, 40.789723163728127 ], [ 29.50894169725758, 40.78972262500681 ], [ 29.508942780246713, 40.789722067387935 ], [ 29.50894385338561, 40.789721491039792 ], [ 29.508944916350394, 40.789720896136316 ], [ 29.50894596882026, 40.789720282857054 ], [ 29.508947010477577, 40.789719651387095 ], [ 29.508948041007969, 40.789719001917014 ], [ 29.508949060100424, 40.789718334642821 ], [ 29.508950067447376, 40.789717649765905 ], [ 29.50895106274481, 40.789716947492956 ], [ 29.508952045692343, 40.789716228035928 ], [ 29.508953015993324, 40.789715491611943 ], [ 29.50895397335491, 40.789714738443259 ], [ 29.508954917488175, 40.789713968757184 ], [ 29.508955848108176, 40.789713182786009 ], [ 29.508956764934055, 40.789712380766943 ], [ 29.508957667689106, 40.789711562942031 ], [ 29.508958556100886, 40.789710729558088 ], [ 29.508959429901267, 40.789709880866646 ], [ 29.508960288826536, 40.789709017123826 ], [ 29.508961132617468, 40.789708138590314 ], [ 29.508961961019409, 40.78970724553124 ], [ 29.508962773782347, 40.789706338216149 ], [ 29.508963570660985, 40.789705416918849 ], [ 29.508964351414832, 40.789704481917404 ] ] ] } },
{ "type": "Feature", "properties": { "fid": 245, "line_id": 197, "line_type": "road_boundary_line" }, "geometry": { "type": "MultiLineString", "coordinates": [ [ [ 29.508852503823299, 40.789720702084246 ], [ 29.508853503169149, 40.789721708050827 ], [ 29.508854519768715, 40.789722696578124 ], [ 29.508855553317712, 40.789723667370261 ], [ 29.508856603506782, 40.78972462013666 ], [ 29.508857670021591, 40.789725554592145 ], [ 29.508858752542913, 40.789726470457026 ], [ 29.508859850746738, 40.789727367457168 ], [ 29.508860964304358, 40.789728245324085 ], [ 29.508862092882467, 40.789729103795025 ], [ 29.508863236143263, 40.789729942613029 ], [ 29.50886439374456, 40.789730761527025 ], [ 29.508865565339864, 40.789731560291912 ], [ 29.508866750578502, 40.789732338668593 ], [ 29.508867949105717, 40.789733096424101 ], [ 29.508869160562774, 40.789733833331624 ], [ 29.508870384587063, 40.789734549170596 ], [ 29.508871620812219, 40.78973524372676 ], [ 29.50887286886822, 40.789735916792218 ], [ 29.508874128381507, 40.789736568165516 ], [ 29.508875398975089, 40.789737197651689 ], [ 29.508876680268664, 40.789737805062323 ], [ 29.508877971878714, 40.789738390215611 ], [ 29.508879273418646, 40.78973895293641 ], [ 29.508880584498893, 40.789739493056281 ], [ 29.50888190472703, 40.789740010413574 ], [ 29.508883233707891, 40.78974050485342 ], [ 29.508884571043694, 40.78974097622784 ], [ 29.508885916334158, 40.789741424395743 ], [ 29.508887269176618, 40.789741849222978 ], [ 29.508888629166144, 40.789742250582385 ], [ 29.508889995895679, 40.789742628353849 ], [ 29.508891368956139, 40.789742982424286 ], [ 29.508892747936542, 40.789743312687719 ], [ 29.50889413242415, 40.789743619045296 ], [ 29.508895522004558, 40.789743901405316 ], [ 29.50889691626185, 40.789744159683273 ], [ 29.508898314778701, 40.789744393801854 ], [ 29.508899717136519, 40.789744603690984 ], [ 29.508901122915557, 40.789744789287845 ], [ 29.508902531695043, 40.789744950536885 ], [ 29.508903943053312, 40.789745087389832 ], [ 29.508905356567926, 40.789745199805729 ], [ 29.508906771815795, 40.789745287750932 ], [ 29.508908188373322, 40.789745351199116 ], [ 29.508909605816505, 40.789745390131287 ], [ 29.50891102372109, 40.789745404535793 ], [ 29.50891244166267, 40.789745394408328 ], [ 29.508913859216843, 40.789745359751912 ], [ 29.508915275959307, 40.789745300576925 ], [ 29.50891669146602, 40.789745216901082 ], [ 29.508918105313292, 40.789745108749422 ], [ 29.508919517077945, 40.789744976154324 ], [ 29.508920926337417, 40.789744819155466 ], [ 29.508922332669894, 40.789744637799849 ], [ 29.508923735654442, 40.789744432141745 ], [ 29.508925134871127, 40.789744202242723 ], [ 29.508926529901146, 40.789743948171584 ], [ 29.508927920326943, 40.789743670004384 ], [ 29.508929305732348, 40.789743367824371 ], [ 29.508930685702691, 40.789743041722005 ], [ 29.508932059824922, 40.789742691794885 ], [ 29.508933427687747, 40.789742318147745 ], [ 29.508934788881749, 40.789741920892439 ], [ 29.508936142999502, 40.789741500147855 ], [ 29.508937489635702, 40.789741056039929 ], [ 29.508938828387276, 40.789740588701605 ], [ 29.508940158853523, 40.789740098272745 ], [ 29.50894148063621, 40.789739584900147 ], [ 29.508942793339713, 40.789739048737474 ], [ 29.508944096571117, 40.789738489945208 ], [ 29.508945389940351, 40.789737908690597 ], [ 29.50894667306029, 40.789737305147625 ], [ 29.508947945546879, 40.78973667949694 ], [ 29.508949207019239, 40.789736031925806 ], [ 29.5089504570998, 40.789735362628051 ], [ 29.508951695414392, 40.789734671804005 ], [ 29.508952921592375, 40.789733959660438 ], [ 29.508954135266727, 40.789733226410512 ], [ 29.508955336074187, 40.789732472273691 ], [ 29.508956523655332, 40.789731697475702 ], [ 29.508957697654704, 40.789730902248458 ], [ 29.508958857720906, 40.789730086829977 ], [ 29.508960003506719, 40.78972925146433 ], [ 29.508961134669185, 40.789728396401543 ], [ 29.50896225086974, 40.789727521897554 ], [ 29.50896335177428, 40.789726628214119 ], [ 29.508964437053297, 40.789725715618729 ], [ 29.508965506381948, 40.789724784384532 ], [ 29.508966559440172, 40.789723834790259 ], [ 29.508967595912765, 40.78972286712014 ], [ 29.508968615489501, 40.789721881663816 ], [ 29.508969617865208, 40.789720878716238 ], [ 29.508970602739861, 40.78971985857762 ], [ 29.508971569818669, 40.789718821553279 ], [ 29.508972518812175, 40.789717767953633 ], [ 29.508973449436333, 40.789716698094026 ], [ 29.508974361412587, 40.789715612294685 ], [ 29.50897525446798, 40.789714510880614 ], [ 29.508976128335199, 40.789713394181469 ] ] ] } },
{ "type": "Feature", "properties": { "fid": 246, "line_id": 198, "line_type": "road_boundary_line" }, "geometry": { "type": "MultiLineString", "coordinates": [ [ [ 29.50885132603285, 40.789647431418587 ], [ 29.508851092158011, 40.78964683412643 ], [ 29.50885086839352, 40.789646232973524 ], [ 29.508850654803073, 40.789645628130998 ], [ 29.508850451447476, 40.789645019771022 ], [ 29.508850258384609, 40.789644408066771 ], [ 29.508850075669436, 40.789643793192376 ], [ 29.508849903353962, 40.789643175322858 ], [ 29.508849741487246, 40.789642554634106 ], [ 29.508849590115357, 40.789641931302803 ], [ 29.508849449281389, 40.789641305506386 ], [ 29.508849319025433, 40.789640677423002 ], [ 29.50884919938456, 40.789640047231423 ], [ 29.508849090392836, 40.789639415111047 ], [ 29.50884899208128, 40.78963878124182 ], [ 29.508848904477883, 40.789638145804176 ], [ 29.508848827607576, 40.789637508978991 ], [ 29.508848761492242, 40.789636870947547 ], [ 29.508848706150708, 40.789636231891464 ], [ 29.508848661598719, 40.789635591992656 ], [ 29.508848627848959, 40.789634951433285 ], [ 29.508848604911041, 40.789634310395677 ], [ 29.508848592791487, 40.789633669062319 ], [ 29.508848591493752, 40.789633027615764 ], [ 29.508848601018205, 40.789632386238623 ], [ 29.50884862136213, 40.789631745113446 ], [ 29.508848652519742, 40.789631104422753 ], [ 29.508848694482165, 40.789630464348917 ], [ 29.508848747237462, 40.789629825074144 ], [ 29.508848810770608, 40.789629186780402 ] ] ] } },
{ "type": "Feature", "properties": { "fid": 247, "line_id": 199, "line_type": "center_line" }, "geometry": { "type": "MultiLineString", "coordinates": [ [ [ 29.508840048184595, 40.789657509495761 ], [ 29.508839707550592, 40.789657172672491 ], [ 29.508839372819793, 40.789656829982064 ], [ 29.508839044093232, 40.789656481527921 ], [ 29.508838721470148, 40.789656127415249 ], [ 29.508838405047921, 40.789655767750943 ], [ 29.508838094922069, 40.789655402643568 ], [ 29.508837791186206, 40.789655032203335 ], [ 29.50883749393202, 40.789654656542069 ], [ 29.508837203249236, 40.789654275773159 ], [ 29.508836919225605, 40.789653890011557 ], [ 29.508836641946857, 40.789653499373699 ], [ 29.508836371496695, 40.789653103977507 ], [ 29.508836107956753, 40.78965270394233 ], [ 29.508835851406591, 40.789652299388933 ], [ 29.508835601923643, 40.78965189043943 ], [ 29.508835359583223, 40.789651477217262 ], [ 29.508835124458482, 40.789651059847166 ], [ 29.508834896620396, 40.789650638455129 ], [ 29.508834676137742, 40.789650213168358 ], [ 29.508834463077068, 40.789649784115227 ], [ 29.508834257502695, 40.789649351425247 ], [ 29.508834059476676, 40.789648915229037 ], [ 29.508833869058787, 40.789648475658261 ], [ 29.508833686306509, 40.789648032845612 ], [ 29.508833511275004, 40.789647586924751 ], [ 29.508833344017109, 40.78964713803029 ], [ 29.508833184583313, 40.789646686297736 ], [ 29.508833033021745, 40.789646231863436 ], [ 29.508832889378152, 40.789645774864582 ], [ 29.508832753695895, 40.78964531543911 ], [ 29.508832626015931, 40.789644853725704 ], [ 29.508832506376798, 40.789644389863746 ], [ 29.508832394814618, 40.789643923993246 ], [ 29.508832291363063, 40.789643456254844 ], [ 29.508832196053362, 40.789642986789723 ], [ 29.508832108914284, 40.789642515739594 ], [ 29.508832029972133, 40.789642043246658 ], [ 29.508831959250738, 40.789641569453536 ], [ 29.508831896771447, 40.789641094503246 ], [ 29.508831842553121, 40.78964061853916 ], [ 29.508831796612128, 40.789640141704943 ], [ 29.508831758962334, 40.789639664144552 ], [ 29.508831729615103, 40.789639186002127 ], [ 29.508831708579294, 40.789638707422 ], [ 29.508831695861257, 40.789638228548647 ], [ 29.508831691464831, 40.789637749526605 ], [ 29.508831695391347, 40.789637270500492 ], [ 29.508831707639612, 40.789636791614889 ], [ 29.508831728205937, 40.789636313014363 ], [ 29.508831757084106, 40.789635834843374 ], [ 29.508831794265408, 40.789635357246276 ], [ 29.508831839738619, 40.789634880367224 ], [ 29.508831893490008, 40.789634404350181 ], [ 29.508831955503354, 40.789633929338827 ], [ 29.508832025759933, 40.789633455476555 ], [ 29.508832104238543, 40.789632982906404 ], [ 29.508832190915491, 40.789632511771025 ], [ 29.508832285764612, 40.789632042212638 ], [ 29.508832388757277, 40.789631574372969 ], [ 29.508832499862397, 40.789631108393259 ], [ 29.508832619046434, 40.78963064441416 ], [ 29.508832746273406, 40.789630182575728 ], [ 29.508832881504912, 40.789629723017377 ], [ 29.508833024700131, 40.789629265877828 ], [ 29.508833175815841, 40.789628811295067 ], [ 29.508833334806422, 40.789628359406329 ], [ 29.508833501623879, 40.78962791034801 ], [ 29.508833676217861, 40.789627464255659 ], [ 29.508833858535663, 40.789627021263946 ], [ 29.508834048522253, 40.789626581506589 ], [ 29.50883424612028, 40.78962614511633 ], [ 29.508834451270097, 40.789625712224897 ], [ 29.508834663909774, 40.789625282962966 ], [ 29.50883488397513, 40.789624857460112 ], [ 29.50883511139973, 40.789624435844772 ], [ 29.508835346114928, 40.789624018244226 ], [ 29.50883558804987, 40.789623604784531 ], [ 29.508835837131524, 40.78962319559048 ], [ 29.50883609328471, 40.789622790785607 ], [ 29.508836356432099, 40.789622390492099 ], [ 29.508836626494254, 40.789621994830796 ], [ 29.508836903389664, 40.78962160392112 ], [ 29.508837187034736, 40.789621217881084 ], [ 29.508837477343853, 40.789620836827204 ], [ 29.508837774229384, 40.789620460874524 ], [ 29.508838077601705, 40.789620090136509 ], [ 29.508838387369249, 40.789619724725085 ], [ 29.508838703438499, 40.78961936475055 ], [ 29.508839025714053, 40.789619010321559 ] ] ] } },
{ "type": "Feature", "properties": { "fid": 248, "line_id": 200, "line_type": "dashed_line" }, "geometry": { "type": "MultiLineString", "coordinates": [ [ [ 29.508827810519456, 40.789668547389795 ], [ 29.508827287914489, 40.789668153275286 ], [ 29.508826295864257, 40.789667353257997 ], [ 29.508826772233391, 40.789667750143536 ], [ 29.50882626363174, 40.789667338116161 ], [ 29.508825762262958, 40.789666917317462 ], [ 29.508825268278308, 40.789666487874378 ], [ 29.508824781826803, 40.78966604991647 ], [ 29.508824303055199, 40.789665603575848 ], [ 29.508823832107925, 40.789665148987169 ], [ 29.508823369127061, 40.789664686287573 ], [ 29.508822914252274, 40.789664215616639 ], [ 29.508822467620789, 40.789663737116364 ], [ 29.508822029367341, 40.789663250931092 ], [ 29.508821599624145, 40.789662757207502 ], [ 29.50882117852084, 40.789662256094537 ], [ 29.508820766184467, 40.789661747743367 ], [ 29.508820362739414, 40.789661232307346 ], [ 29.508819968307392, 40.789660709941977 ], [ 29.508819583007394, 40.789660180804837 ], [ 29.508819206955653, 40.789659645055565 ], [ 29.508818840265615, 40.789659102855772 ], [ 29.5088184830479, 40.789658554369026 ], [ 29.508818135410277, 40.789657999760806 ], [ 29.508817797457613, 40.789657439198415 ], [ 29.508817469291866, 40.789656872850955 ], [ 29.508817151012035, 40.789656300889291 ], [ 29.508816842714133, 40.789655723485964 ], [ 29.508816544491172, 40.789655140815164 ], [ 29.508816256433114, 40.789654553052664 ], [ 29.50881597862686, 40.78965396037578 ], [ 29.508815711156217, 40.789653362963314 ], [ 29.508815454101875, 40.789652760995487 ], [ 29.508815207541385, 40.789652154653901 ], [ 29.508814971549121, 40.789651544121469 ], [ 29.508814746196283, 40.789650929582372 ], [ 29.508814531550851, 40.789650311222012 ], [ 29.508814327677577, 40.789649689226927 ], [ 29.508814134637969, 40.789649063784758 ], [ 29.508813952490261, 40.789648435084182 ], [ 29.508813781289398, 40.789647803314871 ], [ 29.508813621087032, 40.789647168667408 ], [ 29.508813471931489, 40.789646531333254 ], [ 29.508813333867771, 40.789645891504676 ], [ 29.508813206937521, 40.789645249374693 ], [ 29.508813091179039, 40.789644605137028 ], [ 29.508812986627241, 40.789643958986026 ], [ 29.508812893313667, 40.789643311116613 ], [ 29.50881281126647, 40.789642661724237 ], [ 29.5088127405104, 40.789642011004808 ], [ 29.508812681066807, 40.789641359154629 ], [ 29.508812632953617, 40.789640706370342 ], [ 29.508812596185351, 40.789640052848888 ], [ 29.508812570773095, 40.789639398787408 ], [ 29.508812556724518, 40.789638744383225 ], [ 29.50881255404386, 40.789638089833751 ], [ 29.508812562731926, 40.789637435336452 ], [ 29.508812582786099, 40.789636781088767 ], [ 29.508812614200327, 40.789636127288077 ], [ 29.50881265696513, 40.789635474131607 ], [ 29.508812711067613, 40.789634821816406 ], [ 29.508812776491453, 40.789634170539266 ], [ 29.508812853216909, 40.78963352049665 ], [ 29.508812941220839, 40.789632871884663 ], [ 29.508813040476692, 40.78963222489898 ], [ 29.508813150954527, 40.789631579734774 ], [ 29.508813272621012, 40.78963093658669 ], [ 29.508813405439447, 40.789630295648735 ], [ 29.508813549369766, 40.789629657114268 ], [ 29.508813704368542, 40.789629021175926 ], [ 29.508813870389019, 40.789628388025548 ], [ 29.508814047381112, 40.789627757854142 ], [ 29.508814235291428, 40.789627130851819 ], [ 29.508814434063275, 40.789626507207728 ], [ 29.508814643636697, 40.789625887110013 ], [ 29.508814863948462, 40.789625270745731 ], [ 29.50881509493211, 40.789624658300831 ], [ 29.508815336517962, 40.789624049960075 ], [ 29.50881558863313, 40.789623445906983 ], [ 29.508815851201568, 40.78962284632378 ], [ 29.508816124144055, 40.78962225139135 ], [ 29.508816407378255, 40.789621661289168 ], [ 29.508816700818727, 40.789621076195253 ], [ 29.50881700437694, 40.789620496286112 ], [ 29.50881731796132, 40.789619921736694 ], [ 29.508817641477268, 40.789619352720322 ], [ 29.508817974827188, 40.789618789408664 ], [ 29.508818317910514, 40.789618231971644 ], [ 29.508818670623747, 40.789617680577429 ], [ 29.50881903286048, 40.789617135392376 ], [ 29.508819404511438, 40.789616596580935 ], [ 29.508819785464503, 40.789616064305669 ], [ 29.508820175604747, 40.789615538727141 ], [ 29.508820574814475, 40.789615020003907 ], [ 29.508820982973258, 40.789614508292459 ], [ 29.508821399957963, 40.789614003747161 ], [ 29.508821825642798, 40.789613506520233 ], [ 29.508822259899336, 40.789613016761663 ], [ 29.508822702596582, 40.789612534619209 ], [ 29.508823153600982, 40.789612060238312 ], [ 29.508823612776474, 40.789611593762096 ], [ 29.508824079984542, 40.78961113533127 ], [ 29.508824555084239, 40.789610685084142 ], [ 29.508825037932237, 40.789610243156531 ], [ 29.508825528382875, 40.789609809681771 ], [ 29.508826026288194, 40.789609384790616 ], [ 29.508826531497988, 40.789608968611248 ], [ 29.508827043859846, 40.789608561269226 ], [ 29.508827563219207, 40.789608162887433 ] ] ] } },
{ "type": "Feature", "properties": { "fid": 249, "line_id": 201, "line_type": "center_line" }, "geometry": { "type": "MultiLineString", "coordinates": [ [ [ 29.508817252533856, 40.789678385512758 ], [ 29.508816551424477, 40.789677730396718 ], [ 29.50881586185465, 40.789677063145014 ], [ 29.508815184034408, 40.789676383960867 ], [ 29.508814518170194, 40.789675693051151 ], [ 29.508813864464827, 40.789674990626295 ], [ 29.508813223117404, 40.789674276900257 ], [ 29.508812594323267, 40.789673552090406 ], [ 29.508811978273936, 40.789672816417507 ], [ 29.508811375157045, 40.789672070105645 ], [ 29.508810785156296, 40.789671313382115 ], [ 29.508810208451383, 40.78967054647741 ], [ 29.508809645217966, 40.789669769625107 ], [ 29.508809095627587, 40.789668983061816 ], [ 29.508808559847648, 40.789668187027118 ], [ 29.508808038041327, 40.789667381763465 ], [ 29.508807530367566, 40.789666567516122 ], [ 29.508807036980983, 40.789665744533096 ], [ 29.508806558031857, 40.789664913065046 ], [ 29.508806093666067, 40.789664073365216 ], [ 29.508805644025049, 40.789663225689374 ], [ 29.508805209245754, 40.789662370295694 ], [ 29.508804789460605, 40.789661507444713 ], [ 29.508804384797461, 40.789660637399237 ], [ 29.508803995379573, 40.789659760424271 ], [ 29.508803621325555, 40.789658876786916 ], [ 29.508803262749328, 40.78965798675631 ], [ 29.508802919760114, 40.789657090603548 ], [ 29.508802592462377, 40.789656188601562 ], [ 29.508802280955802, 40.789655281025098 ], [ 29.508801985335275, 40.789654368150579 ], [ 29.508801705690832, 40.789653450256047 ], [ 29.508801442107647, 40.78965252762108 ], [ 29.508801194665999, 40.789651600526682 ], [ 29.508800963441256, 40.789650669255238 ], [ 29.508800748503848, 40.789649734090389 ], [ 29.508800549919236, 40.789648795316964 ], [ 29.508800367747906, 40.789647853220906 ], [ 29.508800202045343, 40.789646908089146 ], [ 29.508800052862018, 40.789645960209555 ], [ 29.508799920243369, 40.789645009870831 ], [ 29.508799804229788, 40.789644057362445 ], [ 29.508799649698439, 40.789642370171073 ], [ 29.50879970485661, 40.789643102974495 ], [ 29.508799622154104, 40.789642146997672 ], [ 29.508799556147455, 40.789641189723156 ], [ 29.508799506856775, 40.789640231442498 ], [ 29.508799474297067, 40.78963927244758 ], [ 29.508799458478258, 40.789638313030494 ], [ 29.508799459405161, 40.78963735348345 ], [ 29.508799477077492, 40.789636394098714 ], [ 29.508799511489872, 40.789635435168492 ], [ 29.508799562631815, 40.789634476984851 ], [ 29.508799630487751, 40.78963351983964 ], [ 29.508799715037007, 40.78963256402438 ], [ 29.508799816253834, 40.789631609830202 ], [ 29.508799934107405, 40.789630657547718 ], [ 29.508800068561818, 40.789629707466986 ], [ 29.508800219576123, 40.789628759877381 ], [ 29.50880038710433, 40.789627815067512 ], [ 29.508800571095406, 40.789626873325155 ], [ 29.508800771493316, 40.789625934937142 ], [ 29.50880098823702, 40.789625000189289 ], [ 29.508801221260505, 40.789624069366297 ], [ 29.508801470492795, 40.78962314275168 ], [ 29.508801735857976, 40.789622220627663 ], [ 29.508802017275229, 40.789621303275105 ], [ 29.508802314658841, 40.789620390973411 ], [ 29.508802627918225, 40.789619484000461 ], [ 29.508802956957982, 40.789618582632485 ], [ 29.508803301677883, 40.78961768714403 ], [ 29.508803661972937, 40.789616797807838 ], [ 29.508804037733409, 40.789615914894789 ], [ 29.508804428844844, 40.789615038673794 ], [ 29.508804835188119, 40.789614169411735 ], [ 29.508805256639477, 40.789613307373372 ], [ 29.508805693070542, 40.789612452821267 ], [ 29.508806144348394, 40.789611606015683 ], [ 29.508806610335579, 40.789610767214562 ], [ 29.508807090890169, 40.789609936673372 ], [ 29.508807585865796, 40.789609114645074 ], [ 29.5088080951117, 40.789608301380056 ], [ 29.508808618472777, 40.789607497126013 ], [ 29.508809155789624, 40.789606702127905 ], [ 29.508809706898578, 40.78960591662787 ], [ 29.508810271631791, 40.789605140865156 ], [ 29.508810849817252, 40.789604375076053 ], [ 29.508811441278858, 40.789603619493789 ], [ 29.508812045836461, 40.78960287434851 ], [ 29.508812663305928, 40.789602139867171 ], [ 29.508813293499191, 40.78960141627347 ], [ 29.508813936224307, 40.789600703787812 ], [ 29.508814591285507, 40.789600002627196 ], [ 29.508815258483281, 40.789599313005191 ], [ 29.508815937614415, 40.789598635131831 ], [ 29.508816628472054, 40.789597969213588 ], [ 29.50881733084578, 40.789597315453285 ] ] ] } },
{ "type": "Feature", "properties": { "fid": 250, "line_id": 202, "line_type": "road_boundary_line" }, "geometry": { "type": "MultiLineString", "coordinates": [ [ [ 29.508807654365121, 40.789687503773045 ], [ 29.508806782095114, 40.789686755187375 ], [ 29.508805922913641, 40.789685991615066 ], [ 29.508805077078158, 40.789685213284933 ], [ 29.508804244842114, 40.789684420430191 ], [ 29.508803426454897, 40.789683613288425 ], [ 29.508802622161731, 40.789682792101495 ], [ 29.508801832203627, 40.789681957115469 ], [ 29.508801056817294, 40.789681108580552 ], [ 29.508800296235076, 40.789680246751011 ], [ 29.508799550684884, 40.789679371885086 ], [ 29.508798820390123, 40.789678484244938 ], [ 29.508798105569628, 40.789677584096545 ], [ 29.508797406437591, 40.789676671709643 ], [ 29.508796723203506, 40.78967574735762 ], [ 29.508796056072111, 40.789674811317461 ], [ 29.508795405243308, 40.789673863869659 ], [ 29.508794770912118, 40.789672905298112 ], [ 29.508794153268624, 40.789671935890055 ], [ 29.508793552497895, 40.789670955935975 ], [ 29.508792968779957, 40.789669965729509 ], [ 29.508792402289721, 40.78966896556738 ], [ 29.508791853196936, 40.789667955749287 ], [ 29.508791321666141, 40.789666936577817 ], [ 29.508790807856602, 40.789665908358373 ], [ 29.50879031192229, 40.789664871399054 ], [ 29.508789834011807, 40.789663826010589 ], [ 29.50878937426836, 40.789662772506233 ], [ 29.508788932829713, 40.78966171120166 ], [ 29.508788509828143, 40.789660642414901 ], [ 29.508788105390401, 40.789659566466213 ], [ 29.508787719637681, 40.789658483677997 ], [ 29.50878735268557, 40.789657394374728 ], [ 29.508787004644027, 40.789656298882804 ], [ 29.508786675617344, 40.789655197530493 ], [ 29.508786365704111, 40.789654090647815 ], [ 29.508786074997197, 40.789652978566451 ], [ 29.508785803583706, 40.789651861619639 ], [ 29.508785551544978, 40.789650740142065 ], [ 29.508785318956527, 40.789649614469781 ], [ 29.508785105888052, 40.789648484940102 ], [ 29.508784912403399, 40.789647351891489 ], [ 29.50878473856055, 40.78964621566346 ], [ 29.508784584411586, 40.789645076596493 ], [ 29.508784450002711, 40.789643935031897 ], [ 29.508784335374191, 40.789642791311749 ], [ 29.508784240560377, 40.789641645778765 ], [ 29.508784165589685, 40.789640498776208 ], [ 29.508784110484573, 40.789639350647775 ], [ 29.508784075261556, 40.78963820173751 ], [ 29.508784059931187, 40.789637052389672 ], [ 29.508784064498066, 40.789635902948667 ], [ 29.508784088960816, 40.789634753758939 ], [ 29.508784133312115, 40.789633605164823 ], [ 29.508784197538667, 40.789632457510514 ], [ 29.508784281621228, 40.789631311139892 ], [ 29.5087843855346, 40.789630166396485 ], [ 29.508784509247654, 40.789629023623299 ], [ 29.50878465272331, 40.789627883162773 ], [ 29.508784815918581, 40.789626745356649 ], [ 29.508784998784559, 40.789625610545876 ], [ 29.508785201266459, 40.789624479070483 ], [ 29.508785423303596, 40.78962335126954 ], [ 29.508785664829443, 40.789622227480976 ], [ 29.508785925771626, 40.789621108041537 ], [ 29.508786206051951, 40.789619993286671 ], [ 29.508786505586432, 40.789618883550418 ], [ 29.508786824285316, 40.789617779165297 ], [ 29.508787162053103, 40.789616680462245 ], [ 29.508787518788584, 40.789615587770491 ], [ 29.508787894384856, 40.789614501417461 ], [ 29.508788288729374, 40.789613421728674 ], [ 29.508788701703978, 40.789612349027671 ], [ 29.508789133184912, 40.789611283635878 ], [ 29.508789583042887, 40.789610225872543 ], [ 29.508790051143105, 40.789609176054626 ], [ 29.508790537345295, 40.789608134496703 ], [ 29.508791041503766, 40.789607101510882 ], [ 29.508791563467447, 40.789606077406695 ], [ 29.508792103079934, 40.78960506249102 ], [ 29.50879266017953, 40.789604057067969 ], [ 29.508793234599302, 40.789603061438825 ], [ 29.508793826167121, 40.789602075901918 ], [ 29.508794434705727, 40.789601100752577 ], [ 29.508795060032767, 40.789600136283006 ], [ 29.508795701960867, 40.789599182782197 ], [ 29.508796360297666, 40.789598240535881 ], [ 29.508797034845898, 40.789597309826391 ], [ 29.508797725403433, 40.789596390932623 ], [ 29.508798431763346, 40.789595484129912 ], [ 29.508799153713973, 40.789594589689997 ], [ 29.508799891038983, 40.78959370788089 ], [ 29.508800643517436, 40.789592838966833 ], [ 29.508801410923851, 40.789591983208183 ], [ 29.508802193028274, 40.789591140861376 ], [ 29.508802989596347, 40.789590312178824 ], [ 29.50880380038938, 40.789589497408841 ], [ 29.508804625164416, 40.789588696795569 ], [ 29.50880546367431, 40.789587910578916 ], [ 29.508806315667808, 40.78958713899447 ] ] ] } },
{ "type": "Feature", "properties": { "fid": 251, "line_id": 203, "line_type": "road_boundary_line" }, "geometry": { "type": "MultiLineString", "coordinates": [ [ [ 29.508774399415316, 40.789693489922051 ], [ 29.508774771089794, 40.789693122184239 ], [ 29.50877514911534, 40.78969276097834 ], [ 29.508775533377179, 40.789692406414026 ], [ 29.508775923758645, 40.789692058598952 ], [ 29.508776320141198, 40.789691717638711 ], [ 29.508776722404502, 40.789691383636843 ], [ 29.508777130426409, 40.789691056694743 ], [ 29.508777544083042, 40.78969073691168 ], [ 29.508777963248804, 40.789690424384759 ], [ 29.508778387796426, 40.789690119208856 ], [ 29.508778817597005, 40.789689821476635 ], [ 29.50877925252005, 40.789689531278491 ], [ 29.508779692433503, 40.789689248702544 ], [ 29.5087801372038, 40.789688973834572 ], [ 29.508780586695895, 40.789688706758049 ], [ 29.508781040773318, 40.789688447554063 ], [ 29.508781499298198, 40.789688196301306 ], [ 29.508781962131319, 40.789687953076061 ], [ 29.50878242913215, 40.789687717952191 ], [ 29.508782900158906, 40.789687491001068 ], [ 29.508783375068571, 40.789687272291616 ], [ 29.508783853716949, 40.78968706189022 ], [ 29.508784335958715, 40.789686859860787 ], [ 29.508784821647446, 40.789686666264636 ], [ 29.508785310635684, 40.789686481160558 ], [ 29.508785802774952, 40.78968630460475 ], [ 29.508786297915833, 40.789686136650815 ], [ 29.508786795907991, 40.789685977349762 ], [ 29.508787296600222, 40.789685826749945 ], [ 29.508787799840505, 40.789685684897094 ], [ 29.508788305476045, 40.789685551834275 ], [ 29.508788813353327, 40.789685427601896 ], [ 29.508789323318137, 40.789685312237665 ], [ 29.508789835215648, 40.789685205776621 ], [ 29.508790348890432, 40.789685108251085 ], [ 29.508790864186526, 40.789685019690666 ], [ 29.508791380947478, 40.78968494012225 ], [ 29.508791899016391, 40.789684869569996 ], [ 29.508792418235959, 40.789684808055334 ], [ 29.50879293844854, 40.78968475559693 ], [ 29.508793459496189, 40.789684712210715 ], [ 29.508793981220698, 40.789684677909868 ], [ 29.508794503463669, 40.7896846527048 ], [ 29.508795026066533, 40.789684636603155 ], [ 29.508795548870612, 40.789684629609837 ], [ 29.508796071717182, 40.789684631726956 ], [ 29.508796594447485, 40.78968464295388 ], [ 29.508797116902812, 40.789684663287197 ], [ 29.508797638924538, 40.789684692720726 ], [ 29.508798160354164, 40.789684731245536 ], [ 29.508798681033369, 40.789684778849931 ], [ 29.50879920080407, 40.789684835519459 ], [ 29.508799719508445, 40.78968490123691 ], [ 29.508800236989014, 40.789684975982333 ], [ 29.50880075308865, 40.789685059733031 ], [ 29.508801267650657, 40.789685152463576 ], [ 29.508801780518805, 40.789685254145816 ], [ 29.508802291537375, 40.789685364748877 ], [ 29.508802800551209, 40.789685484239172 ], [ 29.50880330740576, 40.789685612580428 ], [ 29.508803811947136, 40.789685749733678 ], [ 29.50880431402215, 40.789685895657279 ], [ 29.508804813478356, 40.789686050306919 ], [ 29.508805310164114, 40.789686213635648 ], [ 29.508805803928617, 40.789686385593875 ], [ 29.508806294621944, 40.78968656612939 ], [ 29.508806782095114, 40.789686755187375 ] ] ] } },
{ "type": "Feature", "properties": { "fid": 252, "line_id": 204, "line_type": "center_line" }, "geometry": { "type": "MultiLineString", "coordinates": [ [ [ 29.508764161651118, 40.789683370499681 ], [ 29.508764620576432, 40.789682866317108 ], [ 29.508765088195663, 40.789682370187322 ], [ 29.508765564367533, 40.789681882260219 ], [ 29.508766048948175, 40.789681402683208 ], [ 29.508766541791186, 40.789680931601183 ], [ 29.508767042747671, 40.789680469156472 ], [ 29.508767551666271, 40.789680015488784 ], [ 29.508768068393234, 40.789679570735196 ], [ 29.508768592772441, 40.78967913503007 ], [ 29.508769124645465, 40.789678708505051 ], [ 29.508769663851613, 40.789678291288993 ], [ 29.508770210227979, 40.789677883507949 ], [ 29.508770763609487, 40.789677485285132 ], [ 29.508771323828949, 40.789677096740839 ], [ 29.508771890717103, 40.789676717992471 ], [ 29.508772464102687, 40.789676349154455 ], [ 29.508773043812457, 40.789675990338218 ], [ 29.508773629671275, 40.789675641652174 ], [ 29.508774221502133, 40.789675303201676 ], [ 29.508774819126231, 40.789674975088964 ], [ 29.508775422363005, 40.78967465741318 ], [ 29.508776031030205, 40.789674350270303 ], [ 29.508776644943936, 40.789674053753117 ], [ 29.50877726391872, 40.789673767951221 ], [ 29.50877788776755, 40.789673492950953 ], [ 29.508778516301945, 40.789673228835404 ], [ 29.508779149332007, 40.789672975684368 ], [ 29.508779786666487, 40.789672733574321 ], [ 29.508780428112821, 40.789672502578419 ], [ 29.508781073477223, 40.789672282766453 ], [ 29.508781722564702, 40.78967207420483 ], [ 29.508782375179159, 40.789671876956561 ], [ 29.508783031123421, 40.789671691081239 ], [ 29.508783690199312, 40.789671516635025 ], [ 29.508784352207705, 40.789671353670627 ], [ 29.508785016948593, 40.789671202237272 ], [ 29.508785684221138, 40.789671062380712 ], [ 29.508786353823748, 40.78967093414321 ], [ 29.50878702555411, 40.789670817563497 ], [ 29.508787699209282, 40.789670712676809 ], [ 29.508788374585738, 40.789670619514823 ], [ 29.508789051479422, 40.789670538105696 ], [ 29.508789729685834, 40.789670468474014 ], [ 29.508790409000071, 40.789670410640824 ], [ 29.508791089216892, 40.789670364623589 ], [ 29.508791770130788, 40.789670330436216 ], [ 29.508792451536035, 40.789670308089036 ], [ 29.508793133226767, 40.789670297588799 ], [ 29.508793814997027, 40.789670298938681 ], [ 29.508794496640835, 40.789670312138263 ], [ 29.508795177952248, 40.789670337183573 ], [ 29.508795858725424, 40.789670374067029 ], [ 29.508796538754691, 40.789670422777498 ], [ 29.508797217834584, 40.789670483300263 ], [ 29.508797895759944, 40.789670555617029 ], [ 29.508798572325951, 40.78967063970596 ], [ 29.508799247328199, 40.789670735541641 ], [ 29.508799920562748, 40.789670843095124 ], [ 29.508800591826198, 40.789670962333908 ], [ 29.508801260915746, 40.789671093221969 ], [ 29.508801927629243, 40.789671235719773 ], [ 29.508802591765257, 40.789671389784253 ], [ 29.508803253123137, 40.789671555368869 ], [ 29.508803911503065, 40.789671732423592 ], [ 29.508804566706136, 40.789671920894932 ], [ 29.508805218534391, 40.789672120725953 ], [ 29.508805866790897, 40.789672331856266 ], [ 29.508806511279804, 40.789672554222093 ], [ 29.508807151806387, 40.789672787756253 ], [ 29.508807788177137, 40.78967303238818 ], [ 29.508808420199781, 40.789673288043979 ], [ 29.508809047683375, 40.789673554646392 ], [ 29.508809670438335, 40.789673832114886 ], [ 29.508810288276518, 40.789674120365632 ], [ 29.508810901011255, 40.789674419311531 ], [ 29.508811508457427, 40.789674728862266 ], [ 29.508812110431503, 40.789675048924323 ], [ 29.50881270675162, 40.789675379400997 ], [ 29.508813297237605, 40.789675720192434 ], [ 29.508813881711063, 40.789676071195693 ], [ 29.50881445999541, 40.789676432304709 ], [ 29.508815031915933, 40.789676803410394 ], [ 29.508815597299836, 40.789677184400617 ], [ 29.508816155976305, 40.789677575160276 ], [ 29.508816707776546, 40.789677975571315 ], [ 29.508817252533856, 40.789678385512758 ] ] ] } },
{ "type": "Feature", "properties": { "fid": 253, "line_id": 205, "line_type": "dashed_line" }, "geometry": { "type": "MultiLineString", "coordinates": [ [ [ 29.508753184091809, 40.789672519833744 ], [ 29.508753867900218, 40.789671839753616 ], [ 29.508754563416975, 40.789671171652301 ], [ 29.508755270432268, 40.789670515731345 ], [ 29.508755988732815, 40.789669872188618 ], [ 29.508756718101935, 40.789669241218242 ], [ 29.5087574583196, 40.78966862301057 ], [ 29.508758209162519, 40.789668017752078 ], [ 29.508758970404187, 40.78966742562536 ], [ 29.508759741814966, 40.789666846809041 ], [ 29.508760523162149, 40.789666281477722 ], [ 29.508761314210037, 40.789665729801946 ], [ 29.508762114719996, 40.789665191948131 ], [ 29.508762924450544, 40.789664668078522 ], [ 29.508763743157417, 40.789664158351158 ], [ 29.508764570593634, 40.789663662919807 ], [ 29.5087654065096, 40.789663181933918 ], [ 29.508766250653142, 40.78966271553859 ], [ 29.508767102769614, 40.789662263874511 ], [ 29.508767962601965, 40.789661827077936 ], [ 29.508768829890819, 40.789661405280626 ], [ 29.508769704374544, 40.789660998609826 ], [ 29.508770585789339, 40.78966060718821 ], [ 29.50877147386932, 40.789660231133865 ], [ 29.50877236834658, 40.789659870560214 ], [ 29.508773268951291, 40.789659525576049 ], [ 29.508774175411773, 40.78965919628542 ], [ 29.508775087454584, 40.789658882787677 ], [ 29.508776004804592, 40.789658585177385 ], [ 29.508776927185068, 40.789658303544321 ], [ 29.50877785431776, 40.789658037973439 ], [ 29.508778785922992, 40.789657788544865 ], [ 29.508779721719733, 40.789657555333825 ], [ 29.508780661425682, 40.789657338410684 ], [ 29.50878160475737, 40.789657137840877 ], [ 29.50878255143023, 40.789656953684904 ], [ 29.508783501158682, 40.789656785998318 ], [ 29.508784453656229, 40.789656634831708 ], [ 29.508785408635543, 40.78965650023067 ], [ 29.508786365808533, 40.789656382235819 ], [ 29.508787324886462, 40.789656280882738 ], [ 29.508788285580014, 40.789656196202003 ], [ 29.508789247599378, 40.789656128219164 ], [ 29.50879021065435, 40.789656076954721 ], [ 29.508791174454416, 40.789656042424149 ], [ 29.508792138708827, 40.789656024637864 ], [ 29.508793103126706, 40.789656023601218 ], [ 29.508794067417128, 40.789656039314536 ], [ 29.5087950312892, 40.789656071773081 ], [ 29.508795994452154, 40.789656120967045 ], [ 29.508796956615441, 40.789656186881608 ], [ 29.508797917488817, 40.789656269496867 ], [ 29.508798876782418, 40.789656368787917 ], [ 29.508799834206858, 40.789656484724794 ], [ 29.508800789473327, 40.789656617272527 ], [ 29.508801742293645, 40.789656766391133 ], [ 29.508802692380392, 40.789656932035626 ], [ 29.508803639446956, 40.789657114156043 ], [ 29.508804583207645, 40.789657312697436 ], [ 29.508805523377763, 40.789657527599921 ], [ 29.508806459673689, 40.789657758798668 ], [ 29.508807391812983, 40.789658006223931 ], [ 29.508808319514454, 40.789658269801066 ], [ 29.508809242498245, 40.789658549450571 ], [ 29.508810160485925, 40.789658845088077 ], [ 29.50881107320058, 40.78965915662441 ], [ 29.508811980366868, 40.789659483965593 ], [ 29.508812881711137, 40.789659827012869 ], [ 29.508813776961482, 40.789660185662754 ], [ 29.50881466584784, 40.789660559807061 ], [ 29.508815548102071, 40.789660949332934 ], [ 29.508816423458022, 40.789661354122849 ], [ 29.508817291651642, 40.789661774054707 ], [ 29.508818152421021, 40.789662209001825 ], [ 29.508819005506503, 40.789662658833002 ], [ 29.508819850650738, 40.789663123412538 ], [ 29.508820687598782, 40.789663602600285 ], [ 29.508821516098156, 40.789664096251691 ], [ 29.508822335898934, 40.78966460421784 ], [ 29.508823146753812, 40.789665126345497 ], [ 29.508823948418186, 40.789665662477155 ], [ 29.508824740650223, 40.789666212451081 ], [ 29.508825523210938, 40.789666776101377 ], [ 29.508826295864257, 40.789667353257997 ], [ 29.508827058377104, 40.789667943746849 ], [ 29.508827810519456, 40.789668547389795 ] ] ] } },
{ "type": "Feature", "properties": { "fid": 254, "line_id": 206, "line_type": "center_line" }, "geometry": { "type": "MultiLineString", "coordinates": [ [ [ 29.508742300950018, 40.789661762493914 ], [ 29.508743318805625, 40.789660872627458 ], [ 29.508744352022283, 40.789660000643686 ], [ 29.508745400285846, 40.789659146807729 ], [ 29.508746463277607, 40.789658311379178 ], [ 29.508747540674371, 40.78965749461203 ], [ 29.508748632148567, 40.789656696754633 ], [ 29.508749737368344, 40.789655918049554 ], [ 29.508750855997668, 40.789655158733559 ], [ 29.508751987696431, 40.789654419037497 ], [ 29.508753132120557, 40.789653699186282 ], [ 29.508754288922088, 40.789652999398768 ], [ 29.508755457749313, 40.789652319887722 ], [ 29.508756638246865, 40.789651660859732 ], [ 29.508757830055821, 40.789651022515187 ], [ 29.508759032813824, 40.789650405048157 ], [ 29.508760246155187, 40.789649808646374 ], [ 29.508761469711011, 40.789649233491183 ], [ 29.50876270310928, 40.789648679757434 ], [ 29.508763945974994, 40.789648147613505 ], [ 29.508765197930273, 40.789647637221172 ], [ 29.508766458594472, 40.789647148735625 ], [ 29.508767727584296, 40.789646682305381 ], [ 29.508769004513926, 40.789646238072251 ], [ 29.50877028899512, 40.789645816171294 ], [ 29.508771580637344, 40.789645416730799 ], [ 29.508772879047893, 40.789645039872205 ], [ 29.508774183831992, 40.789644685710087 ], [ 29.508775494592935, 40.789644354352134 ], [ 29.508776810932204, 40.789644045899081 ], [ 29.508778132449574, 40.789643760444719 ], [ 29.508779458743252, 40.78964349807584 ], [ 29.50878078940999, 40.789643258872204 ], [ 29.508782124045215, 40.78964304290654 ], [ 29.508783462243144, 40.789642850244519 ], [ 29.50878480359691, 40.789642680944716 ], [ 29.508786147698689, 40.789642535058597 ], [ 29.508787494139817, 40.789642412630521 ], [ 29.508788842510928, 40.789642313697719 ], [ 29.50879019240206, 40.789642238290256 ], [ 29.50879154340279, 40.789642186431074 ], [ 29.508792895102363, 40.789642158135926 ], [ 29.508794247089806, 40.789642153413425 ], [ 29.508795598954062, 40.789642172265005 ], [ 29.508796950284111, 40.789642214684925 ], [ 29.508798300669095, 40.789642280660303 ], [ 29.508799649698439, 40.789642370171073 ], [ 29.508800996961988, 40.789642483190015 ], [ 29.508802342050117, 40.789642619682773 ], [ 29.508803684553868, 40.789642779607846 ], [ 29.508805024065065, 40.789642962916616 ], [ 29.508806360176443, 40.789643169553337 ], [ 29.508807692481771, 40.789643399455194 ], [ 29.508809020575974, 40.789643652552279 ], [ 29.508810344055259, 40.789643928767646 ], [ 29.508811662517239, 40.789644228017316 ], [ 29.508812975561042, 40.789644550210305 ], [ 29.508814282787451, 40.789644895248649 ], [ 29.508815583799024, 40.789645263027445 ], [ 29.508816878200193, 40.789645653434874 ], [ 29.508818165597415, 40.78964606635224 ], [ 29.508819445599265, 40.789646501653991 ], [ 29.508820717816572, 40.789646959207786 ], [ 29.508821981862532, 40.789647438874503 ], [ 29.508823237352825, 40.78964794050831 ], [ 29.50882448390573, 40.789648463956681 ], [ 29.508825721142248, 40.789649009060483 ], [ 29.508826948686206, 40.789649575653968 ], [ 29.508828166164385, 40.789650163564879 ], [ 29.50882937320662, 40.789650772614458 ], [ 29.508830569445923, 40.789651402617537 ], [ 29.508831754518589, 40.789652053382568 ], [ 29.508832928064308, 40.789652724711694 ], [ 29.508834089726278, 40.789653416400803 ], [ 29.508835239151306, 40.789654128239583 ], [ 29.508836375989919, 40.789654860011623 ], [ 29.508837499896472, 40.789655611494432 ], [ 29.508838610529256, 40.789656382459519 ], [ 29.508839707550592, 40.789657172672491 ] ] ] } },
{ "type": "Feature", "properties": { "fid": 255, "line_id": 207, "line_type": "road_boundary_line" }, "geometry": { "type": "MultiLineString", "coordinates": [ [ [ 29.508731345029176, 40.789650933216315 ], [ 29.508732394335983, 40.789649872808226 ], [ 29.508733461836592, 40.789648830717759 ], [ 29.50873454721129, 40.789647807257033 ], [ 29.508735650134998, 40.789646802732577 ], [ 29.508736770277388, 40.789645817445255 ], [ 29.508737907302972, 40.789644851690149 ], [ 29.508739060871203, 40.789643905756527 ], [ 29.508740230636587, 40.789642979927685 ], [ 29.508741416248768, 40.789642074480923 ], [ 29.508742617352652, 40.789641189687416 ], [ 29.508743833588507, 40.789640325812172 ], [ 29.508745064592063, 40.789639483113923 ], [ 29.508746309994628, 40.789638661845061 ], [ 29.508747569423196, 40.78963786225156 ], [ 29.50874884250057, 40.789637084572902 ], [ 29.508750128845449, 40.789636329042004 ], [ 29.508751428072571, 40.789635595885152 ], [ 29.508752739792815, 40.789634885321924 ], [ 29.50875406361331, 40.78963419756515 ], [ 29.508755399137566, 40.789633532820801 ], [ 29.508756745965592, 40.78963289128798 ], [ 29.508758103694007, 40.789632273158823 ], [ 29.508759471916157, 40.78963167861847 ], [ 29.508760850222263, 40.78963110784499 ], [ 29.508762238199509, 40.789630561009318 ], [ 29.508763635432196, 40.789630038275241 ], [ 29.508765041501842, 40.789629539799328 ], [ 29.508766455987328, 40.789629065730871 ], [ 29.508767878465004, 40.789628616211843 ], [ 29.508769308508832, 40.789628191376892 ], [ 29.508770745690512, 40.789627791353254 ], [ 29.508772189579599, 40.789627416260736 ], [ 29.508773639743641, 40.789627066211679 ], [ 29.508775095748305, 40.789626741310926 ], [ 29.508776557157521, 40.789626441655791 ], [ 29.50877802353358, 40.78962616733601 ], [ 29.508779494437299, 40.78962591843375 ], [ 29.508780969428141, 40.789625695023567 ], [ 29.508782448064334, 40.789625497172352 ], [ 29.508783929903018, 40.789625324939387 ], [ 29.508785414500384, 40.789625178376234 ], [ 29.508786901411781, 40.789625057526806 ], [ 29.508788390191878, 40.78962496242729 ], [ 29.508789880394772, 40.789624893106172 ], [ 29.508791371574148, 40.789624849584214 ], [ 29.508792863283389, 40.789624831874441 ], [ 29.508794355075718, 40.789624839982174 ], [ 29.508795846504338, 40.78962487390497 ], [ 29.508797337122562, 40.78962493363268 ], [ 29.508798826483943, 40.789625019147408 ], [ 29.508800314142409, 40.789625130423552 ], [ 29.508801799652403, 40.789625267427766 ], [ 29.508803282569001, 40.789625430119031 ], [ 29.508804762448069, 40.789625618448618 ], [ 29.508806238846375, 40.789625832360123 ], [ 29.508807711321733, 40.789626071789471 ], [ 29.508809179433129, 40.789626336664959 ], [ 29.508810642740855, 40.78962662690725 ], [ 29.508812100806644, 40.789626942429422 ], [ 29.508813553193804, 40.789627283136973 ], [ 29.508814999467333, 40.789627648927855 ], [ 29.508816439194067, 40.789628039692509 ], [ 29.508817871942803, 40.78962845531391 ], [ 29.508819297284425, 40.789628895667576 ], [ 29.508820714792041, 40.78962936062161 ], [ 29.508822124041092, 40.789629850036761 ], [ 29.508823524609511, 40.789630363766456 ], [ 29.50882491607782, 40.789630901656814 ], [ 29.508826298029263, 40.789631463546748 ], [ 29.508827670049946, 40.789632049267965 ], [ 29.508829031728936, 40.789632658645033 ], [ 29.50883038265841, 40.789633291495448 ], [ 29.508831722433754, 40.789633947629667 ], [ 29.508833050653703, 40.789634626851182 ], [ 29.508834366920446, 40.78963532895655 ], [ 29.508835670839758, 40.789636053735492 ], [ 29.50883696202111, 40.789636800970932 ], [ 29.508838240077786, 40.789637570439076 ], [ 29.508839504627002, 40.789638361909461 ], [ 29.50884075529002, 40.789639175145041 ], [ 29.508841991692261, 40.789640009902243 ], [ 29.508843213463418, 40.789640865931055 ], [ 29.508844420237565, 40.7896417429751 ], [ 29.508845611653268, 40.789642640771689 ], [ 29.50884678735369, 40.789643559051932 ], [ 29.508847946986705, 40.789644497540799 ], [ 29.508849090205, 40.789645455957213 ], [ 29.508850216666175, 40.789646434014116 ], [ 29.50885132603285, 40.789647431418587 ] ] ] } },
{ "type": "Feature", "properties": { "fid": 256, "line_id": 208, "line_type": "road_boundary_line" }, "geometry": { "type": "MultiLineString", "coordinates": [ [ [ 29.50865048435211, 40.789898663485204 ], [ 29.508602013600008, 40.789863630169329 ] ] ] } },
{ "type": "Feature", "properties": { "fid": 257, "line_id": 209, "line_type": "road_boundary_line" }, "geometry": { "type": "MultiLineString", "coordinates": [ [ [ 29.508696555562029, 40.789856431542781 ], [ 29.508648564718364, 40.789821878135342 ] ] ] } },
{ "type": "Feature", "properties": { "fid": 258, "line_id": 210, "line_type": "dashed_line" }, "geometry": { "type": "MultiLineString", "coordinates": [ [ [ 29.508625289159184, 40.789842754152332 ], [ 29.508673519957071, 40.789877547513996 ] ] ] } },
{ "type": "Feature", "properties": { "fid": 259, "line_id": 211, "line_type": "center_line" }, "geometry": { "type": "MultiLineString", "coordinates": [ [ [ 29.508637387569461, 40.789831903000852 ], [ 29.508685059491246, 40.789866969607665 ] ] ] } },
{ "type": "Feature", "properties": { "fid": 260, "line_id": 212, "line_type": "center_line" }, "geometry": { "type": "MultiLineString", "coordinates": [ [ [ 29.508613722667675, 40.789853128222035 ], [ 29.508661282291929, 40.7898881054996 ] ] ] } },
{ "type": "Feature", "properties": { "fid": 261, "line_id": 213, "line_type": "road_boundary_line" }, "geometry": { "type": "MultiLineString", "coordinates": [ [ [ 29.508736867870709, 40.789954332863864 ], [ 29.508823251389305, 40.790011921876257 ] ] ] } },
{ "type": "Feature", "properties": { "fid": 262, "line_id": 214, "line_type": "road_boundary_line" }, "geometry": { "type": "MultiLineString", "coordinates": [ [ [ 29.508779099813133, 40.789915940188934 ], [ 29.508864523514855, 40.789972569384453 ] ] ] } },
{ "type": "Feature", "properties": { "fid": 263, "line_id": 215, "line_type": "dashed_line" }, "geometry": { "type": "MultiLineString", "coordinates": [ [ [ 29.508757983841921, 40.789935136526395 ], [ 29.50884388745208, 40.789992245630359 ] ] ] } },
{ "type": "Feature", "properties": { "fid": 264, "line_id": 216, "line_type": "center_line" }, "geometry": { "type": "MultiLineString", "coordinates": [ [ [ 29.50876922260262, 40.789924919471218 ], [ 29.508854050566853, 40.789982555218593 ] ] ] } },
{ "type": "Feature", "properties": { "fid": 265, "line_id": 217, "line_type": "center_line" }, "geometry": { "type": "MultiLineString", "coordinates": [ [ [ 29.508747867762956, 40.789944332961817 ], [ 29.508833642494572, 40.790002014078212 ] ] ] } },
{ "type": "Feature", "properties": { "fid": 266, "line_id": 218, "line_type": "road_boundary_line" }, "geometry": { "type": "MultiLineString", "coordinates": [ [ [ 29.508651257528072, 40.78991526876441 ], [ 29.508651384889596, 40.789914981960841 ], [ 29.508651507299057, 40.789914693009003 ], [ 29.50865162472023, 40.789914401994373 ], [ 29.508651737118374, 40.789914109003078 ], [ 29.508651844460232, 40.789913814121796 ], [ 29.508651946714046, 40.789913517437789 ], [ 29.508652043849555, 40.78991321903883 ], [ 29.50865213583802, 40.789912919013226 ], [ 29.508652222652223, 40.789912617449737 ], [ 29.508652304266477, 40.789912314437593 ], [ 29.508652380656635, 40.789912010066459 ], [ 29.508652451800092, 40.789911704426387 ], [ 29.508652517675799, 40.789911397607817 ], [ 29.508652578264265, 40.789911089701533 ], [ 29.508652633547559, 40.789910780798635 ], [ 29.508652683509329, 40.78991047099052 ], [ 29.508652728134788, 40.789910160368869 ], [ 29.50865276741073, 40.789909849025577 ], [ 29.508652801325539, 40.789909537052772 ], [ 29.508652829869177, 40.789909224542768 ], [ 29.508652853033198, 40.789908911588022 ], [ 29.508652870810749, 40.789908598281144 ], [ 29.508652883196575, 40.789908284714826 ], [ 29.508652890187001, 40.789907970981851 ], [ 29.508652891779967, 40.789907657175057 ], [ 29.508652887974996, 40.789907343387284 ], [ 29.508652878773216, 40.789907029711379 ], [ 29.508652864177353, 40.789906716240161 ], [ 29.508652844191719, 40.789906403066382 ], [ 29.508652818822235, 40.789906090282699 ], [ 29.5086527880764, 40.789905777981659 ], [ 29.508652751963318, 40.789905466255675 ], [ 29.508652710493671, 40.789905155196983 ], [ 29.508652663679726, 40.789904844897613 ], [ 29.508652611535343, 40.789904535449381 ], [ 29.508652554075944, 40.789904226943854 ], [ 29.508652491318532, 40.789903919472309 ], [ 29.508652423281678, 40.789903613125723 ], [ 29.50865234998551, 40.789903307994742 ], [ 29.508652271451716, 40.789903004169645 ], [ 29.508652187703536, 40.789902701740338 ], [ 29.508652098765747, 40.789902400796301 ], [ 29.508652004664668, 40.789902101426584 ], [ 29.508651905428135, 40.789901803719758 ], [ 29.50865180108552, 40.789901507763908 ], [ 29.508651691667691, 40.789901213646615 ], [ 29.508651577207022, 40.789900921454901 ], [ 29.508651457737383, 40.789900631275216 ], [ 29.508651333294125, 40.789900343193423 ], [ 29.508651203914066, 40.789900057294766 ], [ 29.508651069635487, 40.789899773663826 ], [ 29.508650930498124, 40.789899492384542 ], [ 29.508650786543139, 40.789899213540124 ], [ 29.508650637813133, 40.789898937213096 ], [ 29.50865048435211, 40.789898663485204 ] ] ] } },
{ "type": "Feature", "properties": { "fid": 267, "line_id": 219, "line_type": "road_boundary_line" }, "geometry": { "type": "MultiLineString", "coordinates": [ [ [ 29.508779099813133, 40.789915940188934 ], [ 29.508778790627915, 40.789915610426561 ], [ 29.508778487210119, 40.789915275349912 ], [ 29.508778189651071, 40.789914935059841 ], [ 29.508777898040336, 40.789914589658764 ], [ 29.508777612465686, 40.789914239250663 ], [ 29.508777333013075, 40.78991388394099 ], [ 29.508777059766622, 40.789913523836709 ], [ 29.508776792808572, 40.789913159046193 ], [ 29.508776532219272, 40.789912789679249 ], [ 29.508776278077161, 40.789912415847056 ], [ 29.508776030458737, 40.789912037662134 ], [ 29.508775789438527, 40.789911655238313 ], [ 29.508775555089077, 40.789911268690702 ], [ 29.508775327480929, 40.789910878135643 ], [ 29.508775106682588, 40.789910483690697 ], [ 29.508774892760513, 40.789910085474595 ], [ 29.508774685779098, 40.789909683607185 ], [ 29.508774485800636, 40.789909278209436 ], [ 29.508774292885324, 40.789908869403362 ], [ 29.508774107091227, 40.789908457312023 ], [ 29.50877392847427, 40.789908042059444 ], [ 29.50877375708821, 40.789907623770624 ], [ 29.508773592984639, 40.789907202571456 ], [ 29.508773436212948, 40.789906778588723 ], [ 29.508773286820325, 40.789906351950037 ], [ 29.508773144851737, 40.789905922783824 ], [ 29.508773010349916, 40.789905491219251 ], [ 29.508772883355345, 40.789905057386214 ], [ 29.508772763906247, 40.78990462141531 ], [ 29.50877265203858, 40.789904183437741 ], [ 29.508772547786013, 40.789903743585356 ], [ 29.508772451179926, 40.789903301990535 ], [ 29.508772362249395, 40.789902858786206 ], [ 29.508772281021187, 40.789902414105754 ], [ 29.508772207519755, 40.789901968083043 ], [ 29.508772141767221, 40.789901520852318 ], [ 29.508772083783374, 40.789901072548183 ], [ 29.508772033585672, 40.789900623305584 ], [ 29.508771991189217, 40.789900173259738 ], [ 29.508771956606775, 40.78989972254611 ], [ 29.508771929848752, 40.789899271300357 ], [ 29.508771910923205, 40.789898819658305 ], [ 29.508771899835828, 40.789898367755896 ], [ 29.508771896589963, 40.789897915729142 ], [ 29.508771901186581, 40.789897463714105 ], [ 29.508771866966907, 40.789897280303755 ], [ 29.508771835910508, 40.789897096331352 ], [ 29.508771808026601, 40.789896911851457 ], [ 29.508771783323454, 40.789896726918769 ], [ 29.508771761808383, 40.789896541588135 ], [ 29.508771743487777, 40.789896355914493 ], [ 29.508771728367066, 40.789896169952918 ], [ 29.508771716450735, 40.789895983758541 ], [ 29.508771707742312, 40.789895797386585 ], [ 29.508771702244385, 40.789895610892302 ], [ 29.508771699958583, 40.789895424331 ], [ 29.508771700885582, 40.789895237758003 ], [ 29.508771705025108, 40.789895051228626 ], [ 29.508771712375932, 40.789894864798185 ], [ 29.508771722935879, 40.789894678521961 ], [ 29.508771736701814, 40.78989449245519 ], [ 29.508771753669656, 40.789894306653046 ], [ 29.508771773834372, 40.789894121170626 ], [ 29.508771797189986, 40.789893936062931 ], [ 29.508771823729568, 40.789893751384852 ], [ 29.508771853445253, 40.789893567191143 ], [ 29.508771886328226, 40.78989338353643 ], [ 29.508771922368737, 40.789893200475163 ], [ 29.5087719615561, 40.78989301806164 ], [ 29.508772003878693, 40.789892836349942 ], [ 29.508772049323969, 40.789892655393949 ], [ 29.508772097878449, 40.789892475247321 ], [ 29.508772149527736, 40.789892295963483 ], [ 29.50877220425652, 40.789892117595592 ], [ 29.508772262048563, 40.78989194019654 ], [ 29.508772322886735, 40.789891763818936 ], [ 29.508772386752995, 40.789891588515069 ], [ 29.508772453628399, 40.789891414336928 ], [ 29.508772523493125, 40.789891241336171 ], [ 29.508772596326452, 40.789891069564078 ], [ 29.508772672106783, 40.789890899071601 ], [ 29.508772750811644, 40.789890729909288 ], [ 29.508772832417705, 40.789890562127297 ], [ 29.50877291690076, 40.789890395775394 ], [ 29.50877300423576, 40.789890230902891 ], [ 29.508773094396805, 40.789890067558687 ], [ 29.508773187357168, 40.789889905791213 ], [ 29.508773283089273, 40.789889745648438 ], [ 29.50877338156474, 40.789889587177854 ], [ 29.508773482754368, 40.789889430426449 ], [ 29.508773586628148, 40.7898892754407 ], [ 29.50877369315528, 40.789889122266572 ], [ 29.508773802304177, 40.789888970949477 ], [ 29.508773914042472, 40.789888821534298 ], [ 29.508774028337029, 40.789888674065324 ], [ 29.508774145153961, 40.789888528586296 ], [ 29.508774264458626, 40.789888385140344 ], [ 29.508774386215652, 40.789888243770008 ], [ 29.508774510388925, 40.78988810451721 ], [ 29.508774636941631, 40.78988796742324 ], [ 29.508774765836243, 40.789887832528755 ], [ 29.508774897034538, 40.789887699873745 ], [ 29.508775030497613, 40.789887569497552 ], [ 29.508775166185895, 40.789887441438836 ], [ 29.508775304059146, 40.789887315735577 ], [ 29.50877544407648, 40.789887192425034 ], [ 29.508775586196386, 40.789887071543781 ], [ 29.508775730376712, 40.789886953127663 ] ] ] } },
{ "type": "Feature", "properties": { "fid": 268, "line_id": 220, "line_type": "road_boundary_line" }, "geometry": { "type": "MultiLineString", "coordinates": [ [ [ 29.508702399660731, 40.789953401056309 ], [ 29.508702599979166, 40.789953196655375 ], [ 29.508702803815563, 40.789952995762512 ], [ 29.508703011108487, 40.789952798438257 ], [ 29.508703221795475, 40.789952604742076 ], [ 29.50870343581304, 40.78995241473234 ], [ 29.508703653096681, 40.789952228466305 ], [ 29.508703873580927, 40.789952046000103 ], [ 29.508704097199335, 40.789951867388716 ], [ 29.508704323884512, 40.789951692685975 ], [ 29.508704553568151, 40.789951521944523 ], [ 29.508704786181038, 40.789951355215813 ], [ 29.508705021653075, 40.789951192550085 ], [ 29.508705259913299, 40.78995103399636 ], [ 29.508705500889917, 40.789950879602422 ], [ 29.508705744510305, 40.789950729414798 ], [ 29.508705990701056, 40.789950583478742 ], [ 29.508706239387973, 40.789950441838229 ], [ 29.50870649049612, 40.789950304535942 ], [ 29.508706743949823, 40.78995017161327 ], [ 29.508706999672707, 40.789950043110252 ], [ 29.508707257587709, 40.789949919065627 ], [ 29.508707517617104, 40.789949799516762 ], [ 29.508707779682538, 40.789949684499689 ], [ 29.508708043705035, 40.789949574049068 ], [ 29.508708309605034, 40.789949468198188 ], [ 29.508708577302404, 40.789949366978938 ], [ 29.508708846716473, 40.789949270421829 ], [ 29.508709117766063, 40.78994917855595 ], [ 29.508709390369482, 40.789949091408992 ], [ 29.508709664444591, 40.789949009007209 ], [ 29.50870993990879, 40.789948931375442 ], [ 29.508710216679074, 40.789948858537073 ], [ 29.508710494672037, 40.78994879051406 ], [ 29.508710773803909, 40.789948727326902 ], [ 29.50871105399057, 40.78994866899464 ], [ 29.508711335147588, 40.789948615534847 ], [ 29.508711617190237, 40.789948566963638 ], [ 29.508711900033521, 40.789948523295649 ], [ 29.508712183592213, 40.789948484544041 ], [ 29.508712467780857, 40.789948450720487 ], [ 29.508712752513816, 40.789948421835184 ], [ 29.508713037705281, 40.789948397896829 ], [ 29.508713323269319, 40.789948378912648 ], [ 29.508713609119869, 40.789948364888353 ], [ 29.508713895170793, 40.789948355828173 ], [ 29.50871418133589, 40.789948351734836 ], [ 29.508714467528922, 40.789948352609585 ], [ 29.50871475366365, 40.789948358452143 ], [ 29.508715039653847, 40.789948369260749 ], [ 29.508715325413327, 40.789948385032162 ], [ 29.50871561085598, 40.789948405761614 ], [ 29.508715895895786, 40.789948431442866 ], [ 29.50871618044685, 40.789948462068175 ], [ 29.508716464423422, 40.789948497628316 ], [ 29.508716747739932, 40.789948538112569 ], [ 29.508717030310994, 40.789948583508732 ], [ 29.508717312051463, 40.789948633803135 ], [ 29.508717592876433, 40.789948688980616 ], [ 29.508717872701279, 40.789948749024539 ], [ 29.508718151441677, 40.789948813916823 ], [ 29.508718625337835, 40.789948781371983 ], [ 29.508719099726861, 40.789948757045345 ], [ 29.508719574466248, 40.789948740944219 ], [ 29.508720049413387, 40.789948733073437 ], [ 29.508720524425598, 40.789948733435367 ], [ 29.508720999360193, 40.7899487420299 ], [ 29.508721474074495, 40.78994875885445 ], [ 29.508721948425897, 40.789948783903967 ], [ 29.508722422271909, 40.789948817170931 ], [ 29.508722895470182, 40.789948858645339 ], [ 29.50872336787857, 40.789948908314742 ], [ 29.508723839355159, 40.789948966164204 ], [ 29.508724309758314, 40.789949032176366 ], [ 29.508724778946725, 40.789949106331377 ], [ 29.508725246779452, 40.789949188606982 ], [ 29.50872571311595, 40.789949278978447 ], [ 29.508726177816136, 40.789949377418637 ], [ 29.508726640740413, 40.789949483897978 ], [ 29.508727101749713, 40.789949598384474 ], [ 29.508727560705552, 40.789949720843744 ], [ 29.508728017470052, 40.789949851238994 ], [ 29.508728471906011, 40.78994998953106 ], [ 29.508728923876905, 40.789950135678396 ], [ 29.508729373246968, 40.78995028963709 ], [ 29.508729819881204, 40.789950451360909 ], [ 29.508730263645447, 40.789950620801257 ], [ 29.508730704406382, 40.789950797907238 ], [ 29.508731142031614, 40.789950982625648 ], [ 29.508731576389671, 40.789951174900999 ], [ 29.508732007350073, 40.789951374675539 ], [ 29.508732434783361, 40.789951581889241 ], [ 29.508732858561132, 40.789951796479862 ], [ 29.508733278556079, 40.789952018382941 ], [ 29.508733694642039, 40.789952247531815 ], [ 29.508734106694014, 40.789952483857654 ], [ 29.50873451458823, 40.78995272728946 ], [ 29.508734918202148, 40.789952977754105 ], [ 29.508735317414523, 40.789953235176348 ], [ 29.508735712105434, 40.789953499478862 ], [ 29.508736102156313, 40.789953770582251 ], [ 29.508736487449983, 40.789954048405072 ], [ 29.508736867870709, 40.789954332863864 ] ] ] } },
{ "type": "Feature", "properties": { "fid": 269, "line_id": 221, "line_type": "road_boundary_line" }, "geometry": { "type": "MultiLineString", "coordinates": [ [ [ 29.508696555562029, 40.789856431542781 ], [ 29.508697501442544, 40.789856532173594 ], [ 29.508698448933913, 40.789856616296206 ], [ 29.508699397748043, 40.789856683885048 ], [ 29.508700347596445, 40.789856734919567 ], [ 29.50870129819031, 40.789856769384244 ], [ 29.508702249240603, 40.789856787268597 ], [ 29.50870320045815, 40.789856788567192 ], [ 29.508704151553726, 40.789856773279631 ], [ 29.508705102238149, 40.789856741410567 ], [ 29.508706052222355, 40.789856692969693 ], [ 29.508707001217491, 40.789856627971723 ], [ 29.508707948935015, 40.789856546436432 ], [ 29.508708895086766, 40.789856448388612 ], [ 29.508709839385055, 40.789856333858069 ], [ 29.508710781542771, 40.789856202879633 ], [ 29.508711721273436, 40.789856055493125 ], [ 29.508712658291323, 40.789855891743358 ], [ 29.508713592311526, 40.789855711680119 ], [ 29.50872205235212, 40.789852957045419 ], [ 29.50872205235212, 40.789852957045419 ] ] ] } },
{ "type": "Feature", "properties": { "fid": 270, "line_id": 222, "line_type": "center_line" }, "geometry": { "type": "MultiLineString", "coordinates": [ [ [ 29.508664128420367, 40.789924865482348 ], [ 29.508664394232415, 40.789924221673068 ], [ 29.508664648825906, 40.78992357334554 ], [ 29.508664892124084, 40.789922920695226 ], [ 29.508665124053596, 40.789922263918911 ], [ 29.508665344544511, 40.789921603214594 ], [ 29.508665553530353, 40.789920938781492 ], [ 29.508665750948115, 40.78992027081992 ], [ 29.508665936738275, 40.789919599531274 ], [ 29.508666110844821, 40.789918925117938 ], [ 29.508666273215255, 40.789918247783255 ], [ 29.508666423800623, 40.789917567731436 ], [ 29.508666562555526, 40.789916885167514 ], [ 29.508666689438133, 40.789916200297277 ], [ 29.508666804410183, 40.789915513327223 ], [ 29.508666907437014, 40.789914824464461 ], [ 29.508666998487563, 40.789914133916682 ], [ 29.508667077534383, 40.789913441892097 ], [ 29.508667144553637, 40.789912748599335 ], [ 29.508667199525121, 40.789912054247431 ], [ 29.50866724243226, 40.789911359045725 ], [ 29.508667273262116, 40.78991066320382 ], [ 29.508667292005399, 40.789909966931518 ], [ 29.508667298656455, 40.789909270438734 ], [ 29.508667293213275, 40.789908573935463 ], [ 29.508667275677507, 40.789907877631705 ], [ 29.508667246054433, 40.789907181737384 ], [ 29.508667204352985, 40.789906486462314 ], [ 29.50866715058574, 40.789905792016121 ], [ 29.508667084768902, 40.789905098608173 ], [ 29.508667006922323, 40.78990440644754 ], [ 29.508666917069466, 40.789903715742909 ], [ 29.508666815237422, 40.789903026702511 ], [ 29.5086667014569, 40.789902339534102 ], [ 29.508666575762195, 40.789901654444854 ], [ 29.508666438191209, 40.789900971641323 ], [ 29.508666288785424, 40.789900291329381 ], [ 29.508666127589876, 40.789899613714134 ], [ 29.508665954653171, 40.789898938999876 ], [ 29.508665770027445, 40.789898267390036 ], [ 29.508665573768369, 40.789897599087105 ], [ 29.508665365935109, 40.789896934292578 ], [ 29.508665146590328, 40.789896273206878 ], [ 29.508664915800157, 40.789895616029327 ], [ 29.508664673634179, 40.789894962958066 ], [ 29.508664420165406, 40.789894314189993 ], [ 29.50866415547026, 40.789893669920708 ], [ 29.508663879628546, 40.789893030344459 ], [ 29.50866359272343, 40.789892395654071 ], [ 29.508663294841408, 40.78989176604091 ], [ 29.508662986072299, 40.789891141694795 ], [ 29.508662666509192, 40.789890522803972 ], [ 29.508662336248431, 40.789889909555029 ], [ 29.508661995389595, 40.789889302132863 ], [ 29.508661644035453, 40.789888700720617 ], [ 29.508661282291929, 40.7898881054996 ] ] ] } },
{ "type": "Feature", "properties": { "fid": 271, "line_id": 223, "line_type": "center_line" }, "geometry": { "type": "MultiLineString", "coordinates": [ [ [ 29.508689591997424, 40.789943851482789 ], [ 29.508690645210173, 40.789943367723119 ], [ 29.508691706591733, 40.789942902159268 ], [ 29.508692775827765, 40.789942454929104 ], [ 29.508693852601617, 40.789942026165086 ], [ 29.508694936594399, 40.789941615994188 ], [ 29.50869602748508, 40.789941224537891 ], [ 29.508697124950586, 40.789940851912114 ], [ 29.508698228665907, 40.789940498227217 ], [ 29.508699338304169, 40.789940163587943 ], [ 29.508700453536751, 40.789939848093404 ], [ 29.508701574033367, 40.78993955183703 ], [ 29.508702699462187, 40.789939274906551 ], [ 29.508703829489907, 40.789939017383993 ], [ 29.508704963781863, 40.789938779345619 ], [ 29.508706102002133, 40.78993856086192 ], [ 29.508707243813632, 40.789938361997606 ], [ 29.508708388878205, 40.789938182811568 ], [ 29.508709536856738, 40.789938023356875 ], [ 29.508710687409256, 40.78993788368075 ], [ 29.508711840195016, 40.789937763824554 ], [ 29.508712994872614, 40.789937663823785 ], [ 29.508714151100094, 40.789937583708067 ], [ 29.508715308535031, 40.789937523501109 ], [ 29.508716466834649, 40.789937483220761 ], [ 29.508717625655915, 40.789937462878939 ], [ 29.508718784655638, 40.789937462481667 ], [ 29.508719943490576, 40.789937482029067 ], [ 29.508721101817535, 40.789937521515355 ], [ 29.508722259293474, 40.789937580928829 ], [ 29.508723415575602, 40.789937660251901 ], [ 29.508724570321487, 40.789937759461068 ], [ 29.508725723189141, 40.789937878526956 ], [ 29.508726873837141, 40.789938017414308 ], [ 29.508728021924714, 40.789938176081982 ], [ 29.508729167111859, 40.789938354482999 ], [ 29.508730309059416, 40.789938552564507 ], [ 29.508731447429199, 40.789938770267867 ], [ 29.508732581884075, 40.789939007528588 ], [ 29.50873371208807, 40.789939264276406 ], [ 29.50873483770647, 40.789939540435292 ], [ 29.508735958405918, 40.789939835923455 ], [ 29.508737073854519, 40.789940150653393 ], [ 29.508738183721928, 40.78994048453189 ], [ 29.508739287679454, 40.789940837460065 ], [ 29.508740385400152, 40.789941209333399 ], [ 29.508741476558935, 40.789941600041765 ], [ 29.508742560832648, 40.789942009469449 ], [ 29.508743637900178, 40.789942437495199 ], [ 29.508744707442556, 40.789942883992254 ], [ 29.508745769143026, 40.78994334882838 ], [ 29.508746822687161, 40.789943831865919 ], [ 29.508747867762956, 40.789944332961817 ] ] ] } },
{ "type": "Feature", "properties": { "fid": 272, "line_id": 224, "line_type": "center_line" }, "geometry": { "type": "MultiLineString", "coordinates": [ [ [ 29.508763066449422, 40.789878932640377 ], [ 29.508762746718624, 40.789879523256339 ], [ 29.508762437216983, 40.789880119296377 ], [ 29.508762138036481, 40.789880720583348 ], [ 29.50876184926604, 40.789881326938549 ], [ 29.508761570991481, 40.789881938181757 ], [ 29.508761303295515, 40.789882554131324 ], [ 29.5087610462577, 40.789883174604171 ], [ 29.508760799954423, 40.789883799415897 ], [ 29.508760564458896, 40.789884428380802 ], [ 29.508760339841107, 40.789885061311949 ], [ 29.508760126167811, 40.789885698021237 ], [ 29.508759923502513, 40.789886338319427 ], [ 29.50875973190545, 40.78988698201622 ], [ 29.508759551433563, 40.789887628920305 ], [ 29.508759382140489, 40.789888278839413 ], [ 29.508759224076545, 40.789888931580393 ], [ 29.508759077288708, 40.789889586949236 ], [ 29.508758941820602, 40.789890244751177 ], [ 29.508758817712494, 40.789890904790695 ], [ 29.508758705001267, 40.789891566871638 ], [ 29.508758603720416, 40.789892230797228 ], [ 29.508758513900045, 40.789892896370134 ], [ 29.50875843556685, 40.789893563392553 ], [ 29.508758368744111, 40.789894231666239 ], [ 29.50875831345169, 40.789894900992572 ], [ 29.508758269706018, 40.789895571172629 ], [ 29.508758237520098, 40.789896242007231 ], [ 29.508758216903495, 40.789896913296992 ], [ 29.508758207862336, 40.789897584842414 ], [ 29.508758210399307, 40.789898256443905 ], [ 29.508758224513659, 40.789898927901852 ], [ 29.508758250201193, 40.789899599016707 ], [ 29.508758287454274, 40.789900269589005 ], [ 29.508758336261831, 40.789900939419439 ], [ 29.508758396609359, 40.789901608308945 ], [ 29.508758468478923, 40.789902276058719 ], [ 29.508758551849162, 40.789902942470306 ], [ 29.508758646695295, 40.789903607345636 ], [ 29.508758752989138, 40.789904270487106 ], [ 29.508758870699097, 40.789904931697635 ], [ 29.508758999790189, 40.789905590780698 ], [ 29.508759140224047, 40.789906247540415 ], [ 29.508759291958935, 40.789906901781592 ], [ 29.50875945494975, 40.789907553309789 ], [ 29.508759629148056, 40.789908201931361 ], [ 29.508759814502081, 40.789908847453539 ], [ 29.508760010956735, 40.789909489684462 ], [ 29.508760218453627, 40.78991012843327 ], [ 29.508760436931091, 40.789910763510107 ], [ 29.508760666324196, 40.789911394726232 ], [ 29.50876090656476, 40.789912021894047 ], [ 29.50876115758139, 40.789912644827147 ], [ 29.508761419299471, 40.789913263340395 ], [ 29.508761691641229, 40.789913877249965 ], [ 29.508761974525719, 40.789914486373405 ], [ 29.508762267868864, 40.789915090529668 ], [ 29.508762571583482, 40.789915689539207 ], [ 29.508762885579305, 40.789916283223988 ], [ 29.508763209763018, 40.789916871407556 ], [ 29.508763544038267, 40.789917453915116 ], [ 29.508763888305701, 40.789918030573531 ], [ 29.508764242463005, 40.789918601211419 ], [ 29.508764606404924, 40.789919165659178 ], [ 29.508764980023287, 40.789919723749058 ], [ 29.508765363207054, 40.78992027531519 ], [ 29.50876575584234, 40.789920820193636 ], [ 29.508766157812452, 40.789921358222472 ], [ 29.508766568997924, 40.789921889241775 ], [ 29.508766989276548, 40.789922413093734 ], [ 29.508767418523412, 40.789922929622648 ], [ 29.508767856610945, 40.789923438675011 ], [ 29.508768303408942, 40.789923940099527 ], [ 29.508768758784615, 40.789924433747167 ], [ 29.50876922260262, 40.789924919471218 ] ] ] } },
{ "type": "Feature", "properties": { "fid": 273, "line_id": 225, "line_type": "center_line" }, "geometry": { "type": "MultiLineString", "coordinates": [ [ [ 29.508685059491246, 40.789866969607665 ], [ 29.508685828772872, 40.789867314504271 ], [ 29.508686603869343, 40.789867646126581 ], [ 29.508687384551617, 40.78986796437659 ], [ 29.508688170589018, 40.78986826916028 ], [ 29.508688961749275, 40.789868560387575 ], [ 29.50868975779861, 40.789868837972428 ], [ 29.508690558501794, 40.789869101832807 ], [ 29.50869136362223, 40.789869351890744 ], [ 29.508692172922011, 40.789869588072364 ], [ 29.508692986161996, 40.789869810307856 ], [ 29.508693803101881, 40.789870018531573 ], [ 29.508694623500269, 40.789870212681969 ], [ 29.508695447114736, 40.789870392701687 ], [ 29.508696273701915, 40.789870558537523 ], [ 29.508697103017557, 40.789870710140477 ], [ 29.508697934816606, 40.789870847465757 ], [ 29.508698768853272, 40.789870970472784 ], [ 29.508699604881109, 40.789871079125206 ], [ 29.508700442653073, 40.789871173390914 ], [ 29.508701281921613, 40.789871253242062 ], [ 29.508702122438738, 40.789871318655045 ], [ 29.508702963956072, 40.789871369610545 ], [ 29.508703806224965, 40.789871406093503 ], [ 29.508704648996524, 40.789871428093129 ], [ 29.508705492021729, 40.789871435602933 ], [ 29.508706335051468, 40.789871428620692 ], [ 29.50870717783663, 40.789871407148468 ], [ 29.508708020128186, 40.789871371192604 ], [ 29.508708861677245, 40.78987132076373 ], [ 29.508709702235137, 40.789871255876747 ], [ 29.508710541553487, 40.789871176550825 ], [ 29.508711379384277, 40.789871082809405 ], [ 29.508712215479942, 40.789870974680191 ], [ 29.508713049593425, 40.789870852195122 ], [ 29.508713881478247, 40.789870715390407 ], [ 29.508714710888601, 40.789870564306455 ], [ 29.508715537579395, 40.789870398987922 ], [ 29.508716361306359, 40.78987021948366 ], [ 29.508717181826082, 40.789870025846696 ], [ 29.508717998896113, 40.789869818134264 ], [ 29.50871881227501, 40.789869596407726 ], [ 29.508719621722435, 40.789869360732617 ], [ 29.508720426999197, 40.789869111178561 ], [ 29.508721227867348, 40.789868847819307 ], [ 29.508722024090236, 40.789868570732672 ], [ 29.508722815432584, 40.78986828000054 ], [ 29.508723601660563, 40.789867975708809 ], [ 29.508724382541846, 40.789867657947397 ], [ 29.508725157845692, 40.78986732681021 ], [ 29.508725927343001, 40.789866982395083 ], [ 29.508726690806398, 40.789866624803793 ], [ 29.508727448010287, 40.789866254142005 ], [ 29.508728198730921, 40.789865870519243 ], [ 29.508728942746465, 40.789865474048874 ], [ 29.508729679837074, 40.789865064848037 ], [ 29.508730409784945, 40.789864643037653 ], [ 29.508731132374379, 40.789864208742365 ], [ 29.508731847391864, 40.789863762090505 ], [ 29.508732554626118, 40.789863303214048 ], [ 29.508733253868158, 40.789862832248588 ], [ 29.508733944911363, 40.789862349333298 ], [ 29.50873462755154, 40.789861854610876 ], [ 29.508735301586974, 40.789861348227497 ] ] ] } },
{ "type": "Feature", "properties": { "fid": 274, "line_id": 226, "line_type": "dashed_line" }, "geometry": { "type": "MultiLineString", "coordinates": [ [ [ 29.508673519957071, 40.789877547513996 ], [ 29.508674335816252, 40.789878120352071 ], [ 29.508675161507202, 40.789878678925355 ], [ 29.508675996780539, 40.789879223065149 ], [ 29.508676841383988, 40.789879752607099 ], [ 29.508677695062453, 40.789880267391275 ], [ 29.508678557558095, 40.789880767262183 ], [ 29.508679428610417, 40.789881252068867 ], [ 29.508680307956332, 40.789881721664884 ], [ 29.508681195330258, 40.78988217590841 ], [ 29.508682090464173, 40.789882614662247 ], [ 29.508682993087731, 40.789883037793885 ], [ 29.508683902928304, 40.789883445175519 ], [ 29.508684819711096, 40.789883836684105 ], [ 29.508685743159209, 40.789884212201407 ], [ 29.50868667299374, 40.789884571613996 ], [ 29.508687608933847, 40.789884914813321 ], [ 29.508688550696849, 40.789885241695735 ], [ 29.508689497998304, 40.789885552162502 ], [ 29.508690450552105, 40.789885846119844 ], [ 29.508691408070547, 40.789886123478993 ], [ 29.508692370264431, 40.789886384156176 ], [ 29.508693336843148, 40.789886628072651 ], [ 29.508694307514762, 40.789886855154748 ], [ 29.5086952819861, 40.789887065333893 ], [ 29.508696259962846, 40.789887258546599 ], [ 29.508697241149619, 40.789887434734503 ], [ 29.508698225250072, 40.789887593844405 ], [ 29.508699211966977, 40.789887735828245 ], [ 29.50870020100232, 40.789887860643127 ], [ 29.508701192057377, 40.789887968251371 ], [ 29.508702184832824, 40.789888058620463 ], [ 29.508703179028814, 40.789888131723117 ], [ 29.50870417434507, 40.789888187537251 ], [ 29.508705170480972, 40.78988822604601 ], [ 29.508706167135664, 40.789888247237755 ], [ 29.508707164008122, 40.789888251106099 ], [ 29.508708160797262, 40.789888237649855 ], [ 29.508709157202027, 40.789888206873108 ], [ 29.50871015292147, 40.789888158785139 ], [ 29.508711147654857, 40.789888093400478 ], [ 29.508712141101746, 40.789888010738871 ], [ 29.508713132962086, 40.789887910825279 ], [ 29.508714122936311, 40.789887793689893 ], [ 29.508715110725415, 40.789887659368077 ], [ 29.508716096031055, 40.78988750790041 ], [ 29.508717078555645, 40.78988733933263 ], [ 29.50871805800243, 40.789887153715661 ], [ 29.508719034075586, 40.789886951105558 ], [ 29.508720006480313, 40.78988673156352 ], [ 29.508720974922916, 40.789886495155848 ], [ 29.508721939110899, 40.789886241953944 ], [ 29.508722898753039, 40.789885972034291 ], [ 29.508723853559506, 40.78988568547841 ], [ 29.508724803241915, 40.789885382372844 ], [ 29.508725747513438, 40.789885062809141 ], [ 29.50872668608887, 40.789884726883827 ], [ 29.508727618684738, 40.789884374698353 ], [ 29.50872854501937, 40.789884006359088 ], [ 29.508729464812987, 40.789883621977289 ], [ 29.508730377787778, 40.789883221669044 ], [ 29.508731283668006, 40.789882805555266 ], [ 29.508732182180061, 40.789882373761628 ], [ 29.508733073052571, 40.789881926418538 ], [ 29.508733956016464, 40.789881463661118 ], [ 29.508734830805054, 40.789880985629132 ], [ 29.508735697154137, 40.789880492466956 ], [ 29.508736554802045, 40.789879984323548 ], [ 29.508737403489746, 40.789879461352371 ], [ 29.508738242960909, 40.789878923711385 ], [ 29.508739072961987, 40.78987837156297 ], [ 29.5087398932423, 40.789877805073893 ], [ 29.508740703554093, 40.78987722441525 ], [ 29.508741503652633, 40.789876629762418 ], [ 29.508742293296262, 40.789876021295001 ], [ 29.508743072246489, 40.789875399196774 ], [ 29.508743840268046, 40.789874763655625 ], [ 29.508744597128963, 40.789874114863508 ], [ 29.508745342600655, 40.789873453016376 ], [ 29.50874607645796, 40.789872778314134 ], [ 29.508746798479233, 40.78987209096055 ], [ 29.508747508446405, 40.789871391163238 ], [ 29.508748206145039, 40.78987067913355 ], [ 29.508748891364416, 40.789869955086544 ] ] ] } },
{ "type": "Feature", "properties": { "fid": 275, "line_id": 227, "line_type": "dashed_line" }, "geometry": { "type": "MultiLineString", "coordinates": [ [ [ 29.508757983841921, 40.789935136526395 ], [ 29.508757334952588, 40.789934599961718 ], [ 29.508756695520027, 40.789934052161556 ], [ 29.508756065738748, 40.789933493292558 ], [ 29.50875544580034, 40.789932923524724 ], [ 29.508754835893381, 40.789932343031381 ], [ 29.508754236203409, 40.789931751989116 ], [ 29.508753646912854, 40.789931150577729 ], [ 29.508753068200974, 40.789930538980165 ], [ 29.508752500243819, 40.78992991738248 ], [ 29.508751943214158, 40.789929285973756 ], [ 29.508751397281443, 40.789928644946073 ], [ 29.508750862611745, 40.789927994494441 ], [ 29.508750339367715, 40.78992733481671 ], [ 29.508749827708527, 40.789926666113573 ], [ 29.508749327789822, 40.789925988588436 ], [ 29.50874883976368, 40.789925302447415 ], [ 29.508748363778555, 40.789924607899231 ], [ 29.508747899979248, 40.789923905155163 ], [ 29.508747448506849, 40.789923194428994 ], [ 29.508747009498688, 40.789922475936926 ], [ 29.508746583088321, 40.789921749897523 ], [ 29.508746169405459, 40.78992101653165 ], [ 29.508745768575942, 40.789920276062396 ], [ 29.508745380721709, 40.789919528715011 ], [ 29.508745005960744, 40.789918774716845 ], [ 29.508744644407045, 40.789918014297264 ], [ 29.508744296170605, 40.789917247687583 ], [ 29.508743961357354, 40.789916475121011 ], [ 29.508743640069142, 40.789915696832573 ], [ 29.508743332403707, 40.789914913059008 ], [ 29.508743038454639, 40.789914124038752 ], [ 29.508742758311364, 40.789913330011821 ], [ 29.508742492059095, 40.78991253121977 ], [ 29.508742239778829, 40.789911727905583 ], [ 29.508742001547311, 40.789910920313631 ], [ 29.508741777437013, 40.789910108689583 ], [ 29.508741567516104, 40.789909293280338 ], [ 29.508741371848448, 40.789908474333956 ], [ 29.508741190493566, 40.789907652099544 ], [ 29.508741023506627, 40.789906826827242 ], [ 29.508740870938425, 40.789905998768084 ], [ 29.508740732835374, 40.789905168173981 ], [ 29.508740609239485, 40.789904335297592 ], [ 29.508740500188356, 40.789903500392292 ], [ 29.508740405715162, 40.789902663712041 ], [ 29.508740325848642, 40.789901825511379 ], [ 29.508740260613088, 40.789900986045275 ], [ 29.508740210028346, 40.789900145569099 ], [ 29.508740174109807, 40.789899304338526 ], [ 29.508740152868395, 40.789898462609465 ], [ 29.508740146310572, 40.789897620637959 ], [ 29.508740154438335, 40.789896778680145 ], [ 29.508740177249209, 40.789895936992153 ], [ 29.508740214736253, 40.789895095830012 ], [ 29.508740266888069, 40.789894255449624 ], [ 29.508740333688788, 40.789893416106615 ], [ 29.508740415118091, 40.789892578056325 ], [ 29.508740511151203, 40.789891741553689 ], [ 29.508740621758918, 40.789890906853174 ], [ 29.508740746907584, 40.789890074208699 ], [ 29.508740886559128, 40.789889243873546 ], [ 29.508741040671076, 40.789888416100311 ], [ 29.50874120919654, 40.789887591140804 ], [ 29.508741392084257, 40.789886769245982 ], [ 29.508741589278589, 40.789885950665862 ], [ 29.508741800719555, 40.789885135649463 ], [ 29.50874202634283, 40.789884324444706 ], [ 29.508742266079778, 40.789883517298364 ], [ 29.508742519857474, 40.789882714455977 ], [ 29.508742787598717, 40.789881916161768 ], [ 29.50874306922206, 40.789881122658585 ], [ 29.50874336464183, 40.789880334187799 ], [ 29.508743673768166, 40.789879550989276 ], [ 29.508743996507025, 40.789878773301261 ], [ 29.508744332760234, 40.789878001360336 ], [ 29.508744682425498, 40.789877235401313 ], [ 29.508745045396456, 40.789876475657209 ], [ 29.508745421562683, 40.789875722359135 ], [ 29.508745810809756, 40.789874975736254 ], [ 29.508746213019265, 40.789874236015677 ], [ 29.508746628068849, 40.789873503422434 ], [ 29.508747055832259, 40.78987277817938 ], [ 29.508747496179364, 40.789872060507143 ], [ 29.508747948976211, 40.789871350624033 ], [ 29.508748414085055, 40.789870648745989 ], [ 29.508748891364416, 40.789869955086544 ] ] ] } },
{ "type": "Feature", "properties": { "fid": 276, "line_id": 228, "line_type": "dashed_line" }, "geometry": { "type": "MultiLineString", "coordinates": [ [ [ 29.508676828594403, 40.789934334910356 ], [ 29.508678264081542, 40.789933660234723 ], [ 29.508679711011091, 40.789933010461368 ], [ 29.508681168951092, 40.789932385784262 ], [ 29.508682637466304, 40.789931786389893 ], [ 29.508684116118324, 40.789931212457205 ], [ 29.508685604465732, 40.789930664157531 ], [ 29.508687102064201, 40.789930141654551 ], [ 29.508688608466652, 40.789929645104266 ], [ 29.508690123223378, 40.789929174654901 ], [ 29.508691645882166, 40.789928730446903 ], [ 29.508693175988459, 40.789928312612879 ], [ 29.508694713085465, 40.789927921277567 ], [ 29.508696256714316, 40.789927556557799 ], [ 29.508697806414183, 40.789927218562454 ], [ 29.508699361722432, 40.789926907392434 ], [ 29.508700922174754, 40.78992662314063 ], [ 29.5087024873053, 40.789926365891901 ], [ 29.508704056646827, 40.78992613572305 ], [ 29.508705629730841, 40.789925932702779 ], [ 29.508707206087717, 40.789925756891712 ], [ 29.508708785246863, 40.789925608342323 ], [ 29.508710366736853, 40.789925487098962 ], [ 29.508711950085555, 40.789925393197819 ], [ 29.508713534820288, 40.789925326666939 ], [ 29.508715120467958, 40.789925287526167 ], [ 29.508716706555198, 40.789925275787205 ], [ 29.508718292608506, 40.789925291453542 ], [ 29.508719878154398, 40.789925334520518 ], [ 29.508721462719532, 40.789925404975257 ], [ 29.508723045830862, 40.789925502796741 ], [ 29.508724627015784, 40.78992562795576 ], [ 29.508726205802258, 40.789925780414947 ], [ 29.508727781718967, 40.789925960128798 ], [ 29.508729354295443, 40.789926167043653 ], [ 29.508730923062224, 40.789926401097745 ], [ 29.508732487550983, 40.789926662221205 ], [ 29.508734047294666, 40.789926950336074 ], [ 29.508735601827642, 40.78992726535634 ], [ 29.508737150685825, 40.789927607187963 ], [ 29.508738693406837, 40.789927975728887 ], [ 29.508740229530122, 40.789928370869099 ], [ 29.508741758597097, 40.789928792490635 ], [ 29.508743280151286, 40.789929240467629 ], [ 29.508744793738455, 40.789929714666336 ], [ 29.50874629890675, 40.789930214945201 ], [ 29.508747795206826, 40.789930741154869 ], [ 29.508749282191989, 40.78993129313826 ], [ 29.508750759418326, 40.78993187073057 ], [ 29.508752226444837, 40.789932473759386 ], [ 29.508753682833568, 40.789933102044678 ], [ 29.508755128149733, 40.789933755398877 ], [ 29.508756561961867, 40.789934433626939 ], [ 29.508757983841921, 40.789935136526395 ] ] ] } },
{ "type": "Feature", "properties": { "fid": 277, "line_id": 229, "line_type": "dashed_line" }, "geometry": { "type": "MultiLineString", "coordinates": [ [ [ 29.508676828594403, 40.789934334910356 ], [ 29.508677232500538, 40.789933074128264 ], [ 29.508677614755186, 40.789931806613751 ], [ 29.508677975246215, 40.789930532738616 ], [ 29.50867831386789, 40.789929252876512 ], [ 29.50867863052088, 40.789927967402853 ], [ 29.50867892511231, 40.789926676694698 ], [ 29.508679197555761, 40.789925381130644 ], [ 29.508679447771328, 40.789924081090717 ], [ 29.50867967568561, 40.789922776956239 ], [ 29.508679881231753, 40.789921469109757 ], [ 29.508680064349473, 40.78992015793488 ], [ 29.508680224985049, 40.789918843816217 ], [ 29.508680363091372, 40.789917527139231 ], [ 29.508680478627923, 40.78991620829013 ], [ 29.508680571560816, 40.789914887655762 ], [ 29.508680641862792, 40.789913565623507 ], [ 29.508680689513227, 40.789912242581153 ], [ 29.508680714498148, 40.789910918916767 ], [ 29.508680716810225, 40.789909595018621 ], [ 29.508680696448778, 40.789908271275046 ], [ 29.508680653419781, 40.789906948074318 ], [ 29.508680587735856, 40.789905625804579 ], [ 29.508680499416268, 40.789904304853671 ], [ 29.508680388486926, 40.789902985609068 ], [ 29.508680254980366, 40.78990166845773 ], [ 29.508680098935749, 40.78990035378601 ], [ 29.508679920398844, 40.789899041979538 ], [ 29.508679719422027, 40.789897733423096 ], [ 29.508679496064243, 40.789896428500512 ], [ 29.508679250391008, 40.789895127594555 ], [ 29.50867898247439, 40.789893831086808 ], [ 29.508678692392973, 40.789892539357574 ], [ 29.508678380231839, 40.789891252785743 ], [ 29.508678046082562, 40.7898899717487 ], [ 29.508677690043147, 40.789888696622199 ], [ 29.508677312218033, 40.789887427780279 ], [ 29.508676912718048, 40.789886165595107 ], [ 29.508676491660371, 40.789884910436911 ], [ 29.508676049168507, 40.789883662673873 ], [ 29.508675585372256, 40.789882422671987 ], [ 29.508675100407654, 40.789881190794972 ], [ 29.508674594416956, 40.789879967404168 ], [ 29.508674067548579, 40.789878752858421 ], [ 29.508673519957071, 40.789877547513996 ] ] ] } },
{ "type": "Feature", "properties": { "fid": 278, "line_id": 230, "line_type": "center_line" }, "geometry": { "type": "MultiLineString", "coordinates": [ [ [ 29.508664128420367, 40.789924865482348 ], [ 29.508665937123343, 40.789923966267651 ], [ 29.508667761223826, 40.789923098713068 ], [ 29.508669600167678, 40.789922263082154 ], [ 29.508671453396261, 40.789921459628758 ], [ 29.508673320346578, 40.789920688596965 ], [ 29.508675200451481, 40.789919950220991 ], [ 29.508677093139823, 40.789919244725162 ], [ 29.508678997836626, 40.789918572323785 ], [ 29.508680913963271, 40.789917933221126 ], [ 29.508682840937666, 40.789917327611342 ], [ 29.50868477817442, 40.789916755678412 ], [ 29.508686725085031, 40.789916217596073 ], [ 29.508688681078048, 40.789915713527783 ], [ 29.508690645559273, 40.789915243626687 ], [ 29.508692617931921, 40.789914808035526 ], [ 29.508694597596815, 40.789914406886624 ], [ 29.508696583952553, 40.789914040301845 ], [ 29.508698576395716, 40.789913708392554 ], [ 29.508700574321018, 40.789913411259583 ], [ 29.508702577121525, 40.789913148993193 ], [ 29.508704584188809, 40.789912921673057 ], [ 29.50870659491315, 40.78991272936824 ], [ 29.508708608683722, 40.789912572137155 ], [ 29.508710624888764, 40.789912450027558 ], [ 29.508712642915782, 40.78991236307656 ], [ 29.508714662151728, 40.789912311310566 ], [ 29.508716681983188, 40.789912294745307 ], [ 29.508718701796557, 40.789912313385805 ], [ 29.508720720978253, 40.789912367226414 ], [ 29.508722738914869, 40.789912456250761 ], [ 29.508724754993388, 40.789912580431817 ], [ 29.508726768601349, 40.789912739731847 ], [ 29.508728779127051, 40.78991293410246 ], [ 29.508730785959717, 40.789913163484606 ], [ 29.508732788489702, 40.789913427808607 ], [ 29.508734786108668, 40.789913726994165 ], [ 29.508736778209762, 40.789914060950395 ], [ 29.508738764187811, 40.78991442957583 ], [ 29.5087407434395, 40.789914832758505 ], [ 29.508742715363567, 40.789915270375928 ], [ 29.508744679360959, 40.789915742295165 ], [ 29.508746634835049, 40.78991624837284 ], [ 29.508748581191782, 40.789916788455223 ], [ 29.508750517839889, 40.789917362378247 ], [ 29.508752444191042, 40.789917969967554 ], [ 29.508754359660038, 40.789918611038573 ], [ 29.508756263664985, 40.789919285396557 ], [ 29.508758155627472, 40.789919992836637 ], [ 29.508760034972749, 40.789920733143909 ], [ 29.508761901129898, 40.789921506093471 ], [ 29.508763753532001, 40.789922311450518 ], [ 29.508765591616324, 40.789923148970388 ], [ 29.508767414824487, 40.789924018398665 ], [ 29.50876922260262, 40.789924919471218 ] ] ] } },
{ "type": "Feature", "properties": { "fid": 279, "line_id": 231, "line_type": "road_boundary_line" }, "geometry": { "type": "MultiLineString", "coordinates": [ [ [ 29.508651257528072, 40.78991526876441 ], [ 29.508653247810024, 40.789914189745147 ], [ 29.508655256472622, 40.789913145341302 ], [ 29.508657282913887, 40.789912135865883 ], [ 29.508659326526512, 40.789911161621426 ], [ 29.508661386698037, 40.789910222899898 ], [ 29.508663462811047, 40.789909319982634 ], [ 29.508665554243343, 40.789908453140221 ], [ 29.508667660368143, 40.789907622632455 ], [ 29.508669780554253, 40.789906828708226 ], [ 29.508671914166271, 40.789906071605472 ], [ 29.508674060564768, 40.789905351551091 ], [ 29.508676219106484, 40.789904668760876 ], [ 29.508678389144521, 40.789904023439455 ], [ 29.508680570028535, 40.789903415780223 ], [ 29.508682761104929, 40.789902845965301 ], [ 29.508684961717059, 40.789902314165445 ], [ 29.508687171205409, 40.789901820540038 ], [ 29.508689388907818, 40.789901365237014 ], [ 29.508691614159659, 40.789900948392834 ], [ 29.508693846294033, 40.789900570132403 ], [ 29.508696084641993, 40.789900230569103 ], [ 29.508698328532716, 40.78989992980469 ], [ 29.50870057729373, 40.789899667929298 ], [ 29.508702830251099, 40.789899445021412 ], [ 29.508705086729623, 40.789899261147831 ], [ 29.508707346053054, 40.789899116363671 ], [ 29.50870960754429, 40.789899010712318 ], [ 29.508711870525577, 40.789898944225435 ], [ 29.508714134318723, 40.789898916922944 ], [ 29.508716398245276, 40.789898928813024 ], [ 29.508718661626762, 40.789898979892129 ], [ 29.508720923784857, 40.789899070144934 ], [ 29.508723184041614, 40.789899199544394 ], [ 29.508725441719644, 40.789899368051735 ], [ 29.508727696142344, 40.789899575616452 ], [ 29.508729946634077, 40.789899822176345 ], [ 29.508732192520387, 40.789900107657516 ], [ 29.5087344331282, 40.789900431974402 ], [ 29.508736667786025, 40.789900795029823 ], [ 29.508738895824145, 40.789901196714965 ], [ 29.508741116574839, 40.789901636909448 ], [ 29.50874332937256, 40.789902115481347 ], [ 29.508745533554151, 40.789902632287237 ], [ 29.508747728459038, 40.789903187172236 ], [ 29.508749913429419, 40.789903779970054 ], [ 29.508752087810478, 40.789904410503027 ], [ 29.508754250950567, 40.789905078582194 ], [ 29.50875640220141, 40.789905784007331 ], [ 29.508758540918294, 40.789906526567037 ], [ 29.508760666460262, 40.789907306038764 ], [ 29.508762778190302, 40.789908122188905 ], [ 29.508764875475542, 40.789908974772878 ], [ 29.508766957687449, 40.789909863535165 ], [ 29.508769024201992, 40.789910788209411 ], [ 29.508771074399856, 40.789911748518499 ], [ 29.50877310766661, 40.789912744174629 ], [ 29.508775123392901, 40.789913774879409 ], [ 29.508777120974628, 40.789914840323945 ], [ 29.508779099813133, 40.789915940188934 ] ] ] } },
{ "type": "Feature", "properties": { "fid": 280, "line_id": 232, "line_type": "center_line" }, "geometry": { "type": "MultiLineString", "coordinates": [ [ [ 29.508735301586974, 40.789861348227497 ], [ 29.508734710359153, 40.789862268431918 ], [ 29.50873413521516, 40.789863198773737 ], [ 29.508733576328773, 40.789864138971865 ], [ 29.508733033868854, 40.789865088742232 ], [ 29.508732507999301, 40.789866047797879 ], [ 29.508731998879, 40.789867015849033 ], [ 29.508731506661775, 40.789867992603206 ], [ 29.508731031496342, 40.789868977765288 ], [ 29.508730573526272, 40.789869971037625 ], [ 29.50873013288993, 40.789870972120099 ], [ 29.508729709720456, 40.789871980710259 ], [ 29.508729304145696, 40.789872996503362 ], [ 29.508728916288199, 40.789874019192503 ], [ 29.508728546265147, 40.789875048468687 ], [ 29.50872819418834, 40.789876084020925 ], [ 29.508727860164154, 40.789877125536336 ], [ 29.50872754429351, 40.789878172700242 ], [ 29.508727246671846, 40.789879225196259 ], [ 29.508726967389084, 40.789880282706378 ], [ 29.508726706529604, 40.789881344911088 ], [ 29.508726464172224, 40.789882411489458 ], [ 29.508726240390171, 40.78988348211923 ], [ 29.508726035251058, 40.789884556476927 ], [ 29.508725848816862, 40.78988563423794 ], [ 29.508725681143915, 40.789886715076641 ], [ 29.508725532282877, 40.789887798666463 ], [ 29.508725402278724, 40.789888884680018 ], [ 29.508725291170737, 40.789889972789169 ], [ 29.508725198992483, 40.789891062665163 ], [ 29.508725125771814, 40.789892153978705 ], [ 29.508725071530858, 40.789893246400069 ], [ 29.508725036285995, 40.789894339599186 ], [ 29.508725020047876, 40.789895433245768 ], [ 29.508725022821409, 40.789896527009368 ], [ 29.508725044605754, 40.789897620559536 ], [ 29.508725085394335, 40.789898713565847 ], [ 29.508725145174822, 40.789899805698077 ], [ 29.508725223929151, 40.78990089662625 ], [ 29.508725321633534, 40.789901986020745 ], [ 29.508725438258448, 40.789903073552416 ], [ 29.508725573768658, 40.789904158892689 ], [ 29.508725728123217, 40.789905241713626 ], [ 29.50872590127549, 40.789906321688072 ], [ 29.508726093173159, 40.789907398489724 ], [ 29.508726303758252, 40.78990847179324 ], [ 29.508726532967135, 40.789909541274334 ], [ 29.508726780730555, 40.789910606609865 ], [ 29.508727046973661, 40.789911667477966 ], [ 29.508727331616004, 40.789912723558096 ], [ 29.508727634571585, 40.789913774531186 ], [ 29.508727955748867, 40.789914820079687 ], [ 29.508728295050812, 40.789915859887699 ], [ 29.508728652374902, 40.789916893641063 ], [ 29.508729027613178, 40.789917921027431 ], [ 29.508729420652266, 40.789918941736396 ], [ 29.508729831373408, 40.78991995545956 ], [ 29.508730259652516, 40.789920961890644 ], [ 29.50873070536019, 40.789921960725557 ], [ 29.508731168361759, 40.789922951662518 ], [ 29.50873164851734, 40.789923934402125 ], [ 29.508732145681851, 40.78992490864745 ], [ 29.508732659705085, 40.789925874104149 ], [ 29.508733190431734, 40.789926830480503 ], [ 29.508733737701444, 40.78992777748757 ], [ 29.508734301348866, 40.789928714839213 ], [ 29.508734881203701, 40.789929642252218 ], [ 29.508735477090745, 40.78993055944639 ], [ 29.508736088829966, 40.789931466144594 ], [ 29.50873671623653, 40.789932362072896 ], [ 29.508737359120875, 40.789933246960594 ], [ 29.508738017288756, 40.78993412054033 ], [ 29.508738690541321, 40.789934982548154 ], [ 29.508739378675152, 40.789935832723636 ], [ 29.508740081482337, 40.789936670809894 ], [ 29.50874079875053, 40.789937496553712 ], [ 29.508741530263016, 40.789938309705605 ], [ 29.508742275798777, 40.78993911001988 ], [ 29.508743035132561, 40.78993989725474 ], [ 29.508743808034943, 40.789940671172317 ], [ 29.508744594272393, 40.7899414315388 ], [ 29.508745393607366, 40.789942178124441 ], [ 29.508746205798349, 40.789942910703665 ], [ 29.508747030599949, 40.789943629055138 ], [ 29.508747867762956, 40.789944332961817 ] ] ] } },
{ "type": "Feature", "properties": { "fid": 281, "line_id": 233, "line_type": "road_boundary_line" }, "geometry": { "type": "MultiLineString", "coordinates": [ [ [ 29.50872205235212, 40.789852957045419 ], [ 29.508721321267121, 40.789854012761417 ], [ 29.50872060851135, 40.789855080937791 ], [ 29.508719914297128, 40.789856161256338 ], [ 29.508719238831254, 40.789857253395247 ], [ 29.508718582314938, 40.789858357029189 ], [ 29.508717944943747, 40.789859471829402 ], [ 29.508717326907547, 40.789860597463807 ], [ 29.508716728390439, 40.789861733597078 ], [ 29.50871614957072, 40.789862879890798 ], [ 29.508715590620806, 40.789864036003486 ], [ 29.508715051707206, 40.78986520159075 ], [ 29.508714532990453, 40.78986637630539 ], [ 29.508714034625061, 40.789867559797464 ], [ 29.508713556759496, 40.789868751714423 ], [ 29.508713099536099, 40.78986995170122 ], [ 29.508712663091078, 40.789871159400398 ], [ 29.508712247554438, 40.789872374452187 ], [ 29.508711853049963, 40.789873596494644 ], [ 29.508711479695176, 40.789874825163743 ], [ 29.508711127601288, 40.789876060093476 ], [ 29.508710796873185, 40.789877300915968 ], [ 29.508710487609385, 40.789878547261608 ], [ 29.508710199902019, 40.789879798759124 ], [ 29.508709933836784, 40.7898810550357 ], [ 29.508709689492942, 40.789882315717115 ], [ 29.50870946694328, 40.789883580427833 ], [ 29.50870926625409, 40.789884848791111 ], [ 29.508709087485158, 40.789886120429117 ], [ 29.508708930689732, 40.789887394963046 ], [ 29.508708795914526, 40.789888672013241 ], [ 29.508708683199679, 40.789889951199271 ], [ 29.508708592578774, 40.7898912321401 ], [ 29.508708524078802, 40.789892514454145 ], [ 29.508708477720173, 40.789893797759419 ], [ 29.508708453516689, 40.789895081673642 ], [ 29.50870845147557, 40.789896365814364 ], [ 29.508708471597416, 40.789897649799045 ], [ 29.508708513876233, 40.789898933245205 ], [ 29.508708578299434, 40.78990021577053 ], [ 29.50870866484782, 40.789901496992961 ], [ 29.508708773495613, 40.789902776530852 ], [ 29.508708904210447, 40.789904054003031 ], [ 29.508709056953386, 40.789905329028969 ], [ 29.508709231678928, 40.78990660122885 ], [ 29.508709428335028, 40.789907870223701 ], [ 29.5087096468631, 40.789909135635504 ], [ 29.508709887198048, 40.789910397087311 ], [ 29.508710149268282, 40.789911654203351 ], [ 29.508710432995734, 40.789912906609146 ], [ 29.508710738295886, 40.789914153931626 ], [ 29.50871106507779, 40.789915395799227 ], [ 29.508711413244107, 40.789916631842011 ], [ 29.508711782691119, 40.789917861691784 ], [ 29.508712173308773, 40.789919084982181 ], [ 29.50871258498071, 40.789920301348808 ], [ 29.508713017584299, 40.789921510429316 ], [ 29.508713470990674, 40.789922711863547 ], [ 29.50871394506477, 40.789923905293605 ], [ 29.508714439665365, 40.78992509036398 ], [ 29.508714954645125, 40.789926266721665 ], [ 29.508715489850648, 40.789927434016228 ], [ 29.508716045122497, 40.789928591899951 ], [ 29.508716620295271, 40.789929740027922 ], [ 29.508717215197628, 40.789930878058122 ], [ 29.508717829652358, 40.789932005651544 ], [ 29.50871846347642, 40.789933122472306 ], [ 29.508719116481011, 40.789934228187711 ], [ 29.508719788471605, 40.789935322468381 ], [ 29.50872047924803, 40.789936404988346 ], [ 29.508721188604508, 40.789937475425148 ], [ 29.50872191632973, 40.789938533459903 ], [ 29.508722662206925, 40.789939578777442 ], [ 29.508723426013894, 40.789940611066385 ], [ 29.50872420752312, 40.789941630019221 ], [ 29.508725006501798, 40.789942635332416 ], [ 29.50872582271192, 40.78994362670651 ], [ 29.508726655910351, 40.789944603846173 ], [ 29.508727505848892, 40.789945566460332 ], [ 29.508728372274359, 40.789946514262247 ], [ 29.508729254928653, 40.789947446969563 ], [ 29.508730153548843, 40.789948364304458 ], [ 29.508731067867242, 40.789949265993656 ], [ 29.508731997611491, 40.789950151768565 ], [ 29.508732942504626, 40.789951021365319 ], [ 29.508733902265178, 40.789951874524874 ], [ 29.508734876607249, 40.789952710993092 ], [ 29.508735865240592, 40.789953530520798 ], [ 29.508736867870709, 40.789954332863864 ] ] ] } },
{ "type": "Feature", "properties": { "fid": 282, "line_id": 234, "line_type": "center_line" }, "geometry": { "type": "MultiLineString", "coordinates": [ [ [ 29.508689591997424, 40.789943851482789 ], [ 29.508690178124553, 40.789942570883291 ], [ 29.508690741839121, 40.789941280260976 ], [ 29.508691282969814, 40.789939980008057 ], [ 29.508691801352185, 40.789938670519682 ], [ 29.508692296828695, 40.789937352193803 ], [ 29.508692769248771, 40.789936025431068 ], [ 29.508693218468842, 40.789934690634681 ], [ 29.508693644352391, 40.789933348210269 ], [ 29.508694046769993, 40.789931998565812 ], [ 29.508694425599348, 40.789930642111464 ], [ 29.508694780725335, 40.789929279259454 ], [ 29.508695112040034, 40.789927910423941 ], [ 29.508695419442752, 40.789926536020921 ], [ 29.508695702840068, 40.78992515646808 ], [ 29.508695962145865, 40.789923772184665 ], [ 29.508696197281335, 40.789922383591346 ], [ 29.508696408175023, 40.789920991110129 ], [ 29.508696594762835, 40.789919595164193 ], [ 29.508696756988069, 40.789918196177751 ], [ 29.508696894801425, 40.789916794575966 ], [ 29.508697008161018, 40.789915390784785 ], [ 29.508697097032403, 40.789913985230818 ], [ 29.508697161388572, 40.789912578341209 ], [ 29.508697201209962, 40.789911170543519 ], [ 29.508697216484475, 40.789909762265573 ], [ 29.508697207207469, 40.789908353935346 ], [ 29.508697173381762, 40.789906945980839 ], [ 29.508697115017636, 40.789905538829913 ], [ 29.508697032132822, 40.789904132910223 ], [ 29.508696924752517, 40.789902728649011 ], [ 29.508696792909348, 40.789901326473036 ], [ 29.508696636643386, 40.789899926808424 ], [ 29.508696456002117, 40.789898530080528 ], [ 29.508696251040437, 40.789897136713812 ], [ 29.508696021820636, 40.78989574713173 ], [ 29.508695768412377, 40.789894361756566 ], [ 29.508695490892666, 40.789892981009345 ], [ 29.508695189345843, 40.78989160530967 ], [ 29.50869486386355, 40.789890235075617 ], [ 29.508694514544697, 40.789888870723601 ], [ 29.508694141495443, 40.789887512668251 ], [ 29.508693744829159, 40.789886161322279 ], [ 29.508693324666396, 40.78988481709635 ], [ 29.508692881134834, 40.789883480398991 ], [ 29.508692414369264, 40.789882151636412 ], [ 29.508691924511542, 40.789880831212429 ], [ 29.508691411710529, 40.78987951952832 ], [ 29.508690876122071, 40.789878216982707 ], [ 29.508690317908925, 40.789876923971427 ], [ 29.50868973724074, 40.789875640887431 ], [ 29.508689134293981, 40.789874368120643 ], [ 29.508688509251879, 40.789873106057868 ], [ 29.508687862304384, 40.789871855082637 ], [ 29.508687193648111, 40.789870615575126 ], [ 29.508686503486256, 40.78986938791202 ], [ 29.508685792028565, 40.789868172466413 ], [ 29.508685059491246, 40.789866969607665 ] ] ] } },
{ "type": "Feature", "properties": { "fid": 283, "line_id": 235, "line_type": "road_boundary_line" }, "geometry": { "type": "MultiLineString", "coordinates": [ [ [ 29.508702399660731, 40.789953401056309 ], [ 29.508703170425672, 40.789952260096413 ], [ 29.508703921166354, 40.789951105862244 ], [ 29.508704651654217, 40.789949938705206 ], [ 29.508705361666877, 40.789948758980614 ], [ 29.508706050988177, 40.789947567047641 ], [ 29.508706719408256, 40.789946363269138 ], [ 29.508707366723627, 40.789945148011597 ], [ 29.508707992737218, 40.789943921644991 ], [ 29.508708597258448, 40.789942684542666 ], [ 29.508709180103274, 40.789941437081247 ], [ 29.508709741094258, 40.78994017964051 ], [ 29.508710280060608, 40.789938912603276 ], [ 29.508710796838244, 40.789937636355283 ], [ 29.508711291269837, 40.789936351285057 ], [ 29.508711763204865, 40.789935057783836 ], [ 29.508712212499653, 40.789933756245411 ], [ 29.508712639017414, 40.789932447066015 ], [ 29.508713042628301, 40.789931130644227 ], [ 29.508713423209436, 40.789929807380808 ], [ 29.50871378064496, 40.789928477678615 ], [ 29.508714114826056, 40.789927141942457 ], [ 29.508714425650979, 40.789925800578992 ], [ 29.50871471302511, 40.789924453996584 ], [ 29.508714976860954, 40.789923102605179 ], [ 29.508715217078194, 40.789921746816198 ], [ 29.508715433603694, 40.7899203870424 ], [ 29.50871562637154, 40.789919023697749 ], [ 29.508715795323042, 40.7899176571973 ], [ 29.508715940406766, 40.789916287957077 ], [ 29.508716048939071, 40.789915012402901 ], [ 29.508716061578543, 40.789914916393926 ], [ 29.50871615880148, 40.789913542925404 ], [ 29.508716232045984, 40.789912167969653 ], [ 29.508716281289754, 40.78991079194526 ], [ 29.508716306517798, 40.78990941527114 ], [ 29.508716307722437, 40.789908038366413 ], [ 29.508716284903301, 40.789906661650257 ], [ 29.50871623806734, 40.789905285541806 ], [ 29.508716167228812, 40.789903910459998 ], [ 29.508716072409282, 40.789902536823462 ], [ 29.508715953637616, 40.789901165050388 ], [ 29.508715810949976, 40.789899795558391 ], [ 29.508715644389802, 40.78989842876441 ], [ 29.508715454007799, 40.789897065084546 ], [ 29.508715239861925, 40.789895704933961 ], [ 29.508715002017379, 40.789894348726726 ], [ 29.508714740546569, 40.789892996875743 ], [ 29.508714455529095, 40.789891649792551 ], [ 29.50871414705173, 40.789890307887262 ], [ 29.508713815208385, 40.789888971568416 ], [ 29.508713460100086, 40.789887641242821 ], [ 29.508713081834944, 40.789886317315499 ], [ 29.508712680528117, 40.789885000189493 ], [ 29.508712256301781, 40.789883690265796 ], [ 29.508711809285082, 40.789882387943202 ], [ 29.508711339614109, 40.789881093618177 ], [ 29.508710847431857, 40.789879807684777 ], [ 29.508710332888157, 40.789878530534487 ], [ 29.508709796139662, 40.789877262556125 ], [ 29.508709237349777, 40.789876004135706 ], [ 29.508708656688619, 40.789874755656356 ], [ 29.508708054332967, 40.789873517498144 ], [ 29.508707430466199, 40.789872290038026 ], [ 29.508706785278246, 40.789871073649692 ], [ 29.508706118965527, 40.789869868703455 ], [ 29.508705431730899, 40.78986867556614 ], [ 29.50870472378358, 40.789867494600998 ], [ 29.508703995339093, 40.789866326167555 ], [ 29.508703246619213, 40.789865170621525 ], [ 29.508702477851877, 40.78986402831471 ], [ 29.508701689271128, 40.789862899594873 ], [ 29.508700881117036, 40.78986178480563 ], [ 29.508700053635643, 40.789860684286381 ], [ 29.508699207078866, 40.789859598372153 ], [ 29.508698341704424, 40.789858527393555 ], [ 29.508697457775778, 40.789857471676633 ], [ 29.508696555562029, 40.789856431542781 ] ] ] } },
{ "type": "Feature", "properties": { "fid": 284, "line_id": 236, "line_type": "center_line" }, "geometry": { "type": "MultiLineString", "coordinates": [ [ [ 29.508661282291929, 40.7898881054996 ], [ 29.508662487440478, 40.789888878058839 ], [ 29.508663705823434, 40.78988962957316 ], [ 29.508664937073334, 40.789890359815928 ], [ 29.508666180818839, 40.789891068566888 ], [ 29.508667436684846, 40.789891755612295 ], [ 29.508668704292585, 40.789892420744927 ], [ 29.508669983259754, 40.789893063764204 ], [ 29.508671273200626, 40.789893684476176 ], [ 29.508672573726162, 40.789894282693645 ], [ 29.508673884444125, 40.789894858236195 ], [ 29.508675204959214, 40.789895410930242 ], [ 29.508676534873164, 40.789895940609092 ], [ 29.508677873784883, 40.789896447113009 ], [ 29.508679221290564, 40.789896930289224 ], [ 29.508680576983799, 40.789897389992021 ], [ 29.50868194045572, 40.789897826082743 ], [ 29.508683311295115, 40.789898238429878 ], [ 29.508684689088543, 40.789898626909064 ], [ 29.508686073420471, 40.789898991403135 ], [ 29.508687463873386, 40.789899331802161 ], [ 29.508688860027938, 40.789899648003477 ], [ 29.508690261463052, 40.789899939911727 ], [ 29.508691667756068, 40.789900207438862 ], [ 29.508693078482846, 40.789900450504206 ], [ 29.508694493217924, 40.789900669034445 ], [ 29.508695911534623, 40.789900862963677 ], [ 29.508697333005188, 40.789901032233409 ], [ 29.508698757200907, 40.789901176792597 ], [ 29.508700183692255, 40.789901296597634 ], [ 29.508701612049002, 40.789901391612389 ], [ 29.50870304184037, 40.789901461808213 ], [ 29.508704472635138, 40.789901507163925 ], [ 29.508705904001786, 40.789901527665862 ], [ 29.508707335508618, 40.789901523307826 ], [ 29.508708766723903, 40.789901494091133 ], [ 29.508710197215994, 40.7899014400246 ], [ 29.508711626553456, 40.789901361124528 ], [ 29.508713054305215, 40.789901257414719 ], [ 29.508714480040666, 40.789901128926445 ], [ 29.508715903329811, 40.789900975698465 ], [ 29.508717323743397, 40.78990079777698 ], [ 29.50871874085303, 40.789900595215663 ], [ 29.508720154231323, 40.7899003680756 ], [ 29.508721563452006, 40.789900116425294 ], [ 29.508722968090066, 40.789899840340638 ], [ 29.508724367721864, 40.789899539904908 ], [ 29.508725761925287, 40.789899215208706 ], [ 29.508727150279846, 40.789898866349958 ], [ 29.508728532366824, 40.789898493433888 ], [ 29.508729907769386, 40.789898096572955 ], [ 29.508731276072719, 40.789897675886849 ], [ 29.508732636864149, 40.789897231502458 ], [ 29.508733989733273, 40.789896763553799 ], [ 29.508735334272064, 40.789896272182006 ], [ 29.50873667007502, 40.789895757535263 ], [ 29.508737996739274, 40.789895219768802 ], [ 29.508739313864705, 40.789894659044798 ], [ 29.508740621054077, 40.789894075532374 ], [ 29.508741917913145, 40.789893469407502 ], [ 29.508743204050788, 40.789892840852993 ], [ 29.508744479079112, 40.78989219005841 ], [ 29.508745742613574, 40.789891517220042 ], [ 29.508746994273093, 40.789890822540798 ], [ 29.508748233680183, 40.789890106230203 ], [ 29.508749460461043, 40.789889368504284 ], [ 29.508750674245682, 40.789888609585539 ], [ 29.508751874668025, 40.789887829702849 ], [ 29.508753061366033, 40.789887029091432 ], [ 29.508754233981808, 40.789886207992744 ], [ 29.508755392161689, 40.789885366654424 ], [ 29.508756535556376, 40.789884505330214 ], [ 29.508757663821029, 40.789883624279888 ], [ 29.508758776615366, 40.789882723769161 ], [ 29.508759873603779, 40.789881804069623 ], [ 29.508760954455418, 40.789880865458663 ], [ 29.508762018844305, 40.789879908219348 ], [ 29.508763066449422, 40.789878932640377 ] ] ] } },
{ "type": "Feature", "properties": { "fid": 285, "line_id": 237, "line_type": "road_boundary_line" }, "geometry": { "type": "MultiLineString", "coordinates": [ [ [ 29.50865048435211, 40.789898663485204 ], [ 29.508651924144463, 40.789899610856132 ], [ 29.508653380121899, 40.789900533159454 ], [ 29.508654851848018, 40.789901430118725 ], [ 29.508656338881707, 40.789902301465105 ], [ 29.508657840777264, 40.789903146937426 ], [ 29.508659357084525, 40.789903966282282 ], [ 29.50866088734902, 40.789904759254085 ], [ 29.508662431112082, 40.789905525615168 ], [ 29.508663987911007, 40.789906265135826 ], [ 29.50866555727918, 40.78990697759442 ], [ 29.508667138746222, 40.789907662777388 ], [ 29.508668731838124, 40.78990832047937 ], [ 29.50867033607739, 40.789908950503239 ], [ 29.508671950983192, 40.789909552660156 ], [ 29.508673576071502, 40.789910126769641 ], [ 29.50867521085523, 40.789910672659616 ], [ 29.508676854844392, 40.789911190166464 ], [ 29.508678507546239, 40.789911679135074 ], [ 29.508680168465418, 40.789912139418895 ], [ 29.508681837104103, 40.789912570879956 ], [ 29.508683512962154, 40.789912973388944 ], [ 29.508685195537282, 40.789913346825216 ], [ 29.508686884325169, 40.789913691076841 ], [ 29.508688578819637, 40.78991400604064 ], [ 29.508690278512809, 40.78991429162221 ], [ 29.508691982895233, 40.789914547735954 ], [ 29.508693691456067, 40.789914774305103 ], [ 29.508695403683209, 40.789914971261759 ], [ 29.508697119063456, 40.789915138546881 ], [ 29.508698837082665, 40.789915276110328 ], [ 29.5087005572259, 40.789915383910873 ], [ 29.508702278977587, 40.789915461916209 ], [ 29.50870400182167, 40.789915510102944 ], [ 29.508705725241771, 40.789915528456646 ], [ 29.508707448721335, 40.789915516971803 ], [ 29.508709171743785, 40.789915475651874 ], [ 29.508710893792692, 40.789915404509223 ], [ 29.508712614351904, 40.789915303565188 ], [ 29.508714332905729, 40.789915172850023 ], [ 29.508716048939071, 40.789915012402901 ], [ 29.508717761937586, 40.789914822271918 ], [ 29.508719471387845, 40.78991460251406 ], [ 29.508721176777478, 40.789914353195194 ], [ 29.508722877595339, 40.78991407439004 ], [ 29.508724573331644, 40.789913766182174 ], [ 29.508726263478135, 40.789913428663972 ], [ 29.508727947528236, 40.789913061936595 ], [ 29.508729624977185, 40.789912666109956 ], [ 29.50873129532221, 40.789912241302709 ], [ 29.508732958062662, 40.789911787642161 ], [ 29.508734612700177, 40.789911305264305 ], [ 29.508736258738814, 40.789910794313705 ], [ 29.508737895685211, 40.789910254943521 ], [ 29.508739523048732, 40.789909687315408 ], [ 29.508741140341613, 40.789909091599505 ], [ 29.508742747079111, 40.789908467974357 ], [ 29.508744342779639, 40.789907816626886 ], [ 29.508745926964927, 40.789907137752323 ], [ 29.508747499160151, 40.78990643155413 ], [ 29.508749058894082, 40.789905698243984 ], [ 29.508750605699227, 40.78990493804168 ], [ 29.508752139111966, 40.789904151175058 ], [ 29.508753658672696, 40.789903337879977 ], [ 29.508755163925965, 40.789902498400203 ], [ 29.508756654420608, 40.789901632987338 ], [ 29.508758129709882, 40.789900741900773 ], [ 29.508759589351609, 40.789899825407602 ], [ 29.508761032908289, 40.789898883782506 ], [ 29.508762459947253, 40.789897917307727 ], [ 29.508763870040777, 40.789896926272938 ], [ 29.508765262766222, 40.789895910975176 ], [ 29.508766637706149, 40.789894871718765 ], [ 29.508767994448455, 40.789893808815179 ], [ 29.508769332586485, 40.789892722583012 ], [ 29.508770651719164, 40.789891613347834 ], [ 29.508771951451113, 40.789890481442114 ], [ 29.508773231392766, 40.78988932720511 ], [ 29.508774491160494, 40.789888150982776 ], [ 29.508775730376712, 40.789886953127663 ] ] ] } },
{ "type": "Feature", "properties": { "fid": 286, "line_id": 238, "line_type": "road_boundary_line" }, "geometry": { "type": "MultiLineString", "coordinates": [ [ [ 29.508648564718364, 40.789821878135342 ], [ 29.508648439541084, 40.789821591732462 ], [ 29.508648319359018, 40.789821303197833 ], [ 29.508648204208452, 40.789821012618575 ], [ 29.508648094124155, 40.789820720082403 ], [ 29.508647989139355, 40.789820425677661 ], [ 29.508647889285761, 40.789820129493229 ], [ 29.508647794593511, 40.789819831618523 ], [ 29.508647705091199, 40.78981953214349 ], [ 29.508647620805849, 40.789819231158539 ], [ 29.508647541762905, 40.789818928754549 ], [ 29.508647467986236, 40.789818625022818 ], [ 29.508647399498113, 40.789818320055055 ], [ 29.508647336319214, 40.789818013943325 ], [ 29.508647278468619, 40.78981770678007 ], [ 29.508647225963788, 40.789817398658009 ], [ 29.508647178820578, 40.78981708967018 ], [ 29.50864713705322, 40.78981677990987 ], [ 29.508647100674324, 40.789816469470608 ], [ 29.508647069694877, 40.789816158446115 ], [ 29.508647044124228, 40.789815846930303 ], [ 29.508647023970102, 40.789815535017219 ], [ 29.50864700923858, 40.789815222801039 ], [ 29.508646999934111, 40.789814910376023 ], [ 29.508646996059504, 40.789814597836511 ], [ 29.50864699761593, 40.789814285276854 ], [ 29.508647004602917, 40.789813972791428 ], [ 29.508647017018358, 40.789813660474572 ], [ 29.508647034858505, 40.789813348420587 ], [ 29.508647058117969, 40.789813036723686 ], [ 29.508647086789725, 40.789812725477979 ], [ 29.508647120865124, 40.789812414777437 ], [ 29.508647160333872, 40.789812104715864 ], [ 29.508647205184054, 40.789811795386875 ], [ 29.508647255402131, 40.78981148688387 ], [ 29.50864731097294, 40.789811179299981 ], [ 29.5086473718797, 40.78981087272809 ], [ 29.508647438104024, 40.789810567260744 ], [ 29.508647509625916, 40.789810262990173 ], [ 29.508647586423788, 40.789809960008249 ], [ 29.508647668474445, 40.78980965840644 ], [ 29.508647755753117, 40.789809358275811 ], [ 29.508647848233455, 40.789809059706975 ], [ 29.508647945887535, 40.789808762790088 ], [ 29.508648048685874, 40.789808467614776 ], [ 29.508648156597435, 40.789808174270178 ], [ 29.508648269589639, 40.789807882844848 ], [ 29.508648387628366, 40.789807593426772 ], [ 29.508648510677979, 40.789807306103349 ], [ 29.508648638701331, 40.789807020961305 ], [ 29.508648771659768, 40.789806738086746 ], [ 29.508648909513141, 40.789806457565078 ], [ 29.508649052219837, 40.789806179480991 ], [ 29.508649199736766, 40.789805903918442 ], [ 29.508649352019386, 40.789805630960636 ], [ 29.508649509021726, 40.789805360689982 ], [ 29.508649670696382, 40.789805093188086 ], [ 29.508649836994536, 40.789804828535701 ], [ 29.508650007865985, 40.789804566812741 ], [ 29.508650183259135, 40.789804308098219 ], [ 29.508650363121035, 40.789804052470252 ], [ 29.50865054739738, 40.78980380000602 ], [ 29.508650736032529, 40.789803550781741 ], [ 29.508650928969534, 40.789803304872663 ] ] ] } },
{ "type": "Feature", "properties": { "fid": 287, "line_id": 239, "line_type": "center_line" }, "geometry": { "type": "MultiLineString", "coordinates": [ [ [ 29.508637387569461, 40.789831903000852 ], [ 29.508637089951552, 40.789831511590407 ], [ 29.508636799149873, 40.789831115089534 ], [ 29.508636515251471, 40.789830713616922 ], [ 29.508636238341325, 40.789830307292753 ], [ 29.508635968502325, 40.789829896238658 ], [ 29.508635705815244, 40.789829480577666 ], [ 29.508635450358717, 40.789829060434215 ], [ 29.508635202209209, 40.789828635934064 ], [ 29.508634961441, 40.78982820720428 ], [ 29.508634728126165, 40.789827774373201 ], [ 29.508634502334537, 40.789827337570379 ], [ 29.508634284133709, 40.789826896926584 ], [ 29.508634073588997, 40.789826452573706 ], [ 29.508633870763422, 40.789826004644752 ], [ 29.508633675717697, 40.789825553273815 ], [ 29.50863348851021, 40.789825098595998 ], [ 29.508633309196995, 40.789824640747412 ], [ 29.508633137831733, 40.7898241798651 ], [ 29.508632974465716, 40.789823716087028 ], [ 29.508632819147842, 40.789823249552015 ], [ 29.508632671924612, 40.789822780399717 ], [ 29.508632532840089, 40.789822308770567 ], [ 29.508632401935909, 40.789821834805743 ], [ 29.508632279251255, 40.789821358647124 ], [ 29.508632164822849, 40.789820880437233 ], [ 29.508632058684952, 40.789820400319222 ], [ 29.508631960869327, 40.789819918436805 ], [ 29.508631871405253, 40.78981943493423 ], [ 29.508631790319519, 40.789818949956228 ], [ 29.508631717636387, 40.789818463647975 ], [ 29.50863165337762, 40.789817976155028 ], [ 29.508631597562452, 40.789817487623324 ], [ 29.508631550207589, 40.7898169981991 ], [ 29.508631511327206, 40.789816508028849 ], [ 29.508631480932941, 40.789816017259305 ], [ 29.508631459033897, 40.789815526037366 ], [ 29.508631445636624, 40.789815034510085 ], [ 29.508631440745134, 40.78981454282458 ], [ 29.508631444360891, 40.789814051128047 ], [ 29.50863145648281, 40.789813559567655 ], [ 29.508631477107269, 40.789813068290556 ], [ 29.508631506228088, 40.789812577443797 ], [ 29.508631543836554, 40.789812087174319 ], [ 29.508631589921404, 40.789811597628876 ], [ 29.508631644468853, 40.789811108953998 ], [ 29.508631707462563, 40.78981062129597 ], [ 29.508631778883682, 40.789810134800767 ], [ 29.508631858710832, 40.789809649614014 ], [ 29.508631946920115, 40.789809165880946 ], [ 29.508632043485129, 40.789808683746365 ], [ 29.508632148376964, 40.789808203354589 ], [ 29.50863226156423, 40.78980772484941 ], [ 29.508632383013037, 40.789807248374075 ], [ 29.508632512687036, 40.789806774071209 ], [ 29.508632650547412, 40.789806302082781 ], [ 29.508632796552895, 40.78980583255008 ], [ 29.508632950659781, 40.789805365613653 ], [ 29.50863311282194, 40.789804901413277 ], [ 29.508633282990829, 40.789804440087892 ], [ 29.508633461115515, 40.789803981775606 ], [ 29.508633647142673, 40.789803526613596 ], [ 29.508633841016621, 40.78980307473811 ], [ 29.508634042679326, 40.78980262628442 ], [ 29.508634252070422, 40.789802181386762 ], [ 29.50863446912723, 40.789801740178305 ], [ 29.508634693784774, 40.789801302791126 ], [ 29.508634925975812, 40.789800869356149 ], [ 29.508635165630835, 40.789800440003113 ], [ 29.50863541267811, 40.789800014860546 ], [ 29.508635667043681, 40.789799594055708 ], [ 29.508635928651412, 40.789799177714556 ], [ 29.508636197422987, 40.78979876596172 ], [ 29.50863647327796, 40.78979835892045 ], [ 29.508636756133757, 40.789797956712597 ], [ 29.508637045905704, 40.789797559458556 ], [ 29.508637342507065, 40.789797167277229 ], [ 29.508637645849053, 40.789796780286018 ], [ 29.508637955840868, 40.789796398600764 ], [ 29.508638272389717, 40.789796022335722 ], [ 29.50863859540085, 40.789795651603519 ], [ 29.508638924777571, 40.789795286515123 ], [ 29.508639260421287, 40.789794927179834 ], [ 29.508639602231529, 40.789794573705201 ], [ 29.50863995010598, 40.789794226197031 ] ] ] } },
{ "type": "Feature", "properties": { "fid": 288, "line_id": 240, "line_type": "dashed_line" }, "geometry": { "type": "MultiLineString", "coordinates": [ [ [ 29.508625289159184, 40.789842754152332 ], [ 29.508624801183082, 40.789842326430232 ], [ 29.508624320684959, 40.789841890324247 ], [ 29.508623847808842, 40.789841445965109 ], [ 29.508623382696463, 40.789840993485996 ], [ 29.508622925487241, 40.789840533022534 ], [ 29.508622476318216, 40.789840064712742 ], [ 29.50862203532402, 40.789839588696999 ], [ 29.508621602636836, 40.78983910511797 ], [ 29.508621178386356, 40.789838614120619 ], [ 29.508620762699746, 40.789838115852099 ], [ 29.508620355701602, 40.789837610461774 ], [ 29.508619957513918, 40.789837098101117 ], [ 29.508619568256041, 40.789836578923712 ], [ 29.508619188044651, 40.789836053085175 ], [ 29.508618816993714, 40.789835520743111 ], [ 29.508618455214439, 40.789834982057087 ], [ 29.508618102815273, 40.789834437188574 ], [ 29.508617759901842, 40.789833886300876 ], [ 29.508617426576926, 40.78983332955913 ], [ 29.508617102940438, 40.789832767130207 ], [ 29.508616789089384, 40.789832199182683 ], [ 29.508616485117837, 40.789831625886798 ], [ 29.508616191116907, 40.789831047414395 ], [ 29.508615907174722, 40.789830463938856 ], [ 29.508615633376383, 40.789829875635071 ], [ 29.508615369803966, 40.789829282679378 ], [ 29.508615116536465, 40.78982868524951 ], [ 29.508614873649801, 40.78982808352454 ], [ 29.508614641216774, 40.789827477684824 ], [ 29.508614419307047, 40.789826867911962 ], [ 29.508614207987144, 40.789826254388714 ], [ 29.5086140073204, 40.789825637298989 ], [ 29.508613817366967, 40.789825016827749 ], [ 29.508613638183775, 40.789824393160963 ], [ 29.508613469824535, 40.789823766485583 ], [ 29.508613312339712, 40.789823136989433 ], [ 29.508613165776509, 40.789822504861199 ], [ 29.508613030178854, 40.789821870290361 ], [ 29.508612905587395, 40.789821233467123 ], [ 29.508612792039475, 40.789820594582359 ], [ 29.508612689569127, 40.789819953827568 ], [ 29.508612598207069, 40.789819311394808 ], [ 29.50861251798068, 40.789818667476652 ], [ 29.508612448914015, 40.78981802226609 ], [ 29.508612391027768, 40.789817375956524 ], [ 29.508612344339291, 40.789816728741677 ], [ 29.508612308862581, 40.789816080815541 ], [ 29.508612284608272, 40.789815432372329 ], [ 29.508612271583633, 40.789814783606403 ], [ 29.508612269792568, 40.789814134712216 ], [ 29.508612279235614, 40.789813485884274 ], [ 29.508612299909938, 40.789812837317044 ], [ 29.508612331809346, 40.789812189204945 ], [ 29.508612374924276, 40.789811541742225 ], [ 29.508612429241804, 40.789810895122955 ], [ 29.508612494745648, 40.789810249540956 ], [ 29.50861257141618, 40.789809605189731 ], [ 29.508612659230412, 40.789808962262413 ], [ 29.508612758162023, 40.789808320951714 ], [ 29.508612868181366, 40.789807681449865 ], [ 29.508612989255457, 40.789807043948542 ], [ 29.508613121348009, 40.789806408638832 ], [ 29.508613264419431, 40.789805775711159 ], [ 29.508613418426833, 40.789805145355231 ], [ 29.508613583324056, 40.789804517759997 ], [ 29.508613759061678, 40.789803893113572 ], [ 29.508613945587015, 40.789803271603176 ], [ 29.50861414284417, 40.789802653415109 ], [ 29.508614350774007, 40.789802038734663 ], [ 29.508614569314208, 40.78980142774607 ], [ 29.508614798399265, 40.789800820632486 ], [ 29.508615037960514, 40.789800217575873 ], [ 29.508615287926151, 40.789799618756987 ], [ 29.508615548221247, 40.789799024355332 ], [ 29.508615818767787, 40.789798434549056 ], [ 29.508616099484673, 40.789797849514954 ], [ 29.50861639028777, 40.789797269428377 ], [ 29.508616691089909, 40.789796694463213 ], [ 29.508617001800925, 40.789796124791785 ], [ 29.508617322327694, 40.789795560584849 ], [ 29.508617652574138, 40.789795002011523 ], [ 29.50861799244127, 40.789794449239231 ], [ 29.508618341827216, 40.789793902433665 ], [ 29.508618700627256, 40.789793361758711 ], [ 29.508619068733843, 40.789792827376438 ], [ 29.50861944603664, 40.789792299447022 ], [ 29.508619832422561, 40.789791778128702 ], [ 29.508620227775783, 40.789791263577726 ], [ 29.508620631977809, 40.789790755948339 ], [ 29.508621044907482, 40.789790255392695 ], [ 29.508621466441031, 40.789789762060821 ], [ 29.508621896452112, 40.789789276100592 ], [ 29.508622334811829, 40.789788797657671 ], [ 29.508622781388791, 40.78978832687546 ], [ 29.508623236049139, 40.789787863895071 ], [ 29.508623698656599, 40.789787408855283 ], [ 29.508624169072508, 40.789786961892482 ], [ 29.508624647155862, 40.789786523140641 ], [ 29.508625132763367, 40.789786092731276 ], [ 29.508625625749463, 40.789785670793385 ], [ 29.508626125966387, 40.789785257453453 ], [ 29.508626633264203, 40.789784852835361 ], [ 29.508627147490852, 40.789784457060392 ], [ 29.50862766849221, 40.789784070247187 ] ] ] } },
{ "type": "Feature", "properties": { "fid": 289, "line_id": 241, "line_type": "center_line" }, "geometry": { "type": "MultiLineString", "coordinates": [ [ [ 29.508613722667675, 40.789853128222035 ], [ 29.508613435114043, 40.789852950341945 ], [ 29.508613150707035, 40.789852767472937 ], [ 29.508612869533202, 40.789852579670665 ], [ 29.508612591678101, 40.789852386992273 ], [ 29.508612317226291, 40.789852189496393 ], [ 29.508612046261284, 40.789851987243125 ], [ 29.508611778865536, 40.789851780294022 ], [ 29.508611515120418, 40.789851568712045 ], [ 29.508611255106185, 40.789851352561598 ], [ 29.508610998901968, 40.789851131908435 ], [ 29.50861074658572, 40.789850906819716 ], [ 29.50861049823423, 40.789850677363937 ], [ 29.50861025392307, 40.789850443610916 ], [ 29.508610013726585, 40.78985020563178 ], [ 29.508609777717865, 40.789849963498959 ], [ 29.508609545968731, 40.789849717286131 ], [ 29.508609318549706, 40.789849467068215 ], [ 29.508609095529991, 40.789849212921354 ], [ 29.508608876977455, 40.789848954922896 ], [ 29.508608662958601, 40.789848693151335 ], [ 29.50860845353856, 40.789848427686337 ], [ 29.508608248781055, 40.789848158608685 ], [ 29.508608048748396, 40.78984788600026 ], [ 29.508607853501452, 40.789847609944012 ], [ 29.508607663099642, 40.789847330523955 ], [ 29.508607477600901, 40.789847047825113 ], [ 29.50860729706168, 40.789846761933511 ], [ 29.508607121536915, 40.789846472936148 ], [ 29.508606951080022, 40.789846180920961 ], [ 29.50860678574287, 40.789845885976824 ], [ 29.508606625575773, 40.789845588193479 ], [ 29.508606470627466, 40.789845287661549 ], [ 29.508606320945105, 40.789844984472488 ], [ 29.50860617657424, 40.789844678718545 ], [ 29.508606037558799, 40.789844370492773 ], [ 29.508605903941085, 40.789844059888971 ], [ 29.508605775761762, 40.78984374700164 ], [ 29.508605653059831, 40.789843431926002 ], [ 29.508605535872636, 40.789843114757943 ], [ 29.508605424235835, 40.78984279559397 ], [ 29.508605318183395, 40.789842474531206 ], [ 29.508605217747597, 40.789842151667351 ], [ 29.508605122958997, 40.789841827100652 ], [ 29.508605033846443, 40.789841500929882 ], [ 29.50860495043705, 40.789841173254295 ], [ 29.508604872756198, 40.789840844173597 ], [ 29.508604800827531, 40.789840513787937 ], [ 29.508604734672936, 40.789840182197842 ], [ 29.50860467431254, 40.789839849504226 ], [ 29.508604619764714, 40.789839515808332 ], [ 29.508604571046057, 40.78983918121169 ], [ 29.508604528171393, 40.789838845816128 ], [ 29.508604491153768, 40.789838509723708 ], [ 29.508604460004452, 40.789838173036706 ], [ 29.508604434732916, 40.789837835857575 ], [ 29.508604415346859, 40.789837498288911 ], [ 29.508604401852171, 40.78983716043345 ], [ 29.508604394252966, 40.789836822394001 ], [ 29.508604392551554, 40.789836484273422 ], [ 29.508604396748449, 40.789836146174615 ], [ 29.50860440684238, 40.789835808200458 ], [ 29.50860442283027, 40.789835470453795 ], [ 29.50860444470726, 40.789835133037414 ], [ 29.508604472466686, 40.789834796053981 ], [ 29.508604506100102, 40.789834459606048 ], [ 29.508604545597279, 40.789834123795998 ], [ 29.508604590946192, 40.789833788726014 ], [ 29.508604642133044, 40.789833454498059 ], [ 29.508604699142257, 40.789833121213846 ], [ 29.508604761956484, 40.789832788974785 ], [ 29.50860483055661, 40.789832457881985 ], [ 29.508604904921757, 40.789832128036196 ], [ 29.508604985029301, 40.789831799537794 ], [ 29.508605070854863, 40.789831472486739 ], [ 29.508605162372323, 40.789831146982557 ], [ 29.508605259553836, 40.789830823124298 ], [ 29.508605362369828, 40.789830501010513 ], [ 29.508605470789007, 40.789830180739223 ], [ 29.508605584778387, 40.789829862407885 ], [ 29.508605704303278, 40.789829546113374 ], [ 29.508605829327312, 40.789829231951934 ], [ 29.508605959812439, 40.789828920019168 ], [ 29.50860609571895, 40.789828610409998 ], [ 29.508606237005495, 40.789828303218634 ], [ 29.508606383629072, 40.78982799853857 ], [ 29.50860653554507, 40.789827696462503 ], [ 29.508606692707261, 40.789827397082369 ], [ 29.50861519207777, 40.789819291722381 ], [ 29.508623569344312, 40.789811060224039 ], [ 29.508631822635081, 40.789802704426592 ], [ 29.50863995010598, 40.789794226197031 ] ] ] } },
{ "type": "Feature", "properties": { "fid": 290, "line_id": 242, "line_type": "road_boundary_line" }, "geometry": { "type": "MultiLineString", "coordinates": [ [ [ 29.508602013600008, 40.789863630169329 ], [ 29.508597874389739, 40.789860690730151 ], [ 29.508595354870444, 40.78985673148555 ], [ 29.508593015316816, 40.789851512481299 ], [ 29.508591575591506, 40.78984701333971 ], [ 29.508590135866196, 40.789842694163781 ], [ 29.508589416003542, 40.789834775674571 ], [ 29.508589595969205, 40.789828296910677 ], [ 29.508592115488497, 40.789822897940766 ], [ 29.508593195282479, 40.789821818146784 ], [ 29.50862766849221, 40.789784070247187 ] ] ] } },
{ "type": "Feature", "properties": { "fid": 291, "line_id": 243, "line_type": "road_boundary_line" }, "geometry": { "type": "MultiLineString", "coordinates": [ [ [ 29.508514878507651, 40.789938596754752 ], [ 29.508512030768127, 40.789931237270345 ], [ 29.508513470493433, 40.789924038643797 ] ] ] } },
{ "type": "Feature", "properties": { "fid": 293, "line_id": 244, "line_type": "road_boundary_line" }, "geometry": { "type": "MultiLineString", "coordinates": [ [ [ 29.508513470493433, 40.789924038643797 ], [ 29.508564220810609, 40.78987760750254 ], [ 29.508561701291313, 40.789839454781827 ] ] ] } },
{ "type": "Feature", "properties": { "fid": 294, "line_id": 245, "line_type": "road_boundary_line" }, "geometry": { "type": "MultiLineString", "coordinates": [ [ [ 29.508468839008824, 40.789884446197767 ], [ 29.50854082527432, 40.789818938696158 ] ] ] } },
{ "type": "Feature", "properties": { "fid": 301, "line_id": 246, "line_type": "road_boundary_line" }, "geometry": { "type": "MultiLineString", "coordinates": [ [ [ 29.508472260063769, 40.789981663813833 ], [ 29.508471399295573, 40.789980956790991 ], [ 29.508470550891122, 40.789980234978628 ], [ 29.5084697151045, 40.78997949859292 ], [ 29.508468892186002, 40.789978747854391 ], [ 29.508468082382073, 40.789977982987878 ], [ 29.508467285935232, 40.789977204222431 ], [ 29.508466503084001, 40.789976411791272 ], [ 29.508465734062817, 40.789975605931723 ], [ 29.508464979101991, 40.789974786885118 ], [ 29.508464238427614, 40.789973954896745 ], [ 29.5084635122615, 40.789973110215755 ], [ 29.508462800821121, 40.789972253095122 ], [ 29.508462104319538, 40.789971383791531 ], [ 29.508461422965333, 40.789970502565318 ], [ 29.50846075696256, 40.789969609680391 ], [ 29.508460106510668, 40.789968705404142 ], [ 29.508459471804453, 40.789967790007388 ], [ 29.508458853034, 40.78996686376427 ], [ 29.50845825038461, 40.789965926952178 ], [ 29.508457664036769, 40.789964979851653 ], [ 29.508457094166069, 40.789964022746339 ], [ 29.508456540943175, 40.789963055922868 ], [ 29.508456004533766, 40.789962079670786 ], [ 29.508455485098484, 40.789961094282447 ], [ 29.508454982792884, 40.789960100052959 ], [ 29.508454497767403, 40.789959097280068 ], [ 29.508454030167286, 40.789958086264079 ], [ 29.508453580132574, 40.789957067307775 ], [ 29.50845314779804, 40.789956040716305 ], [ 29.508452733293161, 40.789955006797115 ], [ 29.508452336742067, 40.789953965859837 ], [ 29.508451958263521, 40.789952918216201 ], [ 29.508451597970865, 40.789951864179962 ], [ 29.508451255971998, 40.789950804066777 ], [ 29.508450932369346, 40.789949738194125 ], [ 29.508450627259815, 40.789948666881209 ], [ 29.508450340734782, 40.789947590448861 ], [ 29.508450072880052, 40.789946509219448 ], [ 29.508449823775841, 40.789945423516784 ], [ 29.508449593496753, 40.789944333666 ], [ 29.508449382111749, 40.789943239993484 ], [ 29.508449189684136, 40.789942142826767 ], [ 29.508449016271538, 40.789941042494426 ], [ 29.508448861925888, 40.789939939325983 ], [ 29.508448726693416, 40.78993883365181 ], [ 29.508448610614614, 40.789937725803036 ], [ 29.50844851372425, 40.78993661611144 ], [ 29.508448436051335, 40.789935504909337 ], [ 29.508448377619132, 40.789934392529517 ], [ 29.508448338445142, 40.789933279305103 ], [ 29.508448318541099, 40.789932165569489 ], [ 29.508448317912954, 40.789931051656204 ], [ 29.508448336560907, 40.789929937898854 ], [ 29.508448374479368, 40.789928824630969 ], [ 29.50844843165698, 40.78992771218595 ], [ 29.508448508076619, 40.789926600896955 ], [ 29.508448603715404, 40.789925491096788 ], [ 29.508448718544688, 40.789924383117807 ], [ 29.508448852530087, 40.78992327729182 ], [ 29.508449005631469, 40.789922173950011 ], [ 29.508449177802991, 40.789921073422789 ], [ 29.508449368993091, 40.789919976039748 ], [ 29.508449579144504, 40.789918882129527 ], [ 29.508449808194303, 40.789917792019729 ], [ 29.508450056073887, 40.789916706036806 ], [ 29.508450322709027, 40.789915624505994 ], [ 29.508450608019867, 40.789914547751188 ], [ 29.508450911920967, 40.789913476094846 ], [ 29.508451234321313, 40.789912409857905 ], [ 29.508451575124354, 40.789911349359684 ], [ 29.508451934228031, 40.789910294917775 ], [ 29.508452311524795, 40.789909246847955 ], [ 29.508452706901654, 40.789908205464108 ], [ 29.508453120240208, 40.789907171078092 ], [ 29.508453551416668, 40.78990614399968 ], [ 29.508454000301903, 40.789905124536475 ], [ 29.508454466761489, 40.789904112993767 ], [ 29.508454950655725, 40.789903109674498 ], [ 29.508455451839705, 40.789902114879133 ], [ 29.508455970163325, 40.789901128905598 ], [ 29.508456505471369, 40.789900152049164 ], [ 29.508457057603515, 40.789899184602376 ], [ 29.508457626394421, 40.789898226854973 ], [ 29.508458211673741, 40.789897279093765 ], [ 29.508458813266202, 40.789896341602585 ], [ 29.508459430991635, 40.789895414662205 ], [ 29.508460064665051, 40.789894498550204 ], [ 29.508460714096678, 40.789893593540945 ], [ 29.508461379092026, 40.789892699905458 ], [ 29.50846205945194, 40.789891817911368 ], [ 29.508462754972673, 40.789890947822812 ], [ 29.508463465445931, 40.789890089900354 ], [ 29.508464190658945, 40.789889244400925 ], [ 29.508464930394524, 40.789888411577742 ], [ 29.508465684431144, 40.789887591680206 ], [ 29.508466452542979, 40.789886784953858 ], [ 29.508467234500003, 40.789885991640297 ], [ 29.508468030068038, 40.789885211977108 ], [ 29.508468839008824, 40.789884446197767 ] ] ] } },
{ "type": "Feature", "properties": { "fid": 302, "line_id": 247, "line_type": "road_boundary_line" }, "geometry": { "type": "MultiLineString", "coordinates": [ [ [ 29.50868773886911, 40.790130961045342 ], [ 29.508774030497676, 40.790186793441585 ] ] ] } },
{ "type": "Feature", "properties": { "fid": 303, "line_id": 248, "line_type": "center_line" }, "geometry": { "type": "MultiLineString", "coordinates": [ [ [ 29.508700585195715, 40.790119472337274 ], [ 29.508784369586781, 40.790176661134261 ] ] ] } },
{ "type": "Feature", "properties": { "fid": 304, "line_id": 249, "line_type": "dashed_line" }, "geometry": { "type": "MultiLineString", "coordinates": [ [ [ 29.508712717810315, 40.790108621915081 ], [ 29.508794900298213, 40.790166341037057 ] ] ] } },
{ "type": "Feature", "properties": { "fid": 305, "line_id": 250, "line_type": "center_line" }, "geometry": { "type": "MultiLineString", "coordinates": [ [ [ 29.508723035959886, 40.790099649611108 ], [ 29.508807004782533, 40.790155488740787 ] ] ] } },
{ "type": "Feature", "properties": { "fid": 306, "line_id": 251, "line_type": "dashed_line" }, "geometry": { "type": "MultiLineString", "coordinates": [ [ [ 29.50873360812405, 40.790089948535048 ], [ 29.508815770098749, 40.79014588863253 ] ] ] } },
{ "type": "Feature", "properties": { "fid": 307, "line_id": 252, "line_type": "road_boundary_line" }, "geometry": { "type": "MultiLineString", "coordinates": [ [ [ 29.508760833298201, 40.790087717414913 ], [ 29.508825980868462, 40.790030848265168 ] ] ] } },
{ "type": "Feature", "properties": { "fid": 308, "line_id": 253, "line_type": "road_boundary_line" }, "geometry": { "type": "MultiLineString", "coordinates": [ [ [ 29.508814463065988, 40.790123710547654 ], [ 29.508875651391648, 40.790070080779863 ] ] ] } },
{ "type": "Feature", "properties": { "fid": 309, "line_id": 254, "line_type": "dashed_line" }, "geometry": { "type": "MultiLineString", "coordinates": [ [ [ 29.508790999938483, 40.790107963482214 ], [ 29.508850816130057, 40.790050464522515 ] ] ] } },
{ "type": "Feature", "properties": { "fid": 310, "line_id": 255, "line_type": "center_line" }, "geometry": { "type": "MultiLineString", "coordinates": [ [ [ 29.508801955452363, 40.790115432127116 ], [ 29.508862753117231, 40.790059893012391 ] ] ] } },
{ "type": "Feature", "properties": { "fid": 311, "line_id": 256, "line_type": "center_line" }, "geometry": { "type": "MultiLineString", "coordinates": [ [ [ 29.508776400328102, 40.790097435560739 ], [ 29.508837762861113, 40.790040154331827 ] ] ] } },
{ "type": "Feature", "properties": { "fid": 312, "line_id": 257, "line_type": "road_boundary_line" }, "geometry": { "type": "MultiLineString", "coordinates": [ [ [ 29.50873360812405, 40.790089948535048 ], [ 29.508735888338812, 40.790089978402712 ], [ 29.50873816872954, 40.790089968938005 ], [ 29.508740448617818, 40.790089920143735 ], [ 29.508742727325387, 40.790089832034425 ], [ 29.50874500417434, 40.790089704636294 ], [ 29.508747278487323, 40.790089537987228 ], [ 29.508749549587726, 40.790089332136809 ], [ 29.508751816799911, 40.790089087146278 ], [ 29.508754079449382, 40.790088803088523 ], [ 29.508756336863012, 40.790088480048048 ], [ 29.508758588369222, 40.790088118120948 ], [ 29.508760833298201, 40.790087717414913 ] ] ] } },
{ "type": "Feature", "properties": { "fid": 313, "line_id": 258, "line_type": "center_line" }, "geometry": { "type": "MultiLineString", "coordinates": [ [ [ 29.508723035959886, 40.790099649611108 ], [ 29.508723884434513, 40.790100065882598 ], [ 29.50872473992618, 40.79010046753563 ], [ 29.508725602183041, 40.790100854451964 ], [ 29.50872647095127, 40.790101226517706 ], [ 29.508727345975117, 40.790101583623319 ], [ 29.50872822699699, 40.790101925663684 ], [ 29.508729113757532, 40.790102252538105 ], [ 29.508730005995702, 40.790102564150359 ], [ 29.508730903448839, 40.790102860408716 ], [ 29.508731805852754, 40.790103141225963 ], [ 29.508732712941793, 40.790103406519435 ], [ 29.508733624448929, 40.790103656211024 ], [ 29.508734540105831, 40.790103890227236 ], [ 29.508735459642946, 40.790104108499172 ], [ 29.508736382789586, 40.79010431096259 ], [ 29.508737309273986, 40.790104497557884 ], [ 29.508738238823415, 40.790104668230114 ], [ 29.508739171164226, 40.790104822929045 ], [ 29.508740106021957, 40.790104961609146 ], [ 29.508741043121407, 40.790105084229573 ], [ 29.508741982186713, 40.790105190754247 ], [ 29.508742922941426, 40.790105281151796 ], [ 29.50874386510861, 40.79010535539561 ], [ 29.50874480841091, 40.790105413463841 ], [ 29.508745752570636, 40.790105455339393 ], [ 29.508746697309846, 40.790105481009938 ], [ 29.508747642350425, 40.790105490467916 ], [ 29.508748587414171, 40.790105483710541 ], [ 29.508749532222879, 40.790105460739802 ], [ 29.508750476498413, 40.790105421562473 ], [ 29.508751419962799, 40.790105366190076 ], [ 29.508752362338299, 40.790105294638913 ], [ 29.508753303347493, 40.79010520693005 ], [ 29.508754242713369, 40.790105103089303 ], [ 29.508755180159394, 40.790104983147245 ], [ 29.508756115409604, 40.790104847139176 ], [ 29.508757048188681, 40.79010469510515 ], [ 29.508757978222029, 40.790104527089909 ], [ 29.508758905235865, 40.790104343142922 ], [ 29.508759828957295, 40.790104143318331 ], [ 29.508760749114394, 40.790103927674963 ], [ 29.508761665436289, 40.790103696276304 ], [ 29.508762577653226, 40.790103449190475 ], [ 29.508763485496669, 40.7901031864902 ], [ 29.508764388699365, 40.790102908252827 ], [ 29.50876528699543, 40.790102614560254 ], [ 29.508766180120428, 40.790102305498948 ], [ 29.50876706781143, 40.790101981159886 ], [ 29.508767949807126, 40.790101641638536 ], [ 29.50876882584787, 40.790101287034865 ], [ 29.508769695675774, 40.790100917453252 ], [ 29.508770559034772, 40.790100533002494 ], [ 29.508771415670719, 40.790100133795768 ], [ 29.508772265331427, 40.790099719950597 ], [ 29.508773107766778, 40.790099291588803 ], [ 29.508773942728773, 40.790098848836486 ], [ 29.50877476997162, 40.790098391823982 ], [ 29.508775589251787, 40.790097920685838 ], [ 29.508776400328102, 40.790097435560739 ] ] ] } },
{ "type": "Feature", "properties": { "fid": 314, "line_id": 259, "line_type": "dashed_line" }, "geometry": { "type": "MultiLineString", "coordinates": [ [ [ 29.508712717810315, 40.790108621915081 ], [ 29.508713427086136, 40.790109288411571 ], [ 29.508714147808288, 40.790109942513496 ], [ 29.508714879760216, 40.790110584024319 ], [ 29.508715622721976, 40.79011121275127 ], [ 29.508716376470325, 40.790111828505431 ], [ 29.508717140778771, 40.790112431101775 ], [ 29.508717915417655, 40.790113020359236 ], [ 29.508718700154212, 40.790113596100753 ], [ 29.508719494752643, 40.790114158153315 ], [ 29.508720298974186, 40.790114706348056 ], [ 29.508721112577184, 40.790115240520237 ], [ 29.508721935317165, 40.790115760509352 ], [ 29.50872276694691, 40.790116266159153 ], [ 29.508723607216528, 40.790116757317705 ], [ 29.508724455873537, 40.790117233837421 ], [ 29.508725312662925, 40.79011769557512 ], [ 29.508726177327244, 40.790118142392053 ], [ 29.50872704960668, 40.790118574153958 ], [ 29.508727929239129, 40.790118990731095 ], [ 29.508728815960271, 40.790119391998303 ], [ 29.508729709503669, 40.790119777835002 ], [ 29.508730609600821, 40.790120148125247 ], [ 29.508731515981275, 40.79012050275778 ], [ 29.508732428372667, 40.790120841626042 ], [ 29.508733346500851, 40.790121164628211 ], [ 29.508734270089938, 40.79012147166722 ], [ 29.508735198862411, 40.790121762650813 ], [ 29.508736132539187, 40.790122037491557 ], [ 29.508737070839711, 40.790122296106873 ], [ 29.508738013482045, 40.790122538419041 ], [ 29.508738960182942, 40.790122764355253 ], [ 29.50873991065793, 40.790122973847623 ], [ 29.508740864621409, 40.790123166833197 ], [ 29.508741821786735, 40.790123343253995 ], [ 29.508742781866292, 40.790123503057004 ], [ 29.508743744571596, 40.790123646194196 ], [ 29.508744709613367, 40.790123772622565 ], [ 29.508745676701633, 40.79012388230413 ], [ 29.508746645545795, 40.790123975205923 ], [ 29.508747615854737, 40.790124051300033 ], [ 29.508748587336896, 40.790124110563603 ], [ 29.508749559700362, 40.790124152978805 ], [ 29.508750532652954, 40.790124178532913 ], [ 29.508751505902314, 40.790124187218247 ], [ 29.508752479156005, 40.790124179032183 ], [ 29.508753452121578, 40.790124153977196 ], [ 29.508754424506673, 40.790124112060809 ], [ 29.508755396019104, 40.790124053295614 ], [ 29.508756366366956, 40.790123977699267 ], [ 29.50875733525865, 40.790123885294491 ], [ 29.508758302403052, 40.790123776109048 ], [ 29.508759267509554, 40.790123650175751 ], [ 29.508760230288161, 40.790123507532435 ], [ 29.508761190449569, 40.790123348221961 ], [ 29.508762147705269, 40.790123172292205 ], [ 29.508763101767624, 40.790122979796031 ], [ 29.508764052349957, 40.790122770791271 ], [ 29.508764999166626, 40.790122545340736 ], [ 29.508765941933142, 40.790122303512163 ], [ 29.50876688036621, 40.790122045378226 ], [ 29.508767814183855, 40.79012177101648 ], [ 29.508768743105474, 40.790121480509377 ], [ 29.508769666851951, 40.7901211739442 ], [ 29.508770585145708, 40.790120851413072 ], [ 29.508771497710821, 40.790120513012901 ], [ 29.508772404273074, 40.790120158845376 ], [ 29.508773304560066, 40.79011978901692 ], [ 29.508774198301275, 40.790119403638649 ], [ 29.508775085228148, 40.79011900282638 ], [ 29.508775965074179, 40.79011858670053 ], [ 29.508776837574988, 40.790118155386153 ], [ 29.508777702468411, 40.790117709012847 ], [ 29.508778559494552, 40.79011724771474 ], [ 29.508779408395899, 40.790116771630437 ], [ 29.508780248917365, 40.790116280903 ], [ 29.508781080806394, 40.79011577567988 ], [ 29.508781903813016, 40.790115256112891 ], [ 29.508782717689932, 40.790114722358148 ], [ 29.508783522192587, 40.79011417457604 ], [ 29.50878431707924, 40.790113612931165 ], [ 29.508785102111045, 40.790113037592292 ], [ 29.508785877052112, 40.790112448732287 ], [ 29.508786641669584, 40.790111846528106 ], [ 29.508787395733709, 40.790111231160694 ], [ 29.508788139017902, 40.790110602814956 ], [ 29.508788871298819, 40.790109961679704 ], [ 29.508789592356429, 40.790109307947588 ], [ 29.508790301974059, 40.790108641815038 ], [ 29.508790999938483, 40.790107963482214 ] ] ] } },
{ "type": "Feature", "properties": { "fid": 315, "line_id": 260, "line_type": "center_line" }, "geometry": { "type": "MultiLineString", "coordinates": [ [ [ 29.508700585195715, 40.790119472337274 ], [ 29.508701561988307, 40.79012030718971 ], [ 29.50870255313675, 40.790121124947085 ], [ 29.5087035583419, 40.790121925362584 ], [ 29.508704577300367, 40.790122708194623 ], [ 29.508705609704613, 40.790123473206933 ], [ 29.508706655243042, 40.790124220168622 ], [ 29.508707713600089, 40.790124948854235 ], [ 29.508708784456321, 40.790125659043852 ], [ 29.508709867488541, 40.790126350523117 ], [ 29.508710962369864, 40.790127023083329 ], [ 29.508712068769842, 40.790127676521507 ], [ 29.508713186354541, 40.790128310640426 ], [ 29.508714314786651, 40.790128925248702 ], [ 29.5087154537256, 40.790129520160832 ], [ 29.508716602827626, 40.790130095197256 ], [ 29.508717761745917, 40.790130650184423 ], [ 29.508718930130691, 40.790131184954831 ], [ 29.508720107629301, 40.790131699347064 ], [ 29.508721293886367, 40.790132193205892 ], [ 29.508722488543853, 40.790132666382242 ], [ 29.508723691241187, 40.790133118733301 ], [ 29.508724901615377, 40.790133550122547 ], [ 29.508726119301109, 40.790133960419787 ], [ 29.508727343930861, 40.790134349501173 ], [ 29.508728575135027, 40.790134717249273 ], [ 29.508729812542001, 40.790135063553102 ], [ 29.508731055778313, 40.790135388308137 ], [ 29.508732304468733, 40.79013569141636 ], [ 29.508733558236386, 40.790135972786295 ], [ 29.508734816702859, 40.790136232333005 ], [ 29.50873607948833, 40.790136469978165 ], [ 29.50873734621166, 40.790136685650047 ], [ 29.50873861649054, 40.790136879283551 ], [ 29.508739889941566, 40.790137050820249 ], [ 29.5087411661804, 40.790137200208356 ], [ 29.508742444821841, 40.790137327402789 ], [ 29.508743725479977, 40.790137432365157 ], [ 29.508745007768283, 40.790137515063783 ], [ 29.50874629129974, 40.790137575473707 ], [ 29.508747575686957, 40.79013761357669 ], [ 29.508748860542283, 40.79013762936124 ], [ 29.508750145477929, 40.790137622822591 ], [ 29.508751430106074, 40.790137593962712 ], [ 29.508752714038994, 40.790137542790319 ], [ 29.50875399688918, 40.790137469320847 ], [ 29.508755278269444, 40.790137373576485 ], [ 29.508756557793038, 40.790137255586117 ], [ 29.508757835073787, 40.79013711538537 ], [ 29.508759109726181, 40.790136953016543 ], [ 29.508760381365509, 40.790136768528647 ], [ 29.508761649607965, 40.790136561977363 ], [ 29.508762914070775, 40.790136333425039 ], [ 29.508764174372299, 40.790136082940649 ], [ 29.508765430132158, 40.790135810599793 ], [ 29.508766680971338, 40.790135516484668 ], [ 29.508767926512316, 40.790135200684055 ], [ 29.508769166379171, 40.790134863293254 ], [ 29.50877040019768, 40.790134504414098 ], [ 29.508771627595458, 40.79013412415491 ], [ 29.50877284820206, 40.790133722630451 ], [ 29.508774061649078, 40.790133299961909 ], [ 29.508775267570275, 40.790132856276863 ], [ 29.508776465601688, 40.790132391709214 ], [ 29.508777655381721, 40.790131906399175 ], [ 29.508778836551286, 40.79013140049323 ], [ 29.508780008753877, 40.790130874144069 ], [ 29.508781171635711, 40.790130327510546 ], [ 29.508782324845804, 40.790129760757651 ], [ 29.508783468036096, 40.790129174056439 ], [ 29.50878460086156, 40.790128567583984 ], [ 29.508785722980281, 40.790127941523338 ], [ 29.508786834053588, 40.790127296063446 ], [ 29.508787933746135, 40.790126631399126 ], [ 29.50878902172602, 40.790125947730985 ], [ 29.508790097664875, 40.790125245265365 ], [ 29.508791161237955, 40.790124524214278 ], [ 29.508792212124256, 40.790123784795362 ], [ 29.508793250006608, 40.790123027231772 ], [ 29.508794274571752, 40.790122251752166 ], [ 29.508795285510462, 40.790121458590583 ], [ 29.508796282517618, 40.790120647986434 ], [ 29.508797265292305, 40.790119820184358 ], [ 29.508798233537902, 40.790118975434204 ], [ 29.508799186962179, 40.790118113990928 ], [ 29.508800125277372, 40.79011723611454 ], [ 29.508801048200286, 40.790116342069986 ], [ 29.508801955452363, 40.790115432127116 ] ] ] } },
{ "type": "Feature", "properties": { "fid": 316, "line_id": 261, "line_type": "road_boundary_line" }, "geometry": { "type": "MultiLineString", "coordinates": [ [ [ 29.50868773886911, 40.790130961045342 ], [ 29.508689108356609, 40.790131975071802 ], [ 29.508690495243055, 40.790132965168603 ], [ 29.50869189911036, 40.790133931037261 ], [ 29.508693319535322, 40.790134872386616 ], [ 29.508694756089746, 40.790135788932886 ], [ 29.508696208340567, 40.790136680399783 ], [ 29.508697675850001, 40.790137546518565 ], [ 29.508699158175659, 40.790138387028129 ], [ 29.50870065487068, 40.790139201675103 ], [ 29.508702165483879, 40.790139990213902 ], [ 29.508703689559873, 40.79014075240682 ], [ 29.508705226639215, 40.790141488024098 ], [ 29.508706776258549, 40.790142196843959 ], [ 29.508708337950729, 40.790142878652745 ], [ 29.508709911244971, 40.790143533244908 ], [ 29.508711495667001, 40.790144160423118 ], [ 29.508713090739182, 40.79014475999832 ], [ 29.508714695980672, 40.790145331789752 ], [ 29.508716310907555, 40.790145875625051 ], [ 29.508717935033008, 40.790146391340279 ], [ 29.508719567867423, 40.790146878779964 ], [ 29.508721208918576, 40.790147337797166 ], [ 29.508722857691762, 40.790147768253512 ], [ 29.508724513689945, 40.790148170019243 ], [ 29.508726176413912, 40.790148542973235 ], [ 29.508727845362433, 40.790148887003063 ], [ 29.508729520032382, 40.790149202005018 ], [ 29.50873119991893, 40.790149487884136 ], [ 29.508732884515656, 40.790149744554242 ], [ 29.508734573314733, 40.790149971937964 ], [ 29.508736265807062, 40.790150169966751 ], [ 29.508737961482428, 40.790150338580901 ], [ 29.508739659829658, 40.790150477729597 ], [ 29.508741360336781, 40.790150587370881 ], [ 29.50874306249116, 40.790150667471707 ], [ 29.508744765779678, 40.790150718007922 ], [ 29.508746469688862, 40.7901507389643 ], [ 29.508748173705062, 40.790150730334517 ], [ 29.508749877314589, 40.790150692121173 ], [ 29.508751580003878, 40.790150624335794 ], [ 29.508753281259647, 40.790150526998815 ], [ 29.508754980569041, 40.790150400139567 ], [ 29.50875667741979, 40.790150243796305 ], [ 29.508758371300367, 40.790150058016152 ], [ 29.508760061700144, 40.790149842855122 ], [ 29.508761748109539, 40.790149598378065 ], [ 29.508763430020174, 40.790149324658692 ], [ 29.508765106925026, 40.790149021779506 ], [ 29.508766778318577, 40.790148689831817 ], [ 29.508768443696983, 40.790148328915691 ], [ 29.508770102558202, 40.790147939139935 ], [ 29.508771754402154, 40.790147520622043 ], [ 29.508773398730892, 40.790147073488178 ], [ 29.508775035048711, 40.790146597873139 ], [ 29.508776662862342, 40.790146093920299 ], [ 29.508778281681064, 40.790145561781571 ], [ 29.508779891016879, 40.790145001617383 ], [ 29.508781490384635, 40.790144413596593 ], [ 29.508783079302201, 40.790143797896462 ], [ 29.508784657290587, 40.790143154702605 ], [ 29.508786223874093, 40.790142484208914 ], [ 29.508787778580469, 40.790141786617511 ], [ 29.508789320941034, 40.79014106213868 ], [ 29.508790850490836, 40.790140310990843 ], [ 29.50879236676878, 40.790139533400414 ], [ 29.508793869317781, 40.790138729601814 ], [ 29.508795357684878, 40.790137899837354 ], [ 29.5087968314214, 40.790137044357174 ], [ 29.508798290083078, 40.790136163419156 ], [ 29.508799733230187, 40.790135257288867 ], [ 29.508801160427684, 40.790134326239468 ], [ 29.508802571245329, 40.790133370551629 ], [ 29.508803965257826, 40.790132390513449 ], [ 29.508805342044937, 40.790131386420363 ], [ 29.508806701191627, 40.790130358575063 ], [ 29.508808042288162, 40.790129307287394 ], [ 29.508809364930272, 40.790128232874288 ], [ 29.508810668719232, 40.790127135659617 ], [ 29.508811953262008, 40.790126015974153 ], [ 29.508813218171365, 40.790124874155431 ], [ 29.508814463065988, 40.790123710547654 ] ] ] } },
{ "type": "Feature", "properties": { "fid": 317, "line_id": 262, "line_type": "road_boundary_line" }, "geometry": { "type": "MultiLineString", "coordinates": [ [ [ 29.508814463065988, 40.790123710547654 ], [ 29.508814293947555, 40.790124052623959 ], [ 29.508814130760715, 40.790124397569322 ], [ 29.508813973554116, 40.790124745280878 ], [ 29.508813822374627, 40.790125095654979 ], [ 29.508813677267323, 40.790125448587148 ], [ 29.508813538275469, 40.79012580397216 ], [ 29.508813405440502, 40.790126161704066 ], [ 29.50881327880203, 40.790126521676207 ], [ 29.508813158397807, 40.790126883781255 ], [ 29.508813044263729, 40.790127247911258 ], [ 29.508812936433827, 40.790127613957644 ], [ 29.508812834940251, 40.790127981811281 ], [ 29.508812739813258, 40.790128351362497 ], [ 29.508812651081211, 40.790128722501102 ], [ 29.508812568770566, 40.790129095116463 ], [ 29.508812492905864, 40.790129469097465 ], [ 29.508812423509724, 40.790129844332618 ], [ 29.508812360602832, 40.790130220710047 ], [ 29.50881230420395, 40.790130598117528 ], [ 29.508812254329886, 40.790130976442555 ], [ 29.508812210995515, 40.790131355572314 ], [ 29.508812174213755, 40.790131735393786 ], [ 29.50881214399557, 40.79013211579371 ], [ 29.508812120349976, 40.790132496658686 ], [ 29.508812103284015, 40.790132877875159 ], [ 29.508812092802781, 40.790133259329465 ], [ 29.508812088909398, 40.790133640907882 ], [ 29.508812091605023, 40.790134022496638 ], [ 29.508812100888857, 40.790134403981966 ], [ 29.508812116758129, 40.790134785250125 ], [ 29.508812139208111, 40.790135166187447 ], [ 29.508812168232105, 40.790135546680354 ], [ 29.50881220382146, 40.790135926615406 ], [ 29.508812245965565, 40.790136305879322 ], [ 29.508812294651854, 40.790136684359027 ], [ 29.508812349865813, 40.790137061941685 ], [ 29.508812411590981, 40.790137438514719 ], [ 29.508812479808952, 40.790137813965849 ], [ 29.508812554499389, 40.79013818818315 ], [ 29.508812635640023, 40.790138561055031 ], [ 29.508812723206663, 40.790138932470335 ], [ 29.508812817173201, 40.790139302318323 ], [ 29.508812917511619, 40.790139670488728 ], [ 29.508813024192005, 40.790140036871776 ], [ 29.50881313718255, 40.790140401358244 ], [ 29.508813256449567, 40.790140763839446 ], [ 29.508813381957498, 40.790141124207317 ], [ 29.508813513668922, 40.790141482354421 ], [ 29.508813651544575, 40.790141838173966 ], [ 29.50881379554334, 40.790142191559873 ], [ 29.508813945622293, 40.790142542406784 ], [ 29.508814101736686, 40.790142890610085 ], [ 29.50881426383997, 40.790143236065973 ], [ 29.50881443188382, 40.79014357867144 ], [ 29.508814605818134, 40.790143918324354 ], [ 29.508814785591053, 40.790144254923433 ], [ 29.508814971148976, 40.790144588368335 ], [ 29.508815162436584, 40.790144918559641 ], [ 29.508815359396841, 40.790145245398897 ], [ 29.50881556197103, 40.790145568788667 ], [ 29.508815770098749, 40.79014588863253 ] ] ] } },
{ "type": "Feature", "properties": { "fid": 318, "line_id": 263, "line_type": "center_line" }, "geometry": { "type": "MultiLineString", "coordinates": [ [ [ 29.508801955452363, 40.790115432127116 ], [ 29.508801678544895, 40.790115997513844 ], [ 29.508801411481194, 40.790116567616352 ], [ 29.508801154341537, 40.790117142263277 ], [ 29.508800907203216, 40.790117721281881 ], [ 29.508800670140527, 40.790118304498115 ], [ 29.508800443224722, 40.790118891736661 ], [ 29.50880022652402, 40.790119482821005 ], [ 29.508800020103553, 40.790120077573462 ], [ 29.508799824025374, 40.790120675815253 ], [ 29.508799638348425, 40.790121277366552 ], [ 29.508799463128511, 40.790121882046527 ], [ 29.508799298418314, 40.790122489673422 ], [ 29.508799144267339, 40.790123100064591 ], [ 29.508799000721925, 40.790123713036536 ], [ 29.50879886782522, 40.790124328405007 ], [ 29.508798745617174, 40.790124945985035 ], [ 29.508798634134518, 40.790125565590962 ], [ 29.508798533410769, 40.790126187036556 ], [ 29.508798443476202, 40.790126810134993 ], [ 29.508798364357851, 40.790127434698988 ], [ 29.508798296079497, 40.790128060540788 ], [ 29.508798238661665, 40.790128687472276 ], [ 29.508798192121617, 40.790129315304988 ], [ 29.50879815647334, 40.790129943850211 ], [ 29.508798131727552, 40.790130572918997 ], [ 29.50879811789169, 40.790131202322257 ], [ 29.508798114969913, 40.790131831870788 ], [ 29.5087981229631, 40.790132461375357 ], [ 29.508798141868844, 40.790133090646734 ], [ 29.50879817168147, 40.790133719495763 ], [ 29.508798212392012, 40.790134347733414 ], [ 29.508798263988233, 40.790134975170844 ], [ 29.50879832645462, 40.79013560161944 ], [ 29.508798399772402, 40.790136226890894 ], [ 29.508798483919534, 40.790136850797261 ], [ 29.508798578870728, 40.790137473150992 ], [ 29.508798684597437, 40.790138093765009 ], [ 29.508798801067883, 40.790138712452752 ], [ 29.508798928247053, 40.790139329028257 ], [ 29.508799066096717, 40.79013994330618 ], [ 29.50879921457544, 40.790140555101864 ], [ 29.508799373638588, 40.790141164231414 ], [ 29.50879954323835, 40.790141770511724 ], [ 29.508799723323744, 40.790142373760553 ], [ 29.508799913840633, 40.790142973796556 ], [ 29.508800114731756, 40.790143570439376 ], [ 29.508800325936718, 40.790144163509652 ], [ 29.508800547392035, 40.790144752829121 ], [ 29.508800779031137, 40.790145338220633 ], [ 29.508801020784396, 40.790145919508213 ], [ 29.508801272579142, 40.790146496517139 ], [ 29.508801534339685, 40.79014706907396 ], [ 29.508801805987343, 40.790147637006569 ], [ 29.508802087440454, 40.790148200144237 ], [ 29.508802378614423, 40.790148758317706 ], [ 29.508802679421713, 40.790149311359173 ], [ 29.508802989771912, 40.790149859102399 ], [ 29.508803309571729, 40.790150401382746 ], [ 29.508803638725027, 40.7901509380372 ], [ 29.508803977132867, 40.79015146890444 ], [ 29.508804324693529, 40.790151993824892 ], [ 29.508804681302529, 40.790152512640766 ], [ 29.508805046852679, 40.790153025196112 ], [ 29.508805421234094, 40.790153531336856 ], [ 29.508805804334234, 40.790154030910848 ], [ 29.508806196037941, 40.790154523767924 ], [ 29.508806596227473, 40.790155009759935 ], [ 29.508807004782533, 40.790155488740787 ] ] ] } },
{ "type": "Feature", "properties": { "fid": 319, "line_id": 264, "line_type": "dashed_line" }, "geometry": { "type": "MultiLineString", "coordinates": [ [ [ 29.508794900298213, 40.790166341037057 ], [ 29.508794346923672, 40.79016558485322 ], [ 29.508793806778922, 40.790164819163316 ], [ 29.508793280027223, 40.790164044198775 ], [ 29.508792766827792, 40.79016326019385 ], [ 29.508792267335743, 40.790162467385507 ], [ 29.508791781702055, 40.790161666013368 ], [ 29.508791310073509, 40.790160856319659 ], [ 29.508790852592664, 40.790160038549118 ], [ 29.508790409397793, 40.790159212948922 ], [ 29.508789980622854, 40.790158379768613 ], [ 29.508789566397446, 40.790157539260015 ], [ 29.508789166846778, 40.790156691677197 ], [ 29.50878878209161, 40.790155837276323 ], [ 29.50878841224824, 40.790154976315662 ], [ 29.508788057428454, 40.790154109055436 ], [ 29.508787717739498, 40.790153235757778 ], [ 29.508787393284045, 40.790152356686654 ], [ 29.508787084160168, 40.790151472107766 ], [ 29.508786790461301, 40.790150582288483 ], [ 29.508786512276213, 40.79014968749776 ], [ 29.508786249688988, 40.790148788006057 ], [ 29.508786002778994, 40.790147884085243 ], [ 29.508785771620865, 40.790146976008536 ], [ 29.508785556284469, 40.790146064050418 ], [ 29.508785356834888, 40.790145148486516 ], [ 29.508785173332413, 40.790144229593587 ], [ 29.508785005832504, 40.790143307649359 ], [ 29.508784854385794, 40.790142382932494 ], [ 29.508784719038054, 40.790141455722498 ], [ 29.508784599830197, 40.790140526299631 ], [ 29.508784496798253, 40.790139594944812 ], [ 29.508784409973366, 40.790138661939551 ], [ 29.508784339381776, 40.790137727565849 ], [ 29.508784285044822, 40.790136792106139 ], [ 29.508784246978927, 40.790135855843154 ], [ 29.508784225195594, 40.790134919059902 ], [ 29.508784219701415, 40.790133982039521 ], [ 29.508784230498044, 40.790133045065232 ], [ 29.508784257582217, 40.790132108420245 ], [ 29.508784300945752, 40.790131172387667 ], [ 29.50878436057554, 40.790130237250423 ], [ 29.508784436453556, 40.79012930329116 ], [ 29.50878452855687, 40.790128370792168 ], [ 29.508784636857637, 40.790127440035313 ], [ 29.508784761323128, 40.790126511301921 ], [ 29.508784901915718, 40.790125584872698 ], [ 29.508785058592913, 40.790124661027669 ], [ 29.508785231307357, 40.79012374004607 ], [ 29.508785420006848, 40.790122822206278 ], [ 29.508785624634349, 40.790121907785711 ], [ 29.508785845128006, 40.790120997060768 ], [ 29.508786081421182, 40.790120090306708 ], [ 29.508786333442448, 40.790119187797615 ], [ 29.508786601115631, 40.79011828980628 ], [ 29.508786884359825, 40.79011739660411 ], [ 29.508787183089417, 40.790116508461097 ], [ 29.508787497214119, 40.790115625645683 ], [ 29.508787826638976, 40.790114748424706 ], [ 29.508788171264424, 40.790113877063312 ], [ 29.508788530986298, 40.790113011824872 ], [ 29.508788905695866, 40.790112152970913 ], [ 29.508789295279868, 40.790111300761033 ], [ 29.508789699620554, 40.790110455452812 ], [ 29.508790118595709, 40.790109617301745 ], [ 29.508790552078693, 40.790108786561184 ], [ 29.508790999938483, 40.790107963482214 ] ] ] } },
{ "type": "Feature", "properties": { "fid": 320, "line_id": 265, "line_type": "center_line" }, "geometry": { "type": "MultiLineString", "coordinates": [ [ [ 29.508776400328102, 40.790097435560739 ], [ 29.508775839986807, 40.79009864012 ], [ 29.508775300542169, 40.790099854181314 ], [ 29.50877478215525, 40.790101077382189 ], [ 29.508774284980827, 40.790102309357422 ], [ 29.508773809167341, 40.790103549739179 ], [ 29.508773354856849, 40.790104798157124 ], [ 29.508772922185003, 40.790106054238514 ], [ 29.508772511280981, 40.790107317608324 ], [ 29.508772122267469, 40.790108587889343 ], [ 29.508771755260611, 40.790109864702309 ], [ 29.508771410369988, 40.790111147666003 ], [ 29.508771087698573, 40.790112436397372 ], [ 29.508770787342705, 40.790113730511635 ], [ 29.508770509392058, 40.79011502962242 ], [ 29.508770253929626, 40.790116333341842 ], [ 29.50877002103168, 40.790117641280645 ], [ 29.508769810767753, 40.790118953048335 ], [ 29.508769623200628, 40.790120268253247 ], [ 29.508769458386304, 40.7901215865027 ], [ 29.508769316373989, 40.790122907403109 ], [ 29.508769197206089, 40.790124230560089 ], [ 29.508769100918176, 40.790125555578584 ], [ 29.508769027539003, 40.790126882062992 ], [ 29.508768977090483, 40.790128209617258 ], [ 29.508768949587669, 40.790129537845019 ], [ 29.508768945038778, 40.790130866349699 ], [ 29.508768963445171, 40.790132194734653 ], [ 29.508769004801344, 40.790133522603263 ], [ 29.508769069094956, 40.790134849559074 ], [ 29.508769156306808, 40.790136175205888 ], [ 29.508769266410866, 40.79013749914791 ], [ 29.508769399374248, 40.790138820989853 ], [ 29.508769555157265, 40.790140140337051 ], [ 29.508769733713397, 40.790141456795595 ], [ 29.508769934989331, 40.79014276997242 ], [ 29.508770158924982, 40.790144079475461 ], [ 29.508770405453483, 40.790145384913735 ], [ 29.508770674501225, 40.790146685897476 ], [ 29.508770965987885, 40.790147982038249 ], [ 29.508771279826433, 40.790149272949073 ], [ 29.508771615923163, 40.790150558244513 ], [ 29.508771974177726, 40.790151837540819 ], [ 29.508772354483163, 40.790153110456039 ], [ 29.508772756725925, 40.790154376610118 ], [ 29.508773180785912, 40.790155635625013 ], [ 29.508773626536513, 40.79015688712483 ], [ 29.508774093844639, 40.790158130735904 ], [ 29.508774582570769, 40.790159366086925 ], [ 29.508775092568985, 40.790160592809066 ], [ 29.508775623687015, 40.790161810536055 ], [ 29.508776175766283, 40.790163018904316 ], [ 29.508776748641957, 40.790164217553077 ], [ 29.508777342142988, 40.790165406124451 ], [ 29.508777956092182, 40.790166584263567 ], [ 29.508778590306225, 40.790167751618661 ], [ 29.508779244595768, 40.790168907841213 ], [ 29.508779918765452, 40.790170052585992 ], [ 29.508780612613997, 40.790171185511227 ], [ 29.508781325934237, 40.790172306278649 ], [ 29.508782058513198, 40.790173414553635 ], [ 29.50878281013215, 40.790174510005293 ], [ 29.508783580566689, 40.790175592306547 ], [ 29.508784369586781, 40.790176661134261 ] ] ] } },
{ "type": "Feature", "properties": { "fid": 321, "line_id": 266, "line_type": "road_boundary_line" }, "geometry": { "type": "MultiLineString", "coordinates": [ [ [ 29.508760833298201, 40.790087717414913 ], [ 29.508760188854041, 40.790089308412938 ], [ 29.508759571937421, 40.790090910285862 ], [ 29.508758982731759, 40.790092522557451 ], [ 29.508758421412224, 40.790094144748366 ], [ 29.508757888145698, 40.790095776376326 ], [ 29.508757383090728, 40.790097416956243 ], [ 29.508756906397466, 40.790099066000366 ], [ 29.508756458207632, 40.790100723018426 ], [ 29.508756038654479, 40.790102387517791 ], [ 29.508755647862735, 40.790104059003596 ], [ 29.508755285948592, 40.790105736978902 ], [ 29.50875495301964, 40.79010742094485 ], [ 29.508754649174868, 40.790109110400778 ], [ 29.508754374504605, 40.79011080484441 ], [ 29.508754129090509, 40.790112503771986 ], [ 29.508753913005549, 40.79011420667841 ], [ 29.508753726313966, 40.790115913057392 ], [ 29.50875356907126, 40.790117622401624 ], [ 29.508753441324185, 40.79011933420292 ], [ 29.508753343110715, 40.790121047952347 ], [ 29.508753274460055, 40.790122763140403 ], [ 29.508753235392611, 40.790124479257159 ], [ 29.50875322592, 40.790126195792411 ], [ 29.508753246045039, 40.790127912235818 ], [ 29.508753295761743, 40.790129628077075 ], [ 29.508753375055331, 40.790131342806063 ], [ 29.508753483902229, 40.790133055912989 ], [ 29.508753622270074, 40.790134766888542 ], [ 29.508753790117737, 40.790136475224031 ], [ 29.508753987395306, 40.790138180411567 ], [ 29.508754214044135, 40.790139881944199 ], [ 29.508754469996841, 40.79014157931605 ], [ 29.508754755177328, 40.790143272022483 ], [ 29.508755069500811, 40.790144959560259 ], [ 29.508755412873839, 40.790146641427654 ], [ 29.508755785194325, 40.790148317124654 ], [ 29.508756186351579, 40.790149986153068 ], [ 29.508756616226336, 40.790151648016689 ], [ 29.508757074690791, 40.790153302221427 ], [ 29.508757561608643, 40.790154948275493 ], [ 29.508758076835129, 40.790156585689509 ], [ 29.508758620217069, 40.79015821397666 ], [ 29.508759191592912, 40.790159832652854 ], [ 29.508759790792791, 40.790161441236862 ], [ 29.508760417638563, 40.79016303925043 ], [ 29.508761071943855, 40.79016462621847 ], [ 29.50876175351415, 40.790166201669173 ], [ 29.508762462146809, 40.79016776513415 ], [ 29.508763197631154, 40.790169316148585 ], [ 29.508763959748524, 40.790170854251343 ], [ 29.508764748272338, 40.790172378985147 ], [ 29.508765562968168, 40.790173889896693 ], [ 29.508766403593796, 40.790175386536774 ], [ 29.508767269899309, 40.790176868460435 ], [ 29.508768161627145, 40.790178335227104 ], [ 29.508769078512195, 40.790179786400692 ], [ 29.508770020281862, 40.790181221549773 ], [ 29.508770986656156, 40.790182640247664 ], [ 29.50877197734777, 40.790184042072582 ], [ 29.50877299206217, 40.790185426607771 ], [ 29.508774030497676, 40.790186793441585 ] ] ] } },
{ "type": "Feature", "properties": { "fid": 322, "line_id": 267, "line_type": "road_boundary_line" }, "geometry": { "type": "MultiLineString", "coordinates": [ [ [ 29.508888248988086, 40.789974608995252 ], [ 29.508895807545962, 40.789971369613305 ], [ 29.508984710583839, 40.789894344309239 ], [ 29.508988309897113, 40.789882466575428 ] ] ] } },
{ "type": "Feature", "properties": { "fid": 323, "line_id": 268, "line_type": "road_boundary_line" }, "geometry": { "type": "MultiLineString", "coordinates": [ [ [ 29.50893539999198, 40.790018520617203 ], [ 29.508952475899559, 40.79000335108401 ], [ 29.508956872842987, 40.789999450322952 ], [ 29.509038340351626, 40.789927098060033 ] ] ] } },
{ "type": "Feature", "properties": { "fid": 324, "line_id": 269, "line_type": "dashed_line" }, "geometry": { "type": "MultiLineString", "coordinates": [ [ [ 29.508911824490035, 40.789996564806231 ], [ 29.509016529801581, 40.789907641166465 ] ] ] } },
{ "type": "Feature", "properties": { "fid": 325, "line_id": 270, "line_type": "center_line" }, "geometry": { "type": "MultiLineString", "coordinates": [ [ [ 29.508899946756223, 40.789985316952247 ], [ 29.50900324704719, 40.78989659388003 ] ] ] } },
{ "type": "Feature", "properties": { "fid": 326, "line_id": 271, "line_type": "center_line" }, "geometry": { "type": "MultiLineString", "coordinates": [ [ [ 29.508923162326838, 40.790007452728879 ], [ 29.509027262762064, 40.789917643765079 ], [ 29.509027501405118, 40.789917428784008 ] ] ] } },
{ "type": "Feature", "properties": { "fid": 327, "line_id": 272, "line_type": "road_boundary_line" }, "geometry": { "type": "MultiLineString", "coordinates": [ [ [ 29.508893467992326, 40.790067381294897 ], [ 29.508901926378513, 40.790068461088879 ], [ 29.509005203931849, 40.790138792526378 ] ] ] } },
{ "type": "Feature", "properties": { "fid": 328, "line_id": 273, "line_type": "road_boundary_line" }, "geometry": { "type": "MultiLineString", "coordinates": [ [ [ 29.50893539999198, 40.790018520617203 ], [ 29.509048593668396, 40.790096297423574 ] ] ] } },
{ "type": "Feature", "properties": { "fid": 329, "line_id": 274, "line_type": "dashed_line" }, "geometry": { "type": "MultiLineString", "coordinates": [ [ [ 29.508915333820461, 40.790041826170651 ], [ 29.509025445020281, 40.790118998754821 ] ] ] } },
{ "type": "Feature", "properties": { "fid": 330, "line_id": 275, "line_type": "center_line" }, "geometry": { "type": "MultiLineString", "coordinates": [ [ [ 29.508925636854709, 40.790029723479769 ], [ 29.509035302413384, 40.79010931463209 ] ] ] } },
{ "type": "Feature", "properties": { "fid": 331, "line_id": 276, "line_type": "center_line" }, "geometry": { "type": "MultiLineString", "coordinates": [ [ [ 29.508904040975061, 40.79005455874136 ], [ 29.509014061826282, 40.790130117268944 ] ] ] } },
{ "type": "Feature", "properties": { "fid": 332, "line_id": 277, "line_type": "road_boundary_line" }, "geometry": { "type": "MultiLineString", "coordinates": [ [ [ 29.508864523514855, 40.789972569384453 ], [ 29.508865127260105, 40.789972822628542 ], [ 29.508865735296027, 40.789973065390178 ], [ 29.508866347440637, 40.789973297596703 ], [ 29.508866963510723, 40.789973519178616 ], [ 29.508867583321894, 40.78997373006959 ], [ 29.508868206688646, 40.789973930206521 ], [ 29.508868833424401, 40.789974119529496 ], [ 29.508869463341579, 40.78997429798185 ], [ 29.508870096251645, 40.789974465510184 ], [ 29.508870731965171, 40.789974622064349 ], [ 29.508871370291889, 40.789974767597485 ], [ 29.508872011040751, 40.789974902066042 ], [ 29.508872654019978, 40.789975025429769 ], [ 29.508873299037123, 40.789975137651744 ], [ 29.508873945899143, 40.789975238698382 ], [ 29.508874594412429, 40.789975328539434 ], [ 29.508875244382878, 40.78997540714802 ], [ 29.508875895615958, 40.789975474500601 ], [ 29.508876547916753, 40.789975530577031 ], [ 29.508877201090034, 40.789975575360515 ], [ 29.508877854940302, 40.789975608837658 ], [ 29.508878509271867, 40.789975630998427 ], [ 29.508879163888881, 40.789975641836207 ], [ 29.508879818595425, 40.789975641347745 ], [ 29.508880473195539, 40.789975629533188 ], [ 29.508881127493307, 40.789975606396069 ], [ 29.508881781292896, 40.789975571943316 ], [ 29.508882434398625, 40.789975526185245 ], [ 29.508883086615018, 40.789975469135548 ], [ 29.508883737746874, 40.789975400811294 ], [ 29.508884387599302, 40.789975321232937 ], [ 29.508885035977805, 40.789975230424297 ], [ 29.508885682688327, 40.789975128412557 ], [ 29.508886327537304, 40.789975015228237 ], [ 29.508886970331737, 40.789974890905221 ], [ 29.508887610879235, 40.789974755480713 ], [ 29.508888248988086, 40.789974608995252 ] ] ] } },
{ "type": "Feature", "properties": { "fid": 333, "line_id": 278, "line_type": "center_line" }, "geometry": { "type": "MultiLineString", "coordinates": [ [ [ 29.508854050566853, 40.789982555218593 ], [ 29.508855162823671, 40.789983009512675 ], [ 29.508856282749203, 40.789983444558821 ], [ 29.508857410010386, 40.789983860227643 ], [ 29.508858544271973, 40.789984256395527 ], [ 29.508859685196644, 40.789984632944652 ], [ 29.508860832445084, 40.789984989763035 ], [ 29.508861985676109, 40.789985326744556 ], [ 29.508863144546748, 40.789985643789002 ], [ 29.508864308712361, 40.789985940802083 ], [ 29.508865477826724, 40.789986217695471 ], [ 29.508866651542149, 40.789986474386808 ], [ 29.508867829509576, 40.789986710799766 ], [ 29.508869011378678, 40.789986926864039 ], [ 29.508870196797972, 40.789987122515356 ], [ 29.50887138541492, 40.789987297695539 ], [ 29.508872576876026, 40.789987452352491 ], [ 29.508873770826956, 40.789987586440219 ], [ 29.508874966912632, 40.789987699918839 ], [ 29.508876164777345, 40.789987792754609 ], [ 29.508877364064844, 40.789987864919922 ], [ 29.508878564418474, 40.789987916393308 ], [ 29.508879765481247, 40.78998794715946 ], [ 29.508880966895973, 40.789987957209235 ], [ 29.508882168305355, 40.789987946539632 ], [ 29.508883369352098, 40.789987915153844 ], [ 29.508884569679012, 40.789987863061185 ], [ 29.508885768929122, 40.789987790277159 ], [ 29.508886966745777, 40.78998769682341 ], [ 29.508888162772749, 40.789987582727726 ], [ 29.508889356654343, 40.789987448024043 ], [ 29.508890548035502, 40.789987292752414 ], [ 29.508891736561914, 40.789987116959033 ], [ 29.508892921880111, 40.789986920696165 ], [ 29.508894103637584, 40.789986704022184 ], [ 29.508895281482886, 40.789986467001526 ], [ 29.508896455065724, 40.789986209704686 ], [ 29.508897624037079, 40.789985932208175 ], [ 29.508898788049304, 40.78998563459453 ], [ 29.508899946756223, 40.789985316952247 ] ] ] } },
{ "type": "Feature", "properties": { "fid": 334, "line_id": 279, "line_type": "dashed_line" }, "geometry": { "type": "MultiLineString", "coordinates": [ [ [ 29.50884388745208, 40.789992245630359 ], [ 29.508844789991745, 40.78999288105036 ], [ 29.508845703317657, 40.789993500866622 ], [ 29.508846627160079, 40.789994104896095 ], [ 29.50884756124616, 40.789994692960391 ], [ 29.508848505300037, 40.789995264885825 ], [ 29.508849459042892, 40.789995820503492 ], [ 29.508850422193049, 40.789996359649287 ], [ 29.50885139446606, 40.789996882163997 ], [ 29.508852375574769, 40.789997387893294 ], [ 29.508853365229424, 40.789997876687814 ], [ 29.508854363137743, 40.789998348403209 ], [ 29.508855369005005, 40.789998802900158 ], [ 29.508856382534141, 40.789999240044423 ], [ 29.508857403425818, 40.789999659706915 ], [ 29.508858431378528, 40.790000061763685 ], [ 29.508859466088683, 40.790000446095988 ], [ 29.508860507250692, 40.790000812590321 ], [ 29.508861554557061, 40.790001161138441 ], [ 29.508862607698482, 40.790001491637412 ], [ 29.508863666363922, 40.790001803989625 ], [ 29.508864730240724, 40.790002098102832 ], [ 29.508865799014679, 40.790002373890168 ], [ 29.508866872370142, 40.790002631270177 ], [ 29.508867949990112, 40.790002870166859 ], [ 29.50886903155633, 40.790003090509643 ], [ 29.508870116749364, 40.790003292233472 ], [ 29.508871205248717, 40.790003475278752 ], [ 29.508872296732921, 40.790003639591433 ], [ 29.508873390879614, 40.790003785122991 ], [ 29.508874487365659, 40.790003911830432 ], [ 29.508875585867223, 40.790004019676346 ], [ 29.508876686059875, 40.790004108628871 ], [ 29.508877787618687, 40.790004178661754 ], [ 29.50887889021833, 40.790004229754295 ], [ 29.508879993533167, 40.790004261891404 ], [ 29.508881097237349, 40.790004275063609 ], [ 29.508882201004905, 40.790004269266994 ], [ 29.508883304509858, 40.790004244503294 ], [ 29.508884407426301, 40.790004200779805 ], [ 29.508885509428502, 40.790004138109452 ], [ 29.508886610190999, 40.790004056510739 ], [ 29.508887709388695, 40.790003956007766 ], [ 29.508888806696955, 40.790003836630213 ], [ 29.508889901791711, 40.790003698413337 ], [ 29.508890994349532, 40.790003541397965 ], [ 29.508892084047751, 40.790003365630461 ], [ 29.508893170564537, 40.790003171162738 ], [ 29.508894253579005, 40.790002958052227 ], [ 29.508895332771296, 40.790002726361877 ], [ 29.508896407822689, 40.790002476160105 ], [ 29.50889747841568, 40.790002207520814 ], [ 29.508898544234082, 40.790001920523331 ], [ 29.508899604963123, 40.790001615252429 ], [ 29.508900660289527, 40.790001291798255 ], [ 29.508901709901622, 40.790000950256342 ], [ 29.508902753489412, 40.790000590727566 ], [ 29.508903790744693, 40.790000213318095 ], [ 29.508904821361124, 40.789999818139407 ], [ 29.508905845034324, 40.789999405308201 ], [ 29.508906861461963, 40.789998974946407 ], [ 29.508907870343858, 40.789998527181126 ], [ 29.508908871382044, 40.789998062144598 ], [ 29.508909864280881, 40.78999757997417 ], [ 29.508910848747128, 40.789997080812242 ], [ 29.508911824490035, 40.789996564806231 ] ] ] } },
{ "type": "Feature", "properties": { "fid": 335, "line_id": 280, "line_type": "center_line" }, "geometry": { "type": "MultiLineString", "coordinates": [ [ [ 29.508833642494572, 40.790002014078212 ], [ 29.508834933730348, 40.79000285279097 ], [ 29.50883623918326, 40.790003669198718 ], [ 29.508837558468052, 40.790004463060527 ], [ 29.508838891195374, 40.790005234142114 ], [ 29.50884023697192, 40.790005982215909 ], [ 29.508841595400529, 40.79000670706116 ], [ 29.508842966080309, 40.790007408463943 ], [ 29.50884434860675, 40.790008086217263 ], [ 29.508845742571843, 40.79000874012111 ], [ 29.508847147564211, 40.790009369982499 ], [ 29.508848563169213, 40.790009975615554 ], [ 29.508849988969086, 40.790010556841544 ], [ 29.50885142454305, 40.79001111348893 ], [ 29.508852869467447, 40.790011645393449 ], [ 29.508854323315852, 40.790012152398113 ], [ 29.508855785659215, 40.79001263435331 ], [ 29.508857256065973, 40.790013091116805 ], [ 29.508858734102187, 40.790013522553792 ], [ 29.508860219331662, 40.790013928536958 ], [ 29.508861711316083, 40.790014308946475 ], [ 29.508863209615146, 40.790014663670092 ], [ 29.508864713786675, 40.790014992603126 ], [ 29.508866223386761, 40.790015295648487 ], [ 29.508867737969904, 40.790015572716761 ], [ 29.508869257089124, 40.790015823726165 ], [ 29.508870780296103, 40.790016048602631 ], [ 29.508872307141317, 40.790016247279794 ], [ 29.508873837174171, 40.790016419699022 ], [ 29.508875369943127, 40.790016565809424 ], [ 29.508876904995841, 40.790016685567885 ], [ 29.508878441879293, 40.790016778939062 ], [ 29.508879980139923, 40.790016845895401 ], [ 29.508881519323769, 40.790016886417142 ], [ 29.50888305897659, 40.790016900492326 ], [ 29.508884598644013, 40.790016888116796 ], [ 29.508886137871652, 40.790016849294211 ], [ 29.508887676205262, 40.79001678403602 ], [ 29.508889213190852, 40.79001669236149 ], [ 29.508890748374832, 40.790016574297667 ], [ 29.508892281304149, 40.790016429879401 ], [ 29.508893811526406, 40.790016259149304 ], [ 29.508895338590012, 40.790016062157775 ], [ 29.508896862044306, 40.790015838962937 ], [ 29.508898381439693, 40.790015589630663 ], [ 29.508899896327772, 40.79001531423453 ], [ 29.508901406261479, 40.790015012855818 ], [ 29.508902910795204, 40.790014685583465 ], [ 29.508904409484938, 40.790014332514062 ], [ 29.50890590188839, 40.790013953751796 ], [ 29.508907387565131, 40.790013549408449 ], [ 29.508908866076716, 40.790013119603351 ], [ 29.508910336986805, 40.79001266446334 ], [ 29.508911799861316, 40.790012184122737 ], [ 29.508913254268524, 40.790011678723303 ], [ 29.508914699779218, 40.790011148414187 ], [ 29.5089161359668, 40.790010593351887 ], [ 29.508917562407426, 40.790010013700218 ], [ 29.508918978680136, 40.790009409630237 ], [ 29.508920384366959, 40.790008781320225 ], [ 29.508921779053058, 40.790008128955598 ], [ 29.508923162326838, 40.790007452728879 ] ] ] } },
{ "type": "Feature", "properties": { "fid": 336, "line_id": 281, "line_type": "road_boundary_line" }, "geometry": { "type": "MultiLineString", "coordinates": [ [ [ 29.508823251389305, 40.790011921876257 ], [ 29.508824601509041, 40.790012969373478 ], [ 29.508825969672859, 40.790013993190598 ], [ 29.508827355465478, 40.790014993016861 ], [ 29.508828758466265, 40.790015968548779 ], [ 29.508830178249362, 40.790016919490249 ], [ 29.508831614383823, 40.790017845552633 ], [ 29.508833066433738, 40.790018746454841 ], [ 29.508834533958353, 40.790019621923413 ], [ 29.508836016512237, 40.790020471692628 ], [ 29.508837513645382, 40.790021295504545 ], [ 29.508839024903363, 40.790022093109108 ], [ 29.508840549827461, 40.79002286426423 ], [ 29.508842087954818, 40.790023608735837 ], [ 29.508843638818558, 40.790024326297953 ], [ 29.508845201947949, 40.790025016732777 ], [ 29.508846776868523, 40.790025679830734 ], [ 29.508848363102249, 40.790026315390563 ], [ 29.508849960167652, 40.790026923219351 ], [ 29.508851567579971, 40.790027503132592 ], [ 29.508853184851304, 40.790028054954277 ], [ 29.508854811490757, 40.790028578516896 ], [ 29.508856447004593, 40.790029073661543 ], [ 29.508858090896382, 40.790029540237917 ], [ 29.508859742667152, 40.790029978104407 ], [ 29.50886140181553, 40.790030387128098 ], [ 29.508863067837922, 40.790030767184838 ], [ 29.508864740228628, 40.79003111815927 ], [ 29.508866418480029, 40.790031439944869 ], [ 29.508868102082719, 40.79003173244395 ], [ 29.508869790525669, 40.790031995567738 ], [ 29.508871483296389, 40.790032229236367 ], [ 29.508873179881061, 40.790032433378904 ], [ 29.508874879764722, 40.790032607933398 ], [ 29.508876582431402, 40.790032752846848 ], [ 29.508878287364286, 40.790032868075286 ], [ 29.50887999404587, 40.790032953583726 ], [ 29.508881701958128, 40.790033009346217 ], [ 29.508883410582648, 40.790033035345829 ], [ 29.508885119400809, 40.79003303157468 ], [ 29.508886827893932, 40.790032998033901 ], [ 29.508888535543431, 40.790032934733688 ], [ 29.508890241830979, 40.79003284169324 ], [ 29.50889194623867, 40.790032718940807 ], [ 29.508893648249156, 40.790032566513645 ], [ 29.50889534734582, 40.790032384458023 ], [ 29.508897043012936, 40.7900321728292 ], [ 29.508898734735816, 40.790031931691409 ], [ 29.508900422000963, 40.790031661117851 ], [ 29.50890210429624, 40.790031361190643 ], [ 29.508903781111016, 40.790031032000826 ], [ 29.508905451936325, 40.790030673648324 ], [ 29.508907116265018, 40.790030286241901 ], [ 29.508908773591919, 40.790029869899158 ], [ 29.508910423413969, 40.790029424746457 ], [ 29.508912065230405, 40.790028950918924 ], [ 29.508913698542873, 40.790028448560385 ], [ 29.508915322855614, 40.790027917823309 ], [ 29.5089169376756, 40.790027358868798 ], [ 29.508918542512678, 40.790026771866508 ], [ 29.50892013687973, 40.790026156994628 ], [ 29.508921720292815, 40.790025514439769 ], [ 29.508923292271312, 40.790024844396989 ], [ 29.50892485233808, 40.790024147069651 ], [ 29.508926400019586, 40.790023422669428 ], [ 29.50892793484606, 40.790022671416196 ], [ 29.508929456351634, 40.790021893537975 ], [ 29.50893096407448, 40.790021089270887 ], [ 29.508932457556956, 40.790020258859045 ], [ 29.508933936345741, 40.790019402554513 ], [ 29.50893539999198, 40.790018520617203 ] ] ] } },
{ "type": "Feature", "properties": { "fid": 337, "line_id": 282, "line_type": "road_boundary_line" }, "geometry": { "type": "MultiLineString", "coordinates": [ [ [ 29.508825980868462, 40.790030848265168 ], [ 29.508826098955737, 40.790030525197317 ], [ 29.508826211429586, 40.790030200132584 ], [ 29.508826318256261, 40.790029873168514 ], [ 29.508826419403714, 40.790029544403197 ], [ 29.508826514841601, 40.790029213935263 ], [ 29.508826604541284, 40.790028881863869 ], [ 29.50882668847585, 40.790028548288639 ], [ 29.508826766620118, 40.790028213309661 ], [ 29.508826838950647, 40.790027877027434 ], [ 29.50882690544573, 40.790027539542848 ], [ 29.508826966085419, 40.790027200957155 ], [ 29.508827020851523, 40.790026861371935 ], [ 29.508827069727609, 40.790026520889086 ], [ 29.508827112699013, 40.790026179610756 ], [ 29.50882714975284, 40.790025837639327 ], [ 29.508827180877979, 40.790025495077408 ], [ 29.508827206065089, 40.790025152027766 ], [ 29.508827225306607, 40.790024808593337 ], [ 29.508827238596773, 40.790024464877156 ], [ 29.508827245931588, 40.790024120982338 ], [ 29.508827247308854, 40.790023777012074 ], [ 29.508827242728163, 40.790023433069543 ], [ 29.508827232190885, 40.790023089257957 ], [ 29.508827215700183, 40.790022745680453 ], [ 29.508827193261002, 40.790022402440123 ], [ 29.508827164880074, 40.790022059639938 ], [ 29.508827130565919, 40.79002171738275 ], [ 29.508827090328829, 40.790021375771246 ], [ 29.50882704418088, 40.790021034907916 ], [ 29.508826992135909, 40.790020694895027 ], [ 29.508826934209534, 40.790020355834592 ], [ 29.508826870419139, 40.790020017828333 ], [ 29.508826800783858, 40.790019680977672 ], [ 29.508826725324585, 40.790019345383655 ], [ 29.508826644063959, 40.790019011146981 ], [ 29.50882655702636, 40.790018678367929 ], [ 29.508826464237906, 40.790018347146329 ], [ 29.508826365726428, 40.790018017581566 ], [ 29.508826261521484, 40.790017689772519 ], [ 29.50882615165434, 40.790017363817533 ], [ 29.508826036157959, 40.790017039814401 ], [ 29.508825915066989, 40.790016717860333 ], [ 29.508825788417766, 40.790016398051925 ], [ 29.508825656248284, 40.790016080485131 ], [ 29.508825518598197, 40.79001576525522 ], [ 29.508825375508806, 40.790015452456771 ], [ 29.508825227023035, 40.790015142183627 ], [ 29.508825073185442, 40.79001483452889 ], [ 29.508824914042176, 40.790014529584859 ], [ 29.508824749640986, 40.790014227443017 ], [ 29.508824580031192, 40.790013928194021 ], [ 29.508824405263688, 40.79001363192765 ], [ 29.508824225390903, 40.790013338732791 ], [ 29.508824040466809, 40.790013048697411 ], [ 29.508823850546879, 40.790012761908528 ], [ 29.508823655688101, 40.790012478452184 ], [ 29.508823455948935, 40.790012198413422 ], [ 29.508823251389305, 40.790011921876257 ] ] ] } },
{ "type": "Feature", "properties": { "fid": 338, "line_id": 283, "line_type": "center_line" }, "geometry": { "type": "MultiLineString", "coordinates": [ [ [ 29.508837762861113, 40.790040154331827 ], [ 29.508838047026174, 40.790039718485779 ], [ 29.508838323586261, 40.790039277774902 ], [ 29.508838592458105, 40.790038832331874 ], [ 29.508838853560764, 40.79003838229081 ], [ 29.508839106815625, 40.790037927787196 ], [ 29.508839352146442, 40.790037468957877 ], [ 29.508839589479354, 40.790037005940981 ], [ 29.50883981874291, 40.79003653887591 ], [ 29.508840039868083, 40.79003606790328 ], [ 29.508840252788303, 40.790035593164887 ], [ 29.508840457439465, 40.790035114803665 ], [ 29.508840653759957, 40.790034632963625 ], [ 29.50884084169067, 40.790034147789839 ], [ 29.508841021175026, 40.790033659428367 ], [ 29.508841192158989, 40.790033168026248 ], [ 29.50884135459108, 40.790032673731424 ], [ 29.508841508422396, 40.790032176692712 ], [ 29.508841653606627, 40.790031677059744 ], [ 29.50884179010006, 40.790031174982957 ], [ 29.508841917861599, 40.790030670613504 ], [ 29.508842036852784, 40.790030164103229 ], [ 29.50884214703779, 40.790029655604634 ], [ 29.508842248383441, 40.790029145270807 ], [ 29.508842340859225, 40.790028633255389 ], [ 29.508842424437304, 40.790028119712531 ], [ 29.508842499092516, 40.790027604796855 ], [ 29.508842564802379, 40.790027088663372 ], [ 29.508842621547117, 40.790026571467472 ], [ 29.50884266930964, 40.790026053364876 ], [ 29.508842708075573, 40.790025534511564 ], [ 29.508842737833241, 40.79002501506374 ], [ 29.508842758573685, 40.790024495177803 ], [ 29.508842770290666, 40.790023975010264 ], [ 29.508842772980653, 40.790023454717726 ], [ 29.508842766642832, 40.790022934456836 ], [ 29.508842751279118, 40.790022414384232 ], [ 29.508842726894134, 40.790021894656483 ], [ 29.508842693495222, 40.790021375430072 ], [ 29.508842651092436, 40.790020856861311 ], [ 29.508842599698539, 40.79002033910632 ], [ 29.508842539329013, 40.790019822320993 ], [ 29.508842470002023, 40.790019306660902 ], [ 29.508842391738447, 40.790018792281302 ], [ 29.508842304561849, 40.790018279337055 ], [ 29.508842208498471, 40.790017767982597 ], [ 29.508842103577233, 40.790017258371869 ], [ 29.50884198982973, 40.790016750658303 ], [ 29.508841867290201, 40.79001624499476 ], [ 29.508841735995542, 40.790015741533466 ], [ 29.508841595985281, 40.790015240426008 ], [ 29.50884144730157, 40.790014741823249 ], [ 29.508841289989174, 40.790014245875298 ], [ 29.508841124095454, 40.790013752731475 ], [ 29.508840949670351, 40.790013262540242 ], [ 29.508840766766387, 40.790012775449185 ], [ 29.508840575438619, 40.790012291604953 ], [ 29.508840375744654, 40.790011811153207 ], [ 29.508840167744616, 40.790011334238599 ], [ 29.508839951501123, 40.790010861004717 ], [ 29.50883972707928, 40.790010391594024 ], [ 29.508839494546653, 40.79000992614786 ], [ 29.508839253973246, 40.790009464806339 ], [ 29.508839005431494, 40.79000900770837 ], [ 29.508838748996222, 40.790008554991559 ], [ 29.508838484744633, 40.790008106792214 ], [ 29.508838212756284, 40.790007663245262 ], [ 29.508837933113064, 40.790007224484249 ], [ 29.508837645899163, 40.790006790641264 ], [ 29.508837351201052, 40.790006361846928 ], [ 29.508837049107456, 40.790005938230337 ], [ 29.508836739709324, 40.790005519919028 ], [ 29.508836423099801, 40.790005107038937 ], [ 29.508836099374214, 40.790004699714366 ], [ 29.508835768630025, 40.790004298067956 ], [ 29.508835430966812, 40.790003902220619 ], [ 29.508835086486226, 40.790003512291541 ], [ 29.508834735291988, 40.790003128398119 ], [ 29.508834377489823, 40.790002750655916 ], [ 29.508834013187457, 40.790002379178667 ], [ 29.508833642494572, 40.790002014078212 ] ] ] } },
{ "type": "Feature", "properties": { "fid": 339, "line_id": 284, "line_type": "dashed_line" }, "geometry": { "type": "MultiLineString", "coordinates": [ [ [ 29.508850816130057, 40.790050464522515 ], [ 29.508851236082627, 40.790049759682752 ], [ 29.508851643809425, 40.790049047700933 ], [ 29.508852039189023, 40.790048328789105 ], [ 29.508852422103672, 40.790047603161355 ], [ 29.508852792439331, 40.790046871033809 ], [ 29.508853150085709, 40.790046132624489 ], [ 29.508853494936293, 40.790045388153317 ], [ 29.50885382688838, 40.790044637842009 ], [ 29.50885414584311, 40.790043881914009 ], [ 29.508854451705488, 40.790043120594461 ], [ 29.508854744384433, 40.790042354110092 ], [ 29.508855023792769, 40.790041582689177 ], [ 29.50885528984729, 40.79004080656145 ], [ 29.508855542468758, 40.790040025958064 ], [ 29.508855781581939, 40.790039241111501 ], [ 29.508856007115622, 40.790038452255487 ], [ 29.508856219002638, 40.790037659624964 ], [ 29.508856417179882, 40.790036863455988 ], [ 29.508856601588334, 40.790036063985681 ], [ 29.508856772173075, 40.790035261452132 ], [ 29.508856928883304, 40.790034456094354 ], [ 29.508857071672345, 40.790033648152189 ], [ 29.508857200497676, 40.790032837866256 ], [ 29.508857315320931, 40.790032025477885 ], [ 29.508857416107912, 40.790031211229007 ], [ 29.508857502828604, 40.790030395362123 ], [ 29.508857575457178, 40.790029578120212 ], [ 29.508857633972006, 40.790028759746662 ], [ 29.508857678355664, 40.790027940485196 ], [ 29.508857708594928, 40.790027120579815 ], [ 29.508857724680794, 40.79002630027469 ], [ 29.508857726608476, 40.790025479814126 ], [ 29.508857714377395, 40.790024659442473 ], [ 29.508857687991192, 40.79002383940405 ], [ 29.508857647457731, 40.790023019943071 ], [ 29.508857592789081, 40.7900222013036 ], [ 29.50885752400152, 40.790021383729425 ], [ 29.508857441115538, 40.790020567464047 ], [ 29.508857344155821, 40.790019752750567 ], [ 29.50885723315124, 40.790018939831604 ], [ 29.508857108134862, 40.790018128949271 ], [ 29.50885696914391, 40.790017320345065 ], [ 29.508856816219783, 40.790016514259797 ], [ 29.508856649408024, 40.790015710933531 ], [ 29.508856468758314, 40.790014910605514 ], [ 29.508856274324447, 40.790014113514097 ], [ 29.508856066164338, 40.790013319896673 ], [ 29.508855844339976, 40.790012529989582 ], [ 29.508855608917422, 40.790011744028092 ], [ 29.508855359966791, 40.790010962246257 ], [ 29.508855097562225, 40.790010184876913 ], [ 29.508854821781874, 40.790009412151576 ], [ 29.508854532707868, 40.790008644300372 ], [ 29.508854230426302, 40.790007881551979 ], [ 29.508853915027192, 40.790007124133567 ], [ 29.508853586604477, 40.790006372270696 ], [ 29.508853245255967, 40.790005626187295 ], [ 29.508852891083318, 40.790004886105557 ], [ 29.508852524192008, 40.790004152245878 ], [ 29.508852144691307, 40.790003424826835 ], [ 29.508851752694238, 40.790002704065053 ], [ 29.508851348317538, 40.790001990175185 ], [ 29.508850931681643, 40.790001283369854 ], [ 29.508850502910633, 40.790000583859545 ], [ 29.508850062132204, 40.789999891852588 ], [ 29.508849609477625, 40.789999207555077 ], [ 29.508849145081705, 40.789998531170802 ], [ 29.508848669082752, 40.789997862901217 ], [ 29.508848181622522, 40.789997202945322 ], [ 29.508847682846195, 40.789996551499684 ], [ 29.508847172902311, 40.7899959087583 ], [ 29.50884665194274, 40.789995274912592 ], [ 29.508846120122634, 40.789994650151336 ], [ 29.508845577600376, 40.789994034660594 ], [ 29.508845024537543, 40.789993428623674 ], [ 29.508844461098843, 40.789992832221053 ], [ 29.50884388745208, 40.789992245630359 ] ] ] } },
{ "type": "Feature", "properties": { "fid": 340, "line_id": 285, "line_type": "center_line" }, "geometry": { "type": "MultiLineString", "coordinates": [ [ [ 29.508862753117231, 40.790059893012391 ], [ 29.508863334242363, 40.790059061577246 ], [ 29.508863900813875, 40.790058220157285 ], [ 29.508864452660251, 40.790057369007243 ], [ 29.508864989614434, 40.790056508384779 ], [ 29.508865511513871, 40.790055638550427 ], [ 29.508866018200568, 40.790054759767507 ], [ 29.508866509521138, 40.79005387230206 ], [ 29.508866985326843, 40.790052976422743 ], [ 29.508867445473648, 40.790052072400762 ], [ 29.508867889822248, 40.79005116050979 ], [ 29.508868318238129, 40.790050241025881 ], [ 29.508868730591598, 40.790049314227396 ], [ 29.508869126757819, 40.790048380394893 ], [ 29.508869506616868, 40.790047439811069 ], [ 29.508869870053751, 40.790046492760673 ], [ 29.508870216958442, 40.790045539530396 ], [ 29.508870547225925, 40.790044580408811 ], [ 29.508870860756218, 40.790043615686272 ], [ 29.508871157454408, 40.790042645654829 ], [ 29.508871437230674, 40.790041670608133 ], [ 29.50887170000032, 40.790040690841352 ], [ 29.508871945683801, 40.7900397066511 ], [ 29.50887217420674, 40.790038718335317 ], [ 29.508872385499956, 40.790037726193191 ], [ 29.508872579499485, 40.790036730525074 ], [ 29.508872756146602, 40.790035731632379 ], [ 29.508872915387823, 40.790034729817499 ], [ 29.508873057174949, 40.790033725383708 ], [ 29.508873181465052, 40.790032718635082 ], [ 29.50887328822051, 40.790031709876395 ], [ 29.508873377409, 40.790030699413016 ], [ 29.508873449003527, 40.790029687550849 ], [ 29.508873502982414, 40.790028674596215 ], [ 29.508873539329322, 40.790027660855749 ], [ 29.508873558033248, 40.790026646636349 ], [ 29.508873559088528, 40.790025632245055 ], [ 29.508873542494843, 40.790024617988934 ], [ 29.508873508257221, 40.79002360417504 ], [ 29.50887345638602, 40.790022591110286 ], [ 29.508873386896944, 40.790021579101349 ], [ 29.508873299811032, 40.790020568454594 ], [ 29.508873195154646, 40.790019559475972 ], [ 29.508873072959467, 40.790018552470926 ], [ 29.508872933262492, 40.790017547744306 ], [ 29.508872776106003, 40.790016545600274 ], [ 29.508872601537583, 40.790015546342204 ], [ 29.508872409610078, 40.790014550272602 ], [ 29.508872200381585, 40.790013557693001 ], [ 29.508871973915443, 40.79001256890389 ], [ 29.508871730280219, 40.790011584204599 ], [ 29.508871469549657, 40.790010603893222 ], [ 29.508871191802694, 40.790009628266525 ], [ 29.508870897123412, 40.790008657619865 ], [ 29.508870585601017, 40.790007692247073 ], [ 29.508870257329811, 40.790006732440411 ], [ 29.508869912409178, 40.790005778490418 ], [ 29.50886955094353, 40.790004830685902 ], [ 29.508869173042296, 40.790003889313773 ], [ 29.508868778819878, 40.790002954659023 ], [ 29.508868368395614, 40.79000202700459 ], [ 29.508867941893751, 40.790001106631301 ], [ 29.508867499443408, 40.790000193817789 ], [ 29.508867041178526, 40.789999288840377 ], [ 29.508866567237828, 40.789998391973029 ], [ 29.508866077764797, 40.78999750348725 ], [ 29.508865572907606, 40.789996623652016 ], [ 29.50886505281909, 40.789995752733674 ], [ 29.508864517656693, 40.789994890995878 ], [ 29.508863967582428, 40.789994038699497 ], [ 29.508863402762817, 40.789993196102543 ], [ 29.50886282336884, 40.789992363460094 ], [ 29.5088622295759, 40.789991541024222 ], [ 29.50886162156376, 40.789990729043886 ], [ 29.508860999516472, 40.789989927764914 ], [ 29.508860363622357, 40.789989137429863 ], [ 29.50885971407391, 40.789988358277988 ], [ 29.50885905106777, 40.789987590545174 ], [ 29.50885837480465, 40.789986834463818 ], [ 29.508857685489271, 40.789986090262815 ], [ 29.508856983330311, 40.789985358167456 ], [ 29.508856268540328, 40.789984638399368 ], [ 29.508855541335713, 40.789983931176437 ], [ 29.508854801936607, 40.789983236712771 ], [ 29.508854050566853, 40.789982555218593 ] ] ] } },
{ "type": "Feature", "properties": { "fid": 341, "line_id": 286, "line_type": "road_boundary_line" }, "geometry": { "type": "MultiLineString", "coordinates": [ [ [ 29.508875651391648, 40.790070080779863 ], [ 29.508876375094932, 40.790068996166198 ], [ 29.508877079889654, 40.790067899171383 ], [ 29.508877765564051, 40.790066790125003 ], [ 29.508878431912105, 40.79006566936031 ], [ 29.508879078733603, 40.790064537214029 ], [ 29.508879705834193, 40.790063394026348 ], [ 29.508880313025461, 40.790062240140735 ], [ 29.508880900124968, 40.7900610759039 ], [ 29.508881466956311, 40.79005990166565 ], [ 29.508882013349179, 40.790058717778798 ], [ 29.5088825391394, 40.790057524599064 ], [ 29.508883044168993, 40.790056322484951 ], [ 29.508883528286219, 40.790055111797642 ], [ 29.508883991345616, 40.790053892900914 ], [ 29.508884433208053, 40.790052666160996 ], [ 29.508884853740767, 40.79005143194648 ], [ 29.5088852528174, 40.7900501906282 ], [ 29.508885630318048, 40.790048942579119 ], [ 29.508885986129286, 40.790047688174241 ], [ 29.508886320144207, 40.790046427790465 ], [ 29.508886632262449, 40.790045161806482 ], [ 29.508886922390232, 40.790043890602675 ], [ 29.508887190440387, 40.790042614561003 ], [ 29.508887436332369, 40.79004133406486 ], [ 29.508887659992304, 40.790040049498991 ], [ 29.508887861352985, 40.790038761249356 ], [ 29.508888040353913, 40.790037469703037 ], [ 29.508888196941303, 40.790036175248083 ], [ 29.50888833106811, 40.790034878273431 ], [ 29.50888844269403, 40.790033579168785 ], [ 29.508888531785523, 40.79003227832446 ], [ 29.508888598315824, 40.790030976131327 ], [ 29.508888642264942, 40.790029672980644 ], [ 29.508888663619672, 40.79002836926395 ], [ 29.508888662373597, 40.790027065372968 ], [ 29.50888863852709, 40.790025761699475 ], [ 29.508888592087317, 40.790024458635166 ], [ 29.508888523068233, 40.790023156571571 ], [ 29.508888431490572, 40.790021855899916 ], [ 29.508888317381857, 40.79002055701099 ], [ 29.508888180776363, 40.790019260295068 ], [ 29.508888021715144, 40.790017966141768 ], [ 29.50888784024599, 40.790016674939928 ], [ 29.508887636423424, 40.790015387077517 ], [ 29.508887410308684, 40.790014102941477 ], [ 29.508887161969714, 40.790012822917653 ], [ 29.508886891481129, 40.790011547390634 ], [ 29.5088865989242, 40.790010276743679 ], [ 29.508886284386833, 40.79000901135857 ], [ 29.508885947963527, 40.790007751615498 ], [ 29.508885589755373, 40.790006497892982 ], [ 29.508885209869998, 40.79000525056771 ], [ 29.508884808421538, 40.790004010014457 ], [ 29.508884385530617, 40.790002776605967 ], [ 29.508883941324299, 40.790001550712823 ], [ 29.508883475936049, 40.790000332703379 ], [ 29.5088829895057, 40.789999122943584 ], [ 29.508882482179406, 40.789997921796939 ], [ 29.508881954109601, 40.789996729624335 ], [ 29.508881405454947, 40.789995546783977 ], [ 29.508880836380296, 40.789994373631266 ], [ 29.508880247056638, 40.789993210518688 ], [ 29.508879637661035, 40.789992057795722 ], [ 29.508879008376592, 40.789990915808715 ], [ 29.508878359392387, 40.78998978490079 ], [ 29.508877690903415, 40.789988665411741 ], [ 29.508877003110531, 40.789987557677932 ], [ 29.508876296220386, 40.789986462032203 ], [ 29.508875570445383, 40.789985378803749 ], [ 29.508874826003588, 40.78998430831804 ], [ 29.508874063118675, 40.789983250896718 ], [ 29.508873282019863, 40.789982206857502 ], [ 29.508872482941847, 40.789981176514083 ], [ 29.508871666124715, 40.789980160176043 ], [ 29.508870831813894, 40.789979158148753 ], [ 29.508869980260062, 40.789978170733285 ], [ 29.508869111719076, 40.789977198226318 ], [ 29.508868226451909, 40.789976240920055 ], [ 29.508867324724541, 40.789975299102139 ], [ 29.508866406807915, 40.789974373055536 ], [ 29.508865472977824, 40.789973463058502 ], [ 29.508864523514855, 40.789972569384453 ] ] ] } },
{ "type": "Feature", "properties": { "fid": 342, "line_id": 287, "line_type": "road_boundary_line" }, "geometry": { "type": "MultiLineString", "coordinates": [ [ [ 29.508875651391648, 40.790070080779863 ], [ 29.508876613447796, 40.79006979042088 ], [ 29.508877580244242, 40.790069516258491 ], [ 29.508878551508321, 40.790069258370025 ], [ 29.508879526966126, 40.790069016828205 ], [ 29.508880506342557, 40.79006879170116 ], [ 29.508881489361404, 40.790068583052374 ], [ 29.508882475745445, 40.790068390940682 ], [ 29.508883465216499, 40.790068215420277 ], [ 29.508884457495512, 40.790068056540655 ], [ 29.508885452302646, 40.790067914346615 ], [ 29.508886449357345, 40.790067788878268 ], [ 29.508887448378417, 40.790067680170999 ], [ 29.508888449084125, 40.790067588255461 ], [ 29.508889451192243, 40.790067513157574 ], [ 29.508890454420165, 40.790067454898526 ], [ 29.508891458484953, 40.790067413494732 ], [ 29.50889246310345, 40.790067388957887 ], [ 29.508893467992326, 40.790067381294897 ] ] ] } },
{ "type": "Feature", "properties": { "fid": 343, "line_id": 288, "line_type": "center_line" }, "geometry": { "type": "MultiLineString", "coordinates": [ [ [ 29.508862753117231, 40.790059893012391 ], [ 29.508863520147447, 40.790059435565929 ], [ 29.508864295027763, 40.790058991546658 ], [ 29.508865077523158, 40.790058561089261 ], [ 29.508865867396295, 40.790058144324291 ], [ 29.508866664407602, 40.790057741378156 ], [ 29.508867468315344, 40.790057352373076 ], [ 29.508868278875692, 40.790056977427028 ], [ 29.508869095842797, 40.790056616653743 ], [ 29.50886991896887, 40.790056270162637 ], [ 29.508870748004252, 40.790055938058813 ], [ 29.508871582697495, 40.790055620442999 ], [ 29.508872422795427, 40.790055317411522 ], [ 29.508873268043249, 40.790055029056298 ], [ 29.508874118184586, 40.79005475546478 ], [ 29.508874972961593, 40.790054496719961 ], [ 29.50887583211501, 40.790054252900305 ], [ 29.508876695384249, 40.79005402407978 ], [ 29.508877562507479, 40.790053810327777 ], [ 29.508878433221696, 40.790053611709126 ], [ 29.508879307262809, 40.790053428284082 ], [ 29.508880184365715, 40.790053260108266 ], [ 29.50888106426439, 40.790053107232694 ], [ 29.50888194669195, 40.79005296970373 ], [ 29.508882831380753, 40.790052847563089 ], [ 29.508883718062467, 40.79005274084782 ], [ 29.508884606468161, 40.79005264959028 ], [ 29.508885496328375, 40.790052573818159 ], [ 29.508886387373209, 40.790052513554429 ], [ 29.508887279332406, 40.790052468817379 ], [ 29.508888171935432, 40.790052439620567 ], [ 29.508889064911553, 40.79005242597286 ], [ 29.508889957989929, 40.790052427878393 ], [ 29.508890850899682, 40.790052445336585 ], [ 29.508891743369986, 40.79005247834214 ], [ 29.508892635130156, 40.790052526885049 ], [ 29.508893525909716, 40.790052590950594 ], [ 29.508894415438483, 40.790052670519337 ], [ 29.508895303446664, 40.790052765567147 ], [ 29.50889618966492, 40.790052876065189 ], [ 29.508897073824453, 40.790053001979963 ], [ 29.508897955657101, 40.790053143273269 ], [ 29.508898834895394, 40.790053299902247 ], [ 29.508899711272658, 40.790053471819405 ], [ 29.508900584523079, 40.790053658972582 ], [ 29.508901454381803, 40.790053861305033 ], [ 29.508902320584991, 40.790054078755368 ], [ 29.508903182869922, 40.790054311257656 ], [ 29.508904040975061, 40.79005455874136 ] ] ] } },
{ "type": "Feature", "properties": { "fid": 344, "line_id": 289, "line_type": "dashed_line" }, "geometry": { "type": "MultiLineString", "coordinates": [ [ [ 29.508850816130057, 40.790050464522515 ], [ 29.50885204419081, 40.790049744154011 ], [ 29.508853284514394, 40.790049045110806 ], [ 29.508854536730531, 40.790048367601592 ], [ 29.508855800465398, 40.790047711828628 ], [ 29.508857075341727, 40.79004707798768 ], [ 29.50885836097892, 40.790046466267967 ], [ 29.508859656993174, 40.790045876852119 ], [ 29.508860962997591, 40.790045309916088 ], [ 29.50886227860228, 40.790044765629126 ], [ 29.50886360341449, 40.790044244153719 ], [ 29.508864937038723, 40.790043745645548 ], [ 29.508866279076848, 40.790043270253427 ], [ 29.508867629128222, 40.790042818119282 ], [ 29.50886898678981, 40.790042389378094 ], [ 29.508870351656302, 40.790041984157845 ], [ 29.508871723320247, 40.790041602579514 ], [ 29.508873101372153, 40.790041244757013 ], [ 29.508874485400625, 40.790040910797167 ], [ 29.508875874992487, 40.790040600799671 ], [ 29.508877269732903, 40.790040314857066 ], [ 29.508878669205494, 40.790040053054724 ], [ 29.508880072992469, 40.790039815470799 ], [ 29.508881480674752, 40.790039602176208 ], [ 29.508882891832105, 40.790039413234638 ], [ 29.508884306043253, 40.790039248702492 ], [ 29.508885722886003, 40.790039108628882 ], [ 29.508887141937382, 40.790038993055632 ], [ 29.508888562773759, 40.790038902017237 ], [ 29.508889984970963, 40.790038835540884 ], [ 29.508891408104425, 40.790038793646417 ], [ 29.508892831749289, 40.790038776346336 ], [ 29.508894255480556, 40.790038783645805 ], [ 29.508895678873188, 40.790038815542658 ], [ 29.508897101502257, 40.79003887202736 ], [ 29.508898522943063, 40.790038953083048 ], [ 29.508899942771261, 40.790039058685537 ], [ 29.508901360562984, 40.790039188803284 ], [ 29.50890277589497, 40.79003934339746 ], [ 29.508904188344705, 40.790039522421907 ], [ 29.508905597490514, 40.790039725823178 ], [ 29.50890700291173, 40.790039953540557 ], [ 29.508908404188784, 40.790040205506052 ], [ 29.50890980090335, 40.790040481644454 ], [ 29.508911192638461, 40.790040781873323 ], [ 29.508912578978642, 40.790041106103033 ], [ 29.508913959510018, 40.790041454236778 ], [ 29.508915333820461, 40.790041826170651 ] ] ] } },
{ "type": "Feature", "properties": { "fid": 345, "line_id": 290, "line_type": "center_line" }, "geometry": { "type": "MultiLineString", "coordinates": [ [ [ 29.508837762861113, 40.790040154331827 ], [ 29.508839293735019, 40.790039223887277 ], [ 29.508840840312139, 40.790038319784863 ], [ 29.508842402139244, 40.790037442289524 ], [ 29.508843978758634, 40.790036591658414 ], [ 29.508845569708271, 40.790035768140818 ], [ 29.508847174521922, 40.790034971978081 ], [ 29.508848792729292, 40.790034203403501 ], [ 29.50885042385616, 40.790033462642327 ], [ 29.508852067424513, 40.790032749911632 ], [ 29.508853722952701, 40.790032065420299 ], [ 29.508855389955563, 40.7900314093689 ], [ 29.508857067944579, 40.790030781949717 ], [ 29.508858756428008, 40.790030183346595 ], [ 29.50886045491103, 40.790029613734973 ], [ 29.508862162895898, 40.790029073281772 ], [ 29.508863879882082, 40.79002856214538 ], [ 29.508865605366413, 40.790028080475579 ], [ 29.508867338843231, 40.790027628413526 ], [ 29.50886907980453, 40.7900272060917 ], [ 29.508870827740122, 40.790026813633865 ], [ 29.508872582137759, 40.790026451155036 ], [ 29.508874342483313, 40.790026118761432 ], [ 29.508876108260903, 40.790025816550468 ], [ 29.508877878953069, 40.790025544610707 ], [ 29.508879654040896, 40.790025303021842 ], [ 29.508881433004188, 40.790025091854666 ], [ 29.508883215321617, 40.790024911171066 ], [ 29.508885000470862, 40.790024761024 ], [ 29.508886787928784, 40.790024641457457 ], [ 29.508888577171554, 40.79002455250648 ], [ 29.508890367674834, 40.790024494197141 ], [ 29.508892158913909, 40.790024466546519 ], [ 29.508893950363845, 40.790024469562731 ], [ 29.508895741499654, 40.790024503244879 ], [ 29.508897531796435, 40.790024567583103 ], [ 29.508899320729537, 40.790024662558537 ], [ 29.508901107774705, 40.790024788143363 ], [ 29.508902892408233, 40.790024944300761 ], [ 29.508904674107136, 40.790025130984979 ], [ 29.508906452349276, 40.790025348141313 ], [ 29.508908226613528, 40.790025595706112 ], [ 29.508909996379945, 40.79002587360683 ], [ 29.508911761129884, 40.790026181762038 ], [ 29.508913520346177, 40.790026520081412 ], [ 29.508915273513285, 40.790026888465817 ], [ 29.50891702011743, 40.790027286807302 ], [ 29.508918759646765, 40.790027714989115 ], [ 29.50892049159151, 40.790028172885791 ], [ 29.50892221544412, 40.790028660363134 ], [ 29.508923930699407, 40.790029177278285 ], [ 29.508925636854709, 40.790029723479769 ] ] ] } },
{ "type": "Feature", "properties": { "fid": 346, "line_id": 291, "line_type": "road_boundary_line" }, "geometry": { "type": "MultiLineString", "coordinates": [ [ [ 29.508825980868462, 40.790030848265168 ], [ 29.50882750668627, 40.790029729198601 ], [ 29.508829051693425, 40.790028636777954 ], [ 29.508830615424653, 40.790027571332224 ], [ 29.508832197409042, 40.79002653318225 ], [ 29.50883379717018, 40.790025522640683 ], [ 29.508835414226304, 40.790024540011835 ], [ 29.508837048090445, 40.790023585591619 ], [ 29.508838698270566, 40.790022659667464 ], [ 29.508840364269719, 40.790021762518208 ], [ 29.508842045586196, 40.790020894414027 ], [ 29.508843741713669, 40.790020055616338 ], [ 29.508845452141358, 40.790019246377753 ], [ 29.508847176354173, 40.790018466941973 ], [ 29.508848913832868, 40.790017717543712 ], [ 29.508850664054208, 40.79001699840866 ], [ 29.508852426491121, 40.790016309753376 ], [ 29.508854200612848, 40.790015651785247 ], [ 29.508855985885127, 40.79001502470242 ], [ 29.508857781770317, 40.790014428693738 ], [ 29.508859587727599, 40.790013863938697 ], [ 29.508861403213114, 40.790013330607358 ], [ 29.508863227680131, 40.790012828860334 ], [ 29.508865060579215, 40.790012358848735 ], [ 29.508866901358399, 40.790011920714093 ], [ 29.508868749463335, 40.79001151458835 ], [ 29.508870604337471, 40.790011140593819 ], [ 29.508872465422215, 40.790010798843127 ], [ 29.508874332157109, 40.790010489439183 ], [ 29.508876203979995, 40.790010212475167 ], [ 29.508878080327168, 40.790009968034489 ], [ 29.508879960633578, 40.790009756190756 ], [ 29.508881844332979, 40.790009577007766 ], [ 29.508883730858095, 40.790009430539484 ], [ 29.508885619640804, 40.790009316830009 ], [ 29.508887510112306, 40.790009235913594 ], [ 29.508889401703289, 40.790009187814604 ], [ 29.508891293844112, 40.790009172547528 ], [ 29.508893185964954, 40.790009190116947 ], [ 29.50889507749601, 40.790009240517591 ], [ 29.508896967867656, 40.790009323734267 ], [ 29.508898856510605, 40.790009439741922 ], [ 29.508900742856103, 40.790009588505619 ], [ 29.508902626336077, 40.790009769980557 ], [ 29.508904506383324, 40.790009984112089 ], [ 29.508906382431675, 40.790010230835726 ], [ 29.508908253916161, 40.790010510077167 ], [ 29.508910120273192, 40.790010821752325 ], [ 29.508911980940717, 40.790011165767332 ], [ 29.508913835358403, 40.790011542018597 ], [ 29.5089156829678, 40.790011950392802 ], [ 29.508917523212496, 40.790012390766982 ], [ 29.508919355538318, 40.790012863008506 ], [ 29.508921179393457, 40.790013366975167 ], [ 29.508922994228669, 40.790013902515192 ], [ 29.508924799497422, 40.790014469467302 ], [ 29.508926594656064, 40.790015067660775 ], [ 29.508928379163983, 40.790015696915454 ], [ 29.508930152483785, 40.790016357041843 ], [ 29.508931914081437, 40.790017047841147 ], [ 29.508933663426436, 40.790017769105333 ], [ 29.50893539999198, 40.790018520617203 ] ] ] } },
{ "type": "Feature", "properties": { "fid": 347, "line_id": 292, "line_type": "center_line" }, "geometry": { "type": "MultiLineString", "coordinates": [ [ [ 29.508923162326838, 40.790007452728879 ], [ 29.508922995853528, 40.790007692327166 ], [ 29.508922833549597, 40.790007934769186 ], [ 29.508922675463616, 40.790008179982408 ], [ 29.508922521642887, 40.790008427893447 ], [ 29.508922372133433, 40.790008678428123 ], [ 29.508922226979994, 40.790008931511473 ], [ 29.508922086226004, 40.79000918706776 ], [ 29.508921949913585, 40.790009445020516 ], [ 29.508921818083522, 40.790009705292555 ], [ 29.50892169077526, 40.790009967806 ], [ 29.508921568026896, 40.790010232482288 ], [ 29.50892144987516, 40.790010499242236 ], [ 29.508921336355407, 40.790010768006013 ], [ 29.508921227501602, 40.790011038693194 ], [ 29.508921123346322, 40.790011311222784 ], [ 29.508921023920731, 40.790011585513234 ], [ 29.508920929254579, 40.790011861482476 ], [ 29.508920839376195, 40.790012139047924 ], [ 29.508920754312474, 40.790012418126523 ], [ 29.508920674088863, 40.790012698634762 ], [ 29.508920598729375, 40.790012980488711 ], [ 29.508920528256557, 40.790013263604024 ], [ 29.508920462691496, 40.790013547895995 ], [ 29.508920402053811, 40.790013833279545 ], [ 29.508920346361645, 40.790014119669287 ], [ 29.508920295631665, 40.790014406979523 ], [ 29.508920249879054, 40.790014695124277 ], [ 29.508920209117495, 40.790014984017333 ], [ 29.50892017335919, 40.790015273572237 ], [ 29.508920142614837, 40.790015563702354 ], [ 29.508920116893638, 40.79001585432087 ], [ 29.508920096203287, 40.790016145340815 ], [ 29.508920080549977, 40.790016436675117 ], [ 29.508920069938391, 40.790016728236594 ], [ 29.508920064371704, 40.790017019938006 ], [ 29.50892006385158, 40.790017311692061 ], [ 29.508920068378181, 40.790017603411471 ], [ 29.508920077950144, 40.79001789500893 ], [ 29.508920092564612, 40.790018186397191 ], [ 29.508920112217208, 40.790018477489056 ], [ 29.508920136902052, 40.790018768197434 ], [ 29.508920166611755, 40.790019058435327 ], [ 29.508920201337435, 40.790019348115884 ], [ 29.508920241068694, 40.79001963715244 ], [ 29.508920285793643, 40.790019925458488 ], [ 29.508920335498903, 40.790020212947773 ], [ 29.5089203901696, 40.790020499534265 ], [ 29.508920449789375, 40.790020785132207 ], [ 29.508920514340382, 40.790021069656135 ], [ 29.508920583803313, 40.790021353020919 ], [ 29.508920658157383, 40.79002163514177 ], [ 29.508920737380336, 40.790021915934261 ], [ 29.50892082144847, 40.790022195314378 ], [ 29.508920910336634, 40.790022473198519 ], [ 29.508921004018223, 40.790022749503535 ], [ 29.508921102465205, 40.790023024146741 ], [ 29.508921205648129, 40.79002329704597 ], [ 29.50892131353611, 40.790023568119544 ], [ 29.508921426096872, 40.790023837286363 ], [ 29.508921543296733, 40.790024104465878 ], [ 29.508921665100623, 40.790024369578141 ], [ 29.50892179147209, 40.790024632543833 ], [ 29.508921922373322, 40.790024893284254 ], [ 29.508922057765155, 40.790025151721387 ], [ 29.50892219760707, 40.790025407777904 ], [ 29.508922341857222, 40.790025661377186 ], [ 29.50892249047245, 40.79002591244334 ], [ 29.508922643408287, 40.790026160901249 ], [ 29.508922800618961, 40.79002640667656 ], [ 29.508922962057436, 40.790026649695733 ], [ 29.508923127675409, 40.79002688988605 ], [ 29.508923297423312, 40.790027127175641 ], [ 29.508923471250359, 40.7900273614935 ], [ 29.508923649104535, 40.790027592769512 ], [ 29.50892383093262, 40.790027820934469 ], [ 29.508924016680204, 40.790028045920103 ], [ 29.508924206291706, 40.790028267659096 ], [ 29.508924399710391, 40.790028486085085 ], [ 29.508924596878384, 40.790028701132712 ], [ 29.508924797736682, 40.79002891273764 ], [ 29.508925002225183, 40.790029120836543 ], [ 29.508925210282701, 40.790029325367151 ], [ 29.508925421846978, 40.790029526268263 ], [ 29.508925636854709, 40.790029723479769 ] ] ] } },
{ "type": "Feature", "properties": { "fid": 348, "line_id": 293, "line_type": "dashed_line" }, "geometry": { "type": "MultiLineString", "coordinates": [ [ [ 29.508911824490035, 40.789996564806231 ], [ 29.508911462449205, 40.789996943529886 ], [ 29.508911107023756, 40.789997328468729 ], [ 29.508910758320368, 40.789997719507241 ], [ 29.508910416443701, 40.789998116528032 ], [ 29.508910081496367, 40.789998519411952 ], [ 29.508909753578902, 40.789998928038067 ], [ 29.508909432789725, 40.789999342283728 ], [ 29.508909119225127, 40.789999762024614 ], [ 29.508908812979218, 40.79000018713473 ], [ 29.508908514143918, 40.790000617486477 ], [ 29.50890822280892, 40.7900010529507 ], [ 29.508907939061672, 40.790001493396687 ], [ 29.508907662987337, 40.790001938692235 ], [ 29.508907394668775, 40.790002388703698 ], [ 29.508907134186526, 40.790002843296001 ], [ 29.508906881618771, 40.790003302332707 ], [ 29.508906637041314, 40.790003765676033 ], [ 29.508906400527568, 40.790004233186899 ], [ 29.508906172148524, 40.790004704725 ], [ 29.508905951972725, 40.790005180148796 ], [ 29.508905740066258, 40.79000565931559 ], [ 29.508905536492726, 40.790006142081559 ], [ 29.508905341313231, 40.790006628301811 ], [ 29.508905154586355, 40.790007117830399 ], [ 29.508904976368143, 40.790007610520398 ], [ 29.508904806712085, 40.790008106223929 ], [ 29.508904645669109, 40.790008604792206 ], [ 29.508904493287545, 40.790009106075587 ], [ 29.508904349613132, 40.790009609923608 ], [ 29.508904214688997, 40.790010116185044 ], [ 29.508904088555632, 40.790010624707946 ], [ 29.508903971250898, 40.790011135339682 ], [ 29.508903862810005, 40.790011647926981 ], [ 29.508903763265497, 40.790012162315996 ], [ 29.508903672647254, 40.790012678352326 ], [ 29.508903590982477, 40.790013195881102 ], [ 29.508903518295675, 40.790013714746976 ], [ 29.508903454608664, 40.790014234794214 ], [ 29.508903399940561, 40.790014755866729 ], [ 29.508903354307776, 40.790015277808124 ], [ 29.508903317724002, 40.790015800461731 ], [ 29.508903290200223, 40.790016323670685 ], [ 29.5089032717447, 40.79001684727794 ], [ 29.508903262362967, 40.790017371126346 ], [ 29.508903262057846, 40.790017895058661 ], [ 29.508903270829425, 40.79001841891764 ], [ 29.508903288675072, 40.790018942546034 ], [ 29.508903315589432, 40.790019465786692 ], [ 29.508903351564427, 40.790019988482555 ], [ 29.508903396589258, 40.790020510476744 ], [ 29.508903450650411, 40.790021031612575 ], [ 29.50890351373166, 40.790021551733645 ], [ 29.508903585814068, 40.790022070683825 ], [ 29.508903666876005, 40.790022588307366 ], [ 29.50890375689314, 40.790023104448899 ], [ 29.508903855838451, 40.790023618953505 ], [ 29.508903963682243, 40.790024131666762 ], [ 29.508904080392146, 40.79002464243478 ], [ 29.508904205933131, 40.790025151104246 ], [ 29.508904340267513, 40.790025657522492 ], [ 29.508904483354979, 40.790026161537519 ], [ 29.508904635152572, 40.790026662998045 ], [ 29.50890479561474, 40.790027161753549 ], [ 29.508904964693318, 40.790027657654349 ], [ 29.508905142337554, 40.790028150551592 ], [ 29.50890532849413, 40.790028640297336 ], [ 29.508905523107178, 40.790029126744592 ], [ 29.508905726118275, 40.790029609747343 ], [ 29.508905937466494, 40.790030089160631 ], [ 29.508906157088401, 40.790030564840549 ], [ 29.508906384918074, 40.790031036644329 ], [ 29.508906620887132, 40.79003150443036 ], [ 29.508906864924747, 40.790031968058237 ], [ 29.508907116957673, 40.790032427388802 ], [ 29.508907376910265, 40.790032882284194 ], [ 29.5089076447045, 40.790033332607877 ], [ 29.508907920259997, 40.790033778224675 ], [ 29.508908203494048, 40.790034219000852 ], [ 29.508908494321645, 40.790034654804103 ], [ 29.508908792655497, 40.790035085503632 ], [ 29.508909098406058, 40.790035510970156 ], [ 29.508909411481557, 40.79003593107597 ], [ 29.508909731788027, 40.790036345694993 ], [ 29.508910059229329, 40.790036754702768 ], [ 29.508910393707183, 40.790037157976535 ], [ 29.508910735121191, 40.790037555395259 ], [ 29.508911083368886, 40.790037946839647 ], [ 29.508911438345741, 40.790038332192211 ], [ 29.50891179994521, 40.790038711337289 ], [ 29.508912168058757, 40.790039084161087 ], [ 29.508912542575899, 40.790039450551696 ], [ 29.508912923384223, 40.790039810399144 ], [ 29.508913310369429, 40.790040163595435 ], [ 29.508913703415367, 40.790040510034544 ], [ 29.508914102404063, 40.790040849612495 ], [ 29.508914507215767, 40.79004118222737 ], [ 29.508914917728969, 40.790041507779321 ], [ 29.508915333820461, 40.790041826170651 ] ] ] } },
{ "type": "Feature", "properties": { "fid": 349, "line_id": 294, "line_type": "center_line" }, "geometry": { "type": "MultiLineString", "coordinates": [ [ [ 29.508899946756223, 40.789985316952247 ], [ 29.508899380082568, 40.78998584096037 ], [ 29.508898822571751, 40.789986374706778 ], [ 29.508898274391104, 40.789986918031282 ], [ 29.508897735705155, 40.789987470770818 ], [ 29.508897206675581, 40.789988032759474 ], [ 29.508896687461171, 40.78998860382859 ], [ 29.50889617821775, 40.789989183806767 ], [ 29.508895679098167, 40.789989772519924 ], [ 29.508895190252222, 40.789990369791376 ], [ 29.508894711826638, 40.789990975441853 ], [ 29.508894243965006, 40.789991589289585 ], [ 29.508893786807747, 40.789992211150327 ], [ 29.508893340492072, 40.789992840837435 ], [ 29.508892905151935, 40.789993478161932 ], [ 29.508892480918, 40.789994122932519 ], [ 29.508892067917593, 40.78999477495568 ], [ 29.508891666274671, 40.789995434035724 ], [ 29.508891276109779, 40.789996099974836 ], [ 29.50889089754002, 40.78999677257314 ], [ 29.508890530679018, 40.789997451628771 ], [ 29.508890175636882, 40.789998136937911 ], [ 29.508889832520172, 40.789998828294884 ], [ 29.508889501431867, 40.789999525492185 ], [ 29.508889182471343, 40.790000228320565 ], [ 29.508888875734328, 40.790000936569065 ], [ 29.508888581312885, 40.790001650025133 ], [ 29.508888299295382, 40.790002368474624 ], [ 29.508888029766464, 40.790003091701905 ], [ 29.508887772807022, 40.790003819489918 ], [ 29.508887528494181, 40.790004551620214 ], [ 29.508887296901271, 40.790005287873072 ], [ 29.508887078097796, 40.790006028027499 ], [ 29.508886872149429, 40.790006771861364 ], [ 29.508886679117982, 40.790007519151402 ], [ 29.508886499061393, 40.790008269673329 ], [ 29.5088863320337, 40.79000902320189 ], [ 29.508886178085039, 40.790009779510925 ], [ 29.508886037261611, 40.79001053837343 ], [ 29.508885909605681, 40.790011299561648 ], [ 29.508885795155567, 40.790012062847126 ], [ 29.508885693945622, 40.790012828000762 ], [ 29.508885606006213, 40.79001359479291 ], [ 29.508885531363742, 40.790014362993432 ], [ 29.50888547004061, 40.790015132371764 ], [ 29.508885422055222, 40.790015902696986 ], [ 29.50888538742198, 40.790016673737888 ], [ 29.508885366151279, 40.790017445263068 ], [ 29.508885358249504, 40.790018217040952 ], [ 29.508885363719024, 40.790018988839904 ], [ 29.508885382558198, 40.790019760428287 ], [ 29.508885414761373, 40.790020531574513 ], [ 29.508885460318883, 40.79002130204713 ], [ 29.508885519217053, 40.790022071614892 ], [ 29.508885591438208, 40.790022840046838 ], [ 29.508885676960674, 40.790023607112317 ], [ 29.508885775758777, 40.790024372581108 ], [ 29.508885887802869, 40.790025136223477 ], [ 29.508886013059318, 40.790025897810217 ], [ 29.508886151490533, 40.790026657112755 ], [ 29.508886303054961, 40.790027413903189 ], [ 29.508886467707118, 40.790028167954389 ], [ 29.508886645397581, 40.790028919040026 ], [ 29.508886836073025, 40.790029666934686 ], [ 29.508887039676214, 40.790030411413888 ], [ 29.508887256146043, 40.790031152254194 ], [ 29.508887485417542, 40.790031889233241 ], [ 29.5088877274219, 40.79003262212985 ], [ 29.508887982086478, 40.790033350724038 ], [ 29.508888249334845, 40.790034074797134 ], [ 29.508888529086793, 40.79003479413182 ], [ 29.508888821258353, 40.790035508512197 ], [ 29.508889125761836, 40.790036217723852 ], [ 29.508889442505851, 40.790036921553927 ], [ 29.508889771395328, 40.790037619791171 ], [ 29.50889011233156, 40.790038312226024 ], [ 29.508890465212218, 40.790038998650665 ], [ 29.508890829931389, 40.790039678859067 ], [ 29.508891206379609, 40.790040352647068 ], [ 29.508891594443888, 40.790041019812463 ], [ 29.508891994007762, 40.790041680154985 ], [ 29.5088924049513, 40.790042333476464 ], [ 29.508892827151168, 40.790042979580797 ], [ 29.508893260480647, 40.790043618274076 ], [ 29.50889370480968, 40.790044249364605 ], [ 29.508894160004907, 40.790044872662968 ], [ 29.508894625929706, 40.790045487982091 ], [ 29.508895102444239, 40.790046095137292 ], [ 29.508895589405487, 40.790046693946351 ], [ 29.508896086667292, 40.79004728422953 ], [ 29.508896594080412, 40.790047865809683 ], [ 29.508897111492551, 40.790048438512237 ], [ 29.508897638748419, 40.790049002165318 ], [ 29.508898175689762, 40.790049556599747 ], [ 29.508898722155429, 40.790050101649115 ], [ 29.508899277981403, 40.790050637149839 ], [ 29.508899843000865, 40.790051162941197 ], [ 29.508900417044227, 40.790051678865382 ], [ 29.508900999939204, 40.790052184767532 ], [ 29.508901591510842, 40.790052680495826 ], [ 29.508902191581594, 40.790053165901462 ], [ 29.508902799971352, 40.790053640838764 ], [ 29.508903416497525, 40.790054105165183 ], [ 29.508904040975061, 40.79005455874136 ] ] ] } },
{ "type": "Feature", "properties": { "fid": 350, "line_id": 295, "line_type": "road_boundary_line" }, "geometry": { "type": "MultiLineString", "coordinates": [ [ [ 29.508893467992326, 40.790067381294897 ], [ 29.508892630703738, 40.790066773103959 ], [ 29.508891804111503, 40.790066150453434 ], [ 29.508890988465314, 40.790065513531388 ], [ 29.508890184011534, 40.790064862530222 ], [ 29.508889390993168, 40.790064197646579 ], [ 29.508888609649748, 40.790063519081279 ], [ 29.508887840217294, 40.790062827039307 ], [ 29.508887082928215, 40.790062121729697 ], [ 29.508886338011266, 40.790061403365485 ], [ 29.50888560569145, 40.790060672163676 ], [ 29.508884886189975, 40.790059928345137 ], [ 29.508884179724177, 40.790059172134534 ], [ 29.50888348650745, 40.790058403760298 ], [ 29.508882806749188, 40.790057623454523 ], [ 29.508882140654716, 40.790056831452908 ], [ 29.508881488425242, 40.790056027994687 ], [ 29.508880850257775, 40.79005521332256 ], [ 29.508880226345084, 40.790054387682595 ], [ 29.508879616875621, 40.790053551324192 ], [ 29.508879022033494, 40.790052704499985 ], [ 29.508878441998373, 40.790051847465769 ], [ 29.508877876945466, 40.790050980480409 ], [ 29.508877327045457, 40.790050103805797 ], [ 29.508876792464445, 40.790049217706738 ], [ 29.50887627336391, 40.790048322450893 ], [ 29.508875769900648, 40.790047418308674 ], [ 29.50887528222674, 40.7900465055532 ], [ 29.508874810489488, 40.790045584460174 ], [ 29.508874354831391, 40.790044655307824 ], [ 29.508873915390083, 40.790043718376801 ], [ 29.508873492298303, 40.790042773950127 ], [ 29.508873085683852, 40.790041822313071 ], [ 29.508872695669545, 40.790040863753092 ], [ 29.5088723223732, 40.790039898559726 ], [ 29.50887196590757, 40.790038927024519 ], [ 29.50887162638033, 40.790037949440944 ], [ 29.50887130389404, 40.790036966104282 ], [ 29.508870998546108, 40.790035977311561 ], [ 29.50887071042877, 40.790034983361465 ], [ 29.50887043962905, 40.790033984554221 ], [ 29.508870186228751, 40.79003298119153 ], [ 29.508869950304415, 40.790031973576475 ], [ 29.508869731927305, 40.790030962013411 ], [ 29.508869531163384, 40.790029946807891 ], [ 29.508869348073297, 40.790028928266572 ], [ 29.508869182712345, 40.790027906697119 ], [ 29.508869035130477, 40.7900268824081 ], [ 29.508868905372275, 40.790025855708919 ], [ 29.508868793476932, 40.790024826909701 ], [ 29.508868699478246, 40.790023796321208 ], [ 29.508868623404613, 40.790022764254736 ], [ 29.508868565279009, 40.790021731022037 ], [ 29.508868525118995, 40.790020696935208 ], [ 29.5088685029367, 40.790019662306605 ], [ 29.508868498738824, 40.790018627448752 ], [ 29.508868512526632, 40.790017592674239 ], [ 29.508868544295968, 40.790016558295633 ], [ 29.508868594037228, 40.790015524625375 ], [ 29.508868661735388, 40.790014491975697 ], [ 29.508868747370002, 40.790013460658521 ], [ 29.508868850915199, 40.790012430985378 ], [ 29.508868972339709, 40.790011403267279 ], [ 29.508869111606845, 40.790010377814667 ], [ 29.508869268674548, 40.790009354937283 ], [ 29.508869443495371, 40.790008334944112 ], [ 29.508869636016506, 40.790007318143239 ], [ 29.508869846179802, 40.79000630484181 ], [ 29.508870073921774, 40.7900052953459 ], [ 29.508870319173635, 40.790004289960443 ], [ 29.508870581861295, 40.790003288989119 ], [ 29.508870861905418, 40.790002292734286 ], [ 29.508871159221403, 40.790001301496879 ], [ 29.508871473719449, 40.790000315576307 ], [ 29.508871805304558, 40.789999335270373 ], [ 29.508872153876567, 40.789998360875202 ], [ 29.50887251933019, 40.789997392685116 ], [ 29.508872901555034, 40.789996430992559 ], [ 29.508873300435646, 40.789995476088038 ], [ 29.508873715851539, 40.789994528259975 ], [ 29.508874147677233, 40.789993587794683 ], [ 29.508874595782288, 40.789992654976231 ], [ 29.508875060031354, 40.789991730086399 ], [ 29.508875540284194, 40.78999081340455 ], [ 29.508876036395744, 40.789989905207591 ], [ 29.508876548216147, 40.789989005769833 ], [ 29.508877075590803, 40.789988115362981 ], [ 29.508877618360415, 40.789987234255982 ], [ 29.50887817636103, 40.789986362714984 ], [ 29.508878749424099, 40.789985501003244 ], [ 29.50887933737652, 40.789984649381061 ], [ 29.5088799400407, 40.789983808105667 ], [ 29.50888055723459, 40.789982977431187 ], [ 29.50888118877177, 40.789982157608527 ], [ 29.508881834461469, 40.789981348885327 ], [ 29.508882494108651, 40.789980551505877 ], [ 29.508883167514064, 40.789979765711024 ], [ 29.508883854474295, 40.789978991738131 ], [ 29.508884554781844, 40.789978229820989 ], [ 29.508885268225175, 40.789977480189734 ], [ 29.50888599458878, 40.789976743070817 ], [ 29.508886733653259, 40.789976018686872 ], [ 29.508887485195366, 40.789975307256718 ], [ 29.508888248988086, 40.789974608995252 ] ] ] } },
{ "type": "Feature", "properties": { "fid": 351, "line_id": 296, "line_type": "dashed_line" }, "geometry": { "type": "MultiLineString", "coordinates": [ [ [ 29.508493569285712, 40.789960130284292 ], [ 29.508493070413792, 40.789959718297936 ], [ 29.508492578747521, 40.78995929773852 ], [ 29.508492094434203, 40.789958868732036 ], [ 29.508491617618951, 40.78995843140703 ], [ 29.508491148444616, 40.789957985894524 ], [ 29.508490687051772, 40.789957532327996 ], [ 29.508490233578655, 40.78995707084335 ], [ 29.508489788161135, 40.789956601578837 ], [ 29.508489350932656, 40.789956124675065 ], [ 29.508488922024224, 40.789955640274918 ], [ 29.50848850156434, 40.789955148523525 ], [ 29.508488089678981, 40.789954649568216 ], [ 29.508487686491549, 40.789954143558489 ], [ 29.508487292122844, 40.789953630645947 ], [ 29.508486906691026, 40.789953110984271 ], [ 29.508486530311572, 40.789952584729143 ], [ 29.508486163097249, 40.789952052038245 ], [ 29.508485805158081, 40.78995151307118 ], [ 29.508485456601306, 40.789950967989419 ], [ 29.508485117531357, 40.78995041695628 ], [ 29.508484788049827, 40.789949860136858 ], [ 29.508484468255428, 40.78994929769798 ], [ 29.508484158243974, 40.78994872980816 ], [ 29.508483858108349, 40.78994815663755 ], [ 29.508483567938477, 40.789947578357861 ], [ 29.508483287821296, 40.789946995142365 ], [ 29.508483017840732, 40.7899464071658 ], [ 29.508482758077669, 40.789945814604323 ], [ 29.508482508609944, 40.789945217635484 ], [ 29.508482269512292, 40.78994461643812 ], [ 29.508482040856354, 40.789944011192382 ], [ 29.508481822710639, 40.789943402079587 ], [ 29.5084816151405, 40.789942789282243 ], [ 29.508481418208131, 40.789942172983942 ], [ 29.508481231972535, 40.789941553369346 ], [ 29.508481056489508, 40.789940930624084 ], [ 29.508480891811629, 40.789940304934753 ], [ 29.508480737988236, 40.7899396764888 ], [ 29.508480595065418, 40.789939045474526 ], [ 29.508480463085995, 40.789938412080978 ], [ 29.508480342089509, 40.789937776497943 ], [ 29.508480232112213, 40.789937138915839 ], [ 29.508480133187053, 40.789936499525687 ], [ 29.508480045343674, 40.789935858519065 ], [ 29.508479968608391, 40.789935216088026 ], [ 29.508479903004197, 40.78993457242504 ], [ 29.508479848550746, 40.789933927722956 ], [ 29.508479805264354, 40.789933282174943 ], [ 29.50847977315799, 40.789932635974409 ], [ 29.508479752241271, 40.789931989314965 ], [ 29.508479742520468, 40.789931342390354 ], [ 29.508479743998492, 40.789930695394396 ], [ 29.508479756674898, 40.789930048520951 ], [ 29.50847978054589, 40.789929401963818 ], [ 29.508479815604314, 40.789928755916719 ], [ 29.508479861839671, 40.789928110573214 ], [ 29.508479919238102, 40.789927466126649 ], [ 29.508479987782412, 40.78992682277012 ], [ 29.508480067452066, 40.789926180696376 ], [ 29.508480158223197, 40.789925540097791 ], [ 29.508480260068602, 40.789924901166287 ], [ 29.50848037295777, 40.789924264093308 ], [ 29.50848049685688, 40.789923629069719 ], [ 29.508480631728808, 40.789922996285782 ], [ 29.508480777533148, 40.789922365931083 ], [ 29.50848093422621, 40.789921738194487 ], [ 29.508481101761053, 40.789921113264072 ], [ 29.50848128008748, 40.789920491327067 ], [ 29.508481469152059, 40.789919872569818 ], [ 29.508481668898149, 40.789919257177708 ], [ 29.508481879265904, 40.789918645335121 ], [ 29.508482100192293, 40.789918037225355 ], [ 29.508482331611123, 40.789917433030624 ], [ 29.508482573453058, 40.789916832931944 ], [ 29.508482825645647, 40.789916237109111 ], [ 29.508483088113323, 40.789915645740642 ], [ 29.508483360777447, 40.789915059003718 ], [ 29.508483643556332, 40.78991447707412 ], [ 29.508483936365252, 40.789913900126216 ], [ 29.508484239116477, 40.789913328332858 ], [ 29.508484551719299, 40.789912761865359 ], [ 29.508484874080061, 40.789912200893447 ], [ 29.508485206102179, 40.789911645585192 ], [ 29.508485547686178, 40.789911096106962 ], [ 29.508485898729713, 40.789910552623397 ], [ 29.508486259127608, 40.78991001529733 ], [ 29.508486628771884, 40.789909484289744 ], [ 29.508487007551793, 40.789908959759735 ], [ 29.508487395353846, 40.789908441864462 ], [ 29.508487792061857, 40.789907930759085 ], [ 29.508488197556964, 40.789907426596741 ], [ 29.508488611717681, 40.789906929528485 ], [ 29.508489034419917, 40.789906439703245 ], [ 29.508489465537025, 40.78990595726777 ], [ 29.508489904939843, 40.789905482366606 ], [ 29.508490352496718, 40.789905015142047 ] ] ] } },
{ "type": "Feature", "properties": { "fid": 352, "line_id": 297, "line_type": "center_line" }, "geometry": { "type": "MultiLineString", "coordinates": [ [ [ 29.508482297278558, 40.78997152094415 ], [ 29.50848160416723, 40.789970891702232 ], [ 29.508480922065701, 40.789970250542183 ], [ 29.508480251178877, 40.789969597656608 ], [ 29.508479591708298, 40.789968933241632 ], [ 29.508478943852069, 40.789968257496852 ], [ 29.508478307804804, 40.789967570625258 ], [ 29.50847768375758, 40.789966872833197 ], [ 29.508477071897861, 40.789966164330274 ], [ 29.508476472409445, 40.789965445329344 ], [ 29.508475885472429, 40.789964716046377 ], [ 29.508475311263123, 40.789963976700463 ], [ 29.508474749954026, 40.789963227513702 ], [ 29.508474201713756, 40.789962468711153 ], [ 29.508473666707005, 40.789961700520763 ], [ 29.508473145094488, 40.78996092317329 ], [ 29.508472637032906, 40.789960136902259 ], [ 29.508472142674876, 40.78995934194387 ], [ 29.508471662168905, 40.789958538536929 ], [ 29.50847119565934, 40.789957726922779 ], [ 29.50847074328632, 40.789956907345228 ], [ 29.508470305185742, 40.789956080050487 ], [ 29.508469881489212, 40.789955245287075 ], [ 29.508469472324009, 40.789954403305757 ], [ 29.508469077813047, 40.789953554359471 ], [ 29.508468698074839, 40.789952698703232 ], [ 29.508468333223458, 40.789951836594085 ], [ 29.508467983368508, 40.789950968291024 ], [ 29.508467648615085, 40.789950094054866 ], [ 29.508467329063748, 40.789949214148251 ], [ 29.508467024810496, 40.789948328835507 ], [ 29.508466735946726, 40.789947438382576 ], [ 29.508466462559213, 40.789946543056949 ], [ 29.50846620473008, 40.789945643127595 ], [ 29.508465962536786, 40.789944738864847 ], [ 29.508465736052081, 40.789943830540359 ], [ 29.508465525344004, 40.789942918426981 ], [ 29.508465330475854, 40.789942002798725 ], [ 29.508465151506169, 40.789941083930643 ], [ 29.508464988488708, 40.789940162098759 ], [ 29.508464841472446, 40.789939237580008 ], [ 29.508464710501546, 40.789938310652111 ], [ 29.508464595615354, 40.789937381593518 ], [ 29.508464496848379, 40.789936450683328 ], [ 29.508464414230293, 40.789935518201176 ], [ 29.50846434778591, 40.789934584427193 ], [ 29.508464297535198, 40.789933649641888 ], [ 29.508464263493249, 40.789932714126067 ], [ 29.508464245670286, 40.789931778160771 ], [ 29.508464244071668, 40.789930842027154 ], [ 29.50846425869787, 40.789929906006435 ], [ 29.508464289544502, 40.789928970379805 ], [ 29.508464336602298, 40.789928035428325 ], [ 29.508464399857122, 40.789927101432859 ], [ 29.50846447928997, 40.789926168673979 ], [ 29.508464574876978, 40.789925237431895 ], [ 29.508464686589438, 40.789924307986347 ], [ 29.508464814393786, 40.789923380616543 ], [ 29.508464958251629, 40.789922455601065 ], [ 29.508465118119755, 40.7899215332178 ], [ 29.508465293950135, 40.789920613743831 ], [ 29.508465485689953, 40.789919697455367 ], [ 29.508465693281611, 40.789918784627673 ], [ 29.508465916662743, 40.789917875534954 ], [ 29.508466155766246, 40.789916970450307 ], [ 29.508466410520295, 40.789916069645621 ], [ 29.508466680848361, 40.789915173391506 ], [ 29.508466966669232, 40.789914281957188 ], [ 29.508467267897053, 40.789913395610476 ], [ 29.50846758444133, 40.789912514617612 ], [ 29.508467916206975, 40.789911639243257 ], [ 29.508468263094318, 40.789910769750371 ], [ 29.508468624999164, 40.789909906400162 ], [ 29.508469001812788, 40.789909049451971 ], [ 29.508469393421997, 40.789908199163236 ], [ 29.508469799709147, 40.789907355789389 ], [ 29.508470220552194, 40.789906519583766 ], [ 29.508470655824709, 40.789905690797582 ], [ 29.508471105395941, 40.789904869679802 ], [ 29.508471569130837, 40.789904056477084 ], [ 29.508472046890084, 40.789903251433735 ], [ 29.508472538530164, 40.789902454791573 ], [ 29.50847304390339, 40.789901666789916 ], [ 29.508473562857947, 40.789900887665489 ], [ 29.508474095237933, 40.789900117652337 ], [ 29.508474640883428, 40.789899356981778 ], [ 29.50847519963051, 40.789898605882314 ], [ 29.508475771311339, 40.789897864579586 ], [ 29.508476355754173, 40.789897133296279 ], [ 29.508476952783443, 40.78989641225207 ], [ 29.508477562219809, 40.789895701663568 ], [ 29.508478183880186, 40.789895001744227 ] ] ] } },
{ "type": "Feature", "properties": { "fid": 353, "line_id": 298, "line_type": "center_line" }, "geometry": { "type": "MultiLineString", "coordinates": [ [ [ 29.508478183880186, 40.789895001744227 ], [ 29.508536109794992, 40.789842841833369 ], [ 29.508542903287267, 40.789836713926434 ], [ 29.508542872133479, 40.789836760033232 ], [ 29.508546671858085, 40.789833338454457 ], [ 29.508545928782763, 40.789834004947252 ], [ 29.50854667807393, 40.78983332957975 ], [ 29.508547870996694, 40.789832267133797 ], [ 29.50854792332084, 40.789832204852985 ], [ 29.508548990256752, 40.789831250543877 ], [ 29.508551263282818, 40.789829196738992 ] ] ] } },
{ "type": "Feature", "properties": { "fid": 354, "line_id": 299, "line_type": "dashed_line" }, "geometry": { "type": "MultiLineString", "coordinates": [ [ [ 29.508490352496718, 40.789905015142047 ], [ 29.508513421277176, 40.789883811741817 ], [ 29.508518474003399, 40.7898791675875 ], [ 29.508528243627861, 40.78987018795123 ], [ 29.508531735535481, 40.789866978405108 ], [ 29.508536413123554, 40.789862679054643 ], [ 29.508538601534518, 40.789860667602255 ], [ 29.508540306692506, 40.789859113664818 ], [ 29.508541450057326, 40.789858070507144 ], [ 29.508545799986322, 40.789854071882495 ], [ 29.508561701291313, 40.789839454781827 ] ] ] } },
{ "type": "Feature", "properties": { "fid": 355, "line_id": 300, "line_type": "center_line" }, "geometry": { "type": "MultiLineString", "coordinates": [ [ [ 29.508504607651926, 40.789948975724748 ], [ 29.508504298438766, 40.789948758824131 ], [ 29.508503993030939, 40.789948536597414 ], [ 29.508503691520172, 40.789948309111338 ], [ 29.508503393997032, 40.789948076434236 ], [ 29.508503100550875, 40.789947838635982 ], [ 29.508502811269842, 40.789947595788007 ], [ 29.508502526240822, 40.789947347963249 ], [ 29.508502245549415, 40.789947095236137 ], [ 29.508501969279934, 40.789946837682592 ], [ 29.508501697515356, 40.789946575379965 ], [ 29.508501430337308, 40.789946308407032 ], [ 29.508501167826033, 40.789946036843993 ], [ 29.508500910060381, 40.789945760772397 ], [ 29.508500657117775, 40.789945480275172 ], [ 29.50850040907418, 40.789945195436566 ], [ 29.508500166004101, 40.789944906342136 ], [ 29.508499927980548, 40.789944613078696 ], [ 29.508499695075006, 40.789944315734346 ], [ 29.508499467357428, 40.789944014398387 ], [ 29.508499244896218, 40.789943709161321 ], [ 29.508499027758184, 40.789943400114836 ], [ 29.508498816008551, 40.789943087351752 ], [ 29.508498609710912, 40.789942770966007 ], [ 29.508498408927235, 40.789942451052625 ], [ 29.508498213717822, 40.789942127707704 ], [ 29.508498024141307, 40.789941801028348 ], [ 29.508497840254631, 40.789941471112684 ], [ 29.508497662113019, 40.789941138059802 ], [ 29.508497489769983, 40.789940801969735 ], [ 29.508497323277282, 40.789940462943427 ], [ 29.508497162684929, 40.789940121082708 ], [ 29.50849700804115, 40.789939776490257 ], [ 29.508496859392398, 40.789939429269573 ], [ 29.50849671678332, 40.789939079524942 ], [ 29.508496580256743, 40.789938727361417 ], [ 29.508496449853684, 40.789938372884762 ], [ 29.508496325613301, 40.789938016201454 ], [ 29.508496207572914, 40.789937657418619 ], [ 29.508496095767974, 40.789937296644027 ], [ 29.508495990232063, 40.78993693398602 ], [ 29.508495890996883, 40.789936569553539 ], [ 29.508495798092234, 40.789936203456037 ], [ 29.508495711546026, 40.789935835803469 ], [ 29.508495631384246, 40.789935466706268 ], [ 29.508495557630976, 40.789935096275286 ], [ 29.508495490308366, 40.789934724621794 ], [ 29.508495429436636, 40.789934351857404 ], [ 29.508495375034073, 40.789933978094091 ], [ 29.508495327117011, 40.789933603444105 ], [ 29.508495285699848, 40.789933228019983 ], [ 29.508495250795018, 40.789932851934473 ], [ 29.508495222413011, 40.789932475300546 ], [ 29.508495200562347, 40.789932098231311 ], [ 29.508495185249593, 40.789931720840038 ], [ 29.508495176479343, 40.78993134324007 ], [ 29.508495174254232, 40.789930965544812 ], [ 29.508495178574933, 40.789930587867723 ], [ 29.508495189440143, 40.789930210322225 ], [ 29.5084952068466, 40.789929833021716 ], [ 29.50849523078908, 40.789929456079534 ], [ 29.508495261260389, 40.789929079608875 ], [ 29.508495298251372, 40.789928703722829 ], [ 29.508495341750923, 40.78992832853428 ], [ 29.508495391745971, 40.789927954155928 ], [ 29.508495448221506, 40.789927580700216 ], [ 29.508495511160564, 40.789927208279309 ], [ 29.508495580544242, 40.789926837005069 ], [ 29.508495656351695, 40.789926466989009 ], [ 29.508495738560157, 40.789926098342264 ], [ 29.508495827144941, 40.789925731175558 ], [ 29.508495922079433, 40.789925365599167 ], [ 29.508496023335123, 40.789925001722892 ], [ 29.5084961308816, 40.789924639656036 ], [ 29.508496244686558, 40.789924279507332 ], [ 29.508496364715821, 40.789923921384961 ], [ 29.508496490933332, 40.789923565396485 ], [ 29.508496623301184, 40.789923211648826 ], [ 29.508496761779618, 40.789922860248232 ], [ 29.508496906327043, 40.789922511300247 ], [ 29.508497056900048, 40.789922164909676 ], [ 29.508497213453399, 40.789921821180563 ], [ 29.508497375940081, 40.789921480216144 ], [ 29.50849754431129, 40.789921142118835 ], [ 29.508497718516455, 40.789920806990182 ], [ 29.508497898503251, 40.789920474930838 ], [ 29.508498084217621, 40.789920146040537 ], [ 29.508498275603781, 40.789919820418071 ], [ 29.508498472604252, 40.789919498161233 ], [ 29.508498675159867, 40.789919179366812 ], [ 29.508498883209779, 40.78991886413057 ], [ 29.508499096691505, 40.789918552547185 ], [ 29.508499315540927, 40.789918244710236 ], [ 29.508499539692309, 40.789917940712186 ], [ 29.508499769078327, 40.789917640644347 ], [ 29.508500003630086, 40.789917344596837 ], [ 29.508500243277133, 40.789917052658581 ], [ 29.508500487947497, 40.789916764917258 ], [ 29.508500737567687, 40.789916481459294 ], [ 29.508500992062729, 40.789916202369831 ], [ 29.508501251356183, 40.789915927732686 ], [ 29.50850151537017, 40.789915657630353 ], [ 29.508501784025395, 40.789915392143961 ], [ 29.508502057241163, 40.78991513135324 ], [ 29.508502334935411, 40.789914875336521 ] ] ] } },
{ "type": "Feature", "properties": { "fid": 356, "line_id": 301, "line_type": "center_line" }, "geometry": { "type": "MultiLineString", "coordinates": [ [ [ 29.508502334935411, 40.789914875336521 ], [ 29.508541804118661, 40.789878196837869 ], [ 29.508541804118661, 40.789878196837869 ], [ 29.508541991835362, 40.789878095933105 ], [ 29.508542177765808, 40.789877991773608 ], [ 29.508542361853568, 40.789877884390989 ], [ 29.508542544042783, 40.789877773817835 ], [ 29.508542724278151, 40.789877660087704 ], [ 29.508542902504981, 40.789877543235114 ], [ 29.508543078669184, 40.789877423295529 ], [ 29.508543252717296, 40.789877300305342 ], [ 29.508543424596496, 40.789877174301878 ], [ 29.508543594254622, 40.789877045323387 ], [ 29.508543761640183, 40.789876913409003 ], [ 29.508543926702384, 40.78987677859876 ], [ 29.50854408939113, 40.789876640933578 ], [ 29.508544249657046, 40.789876500455229 ], [ 29.508544407451499, 40.789876357206346 ], [ 29.508544562726595, 40.789876211230407 ], [ 29.508544715435217, 40.789876062571707 ], [ 29.508544865531015, 40.789875911275367 ], [ 29.50854501296844, 40.7898757573873 ], [ 29.508545157702745, 40.789875600954211 ], [ 29.50854529969001, 40.789875442023572 ], [ 29.50854543888714, 40.789875280643614 ], [ 29.50854557525189, 40.789875116863321 ], [ 29.508545708742883, 40.78987495073239 ], [ 29.508545839319602, 40.78987478230124 ], [ 29.508545966942417, 40.789874611620988 ], [ 29.508546091572601, 40.789874438743432 ], [ 29.508546213172327, 40.789874263721039 ], [ 29.508546331704693, 40.789874086606929 ], [ 29.508546447133728, 40.789873907454847 ], [ 29.508546559424399, 40.789873726319158 ], [ 29.508546668542628, 40.789873543254849 ], [ 29.508546774455301, 40.789873358317458 ], [ 29.508546877130275, 40.78987317156313 ], [ 29.50854697653639, 40.789872983048525 ], [ 29.508547072643477, 40.789872792830863 ], [ 29.508547165422367, 40.789872600967868 ], [ 29.50854725484491, 40.78987240751777 ], [ 29.508547340883961, 40.789872212539279 ], [ 29.508547423513413, 40.789872016091564 ], [ 29.508547502708183, 40.789871818234239 ], [ 29.508547578444244, 40.789871619027366 ], [ 29.50854765069861, 40.789871418531384 ], [ 29.50854771944935, 40.78987121680715 ], [ 29.508547784675599, 40.789871013915878 ], [ 29.508547846357565, 40.789870809919151 ], [ 29.508547904476529, 40.789870604878864 ], [ 29.508547959014852, 40.789870398857261 ], [ 29.508548009955977, 40.789870191916847 ], [ 29.508548057284454, 40.789869984120443 ], [ 29.508548100985912, 40.789869775531102 ], [ 29.508548141047093, 40.789869566212126 ], [ 29.508548177455836, 40.789869356227044 ], [ 29.508548210201091, 40.789869145639585 ], [ 29.508548239272926, 40.789868934513649 ], [ 29.508548264662512, 40.789868722913319 ], [ 29.508548286362146, 40.789868510902807 ], [ 29.508548304365242, 40.789868298546459 ], [ 29.508548318666335, 40.789868085908715 ], [ 29.508548329261089, 40.789867873054106 ], [ 29.508548336146287, 40.789867660047243 ], [ 29.508548339319841, 40.789867446952755 ], [ 29.508548338780781, 40.789867233835324 ], [ 29.508548334529277, 40.789867020759623 ], [ 29.508548326566618, 40.789866807790311 ], [ 29.508548314895222, 40.789866594992027 ], [ 29.508548299518626, 40.789866382429352 ], [ 29.508548280441502, 40.789866170166789 ], [ 29.508548257669634, 40.789865958268763 ], [ 29.508548231209939, 40.789865746799578 ], [ 29.508548201070443, 40.789865535823417 ], [ 29.508548167260297, 40.7898653254043 ], [ 29.508548129789755, 40.789865115606084 ], [ 29.508548088670196, 40.789864906492447 ], [ 29.508548043914093, 40.789864698126848 ], [ 29.508547995535032, 40.789864490572526 ], [ 29.508546702192113, 40.789858689553625 ], [ 29.508545799986322, 40.789854071882495 ], [ 29.50854568323647, 40.789853583827551 ], [ 29.508545574744282, 40.789853093870811 ], [ 29.508545474540696, 40.789852602151988 ], [ 29.508545382654283, 40.789852108811289 ], [ 29.508545299111244, 40.789851613989384 ], [ 29.508545223935396, 40.789851117827361 ], [ 29.50854515714818, 40.789850620466702 ], [ 29.508545098768639, 40.789850122049216 ], [ 29.508545048813414, 40.789849622717028 ], [ 29.508545007296757, 40.789849122612516 ], [ 29.508544974230499, 40.789848621878278 ], [ 29.508544949624071, 40.789848120657084 ], [ 29.50854493348449, 40.789847619091859 ], [ 29.508544925816359, 40.789847117325621 ], [ 29.508544926621862, 40.789846615501439 ], [ 29.508544935900769, 40.789846113762401 ], [ 29.508544953650436, 40.789845612251575 ], [ 29.508544979865803, 40.789845111111966 ], [ 29.508545014539393, 40.789844610486455 ], [ 29.508545057661319, 40.789844110517798 ], [ 29.508545109219284, 40.789843611348552 ], [ 29.508545169198591, 40.789843113121051 ], [ 29.508545237582137, 40.789842615977363 ], [ 29.508545314350421, 40.789842120059234 ], [ 29.508545399481552, 40.789841625508075 ], [ 29.50854549295126, 40.7898411324649 ], [ 29.508545951731119, 40.78983789777535 ], [ 29.50854720391311, 40.78983403345466 ], [ 29.508548990256752, 40.789831250543877 ], [ 29.508551263282818, 40.789829196738992 ] ] ] } },
{ "type": "Feature", "properties": { "fid": 357, "line_id": 302, "line_type": "road_boundary_line" }, "geometry": { "type": "MultiLineString", "coordinates": [ [ [ 29.50854082527432, 40.789818938696158 ], [ 29.508604408014886, 40.78976483562171 ] ] ] } },
{ "type": "Feature", "properties": { "fid": 358, "line_id": 303, "line_type": "center_line" }, "geometry": { "type": "MultiLineString", "coordinates": [ [ [ 29.508551263282818, 40.789829196738992 ], [ 29.508616020372664, 40.789774438148335 ] ] ] } },
{ "type": "Feature", "properties": { "fid": 359, "line_id": 304, "line_type": "road_boundary_line" }, "geometry": { "type": "MultiLineString", "coordinates": [ [ [ 29.508561701291313, 40.789839454781827 ], [ 29.508576330462684, 40.789826329406353 ], [ 29.508584525553172, 40.7898195057764 ], [ 29.508593480941009, 40.78981182475011 ], [ 29.50862766849221, 40.789784070247187 ] ] ] } },
{ "type": "Feature", "properties": { "fid": 360, "line_id": 305, "line_type": "road_boundary_line" }, "geometry": { "type": "MultiLineString", "coordinates": [ [ [ 29.508959667373443, 40.790313160083834 ], [ 29.508958731899401, 40.790312624338611 ], [ 29.50895780588565, 40.790312072402784 ], [ 29.508956889612374, 40.790311504443359 ], [ 29.508955983356813, 40.790310920632187 ], [ 29.508955087393183, 40.79031032114591 ], [ 29.508954201992573, 40.790309706165921 ], [ 29.508953327422887, 40.790309075878298 ], [ 29.508952463948745, 40.79030843047375 ], [ 29.508951611831417, 40.79030777014755 ], [ 29.508950771328728, 40.790307095099514 ], [ 29.508949942694997, 40.790306405533883 ], [ 29.508949126180941, 40.7903057016593 ], [ 29.508948322033625, 40.790304983688749 ], [ 29.508947530496357, 40.790304251839459 ], [ 29.508946751808637, 40.790303506332876 ], [ 29.508945986206079, 40.790302747394577 ], [ 29.508945233920333, 40.790301975254188 ], [ 29.508944495179023, 40.790301190145335 ], [ 29.508943770205676, 40.790300392305589 ], [ 29.508943059219643, 40.790299581976342 ], [ 29.508942362436056, 40.790298759402781 ], [ 29.508941680065746, 40.790297924833801 ], [ 29.508941012315173, 40.790297078521924 ], [ 29.50894035938639, 40.790296220723206 ], [ 29.508939721476953, 40.790295351697218 ], [ 29.508939098779877, 40.790294471706886 ], [ 29.508938491483576, 40.790293581018489 ], [ 29.508937899771801, 40.790292679901512 ], [ 29.508937323823588, 40.790291768628627 ], [ 29.50893676381321, 40.790290847475539 ], [ 29.508936219910105, 40.790289916720987 ], [ 29.508935692278847, 40.790288976646586 ], [ 29.508935181079085, 40.790288027536782 ], [ 29.508934686465494, 40.79028706967874 ], [ 29.508934208587736, 40.790286103362298 ], [ 29.508933747590394, 40.79028512887983 ], [ 29.508933303612967, 40.79028414652619 ], [ 29.508932876789782, 40.790283156598619 ], [ 29.508932467249988, 40.790282159396646 ], [ 29.508932075117503, 40.79028115522199 ], [ 29.508931700510974, 40.790280144378492 ], [ 29.50893134354375, 40.790279127172013 ], [ 29.508931004323838, 40.790278103910325 ], [ 29.508930682953878, 40.790277074903052 ], [ 29.508930379531108, 40.790276040461535 ], [ 29.508930094147335, 40.790275000898781 ], [ 29.508929826888913, 40.790273956529319 ], [ 29.508929577836707, 40.79027290766917 ], [ 29.508929347066069, 40.790271854635677 ], [ 29.508929134646827, 40.790270797747461 ], [ 29.508928940643258, 40.790269737324323 ], [ 29.508928765114057, 40.790268673687109 ], [ 29.508928608112335, 40.790267607157652 ], [ 29.5089284696856, 40.790266538058653 ], [ 29.508928349875735, 40.790265466713599 ], [ 29.508928248718988, 40.790264393446655 ], [ 29.508928166245973, 40.790263318582554 ], [ 29.50892810248164, 40.790262242446538 ], [ 29.508928057445281, 40.790261165364207 ], [ 29.508928031150528, 40.790260087661458 ], [ 29.508928023605332, 40.790259009664382 ], [ 29.50892803481198, 40.790257931699152 ], [ 29.50892806476708, 40.790256854091936 ], [ 29.508928113461568, 40.790255777168781 ], [ 29.508928180880709, 40.790254701255549 ], [ 29.508928267004105, 40.790253626677782 ], [ 29.508928371805698, 40.79025255376061 ], [ 29.508928495253773, 40.79025148282868 ], [ 29.508928637310984, 40.790250414206028 ], [ 29.508928797934345, 40.790249348215987 ], [ 29.508928977075257, 40.790248285181107 ], [ 29.508929174679515, 40.79024722542303 ], [ 29.508929390687332, 40.790246169262417 ], [ 29.508929625033343, 40.790245117018827 ], [ 29.508929877646644, 40.790244069010647 ], [ 29.508930148450805, 40.790243025554979 ], [ 29.50893043736388, 40.790241986967544 ], [ 29.508930744298457, 40.790240953562588 ], [ 29.508931069161662, 40.790239925652806 ], [ 29.508931411855201, 40.790238903549209 ], [ 29.508931772275385, 40.790237887561062 ], [ 29.508932150313157, 40.790236877995774 ], [ 29.508932545854133, 40.790235875158821 ], [ 29.508932958778637, 40.790234879353626 ], [ 29.508933388961719, 40.790233890881503 ], [ 29.508933836273226, 40.790232910041539 ], [ 29.508934300577806, 40.7902319371305 ], [ 29.508934781734975, 40.790230972442778 ], [ 29.50893527959915, 40.790230016270257 ], [ 29.508935794019685, 40.790229068902249 ], [ 29.508936324840931, 40.790228130625408 ], [ 29.508936871902275, 40.790227201723631 ], [ 29.508937435038188, 40.790226282477981 ], [ 29.508938014078282, 40.790225373166599 ], [ 29.508938608847355, 40.790224474064615 ], [ 29.508939219165445, 40.790223585444082 ], [ 29.50893984484788, 40.790222707573868 ], [ 29.508940485705349, 40.790221840719589 ], [ 29.508941141543943, 40.790220985143549 ], [ 29.508941812165222, 40.790220141104612 ], [ 29.508942497366274, 40.79021930885817 ], [ 29.508943196939772, 40.790218488656038 ], [ 29.508943910674049, 40.79021768074638 ] ] ] } },
{ "type": "Feature", "properties": { "fid": 361, "line_id": 306, "line_type": "dashed_line" }, "geometry": { "type": "MultiLineString", "coordinates": [ [ [ 29.508970102273729, 40.790238654895923 ], [ 29.508969702628075, 40.790239092856133 ], [ 29.508969310649526, 40.790239537691619 ], [ 29.508968926456337, 40.79023998926818 ], [ 29.508968550164418, 40.79024044744957 ], [ 29.508968181887294, 40.790240912097559 ], [ 29.508967821736078, 40.790241383071972 ], [ 29.508967469819424, 40.790241860230708 ], [ 29.508967126243498, 40.790242343429817 ], [ 29.508966791111963, 40.790242832523518 ], [ 29.508966464525923, 40.790243327364252 ], [ 29.508966146583909, 40.790243827802726 ], [ 29.50896583738184, 40.790244333687966 ], [ 29.508965537013005, 40.790244844867345 ], [ 29.508965245568024, 40.790245361186642 ], [ 29.508964963134822, 40.790245882490083 ], [ 29.508964689798606, 40.790246408620405 ], [ 29.508964425641846, 40.790246939418857 ], [ 29.508964170744235, 40.790247474725312 ], [ 29.508963925182673, 40.790248014378271 ], [ 29.508963689031244, 40.790248558214913 ], [ 29.508963462361201, 40.79024910607118 ], [ 29.508963245240921, 40.790249657781771 ], [ 29.50896303773591, 40.790250213180244 ], [ 29.508962839908776, 40.790250772099043 ], [ 29.5089626518192, 40.790251334369529 ], [ 29.508962473523923, 40.790251899822081 ], [ 29.508962305076743, 40.790252468286106 ], [ 29.508962146528479, 40.790253039590084 ], [ 29.50896199792696, 40.790253613561674 ], [ 29.508961859317026, 40.790254190027703 ], [ 29.508961730740484, 40.79025476881425 ], [ 29.508961612236135, 40.790255349746701 ], [ 29.508961503839725, 40.790255932649792 ], [ 29.50896140558396, 40.790256517347657 ], [ 29.508961317498485, 40.790257103663905 ], [ 29.508961239609871, 40.790257691421644 ], [ 29.508961171941618, 40.790258280443545 ], [ 29.50896111451414, 40.790258870551909 ], [ 29.508961067344767, 40.790259461568695 ], [ 29.508961030447725, 40.790260053315606 ], [ 29.508961003834148, 40.790260645614104 ], [ 29.508960987512065, 40.790261238285503 ], [ 29.5089609814864, 40.790261831150985 ], [ 29.508960985758971, 40.790262424031702 ], [ 29.50896100032849, 40.790263016748767 ], [ 29.508961025190562, 40.790263609123372 ], [ 29.508961060337683, 40.790264200976793 ], [ 29.508961105759251, 40.790264792130479 ], [ 29.508961161441562, 40.790265382406069 ], [ 29.508961227367816, 40.790265971625487 ], [ 29.508961303518127, 40.79026655961097 ], [ 29.508961389869519, 40.790267146185116 ], [ 29.508961486395936, 40.790267731170964 ], [ 29.508961593068264, 40.79026831439203 ], [ 29.508961709854315, 40.790268895672348 ], [ 29.508961836718857, 40.790269474836563 ], [ 29.508961973623613, 40.790270051709925 ], [ 29.508962120527283, 40.790270626118414 ], [ 29.508962277385542, 40.790271197888714 ], [ 29.508962444151074, 40.790271766848335 ], [ 29.508962620773559, 40.790272332825623 ], [ 29.508962807199715, 40.790272895649828 ], [ 29.508963003373299, 40.790273455151144 ], [ 29.508963209235123, 40.790274011160768 ], [ 29.508963424723078, 40.790274563510962 ], [ 29.508963649772156, 40.790275112035076 ], [ 29.508963884314458, 40.79027565656763 ], [ 29.508964128279228, 40.79027619694434 ], [ 29.508964381592858, 40.790276733002173 ], [ 29.508964644178924, 40.790277264579402 ], [ 29.508964915958206, 40.790277791515656 ], [ 29.508965196848713, 40.790278313651953 ], [ 29.508965486765696, 40.790278830830779 ], [ 29.508965785621694, 40.790279342896099 ], [ 29.508966093326539, 40.790279849693412 ], [ 29.508966409787398, 40.790280351069839 ], [ 29.508966734908796, 40.790280846874104 ], [ 29.508967068592646, 40.790281336956632 ], [ 29.508967410738279, 40.790281821169557 ], [ 29.508967761242467, 40.790282299366808 ], [ 29.508968119999466, 40.790282771404108 ], [ 29.508968486901043, 40.790283237139036 ], [ 29.5089688618365, 40.790283696431096 ], [ 29.508969244692729, 40.790284149141719 ], [ 29.508969635354212, 40.790284595134317 ], [ 29.508970033703097, 40.790285034274333 ], [ 29.508970439619205, 40.790285466429296 ], [ 29.508970852980063, 40.79028589146882 ], [ 29.508971273660972, 40.790286309264658 ], [ 29.508971701535007, 40.790286719690783 ], [ 29.508972136473087, 40.790287122623361 ], [ 29.508972578343986, 40.790287517940833 ], [ 29.508973027014395, 40.790287905523932 ], [ 29.508973482348956, 40.79028828525572 ], [ 29.508973944210293, 40.790288657021641 ], [ 29.508974412459068, 40.79028902070953 ], [ 29.508974886954007, 40.790289376209664 ], [ 29.508975367551958, 40.790289723414794 ], [ 29.508975854107931, 40.790290062220173 ], [ 29.508976346475126, 40.790290392523573 ], [ 29.508976844505007, 40.79029071422535 ], [ 29.508977348047313, 40.790291027228442 ], [ 29.508977856950132, 40.790291331438432 ], [ 29.508978371059928, 40.790291626763526 ], [ 29.508978890221599, 40.790291913114629 ], [ 29.508979414278514, 40.790292190405353 ], [ 29.508979943072564, 40.790292458552038 ], [ 29.508980476444219, 40.79029271747379 ], [ 29.508981014232557, 40.790292967092491 ], [ 29.508981556275337, 40.79029320733283 ], [ 29.508982102409021, 40.790293438122326 ] ] ] } },
{ "type": "Feature", "properties": { "fid": 362, "line_id": 307, "line_type": "center_line" }, "geometry": { "type": "MultiLineString", "coordinates": [ [ [ 29.508982410886006, 40.790248215397249 ], [ 29.50898217955195, 40.790248301984604 ], [ 29.508981949754375, 40.790248392570987 ], [ 29.508981721562414, 40.790248487129134 ], [ 29.508981495044701, 40.790248585630614 ], [ 29.508981270269377, 40.7902486880458 ], [ 29.508981047304051, 40.790248794343874 ], [ 29.508980826215801, 40.79024890449287 ], [ 29.508980607071123, 40.790249018459647 ], [ 29.508980389935939, 40.79024913620993 ], [ 29.508980174875568, 40.790249257708297 ], [ 29.508979961954697, 40.790249382918198 ], [ 29.508979751237376, 40.790249511801967 ], [ 29.508979542786992, 40.790249644320845 ], [ 29.508979336666243, 40.790249780434962 ], [ 29.508979132937132, 40.790249920103378 ], [ 29.508978931660945, 40.790250063284077 ], [ 29.508978732898225, 40.790250209933987 ], [ 29.50897853670876, 40.790250360009004 ], [ 29.508978343151565, 40.790250513463974 ], [ 29.508978152284865, 40.790250670252746 ], [ 29.508977964166071, 40.790250830328155 ], [ 29.508977778851772, 40.790250993642047 ], [ 29.50897759639771, 40.790251160145296 ], [ 29.50897741685877, 40.790251329787814 ], [ 29.50897724028896, 40.790251502518579 ], [ 29.508977066741387, 40.790251678285635 ], [ 29.508976896268258, 40.790251857036097 ], [ 29.508976728920853, 40.790252038716204 ], [ 29.50897656474951, 40.79025222327131 ], [ 29.508976403803615, 40.790252410645898 ], [ 29.508976246131578, 40.790252600783596 ], [ 29.508976091780831, 40.790252793627218 ], [ 29.5089759407978, 40.790252989118756 ], [ 29.508975793227901, 40.790253187199397 ], [ 29.508975649115527, 40.790253387809564 ], [ 29.50897550850403, 40.790253590888916 ], [ 29.508975371435699, 40.790253796376362 ], [ 29.50897523795177, 40.790254004210084 ], [ 29.508975108092393, 40.790254214327568 ], [ 29.508974981896635, 40.790254426665619 ], [ 29.50897485940245, 40.790254641160352 ], [ 29.508974740646689, 40.790254857747257 ], [ 29.508974625665076, 40.79025507636117 ], [ 29.508974514492195, 40.790255296936344 ], [ 29.508974407161485, 40.790255519406422 ], [ 29.508974303705237, 40.790255743704485 ], [ 29.508974204154569, 40.790255969763059 ], [ 29.508974108539423, 40.790256197514154 ], [ 29.508974016888565, 40.790256426889258 ], [ 29.508973929229565, 40.790256657819363 ], [ 29.508973845588788, 40.790256890235021 ], [ 29.508973765991392, 40.790257124066308 ], [ 29.508973690461325, 40.790257359242887 ], [ 29.508973619021305, 40.790257595694023 ], [ 29.508973551692819, 40.790257833348591 ], [ 29.508973488496125, 40.790258072135089 ], [ 29.508973429450229, 40.790258311981702 ], [ 29.508973374572889, 40.790258552816283 ], [ 29.508973323880621, 40.790258794566384 ], [ 29.508973277388669, 40.790259037159281 ], [ 29.508973235111014, 40.790259280522008 ], [ 29.508973197060381, 40.790259524581352 ], [ 29.508973163248211, 40.790259769263912 ], [ 29.508973133684677, 40.79026001449607 ], [ 29.508973108378669, 40.790260260204072 ], [ 29.5089730873378, 40.790260506314006 ], [ 29.508973070568405, 40.790260752751834 ], [ 29.508973058075519, 40.790260999443433 ], [ 29.508973049862906, 40.790261246314593 ], [ 29.508973045933036, 40.790261493291048 ], [ 29.508973046287089, 40.790261740298526 ], [ 29.508973050924961, 40.790261987262703 ], [ 29.508973059845253, 40.790262234109306 ], [ 29.508973073045286, 40.790262480764071 ], [ 29.508973090521085, 40.790262727152815 ], [ 29.508973112267398, 40.790262973201415 ], [ 29.508973138277682, 40.790263218835861 ], [ 29.508973168544109, 40.790263463982271 ], [ 29.508973203057582, 40.79026370856689 ], [ 29.508973241807713, 40.790263952516156 ], [ 29.508973284782847, 40.790264195756677 ], [ 29.508973331970058, 40.790264438215303 ], [ 29.508973383355155, 40.790264679819089 ], [ 29.508973438922673, 40.790264920495353 ], [ 29.508973498655905, 40.790265160171714 ], [ 29.508973562536877, 40.790265398776071 ], [ 29.508973630546379, 40.79026563623664 ], [ 29.508973702663948, 40.790265872482003 ], [ 29.508973778867894, 40.790266107441099 ], [ 29.508973859135292, 40.790266341043242 ], [ 29.508973943442001, 40.790266573218162 ], [ 29.508974031762659, 40.790266803896031 ], [ 29.508974124070697, 40.790267033007446 ], [ 29.508974220338349, 40.790267260483503 ], [ 29.508974320536659, 40.790267486255765 ], [ 29.508974424635486, 40.790267710256323 ], [ 29.508974532603514, 40.790267932417798 ], [ 29.508974644408269, 40.790268152673363 ], [ 29.50897476001612, 40.79026837095676 ], [ 29.508974879392291, 40.790268587202327 ], [ 29.508975002500868, 40.790268801345022 ], [ 29.508975129304826, 40.790269013320426 ], [ 29.508975259766022, 40.790269223064783 ], [ 29.508975393845205, 40.790269430514989 ], [ 29.508975531502049, 40.790269635608645 ], [ 29.508975672695147, 40.790269838284068 ], [ 29.508975817382023, 40.79027003848028 ], [ 29.508975965519159, 40.790270236137069 ], [ 29.508976117061991, 40.790270431194969 ], [ 29.50897627196494, 40.790270623595319 ], [ 29.508976430181402, 40.79027081328023 ], [ 29.508976591663789, 40.790271000192661 ], [ 29.508976756363527, 40.790271184276371 ], [ 29.508976924231071, 40.790271365475995 ], [ 29.508977095215929, 40.79027154373702 ], [ 29.508977269266666, 40.790271719005837 ], [ 29.508977446330928, 40.790271891229715 ], [ 29.508977626355449, 40.790272060356848 ], [ 29.508977809286083, 40.790272226336363 ], [ 29.508977995067795, 40.790272389118336 ], [ 29.508978183644711, 40.790272548653796 ], [ 29.508978374960098, 40.790272704894761 ], [ 29.508978568956412, 40.790272857794228 ], [ 29.508978765575296, 40.790273007306205 ], [ 29.508978964757606, 40.790273153385712 ], [ 29.508979166443428, 40.790273295988818 ], [ 29.508993059054301, 40.790283733665078 ], [ 29.508993059054301, 40.790283733665078 ] ] ] } },
{ "type": "Feature", "properties": { "fid": 363, "line_id": 308, "line_type": "road_boundary_line" }, "geometry": { "type": "MultiLineString", "coordinates": [ [ [ 29.50893539999198, 40.790018520617203 ], [ 29.508982609471019, 40.790016897577708 ], [ 29.509043776591184, 40.789964845186375 ], [ 29.509038340351626, 40.789927098060033 ] ] ] } },
{ "type": "Feature", "properties": { "fid": 364, "line_id": 309, "line_type": "road_boundary_line" }, "geometry": { "type": "MultiLineString", "coordinates": [ [ [ 29.508934700714306, 40.789775920225736 ], [ 29.508973885189281, 40.789803928111127 ] ] ] } },
{ "type": "Feature", "properties": { "fid": 365, "line_id": 310, "line_type": "road_boundary_line" }, "geometry": { "type": "MultiLineString", "coordinates": [ [ [ 29.508979186356555, 40.789732662013265 ], [ 29.509016125480173, 40.789761129375968 ] ] ] } },
{ "type": "Feature", "properties": { "fid": 366, "line_id": 311, "line_type": "dashed_line" }, "geometry": { "type": "MultiLineString", "coordinates": [ [ [ 29.508956943535431, 40.7897542911195 ], [ 29.508995005334725, 40.789782528743544 ] ] ] } },
{ "type": "Feature", "properties": { "fid": 367, "line_id": 312, "line_type": "center_line" }, "geometry": { "type": "MultiLineString", "coordinates": [ [ [ 29.508967768887508, 40.789742601399709 ], [ 29.509004871429944, 40.789772438947089 ] ] ] } },
{ "type": "Feature", "properties": { "fid": 368, "line_id": 313, "line_type": "center_line" }, "geometry": { "type": "MultiLineString", "coordinates": [ [ [ 29.508945888444714, 40.789764858163622 ], [ 29.508983822457019, 40.789793859466208 ] ] ] } },
{ "type": "Feature", "properties": { "fid": 369, "line_id": 314, "line_type": "road_boundary_line" }, "geometry": { "type": "MultiLineString", "coordinates": [ [ [ 29.508902768368252, 40.789780044395343 ], [ 29.508903057255157, 40.789779729130956 ], [ 29.508903351552167, 40.78977941891079 ], [ 29.508903651171213, 40.789779113827677 ], [ 29.508903956022642, 40.789778813972902 ], [ 29.508904266015236, 40.789778519436197 ], [ 29.508904581056235, 40.789778230305693 ], [ 29.508904901051366, 40.789777946667904 ], [ 29.508905225904879, 40.789777668607705 ], [ 29.508905555519572, 40.789777396208308 ], [ 29.508905889796807, 40.789777129551204 ], [ 29.508906228636565, 40.789776868716203 ], [ 29.508906571937452, 40.789776613781349 ], [ 29.50890691959674, 40.78977636482292 ], [ 29.508907271510399, 40.789776121915423 ], [ 29.50890762757313, 40.789775885131533 ], [ 29.508907987678388, 40.789775654542105 ], [ 29.508908351718414, 40.789775430216139 ], [ 29.508908719584284, 40.789775212220768 ], [ 29.508909091165911, 40.789775000621212 ], [ 29.508909466352115, 40.789774795480788 ], [ 29.508909845030626, 40.789774596860894 ], [ 29.508910227088133, 40.789774404820946 ], [ 29.508910612410311, 40.789774219418412 ], [ 29.508911000881863, 40.789774040708778 ], [ 29.508911392386544, 40.78977386874552 ], [ 29.508911786807204, 40.789773703580082 ], [ 29.508912184025821, 40.789773545261895 ], [ 29.508912583923539, 40.789773393838331 ], [ 29.50891298638069, 40.789773249354695 ], [ 29.508913391276852, 40.789773111854238 ], [ 29.508913798490866, 40.789772981378086 ], [ 29.508914207900879, 40.789772857965289 ], [ 29.508914619384392, 40.789772741652769 ], [ 29.508915032818265, 40.789772632475341 ], [ 29.508915448078792, 40.789772530465669 ], [ 29.508915865041715, 40.789772435654278 ], [ 29.508916283582266, 40.78977234806954 ], [ 29.508916703575203, 40.789772267737661 ], [ 29.508917124894854, 40.789772194682676 ], [ 29.508917547415148, 40.789772128926444 ], [ 29.508917971009652, 40.789772070488652 ], [ 29.508918395551614, 40.789772019386781 ], [ 29.508918820913998, 40.789771975636114 ], [ 29.508919246969526, 40.789771939249754 ], [ 29.508919673590704, 40.789771910238578 ], [ 29.508920100649881, 40.789771888611277 ], [ 29.50892052801926, 40.789771874374317 ], [ 29.508920955570968, 40.789771867531961 ], [ 29.508921383177061, 40.789771868086262 ], [ 29.508921810709591, 40.789771876037037 ], [ 29.508922238040629, 40.789771891381925 ], [ 29.508922665042299, 40.789771914116322 ], [ 29.50892309158683, 40.789771944233429 ], [ 29.508923517546592, 40.789771981724236 ], [ 29.508923942794123, 40.789772026577523 ], [ 29.508924367202173, 40.789772078779869 ], [ 29.50892479064375, 40.789772138315655 ], [ 29.50892521299215, 40.789772205167061 ], [ 29.508925634120985, 40.789772279314093 ], [ 29.508926053904247, 40.789772360734553 ], [ 29.508926472216324, 40.789772449404083 ], [ 29.508926888932045, 40.789772545296152 ], [ 29.508927303926711, 40.789772648382062 ], [ 29.508927717076151, 40.789772758630967 ], [ 29.508928128256731, 40.789772876009877 ], [ 29.508928537345415, 40.789773000483677 ], [ 29.508928944219797, 40.789773132015107 ], [ 29.508929348758123, 40.789773270564822 ], [ 29.508929750839343, 40.789773416091357 ], [ 29.508930150343144, 40.789773568551162 ], [ 29.50893054714998, 40.78977372789862 ], [ 29.508930941141116, 40.789773894086061 ], [ 29.50893133219866, 40.789774067063739 ], [ 29.508931720205592, 40.789774246779899 ], [ 29.508932877735052, 40.789774827754442 ], [ 29.508932105045812, 40.789774433180767 ], [ 29.508932486604163, 40.789774626210573 ], [ 29.508932864766468, 40.789774825811548 ], [ 29.508933239419576, 40.789775031923959 ], [ 29.508933610451376, 40.789775244486151 ], [ 29.508933977750843, 40.789775463434502 ], [ 29.508934341208072, 40.7897756887035 ], [ 29.508934700714306, 40.789775920225736 ] ] ] } },
{ "type": "Feature", "properties": { "fid": 370, "line_id": 315, "line_type": "center_line" }, "geometry": { "type": "MultiLineString", "coordinates": [ [ [ 29.508889527788853, 40.789770113960792 ], [ 29.508890177176994, 40.789769565146514 ], [ 29.5088908360107, 40.789769027707948 ], [ 29.50889150409072, 40.789768501807622 ], [ 29.508892181215014, 40.789767987604584 ], [ 29.508892867178798, 40.789767485254352 ], [ 29.508893561774613, 40.789766994908845 ], [ 29.508894264792399, 40.789766516716355 ], [ 29.508894976019548, 40.789766050821498 ], [ 29.508895695240955, 40.789765597365182 ], [ 29.508896422239118, 40.789765156484535 ], [ 29.508897156794166, 40.789764728312903 ], [ 29.508897898683951, 40.78976431297977 ], [ 29.508898647684109, 40.789763910610738 ], [ 29.508899403568115, 40.789763521327508 ], [ 29.508900166107374, 40.789763145247797 ], [ 29.508900935071271, 40.789762782485354 ], [ 29.508901710227253, 40.789762433149882 ], [ 29.508902491340887, 40.789762097347023 ], [ 29.508903278175946, 40.789761775178341 ], [ 29.508904070494467, 40.789761466741275 ], [ 29.508904868056835, 40.78976117212909 ], [ 29.508905670621843, 40.789760891430895 ], [ 29.50890647794677, 40.789760624731578 ], [ 29.508907289787466, 40.789760372111793 ], [ 29.508908105898403, 40.789760133647945 ], [ 29.508908926032767, 40.789759909412147 ], [ 29.508909749942529, 40.789759699472221 ], [ 29.508910577378511, 40.789759503891652 ], [ 29.50891140809048, 40.789759322729587 ], [ 29.508912241827204, 40.789759156040823 ], [ 29.508913078336537, 40.789759003875766 ], [ 29.508913917365494, 40.78975886628043 ], [ 29.508914758660332, 40.789758743296439 ], [ 29.508915601966621, 40.789758634960982 ], [ 29.508916447029321, 40.789758541306817 ], [ 29.508917293592859, 40.789758462362272 ], [ 29.508918141401217, 40.789758398151221 ], [ 29.508918990197991, 40.789758348693091 ], [ 29.508919839726477, 40.789758314002825 ], [ 29.508920689729763, 40.789758294090923 ], [ 29.50892153995078, 40.789758288963412 ], [ 29.508922390132398, 40.789758298621834 ], [ 29.508923240017499, 40.789758323063268 ], [ 29.508924089349051, 40.789758362280324 ], [ 29.508924937870201, 40.789758416261144 ], [ 29.508925785324326, 40.789758484989406 ], [ 29.508926631455136, 40.789758568444313 ], [ 29.508927476006733, 40.789758666600633 ], [ 29.508928318723708, 40.789758779428688 ], [ 29.508929159351197, 40.789758906894342 ], [ 29.508929997634972, 40.789759048959056 ], [ 29.508930833321511, 40.789759205579855 ], [ 29.50893166615808, 40.789759376709384 ], [ 29.508932495892807, 40.789759562295885 ], [ 29.508933322274761, 40.789759762283232 ], [ 29.508934145054013, 40.789759976610938 ], [ 29.508934963981741, 40.789760205214193 ], [ 29.508935778810272, 40.789760448023856 ], [ 29.508936589293182, 40.789760704966497 ], [ 29.50893739518536, 40.789760975964406 ], [ 29.508938196243079, 40.78976126093562 ], [ 29.508938992224081, 40.789761559793973 ], [ 29.508939782887637, 40.78976187244907 ], [ 29.508940567994628, 40.789762198806358 ], [ 29.508941347307619, 40.789762538767135 ], [ 29.50894212059092, 40.789762892228595 ], [ 29.508942887610672, 40.789763259083834 ], [ 29.508944429160774, 40.789764049680329 ], [ 29.50894364813491, 40.78976363922191 ], [ 29.508944401933622, 40.789764032527856 ], [ 29.508945148778846, 40.78976443888272 ], [ 29.508945888444714, 40.789764858163622 ] ] ] } },
{ "type": "Feature", "properties": { "fid": 371, "line_id": 316, "line_type": "dashed_line" }, "geometry": { "type": "MultiLineString", "coordinates": [ [ [ 29.508876823989699, 40.789760586111427 ], [ 29.508877813803693, 40.789759816961535 ], [ 29.50887881683445, 40.789759065128713 ], [ 29.508879832779044, 40.789758330840023 ], [ 29.508880861330642, 40.789757614317232 ], [ 29.508881902178604, 40.789756915776749 ], [ 29.50888295500858, 40.789756235429529 ], [ 29.508884019502599, 40.789755573481052 ], [ 29.508885095339167, 40.789754930131245 ], [ 29.508886182193365, 40.789754305574405 ], [ 29.508887279736943, 40.789753699999153 ], [ 29.508888387638432, 40.78975311358839 ], [ 29.508889505563229, 40.78975254651921 ], [ 29.508890633173696, 40.789751998962885 ], [ 29.508891770129285, 40.789751471084791 ], [ 29.508892916086612, 40.789750963044341 ], [ 29.508894070699586, 40.789750474994982 ], [ 29.508895233619491, 40.789750007084102 ], [ 29.508896404495111, 40.789749559453028 ], [ 29.508897582972821, 40.789749132236949 ], [ 29.508898768696707, 40.789748725564884 ], [ 29.508899961308657, 40.789748339559665 ], [ 29.508901160448488, 40.789747974337864 ], [ 29.508902365754036, 40.789747630009778 ], [ 29.508903576861286, 40.789747306679416 ], [ 29.508904793404461, 40.789747004444415 ], [ 29.508906015016152, 40.789746723396057 ], [ 29.508907241327407, 40.789746463619231 ], [ 29.508908471967864, 40.789746225192381 ], [ 29.508909706565852, 40.789746008187528 ], [ 29.5089109447485, 40.789745812670198 ], [ 29.50891218614186, 40.789745638699451 ], [ 29.508913430371013, 40.789745486327824 ], [ 29.508914677060179, 40.78974535560134 ], [ 29.508915925832845, 40.78974524655947 ], [ 29.508917176311858, 40.78974515923516 ], [ 29.508918428119554, 40.789745093654773 ], [ 29.508919680877867, 40.789745049838118 ], [ 29.508920934208451, 40.789745027798432 ], [ 29.508922187732775, 40.789745027542367 ], [ 29.508923441072255, 40.78974504907 ], [ 29.508924693848368, 40.789745092374829 ], [ 29.508925945682755, 40.789745157443782 ], [ 29.508927196197337, 40.789745244257197 ], [ 29.508928445014448, 40.789745352788863 ], [ 29.508929691756919, 40.789745483006001 ], [ 29.50893093604822, 40.789745634869284 ], [ 29.508932177512555, 40.789745808332839 ], [ 29.50893341577498, 40.789746003344284 ], [ 29.508934650461519, 40.789746219844723 ], [ 29.508935881199285, 40.789746457768771 ], [ 29.508937107616571, 40.789746717044565 ], [ 29.508938329342978, 40.789746997593802 ], [ 29.508939546009533, 40.789747299331751 ], [ 29.50894075724878, 40.78974762216729 ], [ 29.508941962694905, 40.789747966002906 ], [ 29.508943161983851, 40.789748330734767 ], [ 29.508944354753403, 40.78974871625271 ], [ 29.508945540643335, 40.789749122440305 ], [ 29.508946719295491, 40.789749549174878 ], [ 29.508947890353895, 40.789749996327551 ], [ 29.508949053464871, 40.789750463763276 ], [ 29.508950208277142, 40.789750951340871 ], [ 29.508951354441933, 40.789751458913095 ], [ 29.508952491613094, 40.789751986326642 ], [ 29.508953619447176, 40.789752533422231 ], [ 29.508954737603553, 40.789753100034631 ], [ 29.508956397102814, 40.789753993848983 ], [ 29.508955855899199, 40.789753687161841 ], [ 29.508955845744531, 40.789753685992707 ], [ 29.508956943535431, 40.7897542911195 ] ] ] } },
{ "type": "Feature", "properties": { "fid": 372, "line_id": 317, "line_type": "center_line" }, "geometry": { "type": "MultiLineString", "coordinates": [ [ [ 29.508863046630054, 40.789750253091697 ], [ 29.508864295712865, 40.78974925862488 ], [ 29.508865561885667, 40.7897482860106 ], [ 29.508866844766207, 40.789747335542479 ], [ 29.508868143967174, 40.789746407507486 ], [ 29.508869459096339, 40.789745502185781 ], [ 29.508870789756664, 40.789744619850687 ], [ 29.508872135546415, 40.78974376076858 ], [ 29.508873496059294, 40.78974292519883 ], [ 29.508874870884565, 40.789742113393686 ], [ 29.50887625960716, 40.789741325598243 ], [ 29.508877661807823, 40.789740562050326 ], [ 29.508879077063224, 40.789739822980465 ], [ 29.508880504946095, 40.789739108611776 ], [ 29.508881945025355, 40.789738419159939 ], [ 29.508883396866242, 40.789737754833098 ], [ 29.508884860030438, 40.789737115831805 ], [ 29.508886334076212, 40.789736502348994 ], [ 29.508887818558549, 40.78973591456986 ], [ 29.508889313029275, 40.789735352671862 ], [ 29.508890817037209, 40.789734816824641 ], [ 29.508892330128287, 40.789734307189967 ], [ 29.508893851845706, 40.789733823921701 ], [ 29.508895381730049, 40.789733367165738 ], [ 29.508896919319444, 40.789732937059981 ], [ 29.508898464149691, 40.789732533734281 ], [ 29.508900015754399, 40.789732157310397 ], [ 29.508901573665138, 40.789731807901973 ], [ 29.508903137411568, 40.789731485614496 ], [ 29.508904706521591, 40.789731190545275 ], [ 29.50890628052149, 40.789730922783377 ], [ 29.50890785893607, 40.789730682409647 ], [ 29.5089094412888, 40.789730469496661 ], [ 29.50891102710197, 40.789730284108686 ], [ 29.508912615896818, 40.789730126301698 ], [ 29.508914207193683, 40.789729996123334 ], [ 29.508915800512145, 40.789729893612908 ], [ 29.508917395371181, 40.789729818801348 ], [ 29.508918991289299, 40.789729771711258 ], [ 29.508920587784687, 40.789729752356848 ], [ 29.508922184375354, 40.78972976074396 ], [ 29.508923780579295, 40.789729796870063 ], [ 29.508925375914608, 40.789729860724243 ], [ 29.508926969899655, 40.789729952287239 ], [ 29.50892856205321, 40.789730071531395 ], [ 29.508930151894599, 40.789730218420708 ], [ 29.508931738943843, 40.789730392910847 ], [ 29.508933322721809, 40.78973059494912 ], [ 29.508934902750354, 40.789730824474532 ], [ 29.508936478552457, 40.789731081417798 ], [ 29.508938049652386, 40.789731365701336 ], [ 29.508939615575816, 40.789731677239324 ], [ 29.508941175849998, 40.789732015937716 ], [ 29.508942730003874, 40.789732381694243 ], [ 29.508944277568247, 40.789732774398487 ], [ 29.508945818075901, 40.789733193931895 ], [ 29.508947351061753, 40.78973364016781 ], [ 29.508948876062991, 40.789734112971502 ], [ 29.508950392619216, 40.789734612200242 ], [ 29.508951900272574, 40.789735137703303 ], [ 29.5089533985679, 40.789735689322036 ], [ 29.508954887052855, 40.789736266889911 ], [ 29.508956365278063, 40.789736870232552 ], [ 29.508957832797247, 40.789737499167821 ], [ 29.50895928916735, 40.789738153505823 ], [ 29.508960733948705, 40.789738833049022 ], [ 29.508962166705114, 40.789739537592261 ], [ 29.508963587004036, 40.789740266922841 ], [ 29.508964994416672, 40.789741020820564 ], [ 29.508967418594004, 40.789742398566872 ], [ 29.508967071880818, 40.789742189672957 ], [ 29.508966388518122, 40.789741799057843 ], [ 29.508967768887508, 40.789742601399709 ] ] ] } },
{ "type": "Feature", "properties": { "fid": 373, "line_id": 318, "line_type": "road_boundary_line" }, "geometry": { "type": "MultiLineString", "coordinates": [ [ [ 29.508850879611146, 40.789741127827519 ], [ 29.508852132552914, 40.789739941877045 ], [ 29.50885340582461, 40.789738777780485 ], [ 29.508854699045113, 40.789737635886297 ], [ 29.508856011827323, 40.789736516536273 ], [ 29.508857343778292, 40.789735420065469 ], [ 29.508858694499327, 40.789734346802085 ], [ 29.508860063586127, 40.789733297067379 ], [ 29.508861450628881, 40.789732271175573 ], [ 29.50886285521241, 40.78973126943373 ], [ 29.508864276916288, 40.789730292141705 ], [ 29.508865715314954, 40.789729339592036 ], [ 29.508867169977862, 40.789728412069834 ], [ 29.50886864046959, 40.789727509852739 ], [ 29.508870126349979, 40.789726633210812 ], [ 29.508871627174269, 40.789725782406443 ], [ 29.508873142493215, 40.789724957694318 ], [ 29.508874671853246, 40.789724159321281 ], [ 29.508876214796583, 40.789723387526315 ], [ 29.508877770861378, 40.789722642540433 ], [ 29.50887933958186, 40.789721924586637 ], [ 29.508880920488469, 40.789721233879824 ], [ 29.508882513107999, 40.789720570626748 ], [ 29.508884116963731, 40.789719935025936 ], [ 29.508885731575589, 40.789719327267633 ], [ 29.508887356460278, 40.789718747533762 ], [ 29.508888991131425, 40.789718195997857 ], [ 29.508890635099725, 40.789717672825006 ], [ 29.508892287873099, 40.789717178171813 ], [ 29.508893948956821, 40.789716712186333 ], [ 29.508895617853693, 40.789716275008047 ], [ 29.508897294064155, 40.789715866767821 ], [ 29.508898977086485, 40.789715487587856 ], [ 29.508900666416903, 40.789715137581638 ], [ 29.508902361549744, 40.789714816853945 ], [ 29.508904061977614, 40.78971452550077 ], [ 29.508905767191525, 40.789714263609333 ], [ 29.50890747668106, 40.789714031258015 ], [ 29.508909189934524, 40.789713828516376 ], [ 29.508910906439095, 40.789713655445091 ], [ 29.508912625680974, 40.789713512095972 ], [ 29.508914347145545, 40.789713398511928 ], [ 29.508916070317529, 40.789713314726953 ], [ 29.508917794681132, 40.789713260766128 ], [ 29.508919519720209, 40.789713236645603 ], [ 29.508921244918401, 40.789713242372606 ], [ 29.508922969759318, 40.78971327794541 ], [ 29.508924693726662, 40.789713343353384 ], [ 29.508926416304405, 40.789713438576932 ], [ 29.508928136976934, 40.789713563587561 ], [ 29.508929855229205, 40.789713718347848 ], [ 29.508931570546896, 40.789713902811471 ], [ 29.508933282416564, 40.789714116923214 ], [ 29.508934990325805, 40.789714360618987 ], [ 29.508936693763395, 40.789714633825852 ], [ 29.508938392219445, 40.789714936462019 ], [ 29.508940085185564, 40.789715268436915 ], [ 29.508941772155001, 40.789715629651155 ], [ 29.508943452622798, 40.789716019996625 ], [ 29.508945126085948, 40.789716439356489 ], [ 29.508946792043535, 40.789716887605216 ], [ 29.508948449996897, 40.789717364608634 ], [ 29.508950099449759, 40.789717870223967 ], [ 29.508951739908401, 40.789718404299862 ], [ 29.50895337088178, 40.789718966676453 ], [ 29.508954991881708, 40.789719557185421 ], [ 29.508956602422977, 40.789720175650004 ], [ 29.508958202023504, 40.789720821885069 ], [ 29.508959790204486, 40.789721495697194 ], [ 29.508961366490535, 40.789722196884675 ], [ 29.508962930409833, 40.789722925237641 ], [ 29.50896448149425, 40.789723680538074 ], [ 29.508966019279505, 40.789724462559882 ], [ 29.508967543305303, 40.789725271068995 ], [ 29.508969053115454, 40.789726105823398 ], [ 29.508970548258034, 40.789726966573227 ], [ 29.508972028285505, 40.789727853060846 ], [ 29.508973492754858, 40.78972876502089 ], [ 29.508974941227734, 40.789729702180395 ], [ 29.508976373270567, 40.789730664258833 ], [ 29.508977788454708, 40.789731650968243 ], [ 29.508979186356555, 40.789732662013265 ] ] ] } },
{ "type": "Feature", "properties": { "fid": 374, "line_id": 319, "line_type": "road_boundary_line" }, "geometry": { "type": "MultiLineString", "coordinates": [ [ [ 29.508976128335199, 40.789713394181469 ], [ 29.50897599725532, 40.789713633817904 ], [ 29.508975870343946, 40.789713875687816 ], [ 29.508975747639116, 40.789714119718717 ], [ 29.508975629177613, 40.78971436583744 ], [ 29.508975514994948, 40.789714613970212 ], [ 29.508975405125351, 40.789714864042651 ], [ 29.508975299601754, 40.789715115979796 ], [ 29.508975198455794, 40.789715369706123 ], [ 29.508975101717784, 40.789715625145575 ], [ 29.50897500941673, 40.789715882221572 ], [ 29.508974921580297, 40.78971614085706 ], [ 29.508974838234817, 40.789716400974505 ], [ 29.508974759405273, 40.789716662495934 ], [ 29.508974685115298, 40.789716925342951 ], [ 29.508974615387157, 40.789717189436757 ], [ 29.508974550241756, 40.789717454698199 ], [ 29.508974489698623, 40.789717721047751 ], [ 29.508974433775904, 40.78971798840557 ], [ 29.508974382490365, 40.789718256691508 ], [ 29.508974335857381, 40.789718525825158 ], [ 29.50897429389093, 40.789718795725825 ], [ 29.50897425660359, 40.789719066312614 ], [ 29.50897422400654, 40.789719337504401 ], [ 29.508974196109552, 40.789719609219901 ], [ 29.50897417292099, 40.789719881377657 ], [ 29.508974154447802, 40.789720153896084 ], [ 29.508974140695525, 40.789720426693499 ], [ 29.508974131668285, 40.789720699688118 ], [ 29.508974127368788, 40.789720972798115 ], [ 29.508974127798322, 40.789721245941614 ], [ 29.508974132956755, 40.789721519036732 ], [ 29.508974142842543, 40.789721792001608 ], [ 29.508974157452727, 40.789722064754422 ], [ 29.508974176782917, 40.789722337213405 ], [ 29.508974200827328, 40.789722609296888 ], [ 29.508974229578751, 40.789722880923307 ], [ 29.508974263028563, 40.789723152011227 ], [ 29.508974301166742, 40.789723422479405 ], [ 29.508974343981848, 40.789723692246753 ], [ 29.508974391461056, 40.789723961232397 ], [ 29.508974443590123, 40.78972422935572 ], [ 29.508974500353432, 40.789724496536337 ], [ 29.508974561733961, 40.789724762694156 ], [ 29.508974627713314, 40.789725027749391 ], [ 29.508974698271707, 40.789725291622595 ], [ 29.508974773387997, 40.789725554234657 ], [ 29.508974853039661, 40.78972581550687 ], [ 29.508974937202822, 40.789726075360896 ], [ 29.508975025852255, 40.789726333718853 ], [ 29.508975118961381, 40.789726590503285 ], [ 29.508975216502293, 40.789726845637219 ], [ 29.508975318445749, 40.789727099044171 ], [ 29.508975424761189, 40.789727350648192 ], [ 29.508975535416745, 40.789727600373844 ], [ 29.508975650379245, 40.789727848146278 ], [ 29.508975769614231, 40.789728093891213 ], [ 29.508975893085953, 40.789728337534982 ], [ 29.508976020757405, 40.789728579004553 ], [ 29.508976152590314, 40.789728818227545 ], [ 29.508976288545156, 40.789729055132241 ], [ 29.508976428581182, 40.789729289647624 ], [ 29.508976572656412, 40.7897295217034 ], [ 29.508976720727656, 40.789729751229999 ], [ 29.50897687275053, 40.789729978158626 ], [ 29.50897702867946, 40.789730202421246 ], [ 29.508977188467703, 40.789730423950637 ], [ 29.508977352067362, 40.789730642680389 ], [ 29.508977519429394, 40.789730858544942 ], [ 29.508977690503631, 40.789731071479579 ], [ 29.508977865238791, 40.789731281420472 ], [ 29.508978043582491, 40.789731488304689 ], [ 29.508978225481272, 40.789731692070205 ], [ 29.508978410880605, 40.789731892655951 ], [ 29.508978599724916, 40.789732090001792 ], [ 29.508978791957595, 40.789732284048569 ], [ 29.508978987521015, 40.789732474738116 ], [ 29.508979186356555, 40.789732662013265 ] ] ] } },
{ "type": "Feature", "properties": { "fid": 375, "line_id": 320, "line_type": "center_line" }, "geometry": { "type": "MultiLineString", "coordinates": [ [ [ 29.508964351414832, 40.789704481917404 ], [ 29.508964042785934, 40.789704743823691 ], [ 29.508963738758368, 40.789705011057556 ], [ 29.508963439424086, 40.789705283538176 ], [ 29.508963144873618, 40.789705561183133 ], [ 29.50896285519606, 40.789705843908465 ], [ 29.508962570479014, 40.789706131628648 ], [ 29.508962290808601, 40.789706424256671 ], [ 29.5089620162694, 40.789706721704029 ], [ 29.508961746944454, 40.789707023880752 ], [ 29.508961482915211, 40.78970733069545 ], [ 29.508961224261533, 40.789707642055326 ], [ 29.508960971061644, 40.789707957866213 ], [ 29.508960723392129, 40.789708278032599 ], [ 29.508960481327893, 40.789708602457637 ], [ 29.508960244942148, 40.789708931043208 ], [ 29.508960014306393, 40.789709263689943 ], [ 29.508959789490376, 40.789709600297222 ], [ 29.508959570562098, 40.789709940763238 ], [ 29.508959357587774, 40.78971028498502 ], [ 29.508959150631817, 40.789710632858466 ], [ 29.508958949756817, 40.789710984278351 ], [ 29.508958755023531, 40.789711339138393 ], [ 29.508958566490861, 40.789711697331256 ], [ 29.50895838421582, 40.78971205874862 ], [ 29.508958208253546, 40.789712423281166 ], [ 29.508958038657248, 40.789712790818648 ], [ 29.508957875478231, 40.789713161249892 ], [ 29.508957718765839, 40.789713534462869 ], [ 29.508957568567478, 40.789713910344702 ], [ 29.508957424928568, 40.789714288781703 ], [ 29.508957287892557, 40.789714669659418 ], [ 29.508957157500891, 40.789715052862647 ], [ 29.508957033793006, 40.789715438275486 ], [ 29.508956916806319, 40.789715825781379 ], [ 29.508956806576208, 40.789716215263113 ], [ 29.508956703136018, 40.789716606602894 ], [ 29.508956606517032, 40.789716999682369 ], [ 29.508956516748469, 40.789717394382642 ], [ 29.508956433857485, 40.789717790584341 ], [ 29.508956357869145, 40.789718188167633 ], [ 29.508956288806438, 40.789718587012267 ], [ 29.508956226690245, 40.789718986997613 ], [ 29.50895617153936, 40.789719388002702 ], [ 29.508956123370456, 40.789719789906243 ], [ 29.508956082198107, 40.789720192586685 ], [ 29.508956048034765, 40.789720595922233 ], [ 29.508956020890761, 40.789720999790909 ], [ 29.508956000774305, 40.789721404070548 ], [ 29.508955987691479, 40.789721808638888 ], [ 29.508955981646245, 40.789722213373558 ], [ 29.50895598264043, 40.789722618152155 ], [ 29.50895599067373, 40.78972302285225 ], [ 29.508956005743716, 40.78972342735144 ], [ 29.508956027845834, 40.78972383152739 ], [ 29.508956056973396, 40.78972423525785 ], [ 29.508956093117593, 40.789724638420715 ], [ 29.508956136267493, 40.789725040894048 ], [ 29.508956186410046, 40.789725442556126 ], [ 29.508956243530086, 40.789725843285467 ], [ 29.50895630761034, 40.78972624296086 ], [ 29.508956378631421, 40.789726641461435 ], [ 29.508956456571852, 40.789727038666655 ], [ 29.508956541408061, 40.789727434456395 ], [ 29.508956633114387, 40.789727828710944 ], [ 29.508956731663094, 40.789728221311066 ], [ 29.508956837024378, 40.789728612138006 ], [ 29.508956949166368, 40.789729001073574 ], [ 29.508957068055153, 40.789729388000126 ], [ 29.508957193654773, 40.789729772800641 ], [ 29.508957325927238, 40.789730155358733 ], [ 29.508957464832545, 40.789730535558704 ], [ 29.508957610328679, 40.789730913285553 ], [ 29.508957762371637, 40.789731288425045 ], [ 29.508957920915435, 40.789731660863723 ], [ 29.50895808591212, 40.789732030488928 ], [ 29.508958257311786, 40.789732397188878 ], [ 29.508958435062599, 40.789732760852665 ], [ 29.508958619110793, 40.789733121370297 ], [ 29.50895880940071, 40.789733478632733 ], [ 29.508959005874786, 40.789733832531923 ], [ 29.508959208473609, 40.789734182960828 ], [ 29.508959417135895, 40.789734529813465 ], [ 29.508959631798536, 40.789734872984923 ], [ 29.508959852396611, 40.789735212371411 ], [ 29.508960078863399, 40.789735547870286 ], [ 29.508960311130402, 40.789735879380075 ], [ 29.508960549127373, 40.789736206800512 ], [ 29.508960792782329, 40.789736530032563 ], [ 29.508961042021578, 40.789736848978478 ], [ 29.508961296769737, 40.789737163541787 ], [ 29.50896155694976, 40.789737473627355 ], [ 29.508961822482952, 40.789737779141383 ], [ 29.508962093289007, 40.789738079991487 ], [ 29.508962369286014, 40.78973837608666 ], [ 29.508962650390504, 40.789738667337353 ], [ 29.508962936517452, 40.78973895365548 ], [ 29.50896322758032, 40.789739234954439 ], [ 29.508963523491079, 40.789739511149158 ], [ 29.508963824160233, 40.789739782156097 ], [ 29.508964129496839, 40.789740047893297 ], [ 29.508964439408548, 40.789740308280379 ], [ 29.508964753801632, 40.789740563238588 ], [ 29.508965072581002, 40.789740812690816 ], [ 29.50896539565024, 40.789741056561617 ], [ 29.508965722911636, 40.78974129477723 ], [ 29.50896605426621, 40.789741527265605 ], [ 29.508966389613747, 40.789741753956434 ], [ 29.508966728852815, 40.789741974781144 ], [ 29.508967071880818, 40.789742189672957 ], [ 29.508967418594004, 40.789742398566872 ], [ 29.508967768887508, 40.789742601399709 ] ] ] } },
{ "type": "Feature", "properties": { "fid": 376, "line_id": 321, "line_type": "dashed_line" }, "geometry": { "type": "MultiLineString", "coordinates": [ [ [ 29.508951302248825, 40.789694606872857 ], [ 29.508950821190957, 40.789695001260597 ], [ 29.508950347033821, 40.789695403918479 ], [ 29.50894987991957, 40.789695814725782 ], [ 29.508949419988255, 40.789696233559333 ], [ 29.508948967377769, 40.789696660293572 ], [ 29.508948522223811, 40.789697094800552 ], [ 29.508948084659846, 40.789697536950001 ], [ 29.508947654817057, 40.789697986609362 ], [ 29.508947232824319, 40.789698443643815 ], [ 29.508946818808155, 40.789698907916339 ], [ 29.508946412892687, 40.78969937928774 ], [ 29.508946015199619, 40.789699857616689 ], [ 29.508945625848177, 40.78970034275978 ], [ 29.508945244955104, 40.789700834571562 ], [ 29.50894487263459, 40.789701332904578 ], [ 29.508944508998262, 40.789701837609421 ], [ 29.508944154155145, 40.789702348534782 ], [ 29.508943808211622, 40.789702865527474 ], [ 29.508943471271419, 40.789703388432493 ], [ 29.508943143435548, 40.789703917093071 ], [ 29.508942824802304, 40.789704451350701 ], [ 29.508942515467215, 40.789704991045213 ], [ 29.508942215523021, 40.789705536014793 ], [ 29.508941925059652, 40.789706086096054 ], [ 29.508941644164196, 40.78970664112407 ], [ 29.508941372920866, 40.789707200932448 ], [ 29.508941111410984, 40.789707765353342 ], [ 29.508940859712954, 40.789708334217529 ], [ 29.508940617902237, 40.789708907354452 ], [ 29.508940386051336, 40.789709484592294 ], [ 29.50894016422976, 40.789710065757973 ], [ 29.508939952504015, 40.789710650677257 ], [ 29.508939750937579, 40.789711239174785 ], [ 29.508939559590885, 40.789711831074101 ], [ 29.508939378521298, 40.789712426197759 ], [ 29.508939207783108, 40.789713024367323 ], [ 29.508939047427504, 40.789713625403465 ], [ 29.508938897502563, 40.789714229125977 ], [ 29.508938758053233, 40.789714835353863 ], [ 29.508938629121328, 40.789715443905358 ], [ 29.508938510745498, 40.789716054598017 ], [ 29.508938402961235, 40.789716667248747 ], [ 29.508938305800854, 40.789717281673859 ], [ 29.508938219293483, 40.789717897689151 ], [ 29.508938143465063, 40.789718515109925 ], [ 29.508938078338328, 40.789719133751071 ], [ 29.508938023932799, 40.789719753427121 ], [ 29.508937980264793, 40.789720373952271 ], [ 29.508937947347398, 40.789720995140492 ], [ 29.508937925190484, 40.789721616805544 ], [ 29.508937913800693, 40.789722238761037 ], [ 29.508937913181445, 40.789722860820497 ], [ 29.508937923332923, 40.789723482797434 ], [ 29.508937944252079, 40.789724104505368 ], [ 29.508937975932646, 40.789724725757893 ], [ 29.508938018365125, 40.789725346368762 ], [ 29.508938071536793, 40.789725966151892 ], [ 29.508938135431709, 40.789726584921482 ], [ 29.508938210030717, 40.789727202492003 ], [ 29.508938295311449, 40.789727818678301 ], [ 29.508938391248339, 40.789728433295643 ], [ 29.508938497812625, 40.789729046159749 ], [ 29.508938614972354, 40.78972965708688 ], [ 29.508938742692401, 40.789730265893873 ], [ 29.508938880934476, 40.789730872398195 ], [ 29.508939029657132, 40.789731476418005 ], [ 29.508939188815777, 40.789732077772214 ], [ 29.508939358362692, 40.789732676280529 ], [ 29.508939538247052, 40.789733271763509 ], [ 29.508939728414919, 40.789733864042624 ], [ 29.50893992880928, 40.789734452940287 ], [ 29.508940139370051, 40.78973503827995 ], [ 29.50894036003411, 40.789735619886123 ], [ 29.508940590735293, 40.789736197584425 ], [ 29.508940831404431, 40.789736771201653 ], [ 29.508941081969375, 40.789737340565836 ], [ 29.508941342354998, 40.789737905506264 ], [ 29.508941612483234, 40.78973846585356 ], [ 29.508941892273096, 40.789739021439736 ], [ 29.508942181640695, 40.789739572098206 ], [ 29.508942480499279, 40.789740117663889 ], [ 29.508942788759246, 40.789740657973198 ], [ 29.508943106328172, 40.789741192864163 ], [ 29.508943433110847, 40.789741722176394 ], [ 29.508943769009299, 40.789742245751214 ], [ 29.508944113922819, 40.789742763431647 ], [ 29.508944467748002, 40.78974327506247 ], [ 29.508944830378759, 40.789743780490305 ], [ 29.508945201706371, 40.789744279563607 ], [ 29.508945581619514, 40.789744772132757 ], [ 29.50894597000428, 40.789745258050075 ], [ 29.508946366744226, 40.789745737169866 ], [ 29.508946771720407, 40.789746209348493 ], [ 29.508947184811401, 40.789746674444388 ], [ 29.508947605893361, 40.789747132318105 ], [ 29.508948034840042, 40.789747582832376 ], [ 29.508948471522839, 40.789748025852127 ], [ 29.508948915810826, 40.789748461244528 ], [ 29.508949367570803, 40.789748888879053 ], [ 29.508949826667326, 40.789749308627485 ], [ 29.508950292962748, 40.789749720363979 ], [ 29.50895076631727, 40.789750123965085 ], [ 29.508951246588975, 40.789750519309813 ], [ 29.508951733633868, 40.789750906279622 ], [ 29.508952227305929, 40.789751284758495 ], [ 29.508952727457149, 40.789751654632958 ], [ 29.508953233937575, 40.789752015792118 ], [ 29.508953746595356, 40.789752368127701 ], [ 29.508954265276792, 40.789752711534064 ], [ 29.508954789826372, 40.789753045908249 ], [ 29.508955320086834, 40.789753371150013 ], [ 29.508955855899199, 40.789753687161841 ], [ 29.508956397102814, 40.789753993848983 ], [ 29.508956943535431, 40.7897542911195 ] ] ] } },
{ "type": "Feature", "properties": { "fid": 377, "line_id": 322, "line_type": "center_line" }, "geometry": { "type": "MultiLineString", "coordinates": [ [ [ 29.508938452952226, 40.789684883080838 ], [ 29.508937805722358, 40.789685409326637 ], [ 29.50893716772519, 40.78968594672849 ], [ 29.508936539152984, 40.789686495124442 ], [ 29.508935920195171, 40.78968705434923 ], [ 29.508935311038279, 40.789687624234318 ], [ 29.508934711865887, 40.789688204607977 ], [ 29.508934122858559, 40.789688795295298 ], [ 29.508933544193805, 40.789689396118263 ], [ 29.508932976046008, 40.789690006895817 ], [ 29.50893241858639, 40.789690627443889 ], [ 29.508931871982945, 40.789691257575477 ], [ 29.508931336400398, 40.789691897100667 ], [ 29.508930812000159, 40.789692545826746 ], [ 29.508930298940257, 40.789693203558208 ], [ 29.508929797375309, 40.789693870096841 ], [ 29.508929307456473, 40.789694545241765 ], [ 29.508928829331385, 40.789695228789526 ], [ 29.50892836314414, 40.789695920534122 ], [ 29.508927909035222, 40.789696620267094 ], [ 29.50892746714149, 40.789697327777567 ], [ 29.508927037596109, 40.789698042852322 ], [ 29.508926620528531, 40.789698765275858 ], [ 29.508926216064438, 40.789699494830479 ], [ 29.508925824325729, 40.789700231296308 ], [ 29.508925445430453, 40.789700974451414 ], [ 29.508925079492798, 40.789701724071833 ], [ 29.508924726623043, 40.789702479931655 ], [ 29.508924386927529, 40.789703241803096 ], [ 29.508924060508626, 40.789704009456564 ], [ 29.508923747464706, 40.789704782660699 ], [ 29.508923447890108, 40.789705561182508 ], [ 29.508923161875114, 40.789706344787355 ], [ 29.508922889505918, 40.789707133239105 ], [ 29.508922630864596, 40.789707926300139 ], [ 29.508922386029102, 40.789708723731465 ], [ 29.508922155073215, 40.789709525292764 ], [ 29.508921938066536, 40.789710330742473 ], [ 29.508921735074463, 40.78971113983787 ], [ 29.50892154615817, 40.789711952335118 ], [ 29.508921371374591, 40.789712767989357 ], [ 29.508921210776396, 40.789713586554782 ], [ 29.508921064411986, 40.789714407784714 ], [ 29.50892093232547, 40.789715231431657 ], [ 29.508920814556653, 40.789716057247404 ], [ 29.508920711141027, 40.789716884983079 ], [ 29.508920622109752, 40.789717714389234 ], [ 29.508920547489666, 40.789718545215919 ], [ 29.508920487303254, 40.789719377212755 ], [ 29.508920441568652, 40.789720210129005 ], [ 29.508920410299648, 40.789721043713669 ], [ 29.508920393505658, 40.789721877715522 ], [ 29.508920391191747, 40.789722711883243 ], [ 29.508920403358612, 40.789723545965437 ], [ 29.50892043000259, 40.789724379710748 ], [ 29.508920471115644, 40.789725212867907 ], [ 29.508920526685387, 40.789726045185837 ], [ 29.508920596695077, 40.789726876413717 ], [ 29.508920681123609, 40.789727706301036 ], [ 29.508920779945544, 40.7897285345977 ], [ 29.508920893131098, 40.789729361054093 ], [ 29.508921020646167, 40.789730185421149 ], [ 29.508921162452314, 40.789731007450442 ], [ 29.508921318506808, 40.789731826894233 ], [ 29.508921488762621, 40.78973264350558 ], [ 29.508921673168444, 40.789733457038395 ], [ 29.508921871668704, 40.789734267247489 ], [ 29.508922084203579, 40.789735073888714 ], [ 29.508922310709025, 40.789735876718971 ], [ 29.508922551116772, 40.789736675496322 ], [ 29.508922805354377, 40.789737469980039 ], [ 29.508923073345219, 40.789738259930701 ], [ 29.508923355008541, 40.789739045110245 ], [ 29.508923650259455, 40.789739825282041 ], [ 29.508923959008985, 40.789740600210983 ], [ 29.508924281164084, 40.789741369663538 ], [ 29.50892461662767, 40.789742133407813 ], [ 29.508924965298647, 40.789742891213649 ], [ 29.508925327071939, 40.789743642852677 ], [ 29.508925701838514, 40.789744388098377 ], [ 29.508926089485442, 40.78974512672616 ], [ 29.508926489895892, 40.789745858513427 ], [ 29.508926902949202, 40.789746583239655 ], [ 29.50892732852089, 40.789747300686429 ], [ 29.508927766482707, 40.789748010637545 ], [ 29.508928216702664, 40.789748712879046 ], [ 29.508928679045084, 40.789749407199309 ], [ 29.508929153370634, 40.789750093389088 ], [ 29.508929639536372, 40.789750771241586 ], [ 29.508930137395787, 40.789751440552536 ], [ 29.508930646798838, 40.789752101120222 ], [ 29.508931167592014, 40.789752752745578 ], [ 29.508931699618369, 40.789753395232232 ], [ 29.508932242717563, 40.789754028386554 ], [ 29.508932796725936, 40.789754652017749 ], [ 29.508933361476526, 40.789755265937863 ], [ 29.508933936799139, 40.789755869961894 ], [ 29.508934522520391, 40.789756463907814 ], [ 29.508935118463775, 40.789757047596616 ], [ 29.508935724449692, 40.789757620852413 ], [ 29.50893634029552, 40.789758183502443 ], [ 29.508936965815668, 40.789758735377141 ], [ 29.508937600821628, 40.789759276310193 ], [ 29.508938245122032, 40.789759806138591 ], [ 29.508938898522715, 40.789760324702648 ], [ 29.508939560826761, 40.78976083184611 ], [ 29.508940231834583, 40.789761327416123 ], [ 29.508940911343963, 40.789761811263354 ], [ 29.50894159915012, 40.789762283241984 ], [ 29.508942295045777, 40.789762743209785 ], [ 29.508942998821219, 40.789763191028122 ], [ 29.508943710264351, 40.789763626562056 ], [ 29.508944429160774, 40.789764049680329 ], [ 29.508945155293837, 40.789764460255427 ], [ 29.508945888444714, 40.789764858163622 ] ] ] } },
{ "type": "Feature", "properties": { "fid": 378, "line_id": 323, "line_type": "road_boundary_line" }, "geometry": { "type": "MultiLineString", "coordinates": [ [ [ 29.508926476162451, 40.789675819564252 ], [ 29.508925660068371, 40.78967650019834 ], [ 29.508924855948287, 40.789677194938001 ], [ 29.508924064045967, 40.789677903572617 ], [ 29.508923284601483, 40.789678625887376 ], [ 29.508922517851129, 40.789679361663289 ], [ 29.508921764027342, 40.78968011067731 ], [ 29.508921023358649, 40.789680872702377 ], [ 29.50892029606959, 40.789681647507464 ], [ 29.508919582380646, 40.789682434857703 ], [ 29.508918882508169, 40.789683234514399 ], [ 29.508918196664336, 40.789684046235124 ], [ 29.508917525057058, 40.789684869773815 ], [ 29.508916867889937, 40.789685704880803 ], [ 29.508916225362196, 40.789686551302921 ], [ 29.508915597668619, 40.789687408783585 ], [ 29.508914984999496, 40.78968827706283 ], [ 29.50891438754056, 40.789689155877447 ], [ 29.508913805472933, 40.789690044961013 ], [ 29.508913238973069, 40.789690944043997 ], [ 29.50891268821271, 40.789691852853835 ], [ 29.508912153358814, 40.789692771115028 ], [ 29.508911634573533, 40.7896936985492 ], [ 29.508911132014131, 40.78969463487519 ], [ 29.508910645832966, 40.789695579809141 ], [ 29.508910176177423, 40.789696533064607 ], [ 29.508909723189884, 40.789697494352595 ], [ 29.508909287007668, 40.78969846338169 ], [ 29.508908867763012, 40.789699439858119 ], [ 29.508908465583009, 40.789700423485868 ], [ 29.508908080589578, 40.789701413966746 ], [ 29.508907712899436, 40.789702411000484 ], [ 29.508907362624051, 40.789703414284816 ], [ 29.508907029869604, 40.789704423515609 ], [ 29.508906714736977, 40.789705438386896 ], [ 29.5089064173217, 40.78970645859102 ], [ 29.508906137713943, 40.789707483818709 ], [ 29.508905875998458, 40.789708513759152 ], [ 29.508905632254596, 40.78970954810012 ], [ 29.508905406556245, 40.789710586528045 ], [ 29.508905198971824, 40.789711628728128 ], [ 29.508905009564266, 40.789712674384425 ], [ 29.508904838390993, 40.789713723179929 ], [ 29.508904685503889, 40.789714774796707 ], [ 29.50890455094931, 40.789715828915945 ], [ 29.508904434768045, 40.789716885218091 ], [ 29.508904336995315, 40.789717943382918 ], [ 29.50890425766076, 40.789719003089637 ], [ 29.508904196788425, 40.789720064016997 ], [ 29.508904154396774, 40.789721125843379 ], [ 29.508904130498649, 40.78972218824687 ], [ 29.508904125101299, 40.789723250905411 ], [ 29.508904138206361, 40.789724313496848 ], [ 29.50890416980986, 40.789725375699057 ], [ 29.508904219902217, 40.789726437190019 ], [ 29.508904288468244, 40.789727497647938 ], [ 29.508904375487159, 40.789728556751342 ], [ 29.508904480932578, 40.789729614179151 ], [ 29.508904604772539, 40.789730669610805 ], [ 29.508904746969492, 40.789731722726337 ], [ 29.508904907480336, 40.789732773206502 ], [ 29.508905086256409, 40.789733820732842 ], [ 29.508905283243514, 40.789734864987786 ], [ 29.508905498381935, 40.789735905654766 ], [ 29.50890573160645, 40.789736942418301 ], [ 29.508905982846358, 40.789737974964098 ], [ 29.508906252025493, 40.789739002979125 ], [ 29.508906539062252, 40.78974002615174 ], [ 29.508906843869621, 40.78974104417177 ], [ 29.508907166355197, 40.789742056730589 ], [ 29.50890750642121, 40.789743063521236 ], [ 29.508907863964573, 40.789744064238505 ], [ 29.508908238876895, 40.789745058579022 ], [ 29.508908631044523, 40.789746046241341 ], [ 29.508909040348563, 40.789747026926058 ], [ 29.508909466664935, 40.789748000335862 ], [ 29.5089099098644, 40.789748966175679 ], [ 29.5089103698126, 40.789749924152687 ], [ 29.5089108463701, 40.789750873976494 ], [ 29.508911339392434, 40.789751815359139 ], [ 29.508911848730129, 40.789752748015246 ], [ 29.508912374228789, 40.789753671662076 ], [ 29.508912915729098, 40.789754586019626 ], [ 29.508913473066904, 40.789755490810691 ], [ 29.508914046073244, 40.789756385760995 ], [ 29.508914634574413, 40.789757270599218 ], [ 29.508915238391999, 40.789758145057121 ], [ 29.508915857342952, 40.789759008869616 ], [ 29.508916491239642, 40.789759861774826 ], [ 29.508917139889892, 40.78976070351419 ], [ 29.508917803097063, 40.789761533832532 ], [ 29.508918480660107, 40.789762352478142 ], [ 29.508919172373609, 40.789763159202842 ], [ 29.508919878027879, 40.789763953762062 ], [ 29.508920597408991, 40.789764735914936 ], [ 29.508921330298865, 40.789765505424356 ], [ 29.508922076475322, 40.789766262057029 ], [ 29.508922835712152, 40.789767005583585 ], [ 29.508923607779192, 40.789767735778618 ], [ 29.508924392442388, 40.789768452420773 ], [ 29.508925189463863, 40.789769155292795 ], [ 29.508925998601995, 40.789769844181599 ], [ 29.508926819611496, 40.789770518878349 ], [ 29.508927652243472, 40.789771179178516 ], [ 29.508928496245503, 40.78977182488191 ], [ 29.508929351361729, 40.7897724557928 ], [ 29.508930217332917, 40.789773071719914 ], [ 29.508931093896546, 40.789773672476528 ], [ 29.50893198078688, 40.789774257880524 ], [ 29.508932877735052, 40.789774827754442 ], [ 29.508933784469157, 40.789775381925509 ], [ 29.508934700714306, 40.789775920225736 ] ] ] } },
{ "type": "Feature", "properties": { "fid": 379, "line_id": 324, "line_type": "road_boundary_line" }, "geometry": { "type": "MultiLineString", "coordinates": [ [ [ 29.509188207070171, 40.789796096766423 ], [ 29.50920777108022, 40.789778524903191 ] ] ] } },
{ "type": "Feature", "properties": { "fid": 380, "line_id": 325, "line_type": "road_boundary_line" }, "geometry": { "type": "MultiLineString", "coordinates": [ [ [ 29.509136621127539, 40.789758929772134 ], [ 29.509146217181847, 40.78975380792604 ], [ 29.509159287885279, 40.789741658728943 ] ] ] } },
{ "type": "Feature", "properties": { "fid": 381, "line_id": 326, "line_type": "center_line" }, "geometry": { "type": "MultiLineString", "coordinates": [ [ [ 29.509150851501264, 40.789769182569543 ], [ 29.509171833448285, 40.789751198259339 ] ] ] } },
{ "type": "Feature", "properties": { "fid": 382, "line_id": 327, "line_type": "center_line" }, "geometry": { "type": "MultiLineString", "coordinates": [ [ [ 29.509177158016847, 40.789787830594548 ], [ 29.509196589387223, 40.789770753749316 ] ] ] } },
{ "type": "Feature", "properties": { "fid": 383, "line_id": 328, "line_type": "road_boundary_line" }, "geometry": { "type": "MultiLineString", "coordinates": [ [ [ 29.50920777108022, 40.789778524903191 ], [ 29.509208396231774, 40.789778230962163 ], [ 29.509209026329135, 40.789777947778283 ], [ 29.509209661187214, 40.789777675434735 ], [ 29.509210300619529, 40.789777414011503 ], [ 29.509210944438259, 40.789777163585384 ], [ 29.509211592454282, 40.789776924229947 ], [ 29.509212244477251, 40.789776696015487 ], [ 29.509212900315642, 40.789776479009049 ], [ 29.509213559776814, 40.78977627327437 ], [ 29.509214222667051, 40.789776078871888 ], [ 29.509214888791639, 40.789775895858696 ], [ 29.50921555795491, 40.789775724288567 ], [ 29.509216229960305, 40.789775564211894 ], [ 29.509216904610426, 40.789775415675692 ], [ 29.509217581707109, 40.789775278723589 ], [ 29.509218261051458, 40.789775153395823 ], [ 29.509218942443923, 40.789775039729207 ], [ 29.509219625684356, 40.789774937757123 ], [ 29.509220310572058, 40.789774847509527 ], [ 29.509220996905849, 40.789774769012929 ], [ 29.509221684484132, 40.789774702290387 ], [ 29.509222373104937, 40.789774647361497 ], [ 29.509223062565983, 40.789774604242403 ], [ 29.509223752664752, 40.78977457294576 ], [ 29.509224443198537, 40.789774553480761 ], [ 29.509225133964499, 40.789774545853128 ], [ 29.509225824759728, 40.789774550065104 ], [ 29.509226515381318, 40.789774566115447 ], [ 29.509227205626402, 40.789774593999446 ], [ 29.509227895292227, 40.789774633708909 ], [ 29.509228584176213, 40.789774685232167 ], [ 29.509229272076006, 40.789774748554095 ], [ 29.509229958789547, 40.789774823656082 ], [ 29.509230644115114, 40.78977491051608 ], [ 29.509231327851403, 40.78977500910856 ], [ 29.509232009797575, 40.789775119404574 ], [ 29.509232689753315, 40.789775241371721 ], [ 29.509233367518892, 40.78977537497417 ], [ 29.509234042895223, 40.789775520172682 ], [ 29.509234715683917, 40.789775676924606 ], [ 29.509235385687354, 40.78977584518389 ], [ 29.509236052708726, 40.789776024901116 ] ] ] } },
{ "type": "Feature", "properties": { "fid": 384, "line_id": 329, "line_type": "center_line" }, "geometry": { "type": "MultiLineString", "coordinates": [ [ [ 29.509196589387223, 40.789770753749316 ], [ 29.509197338902023, 40.789770242079868 ], [ 29.509198097155569, 40.789769743452126 ], [ 29.509198863920957, 40.789769258015312 ], [ 29.509199638968731, 40.789768785914681 ], [ 29.509200422066971, 40.789768327291512 ], [ 29.509201212981331, 40.789767882283037 ], [ 29.509202011475132, 40.789767451022435 ], [ 29.509202817309436, 40.789767033638753 ], [ 29.509203630243096, 40.789766630256899 ], [ 29.509204450032851, 40.789766240997565 ], [ 29.509205276433374, 40.789765865977252 ], [ 29.509206109197372, 40.789765505308175 ], [ 29.509206948075647, 40.789765159098266 ], [ 29.509207792817168, 40.789764827451123 ], [ 29.509208643169146, 40.789764510465993 ], [ 29.509209498877123, 40.789764208237727 ], [ 29.509210359685028, 40.789763920856778 ], [ 29.509211225335267, 40.789763648409128 ], [ 29.509212095568806, 40.789763390976319 ], [ 29.509212970125226, 40.789763148635373 ], [ 29.509213848742817, 40.789762921458824 ], [ 29.509214731158664, 40.78976270951464 ], [ 29.509215617108705, 40.789762512866254 ], [ 29.509216506327821, 40.789762331572504 ], [ 29.509217398549922, 40.789762165687648 ], [ 29.509218293508013, 40.789762015261324 ], [ 29.509219190934282, 40.789761880338553 ], [ 29.509220090560177, 40.789761760959692 ], [ 29.509220992116489, 40.789761657160483 ], [ 29.509221895333432, 40.789761568971983 ], [ 29.509222799940726, 40.789761496420574 ], [ 29.509223705667669, 40.789761439527979 ], [ 29.509224612243226, 40.789761398311207 ], [ 29.509225519396111, 40.789761372782607 ], [ 29.509226426854855, 40.789761362949811 ], [ 29.509227334347916, 40.789761368815761 ], [ 29.509228241603722, 40.7897613903787 ], [ 29.509229148350787, 40.789761427632186 ], [ 29.509230054317772, 40.789761480565062 ], [ 29.509230959233562, 40.78976154916149 ], [ 29.509231862827377, 40.789761633400936 ], [ 29.509232764828809, 40.789761733258203 ], [ 29.509233664967947, 40.789761848703407 ], [ 29.509234562975426, 40.789761979702 ], [ 29.50923545858252, 40.789762126214775 ], [ 29.509236351521224, 40.789762288197899 ], [ 29.509237241524332, 40.789762465602891 ], [ 29.509238128325514, 40.789762658376667 ], [ 29.509239011659396, 40.789762866461544 ], [ 29.509239891261643, 40.789763089795244 ], [ 29.509240766869048, 40.789763328310947 ], [ 29.509241638219578, 40.789763581937265 ], [ 29.509242505052494, 40.78976385059832 ], [ 29.509243367108397, 40.789764134213698 ], [ 29.509244224129318, 40.78976443269854 ], [ 29.509245075858804, 40.789764745963517 ] ] ] } },
{ "type": "Feature", "properties": { "fid": 385, "line_id": 330, "line_type": "dashed_line" }, "geometry": { "type": "MultiLineString", "coordinates": [ [ [ 29.509163980862262, 40.789778596280641 ], [ 29.509184205689905, 40.789760538284575 ], [ 29.509184205689905, 40.789760538284575 ] ] ] } },
{ "type": "Feature", "properties": { "fid": 386, "line_id": 331, "line_type": "dashed_line" }, "geometry": { "type": "MultiLineString", "coordinates": [ [ [ 29.509254099008881, 40.789753185052483 ], [ 29.509252993636149, 40.789752699618319 ], [ 29.509251880037098, 40.78975223336478 ], [ 29.509250758544521, 40.789751786431225 ], [ 29.509249629493574, 40.7897513589512 ], [ 29.509248493221676, 40.789750951052469 ], [ 29.509247350068392, 40.789750562856923 ], [ 29.509246200375358, 40.789750194480582 ], [ 29.50924504448615, 40.789749846033523 ], [ 29.509243882746208, 40.789749517619889 ], [ 29.509242715502715, 40.789749209337828 ], [ 29.509241543104498, 40.789748921279454 ], [ 29.509240365901924, 40.789748653530864 ], [ 29.509239184246798, 40.78974840617208 ], [ 29.509237998492257, 40.789748179277005 ], [ 29.509236808992657, 40.789747972913467 ], [ 29.509235616103481, 40.789747787143121 ], [ 29.509234420181219, 40.789747622021494 ], [ 29.509233221583273, 40.789747477597928 ], [ 29.509232020667834, 40.789747353915587 ], [ 29.509230817793799, 40.789747251011434 ], [ 29.509229613320645, 40.789747168916215 ], [ 29.509228407608322, 40.789747107654463 ], [ 29.509227201017158, 40.789747067244498 ], [ 29.509225993907737, 40.789747047698384 ], [ 29.5092247866408, 40.789747049021969 ], [ 29.509223579577139, 40.789747071214855 ], [ 29.509222373077481, 40.789747114270412 ], [ 29.509221167502385, 40.789747178175773 ], [ 29.509219963212132, 40.789747262911838 ], [ 29.509218760566629, 40.789747368453284 ], [ 29.509217559925276, 40.789747494768569 ], [ 29.509216361646889, 40.789747641819943 ], [ 29.509215166089561, 40.789747809563465 ], [ 29.509213973610592, 40.789747997949 ], [ 29.509212784566344, 40.789748206920258 ], [ 29.509211599312163, 40.789748436414776 ], [ 29.509210418202262, 40.789748686363986 ], [ 29.509209241589609, 40.789748956693174 ], [ 29.509208069825831, 40.789749247321559 ], [ 29.509206903261113, 40.789749558162292 ], [ 29.509205742244074, 40.789749889122483 ], [ 29.509204587121687, 40.78975024010321 ], [ 29.509203438239151, 40.78975061099959 ], [ 29.509202295939811, 40.789751001700786 ], [ 29.509201160565038, 40.789751412090041 ], [ 29.509200032454142, 40.789751842044694 ], [ 29.509198911944249, 40.789752291436272 ], [ 29.509197799370224, 40.789752760130469 ], [ 29.50919669506456, 40.789753247987214 ], [ 29.50919559935727, 40.789753754860712 ], [ 29.50919451257581, 40.789754280599489 ], [ 29.509193435044956, 40.78975482504643 ], [ 29.509192367086733, 40.78975538803882 ], [ 29.509191309020288, 40.789755969408425 ], [ 29.509190261161834, 40.789756568981488 ], [ 29.50918922382451, 40.789757186578832 ], [ 29.509188197318327, 40.789757822015901 ], [ 29.509187181950054, 40.789758475102779 ], [ 29.509186178023128, 40.789759145644304 ], [ 29.509185185837577, 40.789759833440087 ], [ 29.509184205689905, 40.789760538284575 ] ] ] } },
{ "type": "Feature", "properties": { "fid": 387, "line_id": 332, "line_type": "center_line" }, "geometry": { "type": "MultiLineString", "coordinates": [ [ [ 29.509171833448285, 40.789751198259339 ], [ 29.509172788951261, 40.789750318768789 ], [ 29.509173759594443, 40.789749456016587 ], [ 29.50917474508465, 40.789748610263302 ], [ 29.509175745124221, 40.789747781764412 ], [ 29.509176759411094, 40.789746970770146 ], [ 29.509177787638912, 40.789746177525473 ], [ 29.509178829497099, 40.789745402269979 ], [ 29.509179884670967, 40.789744645237839 ], [ 29.509180952841806, 40.789743906657698 ], [ 29.509182033686979, 40.789743186752652 ], [ 29.509183126880018, 40.789742485740142 ], [ 29.509184232090728, 40.789741803831909 ], [ 29.509185348985291, 40.789741141233918 ], [ 29.509186477226343, 40.789740498146301 ], [ 29.509187616473113, 40.789739874763306 ], [ 29.509188766381492, 40.78973927127322 ], [ 29.509189926604151, 40.789738687858325 ], [ 29.509191096790651, 40.789738124694843 ], [ 29.509192276587548, 40.78973758195287 ], [ 29.509193465638479, 40.789737059796344 ], [ 29.509194663584303, 40.789736558382977 ], [ 29.509195870063181, 40.78973607786422 ], [ 29.509197084710699, 40.789735618385208 ], [ 29.509198307159984, 40.789735180084733 ], [ 29.509199537041795, 40.789734763095176 ], [ 29.509200773984652, 40.789734367542493 ], [ 29.509202017614943, 40.78973399354615 ], [ 29.50920326755703, 40.789733641219122 ], [ 29.509204523433375, 40.789733310667813 ], [ 29.509205784864648, 40.789733001992083 ], [ 29.509207051469833, 40.789732715285155 ], [ 29.50920832286636, 40.789732450633629 ], [ 29.509209598670207, 40.789732208117442 ], [ 29.509210878496024, 40.789731987809851 ], [ 29.509212161957244, 40.789731789777392 ], [ 29.509213448666205, 40.789731614079884 ], [ 29.509214738234256, 40.78973146077039 ], [ 29.50921603027189, 40.789731329895218 ], [ 29.509217324388853, 40.789731221493909 ], [ 29.509218620194261, 40.78973113559919 ], [ 29.509219917296722, 40.789731072237018 ], [ 29.50922121530445, 40.789731031426527 ], [ 29.509222513825389, 40.789731013180038 ], [ 29.509223812467322, 40.789731017503065 ], [ 29.509225110838003, 40.789731044394308 ], [ 29.509226408545256, 40.789731093845639 ], [ 29.509227705197127, 40.78973116584212 ], [ 29.509229000401955, 40.789731260362011 ], [ 29.509230293768535, 40.789731377376754 ], [ 29.509231584906207, 40.789731516851013 ], [ 29.509232873424988, 40.789731678742662 ], [ 29.509234158935691, 40.789731863002793 ], [ 29.509235441050027, 40.789732069575763 ], [ 29.509236719380738, 40.789732298399159 ], [ 29.509237993541714, 40.789732549403887 ], [ 29.509239263148093, 40.789732822514118 ], [ 29.509240527816399, 40.789733117647366 ], [ 29.509241787164644, 40.789733434714478 ], [ 29.509243040812446, 40.789733773619702 ], [ 29.509244288381147, 40.789734134260655 ], [ 29.509245529493921, 40.789734516528419 ], [ 29.509246763775895, 40.789734920307531 ], [ 29.509247990854259, 40.789735345476025 ], [ 29.509249210358377, 40.789735791905478 ], [ 29.509250421919909, 40.789736259461058 ], [ 29.509251625172897, 40.78973674800153 ], [ 29.509252819753915, 40.78973725737935 ], [ 29.509254005302136, 40.789737787440643 ], [ 29.509255181459469, 40.789738338025316 ], [ 29.509256347870668, 40.78973890896706 ], [ 29.509257504183413, 40.789739500093432 ], [ 29.509258650048455, 40.789740111225889 ], [ 29.509259785119678, 40.789740742179823 ], [ 29.509260909054248, 40.789741392764675 ], [ 29.509262021512679, 40.789742062783922 ], [ 29.509263122158959, 40.789742752035202 ] ] ] } },
{ "type": "Feature", "properties": { "fid": 388, "line_id": 333, "line_type": "road_boundary_line" }, "geometry": { "type": "MultiLineString", "coordinates": [ [ [ 29.509159287885279, 40.789741658728943 ], [ 29.509160278237854, 40.789740582072923 ], [ 29.509161287082947, 40.789739522725021 ], [ 29.509162314118118, 40.789738481002814 ], [ 29.509163359035472, 40.7897374572186 ], [ 29.50916442152176, 40.789736451679296 ], [ 29.509165501258451, 40.789735464686345 ], [ 29.509166597921858, 40.789734496535651 ], [ 29.509167711183217, 40.789733547517443 ], [ 29.509168840708774, 40.789732617916236 ], [ 29.509169986159918, 40.789731708010706 ], [ 29.509171147193257, 40.789730818073629 ], [ 29.509172323460721, 40.789729948371814 ], [ 29.509173514609678, 40.789729099165967 ], [ 29.509174720283038, 40.78972827071069 ], [ 29.509175940119352, 40.789727463254337 ], [ 29.509177543883755, 40.789726465549521 ], [ 29.509177173752928, 40.789726677038963 ], [ 29.509178420813932, 40.789725912300291 ], [ 29.509179680928515, 40.789725169267555 ], [ 29.509180953718907, 40.789724448163525 ], [ 29.50918223880354, 40.789723749204377 ], [ 29.509183535797156, 40.789723072599649 ], [ 29.509184844310933, 40.789722418552181 ], [ 29.509186163952595, 40.789721787258046 ], [ 29.509187494326525, 40.789721178906497 ], [ 29.509188835033896, 40.789720593679917 ], [ 29.509190185672775, 40.789720031753752 ], [ 29.509191545838259, 40.789719493296452 ], [ 29.509192915122583, 40.789718978469452 ], [ 29.50919429311525, 40.789718487427081 ], [ 29.509195679403156, 40.789718020316556 ], [ 29.509197073570704, 40.789717577277905 ], [ 29.509198475199941, 40.789717158443949 ], [ 29.509199883870675, 40.789716763940248 ], [ 29.509201299160598, 40.78971639388508 ], [ 29.509202720645426, 40.789716048389366 ], [ 29.509204147899013, 40.78971572755669 ], [ 29.509205580493479, 40.789715431483238 ], [ 29.509207017999358, 40.789715160257771 ], [ 29.509208459985693, 40.789714913961589 ], [ 29.509209906020196, 40.789714692668532 ], [ 29.509211355669361, 40.789714496444951 ], [ 29.509212808498603, 40.789714325349657 ], [ 29.509214264072376, 40.789714179433957 ], [ 29.509215721954316, 40.789714058741581 ], [ 29.509217181707367, 40.789713963308721 ], [ 29.509218642893913, 40.789713893163984 ], [ 29.509220105075901, 40.789713848328397 ], [ 29.50922156781499, 40.789713828815408 ], [ 29.509223030672668, 40.789713834630852 ], [ 29.509224493210382, 40.789713865773003 ], [ 29.509225954989684, 40.789713922232508 ], [ 29.509227415572344, 40.789714003992458 ], [ 29.509228874520502, 40.789714111028331 ], [ 29.509230331396775, 40.78971424330804 ], [ 29.509231785764413, 40.789714400791929 ], [ 29.509233237187409, 40.789714583432797 ], [ 29.509234685230648, 40.789714791175875 ], [ 29.509236129460014, 40.789715023958891 ], [ 29.509237569442551, 40.789715281712056 ], [ 29.509239004746565, 40.789715564358104 ], [ 29.50924043494177, 40.789715871812298 ], [ 29.509241859599406, 40.789716203982465 ], [ 29.509243278292377, 40.78971656076903 ], [ 29.509244690595381, 40.78971694206502 ], [ 29.509246096085015, 40.789717347756138 ], [ 29.509247494339938, 40.78971777772076 ], [ 29.509248884940963, 40.789718231829987 ], [ 29.509250267471206, 40.789718709947685 ], [ 29.509251641516197, 40.78971921193051 ], [ 29.509253006664018, 40.789719737627983 ], [ 29.509254362505406, 40.789720286882499 ], [ 29.509255708633901, 40.789720859529403 ], [ 29.509257044645945, 40.789721455397022 ], [ 29.509258370141023, 40.789722074306717 ], [ 29.509259684721755, 40.789722716072944 ], [ 29.509260987994054, 40.789723380503318 ], [ 29.50926227956721, 40.789724067398637 ], [ 29.50926355905402, 40.789724776552994 ], [ 29.509264826070915, 40.789725507753779 ], [ 29.509266080238056, 40.789726260781791 ], [ 29.509267321179454, 40.789727035411282 ], [ 29.509268548523089, 40.789727831410026 ], [ 29.50926976190102, 40.789728648539388 ], [ 29.50927096094949, 40.789729486554407 ], [ 29.509272145309037, 40.78973034520385 ] ] ] } },
{ "type": "Feature", "properties": { "fid": 389, "line_id": 334, "line_type": "road_boundary_line" }, "geometry": { "type": "MultiLineString", "coordinates": [ [ [ 29.509159287885279, 40.789741658728943 ], [ 29.509159453370522, 40.789741306333049 ], [ 29.509159612692358, 40.789740951108072 ], [ 29.509159765802444, 40.789740593161795 ], [ 29.509159912654322, 40.789740232602846 ], [ 29.509160053203431, 40.789739869540618 ], [ 29.509160187407119, 40.789739504085283 ], [ 29.509160315224673, 40.789739136347734 ], [ 29.509160436617297, 40.789738766439555 ], [ 29.509160551548167, 40.789738394472984 ], [ 29.509160659982399, 40.789738020560897 ], [ 29.509160761887099, 40.789737644816746 ], [ 29.50916085723134, 40.789737267354553 ], [ 29.509160945986196, 40.78973688828885 ], [ 29.50916102812473, 40.789736507734659 ], [ 29.509161103622016, 40.789736125807451 ], [ 29.509161172455155, 40.789735742623122 ], [ 29.509161234603255, 40.789735358297939 ], [ 29.509161290047459, 40.789734972948523 ], [ 29.509161338770937, 40.7897345866918 ], [ 29.509161380758915, 40.789734199644975 ], [ 29.509161415998648, 40.789733811925501 ], [ 29.509161444479439, 40.789733423651015 ], [ 29.509161466192651, 40.789733034939339 ], [ 29.509161481131695, 40.789732645908416 ], [ 29.509161489292037, 40.789732256676295 ], [ 29.5091614906712, 40.789731867361091 ], [ 29.509161485268763, 40.789731478080924 ], [ 29.509161473086372, 40.789731088953928 ], [ 29.509161454127717, 40.789730700098168 ], [ 29.509161428398556, 40.789730311631644 ], [ 29.509161395906695, 40.789729923672219 ], [ 29.509161356661988, 40.789729536337632 ], [ 29.509161310676351, 40.789729149745398 ], [ 29.509161257963733, 40.789728764012835 ], [ 29.509161198540127, 40.789728379256978 ], [ 29.509161132423571, 40.789727995594582 ], [ 29.509161059634124, 40.789727613142063 ], [ 29.509160980193869, 40.789727232015473 ], [ 29.509160894126914, 40.78972685233046 ], [ 29.50916080145938, 40.789726474202226 ], [ 29.509160702219376, 40.789726097745515 ], [ 29.509160596437024, 40.789725723074561 ], [ 29.509160484144413, 40.789725350303044 ], [ 29.509160365375624, 40.789724979544083 ], [ 29.509160240166697, 40.789724610910177 ], [ 29.509160108555616, 40.789724244513188 ], [ 29.509159970582324, 40.789723880464287 ], [ 29.509159826288688, 40.789723518873934 ], [ 29.509159675718486, 40.789723159851867 ], [ 29.509159518917407, 40.789722803507011 ], [ 29.509159355933036, 40.789722449947504 ] ] ] } },
{ "type": "Feature", "properties": { "fid": 390, "line_id": 335, "line_type": "center_line" }, "geometry": { "type": "MultiLineString", "coordinates": [ [ [ 29.509171833448285, 40.789751198259339 ], [ 29.509172140525195, 40.789750830020559 ], [ 29.509172441171181, 40.789750456512834 ], [ 29.509172735295852, 40.789750077848467 ], [ 29.509173022810778, 40.789749694141292 ], [ 29.509173303629517, 40.789749305506682 ], [ 29.509173577667642, 40.789748912061469 ], [ 29.50917384484276, 40.789748513923954 ], [ 29.50917410507455, 40.789748111213832 ], [ 29.509174358284767, 40.789747704052175 ], [ 29.509174604397284, 40.789747292561408 ], [ 29.509174843338112, 40.78974687686523 ], [ 29.509175075035404, 40.789746457088633 ], [ 29.50917529941951, 40.789746033357822 ], [ 29.50917551642296, 40.789745605800192 ], [ 29.509175725980519, 40.789745174544286 ], [ 29.509175928029176, 40.789744739719758 ], [ 29.50917612250819, 40.789744301457354 ], [ 29.509176309359091, 40.789743859888816 ], [ 29.509176488525696, 40.789743415146923 ], [ 29.509176659954147, 40.789742967365378 ], [ 29.509176823592895, 40.7897425166788 ], [ 29.509176979392745, 40.789742063222704 ], [ 29.509177127306859, 40.789741607133415 ], [ 29.509177267290763, 40.789741148548053 ], [ 29.50917739930237, 40.789740687604493 ], [ 29.509177523301993, 40.789740224441324 ], [ 29.50917763925235, 40.789739759197793 ], [ 29.509177747118578, 40.789739292013778 ], [ 29.509177846868251, 40.789738823029744 ], [ 29.509177938471378, 40.789738352386678 ], [ 29.509178021900418, 40.789737880226085 ], [ 29.509178097130288, 40.78973740668993 ], [ 29.509178164138369, 40.789736931920572 ], [ 29.509178222904517, 40.789736456060751 ], [ 29.509178273411059, 40.789735979253543 ], [ 29.509178315642817, 40.789735501642291 ], [ 29.509178349587092, 40.789735023370596 ], [ 29.509178375233674, 40.789734544582252 ], [ 29.509178392574857, 40.7897340654212 ], [ 29.509178401605428, 40.78973358603151 ], [ 29.509178402322668, 40.789733106557307 ], [ 29.509178394726362, 40.789732627142747 ], [ 29.509178378818795, 40.789732147931957 ], [ 29.509178354604753, 40.789731669069027 ], [ 29.509178322091508, 40.789731190697921 ], [ 29.509178281288843, 40.789730712962459 ], [ 29.50917823220902, 40.789730236006278 ], [ 29.509178174866801, 40.789729759972779 ], [ 29.509178109279421, 40.789729285005073 ], [ 29.509178035466597, 40.789728811245958 ], [ 29.509177953450529, 40.789728338837882 ], [ 29.509177863255864, 40.789727867922871 ], [ 29.50917776490973, 40.789727398642498 ], [ 29.50917765844169, 40.789726931137864 ], [ 29.509177543883755, 40.789726465549521 ], [ 29.509177421270365, 40.789726002017446 ], [ 29.509177290638384, 40.789725540681005 ], [ 29.509177152027089, 40.789725081678895 ], [ 29.509177005478151, 40.78972462514912 ], [ 29.509176851035633, 40.789724171228933 ], [ 29.509176688745967, 40.789723720054809 ], [ 29.509176518657945, 40.789723271762391 ], [ 29.509176340822705, 40.789722826486461 ], [ 29.509176155293716, 40.789722384360893 ], [ 29.509175962126751, 40.789721945518608 ], [ 29.509175761379893, 40.789721510091546 ], [ 29.50917555311349, 40.789721078210619 ], [ 29.509175337390165, 40.789720650005677 ], [ 29.509175114274768, 40.789720225605457 ], [ 29.509174883834387, 40.789719805137551 ], [ 29.509174646138298, 40.789719388728386 ], [ 29.509174401257965, 40.789718976503138 ], [ 29.509174149267015, 40.789718568585762 ], [ 29.509173890241208, 40.78971816509889 ], [ 29.50917362425842, 40.789717766163825 ], [ 29.509173351398619, 40.789717371900515 ], [ 29.509173071743842, 40.7897169824275 ], [ 29.509172785378166, 40.789716597861869 ], [ 29.509172492387687, 40.789716218319235 ], [ 29.509172192860497, 40.789715843913726 ], [ 29.509171886886644, 40.789715474757891 ], [ 29.50917157455812, 40.789715110962725 ], [ 29.50917125596883, 40.789714752637607 ], [ 29.509170931214559, 40.789714399890265 ], [ 29.509170600392942, 40.789714052826746 ], [ 29.509170263603444, 40.7897137115514 ], [ 29.509169920947318, 40.789713376166837 ], [ 29.509169572527583, 40.789713046773883 ], [ 29.509169218448999, 40.789712723471581 ], [ 29.509168858818011, 40.789712406357118 ], [ 29.509168493742749, 40.789712095525843 ], [ 29.509168123332973, 40.789711791071213 ], [ 29.509167747700044, 40.789711493084752 ] ] ] } },
{ "type": "Feature", "properties": { "fid": 391, "line_id": 336, "line_type": "dashed_line" }, "geometry": { "type": "MultiLineString", "coordinates": [ [ [ 29.509184205689905, 40.789760538284575 ], [ 29.509184668408714, 40.789759895044661 ], [ 29.509185119871223, 40.789759243855066 ], [ 29.509185559940885, 40.789758584912754 ], [ 29.5091859884846, 40.789757918417017 ], [ 29.509186405372752, 40.789757244569444 ], [ 29.509186810479253, 40.789756563573846 ], [ 29.509187203681574, 40.789755875636189 ], [ 29.509187584860786, 40.789755180964548 ], [ 29.509187953901606, 40.78975447976903 ], [ 29.509188310692412, 40.789753772261712 ], [ 29.509188655125289, 40.789753058656586 ], [ 29.509188987096064, 40.789752339169489 ], [ 29.509189306504329, 40.789751614018023 ], [ 29.509189613253479, 40.789750883421526 ], [ 29.509189907250732, 40.789750147600969 ], [ 29.509190188407171, 40.789749406778895 ], [ 29.509190456637761, 40.789748661179381 ], [ 29.509190711861365, 40.789747911027938 ], [ 29.5091909540008, 40.789747156551442 ], [ 29.509191182982821, 40.789746397978099 ], [ 29.509191398738174, 40.789745635537344 ], [ 29.509191601201607, 40.789744869459774 ], [ 29.509191790311878, 40.789744099977099 ], [ 29.509191966011791, 40.78974332732205 ], [ 29.509192128248205, 40.789742551728324 ], [ 29.509192276972051, 40.789741773430499 ], [ 29.509192412138347, 40.789740992663987 ], [ 29.509192533706209, 40.78974020966492 ], [ 29.509192641638872, 40.789739424670124 ], [ 29.509192735903689, 40.789738637917033 ], [ 29.509192816472147, 40.7897378496436 ], [ 29.50919288331988, 40.789737060088243 ], [ 29.509192936426668, 40.789736269489765 ], [ 29.509192975776454, 40.789735478087294 ], [ 29.509193001357328, 40.789734686120184 ], [ 29.509193013161561, 40.789733893827972 ], [ 29.509193011185577, 40.789733101450302 ], [ 29.509192995429974, 40.789732309226821 ], [ 29.509192965899519, 40.789731517397144 ], [ 29.509192922603145, 40.789730726200766 ], [ 29.509192865553945, 40.789729935876991 ], [ 29.509192794769174, 40.789729146664854 ], [ 29.509192710270245, 40.789728358803053 ], [ 29.509192612082707, 40.789727572529891 ], [ 29.509192500236267, 40.789726788083172 ], [ 29.509192374764748, 40.789726005700153 ], [ 29.509192235706099, 40.789725225617481 ], [ 29.509192083102381, 40.789724448071098 ], [ 29.509191916999747, 40.789723673296159 ], [ 29.509191737448443, 40.789722901527014 ], [ 29.509191544502766, 40.789722132997092 ], [ 29.509191338221079, 40.789721367938824 ], [ 29.509191118665772, 40.789720606583622 ], [ 29.509190885903251, 40.789719849161749 ], [ 29.509190640003919, 40.789719095902299 ], [ 29.509190381042142, 40.789718347033094 ], [ 29.509190109096252, 40.789717602780641 ], [ 29.509189824248494, 40.789716863370039 ], [ 29.509189526585029, 40.789716129024924 ], [ 29.509189216195882, 40.789715399967413 ], [ 29.50918889317493, 40.789714676418001 ], [ 29.509188557619879, 40.789713958595541 ], [ 29.509188209632214, 40.789713246717128 ], [ 29.50918784931719, 40.789712540998089 ], [ 29.509187476783783, 40.789711841651865 ], [ 29.509187092144671, 40.789711148889971 ], [ 29.509186695516185, 40.789710462921953 ], [ 29.509186287018295, 40.789709783955267 ], [ 29.509185866774544, 40.78970911219529 ], [ 29.509185434912045, 40.789708447845179 ], [ 29.509184991561416, 40.78970779110589 ], [ 29.509184536856747, 40.789707142176042 ], [ 29.509184070935568, 40.789706501251914 ], [ 29.509183593938797, 40.789705868527356 ], [ 29.50918310601071, 40.78970524419374 ], [ 29.509182607298882, 40.789704628439893 ], [ 29.509182097954149, 40.789704021452067 ], [ 29.509181578130562, 40.78970342341384 ], [ 29.509181047985351, 40.789702834506087 ], [ 29.50918050767886, 40.789702254906935 ], [ 29.509179957374506, 40.789701684791687 ], [ 29.509179397238729, 40.789701124332765 ], [ 29.509178827440952, 40.789700573699704 ], [ 29.509178248153507, 40.789700033059027 ] ] ] } },
{ "type": "Feature", "properties": { "fid": 392, "line_id": 337, "line_type": "center_line" }, "geometry": { "type": "MultiLineString", "coordinates": [ [ [ 29.509197096159763, 40.78977040779214 ], [ 29.509198349885743, 40.789769176386372 ], [ 29.509199255228964, 40.789767911440919 ], [ 29.509199810353774, 40.789766980702574 ], [ 29.509200349314767, 40.789766040511921 ], [ 29.509200871951037, 40.78976509114964 ], [ 29.509201378106567, 40.789764132899151 ], [ 29.509201867630239, 40.789763166046527 ], [ 29.509202340375918, 40.789762190880417 ], [ 29.509202796202469, 40.789761207691946 ], [ 29.509203234973807, 40.789760216774624 ], [ 29.509203656558945, 40.789759218424294 ], [ 29.509204060832026, 40.789758212938992 ], [ 29.509204447672353, 40.789757200618894 ], [ 29.509204816964445, 40.789756181766222 ], [ 29.509205168598047, 40.789755156685139 ], [ 29.509205502468188, 40.789754125681668 ], [ 29.509205818475195, 40.789753089063616 ], [ 29.509206116524723, 40.789752047140446 ], [ 29.509206396527798, 40.789751000223212 ], [ 29.509206658400824, 40.789749948624454 ], [ 29.509206902065625, 40.789748892658132 ], [ 29.509207127449454, 40.789747832639478 ], [ 29.509207334485026, 40.789746768884953 ], [ 29.50920752311054, 40.789745701712128 ], [ 29.509207693269673, 40.789744631439596 ], [ 29.509207844911632, 40.789743558386881 ], [ 29.509207977991146, 40.789742482874324 ], [ 29.509208092468484, 40.789741405223012 ], [ 29.509208188309469, 40.789740325754657 ], [ 29.509208265485491, 40.789739244791534 ], [ 29.50920832397351, 40.789738162656342 ], [ 29.509208363756063, 40.789737079672143 ], [ 29.509208384821278, 40.789735996162257 ], [ 29.509208387162857, 40.78973491245015 ], [ 29.509208370780112, 40.789733828859347 ], [ 29.509208335677926, 40.789732745713351 ], [ 29.509208281866783, 40.789731663335516 ], [ 29.509208209362743, 40.789730582048975 ], [ 29.509208118187459, 40.789729502176534 ], [ 29.509208008368141, 40.789728424040582 ], [ 29.509207879937581, 40.78972734796298 ], [ 29.509207732934115, 40.789726274264979 ], [ 29.509207567401635, 40.789725203267118 ], [ 29.509207383389558, 40.789724135289134 ], [ 29.509207180952814, 40.789723070649863 ], [ 29.509206960151843, 40.78972200966713 ], [ 29.509206721052561, 40.789720952657696 ], [ 29.509206463726347, 40.789719899937104 ], [ 29.509206188250026, 40.789718851819643 ], [ 29.509205894705836, 40.789717808618214 ], [ 29.509205583181412, 40.789716770644247 ], [ 29.509205253769757, 40.789715738207626 ], [ 29.509204906569213, 40.789714711616568 ], [ 29.509204541683431, 40.789713691177553 ], [ 29.509204159221344, 40.789712677195219 ], [ 29.509203759297137, 40.789711669972284 ], [ 29.509203342030194, 40.789710669809438 ], [ 29.509202907545092, 40.78970967700527 ], [ 29.50920245597154, 40.78970869185617 ], [ 29.509201987444349, 40.789707714656252 ], [ 29.509201502103394, 40.789706745697231 ], [ 29.509201000093569, 40.789705785268396 ], [ 29.50920048156474, 40.789704833656465 ], [ 29.509199946671711, 40.789703891145528 ], [ 29.509199395574164, 40.78970295801696 ], [ 29.509198828436631, 40.78970203454935 ], [ 29.509198245428419, 40.789701121018375 ], [ 29.509197646723578, 40.789700217696762 ], [ 29.50919703250085, 40.78969932485419 ], [ 29.509196402943598, 40.789698442757206 ], [ 29.509195758239773, 40.789697571669159 ], [ 29.509195098581845, 40.789696711850084 ], [ 29.509194424166743, 40.789695863556688 ], [ 29.509193735195808, 40.789695027042214 ], [ 29.50919303187473, 40.789694202556383 ], [ 29.509192314413468, 40.789693390345356 ], [ 29.509191583026222, 40.789692590651597 ], [ 29.509190837931332, 40.789691803713843 ], [ 29.509190079351239, 40.789691029767035 ], [ 29.509189307512415, 40.789690269042218 ], [ 29.509188522645275, 40.789689521766505 ], [ 29.509187724984137, 40.789688788162984 ] ] ] } },
{ "type": "Feature", "properties": { "fid": 393, "line_id": 338, "line_type": "road_boundary_line" }, "geometry": { "type": "MultiLineString", "coordinates": [ [ [ 29.50920777108022, 40.789778524903191 ], [ 29.509208561393777, 40.789777695952345 ], [ 29.509209337223588, 40.789776853430467 ], [ 29.509210098336659, 40.789775997590574 ], [ 29.509210844504398, 40.789775128689705 ], [ 29.509211575502725, 40.789774246988813 ], [ 29.509212291112096, 40.789773352752682 ], [ 29.509212991117597, 40.789772446249884 ], [ 29.509213675308999, 40.78977152775267 ], [ 29.509214343480824, 40.789770597536865 ], [ 29.509214995432405, 40.789769655881855 ], [ 29.50921563096794, 40.789768703070436 ], [ 29.509216249896568, 40.789767739388765 ], [ 29.509216852032409, 40.789766765126245 ], [ 29.509217437194621, 40.789765780575486 ], [ 29.509218005207476, 40.789764786032158 ], [ 29.509218555900375, 40.789763781794967 ], [ 29.509219089107937, 40.789762768165488 ], [ 29.509219604670029, 40.789761745448153 ], [ 29.509220102431808, 40.789760713950102 ], [ 29.509220582243792, 40.789759673981116 ], [ 29.509221043961876, 40.789758625853537 ], [ 29.509221487447398, 40.789757569882127 ], [ 29.50922191256717, 40.78975650638403 ], [ 29.509222319193512, 40.789755435678643 ], [ 29.509222707204309, 40.789754358087514 ], [ 29.509223076483032, 40.789753273934274 ], [ 29.509223426918776, 40.789752183544522 ], [ 29.509223758406296, 40.789751087245726 ], [ 29.509224070846042, 40.789749985367138 ], [ 29.509224364144174, 40.789748878239671 ], [ 29.509224638212615, 40.789747766195831 ], [ 29.509224892969051, 40.78974664956958 ], [ 29.509225128336972, 40.78974552869628 ], [ 29.509225344245696, 40.789744403912543 ], [ 29.509225540630375, 40.789743275556184 ], [ 29.509225717432034, 40.789742143966066 ], [ 29.509225874597572, 40.789741009482036 ], [ 29.50922601207979, 40.789739872444805 ], [ 29.509226129837398, 40.789738733195861 ], [ 29.509226227835033, 40.789737592077337 ], [ 29.50922630604326, 40.789736449431942 ], [ 29.509226364438593, 40.789735305602846 ], [ 29.509226403003492, 40.789734160933563 ], [ 29.509226421726382, 40.789733015767865 ], [ 29.509226420601635, 40.789731870449678 ], [ 29.509226399629586, 40.789730725322961 ], [ 29.509226358816541, 40.789729580731631 ], [ 29.509226298174749, 40.789728437019434 ], [ 29.509226217722428, 40.789727294529854 ], [ 29.509226117483738, 40.789726153606004 ], [ 29.509225997488784, 40.789725014590537 ], [ 29.509225857773604, 40.78972387782553 ], [ 29.509225698380153, 40.789722743652369 ], [ 29.509225519356303, 40.789721612411689 ], [ 29.509225320755824, 40.789720484443215 ], [ 29.509225102638354, 40.789719360085719 ], [ 29.509224865069402, 40.789718239676859 ], [ 29.50922460812032, 40.789717123553125 ], [ 29.509224331868268, 40.789716012049716 ], [ 29.509224036396212, 40.789714905500446 ], [ 29.509223721792896, 40.789713804237643 ], [ 29.509223388152797, 40.789712708592027 ], [ 29.50922303557612, 40.78971161889266 ], [ 29.50922266416875, 40.78971053546681 ], [ 29.509222274042227, 40.789709458639841 ], [ 29.509221865313719, 40.789708388735157 ], [ 29.509221438105978, 40.78970732607408 ], [ 29.509220992547302, 40.789706270975749 ], [ 29.5092205287715, 40.789705223757039 ], [ 29.509220046917864, 40.789704184732457 ], [ 29.509219547131099, 40.789703154214038 ], [ 29.509219029561308, 40.789702132511273 ], [ 29.509218494363928, 40.789701119931017 ], [ 29.509217941699688, 40.789700116777361 ], [ 29.509217371734572, 40.789699123351575 ], [ 29.509216784639751, 40.789698139952016 ], [ 29.509216180591547, 40.789697166874021 ], [ 29.509215559771366, 40.789696204409829 ], [ 29.509214922365658, 40.789695252848489 ], [ 29.509214268565852, 40.789694312475774 ], [ 29.509213598568302, 40.789693383574111 ], [ 29.509212912574217, 40.789692466422473 ], [ 29.509212210789624, 40.789691561296287 ], [ 29.509211493425287, 40.789690668467401 ], [ 29.509210760696643, 40.789689788203944 ], [ 29.50921001282375, 40.789688920770281 ], [ 29.509209250031212, 40.789688066426926 ], [ 29.509208472548117, 40.789687225430463 ], [ 29.509207680607961, 40.789686398033453 ], [ 29.50920687444858, 40.789685584484388 ], [ 29.509206054312088, 40.789684785027603 ], [ 29.509205220444787, 40.78968399990319 ], [ 29.509204373097113, 40.789683229346942 ], [ 29.509203512523538, 40.789682473590268 ], [ 29.509202638982519, 40.789681732860153 ], [ 29.509201752736399, 40.789681007379045 ], [ 29.509200854051343, 40.789680297364832 ], [ 29.509199943197242, 40.789679603030741 ], [ 29.50919902044765, 40.789678924585303 ], [ 29.509198086079696, 40.789678262232265 ], [ 29.509197140373985, 40.789677616170557 ] ] ] } },
{ "type": "Feature", "properties": { "fid": 394, "line_id": 339, "line_type": "center_line" }, "geometry": { "type": "MultiLineString", "coordinates": [ [ [ 29.509121641404938, 40.789643188417855 ], [ 29.509121233924041, 40.789642742155976 ], [ 29.509120834017558, 40.789642289094004 ], [ 29.509120441798956, 40.789641829360477 ], [ 29.509120057379516, 40.789641363085835 ], [ 29.509119680868306, 40.789640890402374 ], [ 29.50911931237215, 40.789640411444203 ], [ 29.5091189519956, 40.78963992634722 ], [ 29.509118599840903, 40.789639435249043 ], [ 29.509118256007973, 40.789638938289023 ], [ 29.509117920594367, 40.789638435608154 ], [ 29.509117593695244, 40.789637927349055 ], [ 29.509117275403359, 40.789637413655932 ], [ 29.509116965809014, 40.789636894674537 ], [ 29.50911666500005, 40.789636370552117 ], [ 29.509116373061815, 40.789635841437374 ], [ 29.509116090077139, 40.789635307480431 ], [ 29.509115816126307, 40.789634768832784 ], [ 29.509115551287049, 40.789634225647255 ], [ 29.509115295634505, 40.789633678077969 ], [ 29.50911504924121, 40.789633126280279 ], [ 29.509114812177074, 40.789632570410745 ], [ 29.509114584509351, 40.789632010627081 ], [ 29.509114366302644, 40.789631447088098 ], [ 29.509114157618857, 40.789630879953705 ], [ 29.509113958517201, 40.789630309384798 ], [ 29.509113769054164, 40.789629735543265 ], [ 29.509113589283505, 40.789629158591922 ], [ 29.509113419256224, 40.789628578694455 ], [ 29.509113360242068, 40.789626795994948 ], [ 29.509113332115977, 40.789625012540675 ], [ 29.509113334886393, 40.789623228866795 ], [ 29.509113368552484, 40.789621445508502 ], [ 29.509113433104147, 40.789619663000913 ], [ 29.509113528522015, 40.789617881878897 ], [ 29.509113654777451, 40.789616102676895 ], [ 29.509113811832577, 40.789614325928774 ], [ 29.509113999640263, 40.789612552167661 ], [ 29.5091140659469, 40.789612199270586 ], [ 29.509114126136161, 40.789611845278827 ], [ 29.509114180190018, 40.789611490298412 ], [ 29.509114228092276, 40.789611134435681 ], [ 29.509114269828586, 40.789610777797215 ], [ 29.509114305386451, 40.789610420489851 ], [ 29.509114334755214, 40.789610062620618 ], [ 29.50911435792608, 40.789609704296709 ], [ 29.509114374892111, 40.78960934562545 ], [ 29.509114385648225, 40.789608986714299 ], [ 29.509114390191193, 40.789608627670738 ], [ 29.509114388519663, 40.789608268602336 ], [ 29.509114380634134, 40.789607909616635 ], [ 29.509114366536963, 40.789607550821174 ], [ 29.509114346232376, 40.789607192323423 ], [ 29.509114319726454, 40.789606834230767 ], [ 29.509114287027138, 40.789606476650469 ], [ 29.509114248144225, 40.789606119689644 ], [ 29.509114203089357, 40.789605763455206 ], [ 29.50911415187603, 40.789605408053873 ], [ 29.509114094519589, 40.789605053592098 ], [ 29.509114031037214, 40.789604700176049 ], [ 29.509113961447916, 40.789604347911599 ], [ 29.509113885772543, 40.789603996904262 ], [ 29.50911380403376, 40.789603647259177 ], [ 29.509113716256056, 40.78960329908108 ], [ 29.509113622465719, 40.789602952474262 ], [ 29.509113522690846, 40.789602607542548 ], [ 29.509113416961327, 40.789602264389252 ], [ 29.509113305308823, 40.789601923117175 ], [ 29.509113187766786, 40.789601583828528 ], [ 29.509113064370425, 40.789601246624954 ], [ 29.509112935156693, 40.789600911607458 ], [ 29.509112800164306, 40.789600578876382 ], [ 29.509112659433697, 40.789600248531393 ], [ 29.509112513007015, 40.789599920671456 ], [ 29.509112360928125, 40.789599595394762 ], [ 29.50911220324258, 40.78959927279876 ], [ 29.509112039997614, 40.789598952980072 ], [ 29.509111871242123, 40.789598636034491 ], [ 29.509111697026661, 40.789598322056968 ], [ 29.509111517403408, 40.789598011141543 ], [ 29.509111332426169, 40.789597703381354 ], [ 29.509111142150356, 40.789597398868587 ], [ 29.509110946632962, 40.789597097694447 ], [ 29.509110745932549, 40.789596799949152 ], [ 29.509110540109241, 40.789596505721896 ], [ 29.509110329224683, 40.789596215100808 ], [ 29.50911011334205, 40.789595928172936 ], [ 29.509109892526006, 40.789595645024235 ], [ 29.509109666842697, 40.789595365739508 ], [ 29.509109436359715, 40.789595090402429 ], [ 29.50910920114611, 40.789594819095456 ], [ 29.50910752900478, 40.789593270508128 ], [ 29.509105830555434, 40.789591750820939 ], [ 29.509104106297496, 40.789590260480743 ], [ 29.509102356737973, 40.789588799925781 ], [ 29.509100582391319, 40.789587369585512 ], [ 29.509098783779276, 40.78958596988052 ], [ 29.509096961430718, 40.789584601222394 ], [ 29.509095115881497, 40.789583264013579 ], [ 29.509093247674297, 40.789581958647275 ], [ 29.509091357358454, 40.789580685507318 ], [ 29.509089445489806, 40.789579444968076 ], [ 29.509086580349308, 40.789577460518785 ], [ 29.509083682204288, 40.789575524588898 ], [ 29.509080751876311, 40.789573637727216 ], [ 29.509077790196059, 40.789571800468622 ], [ 29.509074798003105, 40.789570013333936 ], [ 29.509071776145671, 40.789568276829769 ], [ 29.509068725480386, 40.789566591448391 ], [ 29.509065646872052, 40.789564957667565 ], [ 29.509062541193384, 40.789563375950436 ], [ 29.509059409324777, 40.789561846745386 ], [ 29.509057507247256, 40.789561903222328 ], [ 29.509055606408285, 40.78956199210289 ], [ 29.509053707359854, 40.789562113361264 ], [ 29.509051810653421, 40.789562266962243 ], [ 29.509049916839778, 40.789562452861226 ], [ 29.509048026468868, 40.789562671004219 ], [ 29.509046140089634, 40.789562921327878 ], [ 29.509044258249865, 40.789563203759513 ], [ 29.50904238149603, 40.789563518217115 ], [ 29.509041553856378, 40.78956374334178 ], [ 29.509040722562421, 40.789563954573552 ], [ 29.509039887847344, 40.78956415185317 ], [ 29.509039049945297, 40.789564335125299 ], [ 29.509038209091333, 40.789564504338522 ], [ 29.509037365521319, 40.789564659445382 ], [ 29.509036519471888, 40.78956480040236 ], [ 29.509035671180374, 40.78956492716992 ], [ 29.509034820884732, 40.7895650397125 ], [ 29.509033968823488, 40.789565137998537 ], [ 29.509033115235656, 40.789565222000448 ], [ 29.509032260360684, 40.789565291694672 ], [ 29.509031404438371, 40.789565347061668 ], [ 29.509030547708822, 40.789565388085897 ], [ 29.509029690412362, 40.789565414755849 ], [ 29.509028832789475, 40.789565427064048 ], [ 29.509027975080738, 40.789565425007041 ], [ 29.509027117526752, 40.789565408585403 ], [ 29.509026288184167, 40.789565562176868 ], [ 29.509025456301096, 40.789565701353069 ], [ 29.509024622128074, 40.789565826072092 ], [ 29.509023785916337, 40.78956593629637 ], [ 29.509022947917725, 40.789566031992713 ], [ 29.509022108384624, 40.789566113132295 ], [ 29.509021267569871, 40.789566179690674 ], [ 29.509020425726707, 40.789566231647818 ], [ 29.50901958310866, 40.789566268988061 ], [ 29.509018739969516, 40.789566291700176 ], [ 29.509017896563194, 40.789566299777313 ], [ 29.509017053143712, 40.789566293217035 ], [ 29.509016209965079, 40.789566272021325 ], [ 29.509015367281243, 40.789566236196571 ], [ 29.509014525345993, 40.78956618575355 ], [ 29.509013684412899, 40.789566120707462 ], [ 29.509012844735228, 40.789566041077897 ], [ 29.509012006565861, 40.789565946888828 ], [ 29.50901117015724, 40.789565838168642 ], [ 29.509010335761264, 40.789565714950058 ], [ 29.509009503629233, 40.78956557727021 ], [ 29.50900867401176, 40.789565425170544 ], [ 29.509007847158699, 40.789565258696875 ], [ 29.509007023319082, 40.789565077899347 ], [ 29.509006202741023, 40.789564882832401 ], [ 29.50900538567166, 40.789564673554793 ], [ 29.509004572357071, 40.789564450129546 ], [ 29.509003763042205, 40.789564212623951 ], [ 29.5090029579708, 40.789563961109543 ], [ 29.509002157385329, 40.789563695662068 ], [ 29.509001361526899, 40.789563416361467 ], [ 29.509000570635205, 40.78956312329187 ], [ 29.508999784948443, 40.789562816541526 ], [ 29.508999004703238, 40.789562496202826 ], [ 29.508998230134576, 40.789562162372256 ] ] ] } },
{ "type": "Feature", "properties": { "fid": 396, "line_id": 340, "line_type": "road_boundary_line" }, "geometry": { "type": "MultiLineString", "coordinates": [ [ [ 29.509194461626326, 40.789878522246489 ], [ 29.509193945340364, 40.789876681555469 ], [ 29.509193460672464, 40.789874832287595 ], [ 29.509193007764953, 40.789872974985947 ], [ 29.509192586750839, 40.789871110195946 ], [ 29.509192197753759, 40.789869238465222 ], [ 29.509191840887944, 40.789867360343436 ], [ 29.509191516258198, 40.789865476382147 ], [ 29.509191223959856, 40.78986358713459 ], [ 29.509190964078755, 40.789861693155594 ], [ 29.50919073669121, 40.789859795001348 ], [ 29.509190924537741, 40.789859175599624 ], [ 29.509191101553711, 40.789858553016167 ], [ 29.509191267685285, 40.789857927440345 ], [ 29.509191422881926, 40.789857299062419 ], [ 29.509191567096437, 40.789856668073526 ], [ 29.509191700284951, 40.789856034665569 ], [ 29.509191822406958, 40.789855399031218 ], [ 29.509191933425313, 40.789854761363799 ], [ 29.509192033306253, 40.78985412185726 ], [ 29.509192122019396, 40.789853480706114 ], [ 29.509192199537758, 40.789852838105375 ], [ 29.509192265837761, 40.789852194250479 ], [ 29.509192320899242, 40.789851549337271 ], [ 29.509192364705456, 40.789850903561899 ], [ 29.509192397243073, 40.789850257120783 ], [ 29.509192418502202, 40.789849610210538 ], [ 29.509192428476371, 40.789848963027929 ], [ 29.509192427162553, 40.789848315769802 ], [ 29.509192414561145, 40.789847668633016 ], [ 29.509192390675977, 40.78984702181441 ], [ 29.509192355514315, 40.789846375510713 ], [ 29.50919230908686, 40.789845729918497 ], [ 29.509192251407722, 40.789845085234134 ], [ 29.509192182494452, 40.789844441653699 ], [ 29.509192102368011, 40.789843799372946 ], [ 29.509192011052765, 40.789843158587225 ], [ 29.509192097408505, 40.789842399579115 ], [ 29.509192170985592, 40.789841639225884 ], [ 29.509192231763212, 40.789840877742655 ], [ 29.509192279724164, 40.789840115344873 ], [ 29.509192314854882, 40.789839352248251 ], [ 29.509192337145421, 40.78983858866868 ], [ 29.509192346589483, 40.789837824822207 ], [ 29.509192343184392, 40.789837060924938 ], [ 29.509192326931107, 40.789836297193013 ], [ 29.509192297834232, 40.789835533842506 ], [ 29.509192255901997, 40.789834771089389 ], [ 29.50919220114627, 40.789834009149473 ], [ 29.509192133582538, 40.789833248238331 ], [ 29.509192053229917, 40.789832488571243 ], [ 29.509191960111142, 40.78983173036314 ], [ 29.509191854252563, 40.78983097382855 ], [ 29.509191735684123, 40.789830219181518 ], [ 29.509191604439376, 40.789829466635538 ], [ 29.509191460555449, 40.789828716403548 ], [ 29.509191304073052, 40.7898279686978 ], [ 29.509191135036463, 40.789827223729844 ], [ 29.509190953493501, 40.789826481710449 ], [ 29.509190759495535, 40.789825742849558 ], [ 29.509190553097447, 40.789825007356214 ], [ 29.50919033435764, 40.789824275438512 ], [ 29.509190103337996, 40.789823547303534 ], [ 29.509189795586561, 40.789822551687607 ], [ 29.509189504946839, 40.789821550942598 ], [ 29.509189231504237, 40.789820545362581 ], [ 29.509188975339107, 40.789819535243055 ], [ 29.509188736526728, 40.789818520880857 ], [ 29.509188515137275, 40.78981750257406 ], [ 29.509188311235807, 40.789816480621901 ], [ 29.50918812488224, 40.789815455324693 ], [ 29.509187956131335, 40.789814426983718 ], [ 29.509187805032681, 40.78981339590117 ], [ 29.509187671630681, 40.78981236238004 ], [ 29.509187555964534, 40.789811326724028 ], [ 29.509187458068233, 40.789810289237479 ], [ 29.509187377970541, 40.789809250225268 ], [ 29.509187315694998, 40.789808209992707 ], [ 29.50918725517883, 40.789807704103119 ], [ 29.509187203139426, 40.789807197271401 ], [ 29.50918715959137, 40.789806689639597 ], [ 29.50918712454687, 40.789806181349945 ], [ 29.509187098015744, 40.789805672544894 ], [ 29.509187080005422, 40.789805163367014 ], [ 29.509187070520955, 40.789804653958996 ], [ 29.509187069565002, 40.789804144463588 ], [ 29.509187077137831, 40.78980363502356 ], [ 29.509187093237315, 40.789803125781681 ], [ 29.509187117858946, 40.78980261688065 ], [ 29.509187150995828, 40.789802108463078 ], [ 29.509187192638667, 40.789801600671424 ], [ 29.509187242775802, 40.789801093648002 ], [ 29.509187301393176, 40.789800587534884 ], [ 29.509187368474365, 40.789800082473903 ], [ 29.509187444000574, 40.789799578606576 ], [ 29.509187527950637, 40.789799076074118 ], [ 29.509187620301027, 40.78979857501735 ], [ 29.509187721025867, 40.78979807557667 ], [ 29.509187830096931, 40.789797577892045 ], [ 29.50918794748365, 40.789797082102929 ], [ 29.509188073153137, 40.789796588348274 ], [ 29.509188207070171, 40.789796096766423 ] ] ] } },
{ "type": "Feature", "properties": { "fid": 397, "line_id": 341, "line_type": "road_boundary_line" }, "geometry": { "type": "MultiLineString", "coordinates": [ [ [ 29.509089075620864, 40.789923346856433 ], [ 29.509089878975342, 40.789923436013311 ], [ 29.509090683733888, 40.789923511452329 ], [ 29.509091489662282, 40.789923573151533 ], [ 29.509092296525953, 40.789923621092953 ], [ 29.509093104090066, 40.789923655262648 ], [ 29.509093912119578, 40.789923675650662 ], [ 29.509094720379316, 40.789923682251072 ], [ 29.509095528634028, 40.789923675061956 ], [ 29.509096336648476, 40.789923654085399 ], [ 29.509097144187489, 40.789923619327503 ], [ 29.509097951016027, 40.7899235707984 ], [ 29.509098756899267, 40.789923508512203 ], [ 29.509099561602653, 40.789923432487043 ], [ 29.509100364891978, 40.789923342745041 ], [ 29.509101166533441, 40.78992323931233 ], [ 29.509101966293731, 40.789923122219001 ], [ 29.509102763940071, 40.789922991499147 ], [ 29.509103559240309, 40.789922847190802 ], [ 29.509104351962968, 40.789922689335974 ], [ 29.509105141877331, 40.7899225179806 ], [ 29.509105928753492, 40.789922333174559 ], [ 29.509106712362431, 40.78992213497164 ], [ 29.509107492476076, 40.789921923429524 ], [ 29.509108268867376, 40.789921698609788 ], [ 29.50910904131036, 40.789921460577858 ], [ 29.509109809580213, 40.789921209403019 ], [ 29.509111064075928, 40.789920898918815 ], [ 29.50911232366272, 40.789920609780346 ], [ 29.50911358797741, 40.789920342070971 ], [ 29.509114856655454, 40.789920095867885 ], [ 29.509116129331055, 40.789919871242077 ], [ 29.509117405637262, 40.789919668258314 ], [ 29.509118685206076, 40.789919486975116 ], [ 29.509119967668553, 40.789919327444757 ], [ 29.509121252654921, 40.789919189713238 ], [ 29.509122539794681, 40.789919073820265 ], [ 29.509123828716707, 40.789918979799261 ], [ 29.509125119049365, 40.789918907677325 ], [ 29.50912641042061, 40.789918857475257 ], [ 29.509127702458102, 40.789918829207537 ], [ 29.509128994789304, 40.789918822882314 ], [ 29.509130287041593, 40.7899188385014 ], [ 29.509131578842378, 40.789918876060305 ], [ 29.509132869819194, 40.789918935548201 ], [ 29.509134159599807, 40.78991901694792 ], [ 29.50913544781233, 40.789919120236007 ], [ 29.509136734085342, 40.78991924538267 ], [ 29.50913801804796, 40.789919392351834 ], [ 29.509139299329981, 40.789919561101122 ], [ 29.509150473769701, 40.789921946156241 ], [ 29.509150473769701, 40.789921946156241 ] ] ] } },
{ "type": "Feature", "properties": { "fid": 399, "line_id": 342, "line_type": "road_boundary_line" }, "geometry": { "type": "MultiLineString", "coordinates": [ [ [ 29.508959667373443, 40.790313160083834 ], [ 29.509137508231888, 40.790433391513773 ] ] ] } },
{ "type": "Feature", "properties": { "fid": 400, "line_id": 343, "line_type": "road_boundary_line" }, "geometry": { "type": "MultiLineString", "coordinates": [ [ [ 29.509004537444596, 40.790273716160819 ], [ 29.509181427774749, 40.790394226084992 ] ] ] } },
{ "type": "Feature", "properties": { "fid": 401, "line_id": 344, "line_type": "dashed_line" }, "geometry": { "type": "MultiLineString", "coordinates": [ [ [ 29.508982102409021, 40.790293438122326 ], [ 29.509159848151995, 40.790413380101221 ] ] ] } },
{ "type": "Feature", "properties": { "fid": 402, "line_id": 345, "line_type": "center_line" }, "geometry": { "type": "MultiLineString", "coordinates": [ [ [ 29.508993059054301, 40.790283733665078 ], [ 29.509170456774207, 40.790403489264271 ] ] ] } },
{ "type": "Feature", "properties": { "fid": 403, "line_id": 346, "line_type": "center_line" }, "geometry": { "type": "MultiLineString", "coordinates": [ [ [ 29.508957432762479, 40.790228405161344 ], [ 29.508956875640305, 40.79022910560775 ], [ 29.508956330819473, 40.790229815664468 ], [ 29.508955798465728, 40.790230535115491 ], [ 29.508955278741023, 40.790231263741951 ], [ 29.508954771803467, 40.790232001322181 ], [ 29.50895427780728, 40.790232747631798 ], [ 29.508953796902741, 40.790233502443769 ], [ 29.508953329236153, 40.790234265528461 ], [ 29.508952874949784, 40.790235036653726 ], [ 29.50895243418184, 40.790235815584985 ], [ 29.508952007066409, 40.790236602085265 ], [ 29.508951593733425, 40.790237395915305 ], [ 29.508951194308633, 40.790238196833599 ], [ 29.508950808913546, 40.790239004596501 ], [ 29.508950437665405, 40.790239818958277 ], [ 29.508950080677153, 40.790240639671183 ], [ 29.508949738057392, 40.79024146648554 ], [ 29.50894940991035, 40.790242299149817 ], [ 29.508949096335854, 40.790243137410712 ], [ 29.508948797429305, 40.790243981013198 ], [ 29.508948513281631, 40.790244829700647 ], [ 29.508948243979276, 40.790245683214863 ], [ 29.508947989604163, 40.790246541296206 ], [ 29.508947750233684, 40.790247403683622 ], [ 29.508947525940656, 40.790248270114766 ], [ 29.508947316793311, 40.79024914032604 ], [ 29.508947122855275, 40.790250014052731 ], [ 29.508946944185553, 40.790250891029018 ], [ 29.508946780838496, 40.790251770988121 ], [ 29.508946632863793, 40.790252653662336 ], [ 29.508946500306468, 40.790253538783141 ], [ 29.508946383206844, 40.790254426081269 ], [ 29.50894628160054, 40.790255315286778 ], [ 29.508946195518476, 40.790256206129165 ], [ 29.508946124986831, 40.79025709833742 ], [ 29.508946070027065, 40.790257991640118 ], [ 29.508946030655899, 40.790258885765496 ], [ 29.50894600688531, 40.790259780441552 ], [ 29.508945998722528, 40.790260675396105 ], [ 29.508946006170039, 40.790261570356897 ], [ 29.508946029225573, 40.790262465051661 ], [ 29.508946067882118, 40.790263359208225 ], [ 29.508946122127917, 40.790264252554557 ], [ 29.508946191946464, 40.790265144818903 ], [ 29.508946277316518, 40.7902660357298 ], [ 29.508946378212112, 40.79026692501624 ], [ 29.508946494602551, 40.79026781240767 ], [ 29.508946626452424, 40.790268697634133 ], [ 29.508946773721622, 40.790269580426333 ], [ 29.508946936365341, 40.790270460515707 ], [ 29.508947114334106, 40.790271337634515 ], [ 29.508947307573774, 40.790272211515919 ], [ 29.508947516025557, 40.790273081894078 ], [ 29.508947739626041, 40.790273948504201 ], [ 29.508947978307205, 40.790274811082654 ], [ 29.508948231996435, 40.79027566936702 ], [ 29.508948500616555, 40.790276523096203 ], [ 29.508948784085845, 40.790277372010479 ], [ 29.508949082318072, 40.790278215851586 ], [ 29.508949395222508, 40.790279054362827 ], [ 29.50894972270396, 40.790279887289103 ], [ 29.508950064662802, 40.790280714377026 ], [ 29.508950420995006, 40.79028153537498 ], [ 29.50895079159217, 40.790282350033209 ], [ 29.508951176341551, 40.790283158103875 ], [ 29.508951575126098, 40.790283959341146 ], [ 29.508951987824503, 40.790284753501275 ], [ 29.508952414311207, 40.790285540342666 ], [ 29.508952854456467, 40.790286319625949 ], [ 29.508953308126387, 40.790287091114045 ], [ 29.508953775182952, 40.790287854572263 ], [ 29.508954255484074, 40.790288609768339 ], [ 29.508954748883635, 40.790289356472535 ], [ 29.508955255231538, 40.790290094457688 ], [ 29.508955774373739, 40.790290823499291 ], [ 29.50895630615231, 40.790291543375552 ], [ 29.508956850405472, 40.790292253867484 ], [ 29.508957406967657, 40.790292954758925 ], [ 29.508957975669542, 40.79029364583667 ], [ 29.508958556338129, 40.790294326890468 ], [ 29.508959148796759, 40.79029499771314 ], [ 29.508959752865202, 40.790295658100604 ], [ 29.508960368359684, 40.79029630785196 ], [ 29.508960995092966, 40.790296946769537 ], [ 29.508961632874382, 40.790297574658979 ], [ 29.508962281509909, 40.790298191329263 ], [ 29.50896294080222, 40.790298796592779 ], [ 29.508963610550751, 40.79029939026541 ], [ 29.508964290551745, 40.790299972166544 ], [ 29.508964980598343, 40.790300542119155 ], [ 29.508965680480614, 40.790301099949858 ], [ 29.508966389985641, 40.790301645488945 ], [ 29.508967108897586, 40.790302178570457 ], [ 29.508967836997741, 40.790302699032225 ], [ 29.508968574064603, 40.790303206715912 ], [ 29.508969319873945, 40.790303701467067 ], [ 29.508969934203868, 40.790304131355619 ], [ 29.508969973432475, 40.790304108706977 ] ] ] } },
{ "type": "Feature", "properties": { "fid": 404, "line_id": 347, "line_type": "center_line" }, "geometry": { "type": "MultiLineString", "coordinates": [ [ [ 29.508969973432475, 40.790304108706977 ], [ 29.509148157113589, 40.790424340462266 ] ] ] } },
{ "type": "Feature", "properties": { "fid": 405, "line_id": 348, "line_type": "center_line" }, "geometry": { "type": "MultiLineString", "coordinates": [ [ [ 29.508892433272244, 40.790249306562565 ], [ 29.508969934203868, 40.790304131355619 ] ] ] } },
{ "type": "Feature", "properties": { "fid": 409, "line_id": 349, "line_type": "road_boundary_line" }, "geometry": { "type": "MultiLineString", "coordinates": [ [ [ 29.509038340351626, 40.789927098060033 ], [ 29.509044234421822, 40.789921179879201 ], [ 29.509089075620864, 40.789923346856433 ] ] ] } },
{ "type": "Feature", "properties": { "fid": 410, "line_id": 350, "line_type": "road_boundary_line" }, "geometry": { "type": "MultiLineString", "coordinates": [ [ [ 29.508988309897113, 40.789882466575428 ], [ 29.508986166529372, 40.789868086855755 ], [ 29.508985358583345, 40.789850019060125 ], [ 29.508982701756256, 40.78982167418922 ], [ 29.508983608099712, 40.789814151433859 ], [ 29.508973885189281, 40.789803928111127 ] ] ] } },
{ "type": "Feature", "properties": { "fid": 411, "line_id": 351, "line_type": "road_boundary_line" }, "geometry": { "type": "MultiLineString", "coordinates": [ [ [ 29.509016125480173, 40.789761129375968 ], [ 29.509033086594759, 40.789767503027335 ], [ 29.509057654257646, 40.789764837003801 ], [ 29.509083109267948, 40.789762919387741 ], [ 29.509106927908604, 40.789763732343459 ], [ 29.509119904603843, 40.789762291941784 ], [ 29.509136621127539, 40.789758929772134 ] ] ] } },
{ "type": "Feature", "properties": { "fid": 433, "line_id": 352, "line_type": "parking_area_boundary_line" }, "geometry": { "type": "MultiLineString", "coordinates": [ [ [ 29.50920470725659, 40.790180392995438 ], [ 29.509204928427348, 40.790180642093695 ], [ 29.509205145231778, 40.790180895001356 ], [ 29.509205357604273, 40.790181151641896 ], [ 29.509205565480574, 40.790181411937674 ], [ 29.509205768797784, 40.790181675809905 ], [ 29.509205967494385, 40.790181943178766 ], [ 29.509206161510246, 40.790182213963348 ], [ 29.50920635078667, 40.790182488081719 ], [ 29.509206535266383, 40.790182765450936 ], [ 29.509206714893562, 40.790183045987071 ], [ 29.509206889613861, 40.790183329605235 ], [ 29.509207059374404, 40.790183616219615 ], [ 29.509207224123834, 40.790183905743483 ], [ 29.509207383812296, 40.790184198089236 ], [ 29.509207538391468, 40.790184493168425 ], [ 29.509207687814584, 40.79018479089175 ], [ 29.509207832036427, 40.790185091169128 ], [ 29.509207971013357, 40.790185393909709 ], [ 29.509208104703326, 40.790185699021876 ], [ 29.50920823306588, 40.790186006413322 ], [ 29.509208356062182, 40.790186315991029 ], [ 29.509208473655008, 40.790186627661321 ], [ 29.509208585808782, 40.7901869413299 ], [ 29.509208692489569, 40.790187256901852 ], [ 29.509208793665085, 40.790187574281688 ], [ 29.50920888930472, 40.790187893373378 ], [ 29.509208979379533, 40.790188214080366 ], [ 29.509209063862272, 40.790188536305614 ], [ 29.509209142727371, 40.790188859951627 ], [ 29.509209215950968, 40.790189184920472 ], [ 29.509209283510906, 40.790189511113823 ], [ 29.509209345386743, 40.790189838432973 ], [ 29.509209401559758, 40.790190166778885 ], [ 29.50920945201295, 40.790190496052205 ], [ 29.50920949673106, 40.790190826153307 ], [ 29.509209535700549, 40.790191156982303 ], [ 29.509209568909629, 40.790191488439092 ], [ 29.509209596348256, 40.790191820423381 ], [ 29.509209618008121, 40.790192152834713 ], [ 29.509209633882669, 40.790192485572518 ], [ 29.509209643967104, 40.790192818536099 ], [ 29.50920964825837, 40.790193151624727 ], [ 29.509209646755171, 40.7901934847376 ], [ 29.509209639457957, 40.790193817773925 ], [ 29.509209626368943, 40.790194150632942 ], [ 29.509209607492082, 40.790194483213924 ], [ 29.50920958283309, 40.790194815416243 ], [ 29.50920955239943, 40.790195147139372 ], [ 29.509209516200304, 40.790195478282953 ], [ 29.509209474246674, 40.790195808746773 ], [ 29.50920942655123, 40.790196138430851 ], [ 29.509209373128403, 40.790196467235425 ], [ 29.509209313994358, 40.790196795061 ], [ 29.509209249166986, 40.79019712180839 ], [ 29.509209178665909, 40.790197447378731 ], [ 29.509209102512454, 40.790197771673498 ], [ 29.509209020729667, 40.790198094594572 ], [ 29.50920893334229, 40.790198416044248 ], [ 29.509208840376765, 40.790198735925252 ], [ 29.509208741861226, 40.7901990541408 ], [ 29.509208637825481, 40.7901993705946 ], [ 29.509208528301006, 40.790199685190906 ], [ 29.509208413320945, 40.79019999783452 ], [ 29.509208292920086, 40.790200308430848 ], [ 29.509208167134858, 40.790200616885905 ], [ 29.509208036003329, 40.790200923106362 ], [ 29.509207899565169, 40.790201226999557 ], [ 29.509207757861667, 40.790201528473538 ], [ 29.509207610935697, 40.790201827437087 ], [ 29.509207458831717, 40.790202123799752 ], [ 29.509207301595751, 40.790202417471839 ], [ 29.509207139275379, 40.790202708364504 ], [ 29.50920697191971, 40.790202996389716 ], [ 29.509206799579385, 40.790203281460343 ], [ 29.509206622306554, 40.790203563490103 ], [ 29.509206440154852, 40.79020384239368 ], [ 29.5092062531794, 40.79020411808667 ], [ 29.509206061436771, 40.790204390485663 ], [ 29.509205864984978, 40.79020465950822 ], [ 29.509205663883471, 40.790204925072956 ], [ 29.509205458193101, 40.790205187099517 ] ] ] } },
{ "type": "Feature", "properties": { "fid": 434, "line_id": 353, "line_type": "parking_area_boundary_line" }, "geometry": { "type": "MultiLineString", "coordinates": [ [ [ 29.509205458193101, 40.790205187099517 ], [ 29.509076359759021, 40.790318500404908 ], [ 29.509076359759021, 40.790318500404908 ] ] ] } },
{ "type": "Feature", "properties": { "fid": 435, "line_id": 354, "line_type": "parking_area_boundary_line" }, "geometry": { "type": "MultiLineString", "coordinates": [ [ [ 29.509253464795595, 40.790141476427607 ], [ 29.509289379426185, 40.790165285409927 ], [ 29.509291206405088, 40.790166483158636 ], [ 29.50929507940991, 40.790169049323438 ], [ 29.509364359302705, 40.790214952602824 ], [ 29.509364359302705, 40.790214952602824 ] ] ] } },
{ "type": "Feature", "properties": { "fid": 436, "line_id": 355, "line_type": "parking_area_boundary_line" }, "geometry": { "type": "MultiLineString", "coordinates": [ [ [ 29.509364359302705, 40.790214952602824 ], [ 29.509364527518958, 40.790215065029813 ], [ 29.50936469375236, 40.790215180368413 ], [ 29.509364857952523, 40.790215298583654 ], [ 29.509365020069669, 40.790215419639701 ], [ 29.509365180054658, 40.790215543499869 ], [ 29.509365337858995, 40.790215670126592 ], [ 29.509365493434839, 40.790215799481501 ], [ 29.509365646735034, 40.790215931525388 ], [ 29.509365797713112, 40.790216066218214 ], [ 29.5093659463233, 40.790216203519151 ], [ 29.509366092520555, 40.790216343386582 ], [ 29.509366236260561, 40.79021648577811 ], [ 29.509366377499742, 40.790216630650576 ], [ 29.509366516195286, 40.790216777960055 ], [ 29.509366652305147, 40.790216927661895 ], [ 29.509366785788071, 40.790217079710722 ], [ 29.509366916603593, 40.790217234060442 ], [ 29.509367044712057, 40.790217390664267 ], [ 29.509367170074633, 40.790217549474725 ], [ 29.509367292653316, 40.79021771044367 ], [ 29.509367412410949, 40.790217873522323 ], [ 29.509367529311234, 40.79021803866123 ], [ 29.509367643318729, 40.790218205810348 ], [ 29.509367754398877, 40.790218374919007 ], [ 29.509367862518008, 40.790218545935936 ], [ 29.509367967643346, 40.7902187188093 ], [ 29.509368069743022, 40.790218893486696 ], [ 29.509368168786089, 40.790219069915167 ], [ 29.509368264742527, 40.790219248041247 ], [ 29.509368357583245, 40.790219427810925 ], [ 29.509368447280096, 40.790219609169711 ], [ 29.509368533805898, 40.790219792062636 ], [ 29.50936861713442, 40.790219976434258 ], [ 29.509368697240401, 40.790220162228685 ], [ 29.509368774099556, 40.790220349389593 ], [ 29.509368847688592, 40.790220537860257 ], [ 29.509368917985196, 40.790220727583538 ], [ 29.509368984968066, 40.79022091850193 ], [ 29.50936904861689, 40.790221110557553 ], [ 29.509369108912381, 40.790221303692199 ], [ 29.509369165836254, 40.790221497847313 ], [ 29.509369219371262, 40.790221692964046 ], [ 29.509369269501168, 40.790221888983254 ], [ 29.509369316210783, 40.790222085845507 ], [ 29.509369359485948, 40.79022228349114 ], [ 29.509369399313538, 40.790222481860241 ], [ 29.509369435681489, 40.790222680892676 ], [ 29.509369468578768, 40.790222880528106 ], [ 29.509369497995408, 40.790223080706021 ], [ 29.509369523922491, 40.790223281365741 ], [ 29.509369546352158, 40.790223482446436 ], [ 29.509369565277609, 40.790223683887156 ], [ 29.509369580693107, 40.790223885626837 ], [ 29.509369592593981, 40.790224087604322 ], [ 29.509369600976623, 40.790224289758392 ], [ 29.50936960583849, 40.790224492027768 ], [ 29.509369607178108, 40.790224694351124 ], [ 29.509369604995072, 40.790224896667141 ], [ 29.509369599290046, 40.79022509891449 ], [ 29.509369590064754, 40.790225301031853 ], [ 29.509369577321998, 40.790225502957981 ], [ 29.50936956106564, 40.790225704631645 ], [ 29.509369541300604, 40.790225905991718 ], [ 29.509369518032884, 40.790226106977165 ], [ 29.509369491269535, 40.790226307527057 ], [ 29.509369461018665, 40.790226507580606 ], [ 29.509369427289446, 40.79022670707716 ], [ 29.509369390092104, 40.790226905956253 ], [ 29.509369349437915, 40.790227104157601 ], [ 29.509369305339202, 40.790227301621115 ], [ 29.509369257809329, 40.790227498286946 ], [ 29.509369206862708, 40.790227694095471 ], [ 29.509369152514783, 40.790227888987332 ], [ 29.509369094782027, 40.790228082903461 ], [ 29.509369033681939, 40.790228275785076 ], [ 29.509368969233041, 40.790228467573698 ], [ 29.50936890145487, 40.790228658211198 ], [ 29.509368830367972, 40.790228847639781 ], [ 29.509368755993897, 40.790229035802035 ], [ 29.509368678355187, 40.790229222640917 ], [ 29.50936859747538, 40.79022940809979 ], [ 29.509368513378991, 40.790229592122429 ], [ 29.509368426091513, 40.790229774653071 ], [ 29.509368335639408, 40.790229955636363 ], [ 29.50936824205009, 40.790230135017453 ], [ 29.509368145351928, 40.790230312741969 ], [ 29.509368045574242, 40.790230488756023 ], [ 29.509367942747271, 40.790230663006277 ], [ 29.509367836902189, 40.790230835439907 ], [ 29.509367728071076, 40.790231006004632 ], [ 29.509367616286927, 40.790231174648753 ], [ 29.509367501583625, 40.790231341321153 ], [ 29.509367383995944, 40.790231505971306 ], [ 29.509367263559522, 40.790231668549303 ] ] ] } },
{ "type": "Feature", "properties": { "fid": 437, "line_id": 356, "line_type": "parking_area_boundary_line" }, "geometry": { "type": "MultiLineString", "coordinates": [ [ [ 29.509367263559522, 40.790231668549303 ], [ 29.509184713243663, 40.790392233566131 ] ] ] } },
{ "type": "Feature", "properties": { "fid": 438, "line_id": 357, "line_type": "parking_area_boundary_line" }, "geometry": { "type": "MultiLineString", "coordinates": [ [ [ 29.509076359759021, 40.790318500404908 ], [ 29.509100080646647, 40.79033464216571 ], [ 29.509184713243663, 40.790392233566131 ] ] ] } },
{ "type": "Feature", "properties": { "fid": 439, "line_id": 358, "line_type": "parking_spot_boundary_line" }, "geometry": { "type": "MultiLineString", "coordinates": [ [ [ 29.50914965125278, 40.790362701475622 ], [ 29.509184052187091, 40.790386859334717 ] ] ] } },
{ "type": "Feature", "properties": { "fid": 440, "line_id": 359, "line_type": "parking_spot_boundary_line" }, "geometry": { "type": "MultiLineString", "coordinates": [ [ [ 29.509184052187091, 40.790386859334717 ], [ 29.509239922377763, 40.790337820107055 ], [ 29.50936041107374, 40.790232051615263 ] ] ] } },
{ "type": "Feature", "properties": { "fid": 441, "line_id": 360, "line_type": "parking_spot_boundary_line" }, "geometry": { "type": "MultiLineString", "coordinates": [ [ [ 29.509303310680121, 40.790225041451457 ], [ 29.50934054764668, 40.790249785345033 ] ] ] } },
{ "type": "Feature", "properties": { "fid": 442, "line_id": 361, "line_type": "parking_spot_boundary_line" }, "geometry": { "type": "MultiLineString", "coordinates": [ [ [ 29.5093203068169, 40.790205762261024 ], [ 29.50936041107374, 40.790232051615263 ] ] ] } },
{ "type": "Feature", "properties": { "fid": 443, "line_id": 362, "line_type": "parking_spot_boundary_line" }, "geometry": { "type": "MultiLineString", "coordinates": [ [ [ 29.509278902807925, 40.790240302096151 ], [ 29.509319856791148, 40.79026747462558 ] ] ] } },
{ "type": "Feature", "properties": { "fid": 444, "line_id": 363, "line_type": "parking_spot_boundary_line" }, "geometry": { "type": "MultiLineString", "coordinates": [ [ [ 29.509255572828863, 40.790255770099883 ], [ 29.509300161943905, 40.790284912125699 ] ] ] } },
{ "type": "Feature", "properties": { "fid": 445, "line_id": 364, "line_type": "parking_spot_boundary_line" }, "geometry": { "type": "MultiLineString", "coordinates": [ [ [ 29.509236553459573, 40.790273388593768 ], [ 29.509280213792422, 40.790302281753149 ] ] ] } },
{ "type": "Feature", "properties": { "fid": 446, "line_id": 365, "line_type": "parking_spot_boundary_line" }, "geometry": { "type": "MultiLineString", "coordinates": [ [ [ 29.509216716804858, 40.790291693065555 ], [ 29.509259887091318, 40.790320726408055 ] ] ] } },
{ "type": "Feature", "properties": { "fid": 447, "line_id": 366, "line_type": "parking_spot_boundary_line" }, "geometry": { "type": "MultiLineString", "coordinates": [ [ [ 29.509196064489057, 40.79030932649718 ], [ 29.509239922377763, 40.790337820107055 ] ] ] } },
{ "type": "Feature", "properties": { "fid": 448, "line_id": 367, "line_type": "parking_spot_boundary_line" }, "geometry": { "type": "MultiLineString", "coordinates": [ [ [ 29.509177838156628, 40.790327700465973 ], [ 29.509219179565072, 40.790355791277655 ] ] ] } },
{ "type": "Feature", "properties": { "fid": 449, "line_id": 368, "line_type": "parking_spot_boundary_line" }, "geometry": { "type": "MultiLineString", "coordinates": [ [ [ 29.509163230393938, 40.79034776800269 ], [ 29.509199247975673, 40.790373436833548 ] ] ] } },
{ "type": "Feature", "properties": { "fid": 472, "line_id": 369, "line_type": "parking_spot_route" }, "geometry": { "type": "MultiLineString", "coordinates": [ [ [ 29.50924206054793, 40.790151575169411 ], [ 29.509241387240063, 40.790151317398788 ] ] ] } },
{ "type": "Feature", "properties": { "fid": 477, "line_id": 370, "line_type": "parking_spot_route" }, "geometry": { "type": "MultiLineString", "coordinates": [ [ [ 29.509241387240063, 40.790151317398788 ], [ 29.50924206054793, 40.790151575169411 ] ] ] } },
{ "type": "Feature", "properties": { "fid": 478, "line_id": 371, "line_type": "parking_spot_route" }, "geometry": { "type": "MultiLineString", "coordinates": [ [ [ 29.509241387240063, 40.790151317398788 ], [ 29.50924206054793, 40.790151575169411 ] ] ] } },
{ "type": "Feature", "properties": { "fid": 480, "line_id": 372, "line_type": "parking_spot_route_line_right_lane" }, "geometry": { "type": "MultiLineString", "coordinates": [ [ [ 29.509155391727958, 40.790297787965571 ], [ 29.509155157565381, 40.790298145424011 ], [ 29.509154929647146, 40.790298506895894 ], [ 29.509154708042029, 40.79029887227216 ], [ 29.509154492816904, 40.790299241442568 ], [ 29.509154284036693, 40.790299614295719 ], [ 29.509154081764411, 40.790299990719106 ], [ 29.509153886061085, 40.790300370599155 ], [ 29.509153696985759, 40.790300753821249 ], [ 29.5091535145955, 40.790301140269733 ], [ 29.509153338945325, 40.790301529828028 ], [ 29.50915317008824, 40.790301922378575 ], [ 29.509153008075199, 40.790302317802926 ], [ 29.509152852955083, 40.790302715981774 ], [ 29.509152704774703, 40.790303116794973 ], [ 29.509152563578759, 40.790303520121583 ], [ 29.509152429409866, 40.790303925839901 ], [ 29.509152302308504, 40.790304333827507 ], [ 29.509152182313027, 40.7903047439613 ], [ 29.509152069459635, 40.790305156117533 ], [ 29.509151963782383, 40.790305570171832 ], [ 29.509151865313161, 40.790305985999275 ], [ 29.509151774081673, 40.790306403474375 ], [ 29.509151690115459, 40.790306822471173 ], [ 29.509151613439844, 40.79030724286325 ], [ 29.509151544077969, 40.790307664523745 ], [ 29.509151482050761, 40.790308087325435 ], [ 29.509151427376938, 40.790308511140744 ], [ 29.509151380072996, 40.7903089358418 ], [ 29.509151340153206, 40.790309361300444 ], [ 29.509151307629615, 40.790309787388296 ], [ 29.509151282512036, 40.790310213976802 ], [ 29.50915126480805, 40.790310640937236 ], [ 29.509151254522997, 40.790311068140781 ], [ 29.509151251659983, 40.790311495458518 ], [ 29.509151256219866, 40.790311922761511 ], [ 29.509151268201276, 40.790312349920839 ], [ 29.509151287600599, 40.79031277680761 ], [ 29.509151314411973, 40.79031320329301 ], [ 29.509151348627313, 40.790313629248359 ], [ 29.509151390236298, 40.790314054545114 ], [ 29.509151439226372, 40.790314479054977 ], [ 29.509151495582746, 40.790314902649833 ], [ 29.509151559288423, 40.790315325201874 ], [ 29.509151630324176, 40.790315746583616 ], [ 29.509151708668579, 40.790316166667893 ], [ 29.509151794297978, 40.79031658532795 ], [ 29.509151887186551, 40.79031700243749 ], [ 29.509151987306264, 40.790317417870618 ], [ 29.509152094626906, 40.790317831502009 ], [ 29.509152209116088, 40.790318243206841 ], [ 29.509152330739276, 40.790318652860897 ], [ 29.509152459459767, 40.790319060340572 ], [ 29.509152595238724, 40.790319465522899 ], [ 29.509152738035173, 40.790319868285629 ], [ 29.509152887806028, 40.790320268507244 ], [ 29.509153044506103, 40.790320666066961 ], [ 29.509153208088112, 40.790321060844846 ], [ 29.509153378502692, 40.790321452721749 ], [ 29.509153555698425, 40.790321841579456 ], [ 29.509153739621855, 40.790322227300628 ], [ 29.509153930217469, 40.790322609768872 ], [ 29.509154127427767, 40.79032298886878 ], [ 29.509154331193244, 40.790323364485971 ], [ 29.509154541452414, 40.790323736507112 ], [ 29.509154758141836, 40.790324104819945 ], [ 29.509154981196126, 40.790324469313326 ], [ 29.509155210547977, 40.790324829877292 ], [ 29.509155446128194, 40.790325186403038 ], [ 29.509155687865679, 40.790325538782994 ], [ 29.509155935687506, 40.790325886910829 ], [ 29.50915618951889, 40.790326230681501 ], [ 29.509156449283246, 40.790326569991279 ], [ 29.509156714902186, 40.790326904737775 ], [ 29.509156986295572, 40.790327234820012 ], [ 29.50915726338151, 40.790327560138358 ], [ 29.509157546076395, 40.790327880594674 ], [ 29.509157834294925, 40.790328196092247 ], [ 29.509158127950133, 40.790328506535907 ], [ 29.509158426953416, 40.790328811831962 ], [ 29.509158731214551, 40.790329111888305 ], [ 29.509159040641737, 40.790329406614383 ], [ 29.509159355141602, 40.79032969592128 ], [ 29.509159674619251, 40.790329979721697 ], [ 29.509159998978294, 40.790330257929995 ], [ 29.509160328120846, 40.790330530462235 ], [ 29.509160661947604, 40.790330797236187 ], [ 29.509161000357835, 40.790331058171347 ], [ 29.509161343249435, 40.790331313189 ], [ 29.509161690518926, 40.790331562212174 ], [ 29.50920027582276, 40.790358019715327 ] ], [ [ 29.50917501805414, 40.79028108917435 ], [ 29.509174792088039, 40.790281434120537 ], [ 29.509174564169808, 40.790281795592428 ], [ 29.509174342564691, 40.790282160968694 ], [ 29.509174127339563, 40.790282530139102 ], [ 29.509173918559355, 40.790282902992246 ], [ 29.509173716287073, 40.79028327941564 ], [ 29.509173520583744, 40.790283659295696 ], [ 29.509173331508421, 40.790284042517783 ], [ 29.509173149118158, 40.790284428966267 ], [ 29.509172973467983, 40.790284818524562 ], [ 29.509172804610902, 40.790285211075108 ], [ 29.509172642597861, 40.790285606499459 ], [ 29.509172487477741, 40.790286004678308 ], [ 29.509172339297361, 40.790286405491507 ], [ 29.509172198101421, 40.790286808818109 ], [ 29.509172063932528, 40.790287214536427 ], [ 29.509171936831166, 40.790287622524033 ], [ 29.509171816835689, 40.790288032657834 ], [ 29.509171703982293, 40.790288444814067 ], [ 29.509171598305045, 40.790288858868365 ], [ 29.509171499835819, 40.790289274695809 ], [ 29.509171408604335, 40.790289692170909 ], [ 29.509171324638121, 40.790290111167707 ], [ 29.509171247962506, 40.790290531559783 ], [ 29.509171178600628, 40.790290953220278 ], [ 29.509171116573423, 40.790291376021969 ], [ 29.5091710618996, 40.790291799837284 ], [ 29.509171014595655, 40.790292224538341 ], [ 29.509170974675865, 40.790292649996971 ], [ 29.509170942152274, 40.790293076084836 ], [ 29.509170917034698, 40.790293502673343 ], [ 29.509170899330712, 40.790293929633769 ], [ 29.509170889045656, 40.790294356837308 ], [ 29.509170886182645, 40.790294784155051 ], [ 29.509170890742528, 40.790295211458051 ], [ 29.509170902723934, 40.790295638617373 ], [ 29.509170922123257, 40.790296065504144 ], [ 29.509170948934631, 40.790296491989537 ], [ 29.509170983149971, 40.790296917944886 ], [ 29.509171024758956, 40.790297343241647 ], [ 29.50917107374903, 40.790297767751511 ], [ 29.509171130105408, 40.790298191346366 ], [ 29.509171193811081, 40.790298613898408 ], [ 29.509171264846838, 40.79029903528015 ], [ 29.509171343191241, 40.790299455364426 ], [ 29.50917142882064, 40.790299874024484 ], [ 29.509171521709209, 40.790300291134017 ], [ 29.509171621828923, 40.790300706567152 ], [ 29.509171729149564, 40.790301120198542 ], [ 29.50917184363875, 40.790301531903374 ], [ 29.509171965261935, 40.790301941557431 ], [ 29.509172093982428, 40.790302349037098 ], [ 29.509172229761383, 40.790302754219425 ], [ 29.509172372557831, 40.790303156982162 ], [ 29.50917252232869, 40.790303557203771 ], [ 29.509172679028762, 40.790303954763495 ], [ 29.50917284261077, 40.790304349541373 ], [ 29.50917301302535, 40.790304741418282 ], [ 29.509173190221084, 40.790305130275989 ], [ 29.509173374144513, 40.790305515997161 ], [ 29.509173564740127, 40.790305898465405 ], [ 29.509173761950429, 40.790306277565314 ], [ 29.509173965715906, 40.790306653182505 ], [ 29.509174175975076, 40.790307025203639 ], [ 29.509174392664494, 40.790307393516478 ], [ 29.509174615718784, 40.79030775800986 ], [ 29.509174845070635, 40.790308118573826 ], [ 29.509175080650852, 40.790308475099572 ], [ 29.509175322388337, 40.790308827479528 ], [ 29.509175570210168, 40.790309175607362 ], [ 29.509175824041552, 40.790309519378027 ], [ 29.509176083805908, 40.790309858687813 ], [ 29.509176349424848, 40.790310193434308 ], [ 29.509176620818234, 40.790310523516546 ], [ 29.509176897904169, 40.790310848834892 ], [ 29.509177180599053, 40.790311169291208 ], [ 29.509177468817583, 40.790311484788781 ], [ 29.509177762472792, 40.790311795232441 ], [ 29.509178061476074, 40.790312100528496 ], [ 29.50917836573721, 40.790312400584831 ], [ 29.509178675164396, 40.790312695310917 ], [ 29.50917898966426, 40.79031298461782 ], [ 29.509179309141913, 40.790313268418231 ], [ 29.509179633500953, 40.790313546626528 ], [ 29.509179962643504, 40.790313819158776 ], [ 29.509180296470262, 40.790314085932728 ], [ 29.509180634880494, 40.790314346867881 ], [ 29.509180977772097, 40.790314601885534 ], [ 29.509181325041588, 40.790314850908707 ], [ 29.509219910345418, 40.790341308411868 ] ], [ [ 29.50917501805414, 40.79028108917435 ], [ 29.509137895796016, 40.790312436253139 ], [ 29.509137363029097, 40.790313012293822 ], [ 29.509137126562354, 40.790313307424633 ], [ 29.509136845527042, 40.790313693458529 ], [ 29.509136623921925, 40.790314058834795 ], [ 29.509136408696801, 40.790314428005203 ], [ 29.50913619991659, 40.790314800858354 ], [ 29.509135997644311, 40.790315177281748 ], [ 29.509135801940982, 40.790315557161797 ], [ 29.509135612865656, 40.790315940383884 ], [ 29.509135430475396, 40.790316326832368 ], [ 29.509135254825225, 40.790316716390663 ], [ 29.50913508596814, 40.79031710894121 ], [ 29.509134923955099, 40.790317504365561 ], [ 29.509134768834979, 40.790317902544409 ], [ 29.509134620654599, 40.790318303357608 ], [ 29.509134479458659, 40.790318706684218 ], [ 29.509134345289763, 40.790319112402535 ], [ 29.509134218188404, 40.790319520390142 ], [ 29.509134098192924, 40.790319930523943 ], [ 29.509133985339531, 40.790320342680168 ], [ 29.509133879662283, 40.790320756734474 ], [ 29.509133781193057, 40.79032117256191 ], [ 29.509133689961569, 40.79032159003701 ], [ 29.509133605995359, 40.790322009033808 ], [ 29.50913352931974, 40.790322429425885 ], [ 29.509133459957869, 40.79032285108638 ], [ 29.509133397930658, 40.79032327388807 ], [ 29.509133343256835, 40.790323697703379 ], [ 29.509133295952893, 40.790324122404442 ], [ 29.509133256033103, 40.790324547863079 ], [ 29.509133223509512, 40.790324973950938 ], [ 29.509133198391932, 40.790325400539444 ], [ 29.509133180687947, 40.790325827499878 ], [ 29.509133170402894, 40.790326254703416 ], [ 29.509133167539879, 40.790326682021153 ], [ 29.509133172099762, 40.790327109324146 ], [ 29.509133184081172, 40.790327536483474 ], [ 29.509133203480495, 40.790327963370245 ], [ 29.509133230291869, 40.790328389855645 ], [ 29.509133264507209, 40.790328815810994 ], [ 29.509133306116194, 40.790329241107749 ], [ 29.509133355106268, 40.790329665617612 ], [ 29.509133411462642, 40.790330089212468 ], [ 29.509133475168323, 40.790330511764509 ], [ 29.509133546204072, 40.790330933146251 ], [ 29.509133624548475, 40.790331353230528 ], [ 29.509133710177878, 40.790331771890585 ], [ 29.509133803066447, 40.790332189000125 ], [ 29.509133903186161, 40.790332604433253 ], [ 29.509134010506802, 40.790333018064644 ], [ 29.509134124995988, 40.790333429769476 ], [ 29.509134246619173, 40.790333839423532 ], [ 29.509134375339663, 40.790334246903207 ], [ 29.509134511118621, 40.790334652085534 ], [ 29.509134653915069, 40.790335054848271 ], [ 29.509134803685924, 40.790335455069879 ], [ 29.509134960386, 40.790335852629596 ], [ 29.509135123968008, 40.790336247407481 ], [ 29.509135294382588, 40.790336639284384 ], [ 29.509135471578322, 40.790337028142091 ], [ 29.509135655501751, 40.790337413863263 ], [ 29.509135846097365, 40.790337796331507 ], [ 29.509136043307667, 40.790338175431415 ], [ 29.50913624707314, 40.790338551048606 ], [ 29.50913645733231, 40.790338923069747 ], [ 29.509136674021732, 40.79033929138258 ], [ 29.509136897076022, 40.790339655875961 ], [ 29.509137126427873, 40.790340016439927 ], [ 29.50913736200809, 40.790340372965673 ], [ 29.509137603745575, 40.790340725345629 ], [ 29.509137851567402, 40.790341073473463 ], [ 29.50913810539879, 40.790341417244136 ], [ 29.509138365163142, 40.790341756553914 ], [ 29.509138630782083, 40.79034209130041 ], [ 29.509138902175472, 40.790342421382647 ], [ 29.50913917926141, 40.790342746700993 ], [ 29.509139461956291, 40.790343067157309 ], [ 29.509139750174821, 40.790343382654882 ], [ 29.50914004383003, 40.790343693098542 ], [ 29.509140342833312, 40.790343998394597 ], [ 29.509140647094448, 40.79034429845094 ], [ 29.509140956521634, 40.790344593177018 ], [ 29.509141271021498, 40.790344882483922 ], [ 29.509141590499148, 40.790345166284332 ], [ 29.509141914858191, 40.79034544449263 ], [ 29.509142244000742, 40.79034571702487 ], [ 29.5091425778275, 40.790345983798822 ], [ 29.509142916237732, 40.790346244733989 ], [ 29.509143259129331, 40.790346499751635 ], [ 29.509143606398826, 40.790346748774816 ], [ 29.509182191702656, 40.79037320627797 ] ], [ [ 29.509175026250617, 40.790281076662104 ], [ 29.50917501805414, 40.79028108917435 ] ], [ [ 29.50917501805414, 40.79028108917435 ], [ 29.509195614027593, 40.790263697355122 ] ], [ [ 29.509195614027593, 40.790263697355122 ], [ 29.509195460611085, 40.790263931551493 ], [ 29.509195232692853, 40.790264293023377 ], [ 29.509195011087737, 40.790264658399643 ], [ 29.509194795862609, 40.790265027570051 ], [ 29.509194587082405, 40.790265400423195 ], [ 29.509194384810119, 40.790265776846596 ], [ 29.50919418910679, 40.790266156726645 ], [ 29.509194000031471, 40.790266539948732 ], [ 29.509193817641208, 40.790266926397223 ], [ 29.509193641991033, 40.790267315955511 ], [ 29.509193473133951, 40.790267708506065 ], [ 29.509193311120907, 40.790268103930416 ], [ 29.509193156000794, 40.790268502109257 ], [ 29.509193007820411, 40.790268902922456 ], [ 29.509192866624467, 40.790269306249058 ], [ 29.509192732455578, 40.790269711967383 ], [ 29.509192605354212, 40.79027011995499 ], [ 29.509192485358735, 40.79027053008879 ], [ 29.509192372505343, 40.790270942245023 ], [ 29.509192266828091, 40.790271356299314 ], [ 29.509192168358865, 40.790271772126758 ], [ 29.509192077127384, 40.790272189601858 ], [ 29.509191993161167, 40.790272608598656 ], [ 29.509191916485552, 40.790273028990732 ], [ 29.509191847123677, 40.790273450651227 ], [ 29.509191785096469, 40.790273873452918 ], [ 29.509191730422646, 40.790274297268233 ], [ 29.509191683118704, 40.79027472196929 ], [ 29.509191643198914, 40.790275147427927 ], [ 29.509191610675323, 40.790275573515785 ], [ 29.509191585557744, 40.790276000104292 ], [ 29.509191567853758, 40.790276427064718 ], [ 29.509191557568702, 40.790276854268264 ], [ 29.509191554705691, 40.790277281586 ], [ 29.509191559265574, 40.790277708889001 ], [ 29.509191571246983, 40.790278136048322 ], [ 29.509191590646303, 40.790278562935093 ], [ 29.509191617457684, 40.790278989420486 ], [ 29.509191651673021, 40.790279415375835 ], [ 29.509191693282002, 40.790279840672603 ], [ 29.50919174227208, 40.79028026518246 ], [ 29.509191798628454, 40.790280688777315 ], [ 29.509191862334131, 40.790281111329357 ], [ 29.509191933369884, 40.790281532711099 ], [ 29.509192011714287, 40.790281952795375 ], [ 29.509192097343686, 40.79028237145544 ], [ 29.509192190232259, 40.790282788564973 ], [ 29.509192290351972, 40.790283203998108 ], [ 29.50919239767261, 40.790283617629491 ], [ 29.5091925121618, 40.79028402933433 ], [ 29.509192633784984, 40.79028443898838 ], [ 29.509192762505478, 40.790284846468047 ], [ 29.509192898284432, 40.790285251650374 ], [ 29.509193041080881, 40.790285654413111 ], [ 29.50919319085174, 40.790286054634727 ], [ 29.509193347551811, 40.790286452194444 ], [ 29.509193511133816, 40.790286846972322 ], [ 29.509193681548396, 40.790287238849231 ], [ 29.509193858744133, 40.790287627706938 ], [ 29.509194042667559, 40.790288013428111 ], [ 29.509194233263177, 40.790288395896354 ], [ 29.509194430473478, 40.79028877499627 ], [ 29.509194634238956, 40.790289150613454 ], [ 29.509194844498122, 40.790289522634595 ], [ 29.509195061187544, 40.790289890947435 ], [ 29.50919528424183, 40.790290255440809 ], [ 29.509195513593685, 40.790290616004775 ], [ 29.509195749173902, 40.790290972530521 ], [ 29.509195990911387, 40.790291324910477 ], [ 29.509196238733217, 40.790291673038311 ], [ 29.509196492564598, 40.790292016808976 ], [ 29.509196752328954, 40.790292356118769 ], [ 29.509197017947898, 40.790292690865257 ], [ 29.50919728934128, 40.790293020947495 ], [ 29.509197566427222, 40.790293346265841 ], [ 29.509197849122103, 40.790293666722157 ], [ 29.509198137340629, 40.790293982219737 ], [ 29.509198430995841, 40.790294292663397 ], [ 29.509198729999124, 40.790294597959452 ], [ 29.509199034260259, 40.79029489801578 ], [ 29.509199343687442, 40.790295192741866 ], [ 29.509199658187306, 40.790295482048762 ], [ 29.509199977664959, 40.79029576584918 ], [ 29.509200302023999, 40.790296044057477 ], [ 29.509200631166554, 40.790296316589725 ], [ 29.509200964993312, 40.790296583363677 ], [ 29.509201303403543, 40.790296844298837 ], [ 29.509201646295143, 40.790297099316483 ], [ 29.509201993564638, 40.790297348339656 ], [ 29.509240578868464, 40.790323805842817 ] ], [ [ 29.509195694773663, 40.790263574093053 ], [ 29.509195614027593, 40.790263697355122 ] ], [ [ 29.509195614027593, 40.790263697355122 ], [ 29.509216529744833, 40.790246035535247 ] ], [ [ 29.509216529744833, 40.790246035535247 ], [ 29.509216418474274, 40.790246212007219 ], [ 29.509216196869158, 40.790246577383485 ], [ 29.509215981644029, 40.790246946553886 ], [ 29.509215772863822, 40.790247319407044 ], [ 29.50921557059154, 40.790247695830431 ], [ 29.50921537488821, 40.79024807571048 ], [ 29.509215185812888, 40.790248458932567 ], [ 29.509215003422625, 40.790248845381058 ], [ 29.509214827772453, 40.790249234939353 ], [ 29.509214658915369, 40.790249627489899 ], [ 29.509214496902327, 40.79025002291425 ], [ 29.509214341782208, 40.790250421093099 ], [ 29.509214193601828, 40.790250821906298 ], [ 29.509214052405888, 40.7902512252329 ], [ 29.509213918236995, 40.790251630951218 ], [ 29.509213791135632, 40.790252038938824 ], [ 29.509213671140156, 40.790252449072625 ], [ 29.50921355828676, 40.790252861228858 ], [ 29.509213452609512, 40.790253275283149 ], [ 29.509213354140286, 40.7902536911106 ], [ 29.509213262908801, 40.790254108585692 ], [ 29.509213178942588, 40.790254527582491 ], [ 29.509213102266973, 40.790254947974574 ], [ 29.509213032905098, 40.790255369635062 ], [ 29.50921297087789, 40.79025579243676 ], [ 29.509212916204067, 40.790256216252068 ], [ 29.509212868900121, 40.790256640953125 ], [ 29.509212828980331, 40.790257066411762 ], [ 29.50921279645674, 40.79025749249962 ], [ 29.509212771339165, 40.790257919088127 ], [ 29.509212753635179, 40.790258346048553 ], [ 29.509212743350123, 40.790258773252098 ], [ 29.509212740487111, 40.790259200569842 ], [ 29.509212745046995, 40.790259627872835 ], [ 29.509212757028401, 40.790260055032164 ], [ 29.509212776427724, 40.790260481918935 ], [ 29.509212803239098, 40.790260908404328 ], [ 29.509212837454438, 40.790261334359677 ], [ 29.509212879063423, 40.790261759656438 ], [ 29.5092129280535, 40.790262184166295 ], [ 29.509212984409874, 40.790262607761157 ], [ 29.509213048115551, 40.790263030313199 ], [ 29.509213119151305, 40.79026345169494 ], [ 29.509213197495708, 40.790263871779217 ], [ 29.509213283125106, 40.790264290439275 ], [ 29.509213376013676, 40.790264707548808 ], [ 29.50921347613339, 40.790265122981943 ], [ 29.509213583454031, 40.790265536613326 ], [ 29.509213697943217, 40.790265948318165 ], [ 29.509213819566401, 40.790266357972222 ], [ 29.509213948286895, 40.790266765451882 ], [ 29.509214084065853, 40.790267170634216 ], [ 29.509214226862301, 40.790267573396953 ], [ 29.509214376633157, 40.790267973618569 ], [ 29.509214533333228, 40.790268371178279 ], [ 29.509214696915237, 40.790268765956164 ], [ 29.509214867329817, 40.790269157833073 ], [ 29.509215044525554, 40.79026954669078 ], [ 29.50921522844898, 40.790269932411952 ], [ 29.509215419044594, 40.790270314880196 ], [ 29.509215616254895, 40.790270693980105 ], [ 29.509215820020373, 40.790271069597296 ], [ 29.509216030279543, 40.79027144161843 ], [ 29.509216246968961, 40.790271809931269 ], [ 29.509216470023251, 40.790272174424643 ], [ 29.509216699375102, 40.790272534988617 ], [ 29.509216934955319, 40.790272891514356 ], [ 29.509217176692804, 40.790273243894312 ], [ 29.509217424514635, 40.790273592022146 ], [ 29.509217678346019, 40.790273935792818 ], [ 29.509217938110375, 40.790274275102604 ], [ 29.509218203729315, 40.790274609849099 ], [ 29.509218475122701, 40.790274939931329 ], [ 29.509218752208636, 40.790275265249683 ], [ 29.509219034903523, 40.790275585705992 ], [ 29.50921932312205, 40.790275901203572 ], [ 29.509219616777258, 40.790276211647232 ], [ 29.509219915780541, 40.790276516943287 ], [ 29.509220220041676, 40.790276816999615 ], [ 29.509220529468863, 40.7902771117257 ], [ 29.509220843968727, 40.790277401032604 ], [ 29.50922116344638, 40.790277684833015 ], [ 29.509221487805419, 40.790277963041319 ], [ 29.509221816947971, 40.79027823557356 ], [ 29.509222150774729, 40.790278502347512 ], [ 29.50922248918496, 40.790278763282672 ], [ 29.509222832076563, 40.790279018300318 ], [ 29.509223179346055, 40.790279267323498 ], [ 29.509261764649885, 40.790305724826652 ] ], [ [ 29.509216880555083, 40.790245493076895 ], [ 29.509216646392506, 40.790245850535335 ], [ 29.509216529744833, 40.790246035535247 ] ], [ [ 29.509216529744833, 40.790246035535247 ], [ 29.509258930592566, 40.790210231066943 ] ], [ [ 29.509237544641977, 40.79022838583959 ], [ 29.509237310479399, 40.79022874329803 ], [ 29.509237082561164, 40.790229104769914 ], [ 29.509236860956051, 40.79022947014618 ], [ 29.509236645730919, 40.790229839316588 ], [ 29.509236436950715, 40.790230212169739 ], [ 29.509236234678429, 40.790230588593133 ], [ 29.5092360389751, 40.790230968473175 ], [ 29.509235849899781, 40.790231351695269 ], [ 29.509235667509518, 40.790231738143753 ], [ 29.509235491859343, 40.790232127702048 ], [ 29.509235323002262, 40.790232520252594 ], [ 29.509235160989221, 40.790232915676953 ], [ 29.509235005869101, 40.790233313855794 ], [ 29.509234857688718, 40.790233714668993 ], [ 29.509234716492781, 40.790234117995603 ], [ 29.509234582323884, 40.79023452371392 ], [ 29.509234455222526, 40.790234931701526 ], [ 29.509234335227045, 40.790235341835327 ], [ 29.509234222373649, 40.790235753991553 ], [ 29.509234116696401, 40.790236168045858 ], [ 29.509234018227179, 40.790236583873295 ], [ 29.509233926995691, 40.790237001348395 ], [ 29.509233843029477, 40.790237420345193 ], [ 29.509233766353866, 40.790237840737269 ], [ 29.509233696991988, 40.790238262397764 ], [ 29.509233634964779, 40.790238685199455 ], [ 29.509233580290957, 40.790239109014763 ], [ 29.509233532987011, 40.79023953371582 ], [ 29.509233493067224, 40.790239959174464 ], [ 29.509233460543633, 40.790240385262315 ], [ 29.509233435426054, 40.790240811850822 ], [ 29.509233417722072, 40.790241238811262 ], [ 29.509233407437016, 40.790241666014801 ], [ 29.509233404573997, 40.790242093332537 ], [ 29.509233409133888, 40.790242520635537 ], [ 29.509233421115294, 40.790242947794859 ], [ 29.509233440514613, 40.79024337468163 ], [ 29.509233467325991, 40.79024380116703 ], [ 29.509233501541331, 40.790244227122379 ], [ 29.509233543150316, 40.790244652419133 ], [ 29.509233592140387, 40.790245076928997 ], [ 29.509233648496764, 40.790245500523852 ], [ 29.509233712202441, 40.790245923075894 ], [ 29.509233783238194, 40.790246344457636 ], [ 29.509233861582597, 40.790246764541912 ], [ 29.509233947212, 40.79024718320197 ], [ 29.509234040100569, 40.79024760031151 ], [ 29.509234140220283, 40.790248015744638 ], [ 29.50923424754092, 40.790248429376028 ], [ 29.50923436203011, 40.79024884108086 ], [ 29.509234483653294, 40.790249250734917 ], [ 29.509234612373788, 40.790249658214591 ], [ 29.509234748152743, 40.790250063396918 ], [ 29.509234890949191, 40.790250466159655 ], [ 29.50923504072005, 40.790250866381264 ], [ 29.509235197420121, 40.790251263940981 ], [ 29.50923536100213, 40.790251658718866 ], [ 29.50923553141671, 40.790252050595775 ], [ 29.509235708612444, 40.790252439453482 ], [ 29.509235892535873, 40.790252825174647 ], [ 29.509236083131487, 40.790253207642891 ], [ 29.509236280341788, 40.7902535867428 ], [ 29.509236484107262, 40.790253962359991 ], [ 29.509236694366436, 40.790254334381132 ], [ 29.509236911055854, 40.790254702693964 ], [ 29.50923713411014, 40.790255067187346 ], [ 29.509237363461995, 40.790255427751312 ], [ 29.509237599042208, 40.790255784277065 ], [ 29.509237840779697, 40.790256136657014 ], [ 29.509238088601524, 40.790256484784848 ], [ 29.509238342432912, 40.79025682855552 ], [ 29.509238602197264, 40.790257167865299 ], [ 29.509238867816208, 40.790257502611801 ], [ 29.509239139209594, 40.790257832694031 ], [ 29.509239416295529, 40.790258158012378 ], [ 29.509239698990413, 40.790258478468694 ], [ 29.509239987208943, 40.790258793966267 ], [ 29.509240280864152, 40.790259104409927 ], [ 29.509240579867434, 40.790259409705982 ], [ 29.50924088412857, 40.790259709762324 ], [ 29.509241193555756, 40.790260004488403 ], [ 29.50924150805562, 40.790260293795299 ], [ 29.509241827533273, 40.790260577595717 ], [ 29.509242151892312, 40.790260855804014 ], [ 29.509242481034864, 40.790261128336255 ], [ 29.509242814861622, 40.790261395110207 ], [ 29.509243153271854, 40.790261656045374 ], [ 29.50924349616345, 40.79026191106302 ], [ 29.509243843432948, 40.790262160086201 ], [ 29.509279950211944, 40.790286925955108 ] ], [ [ 29.509267939018368, 40.79020074325517 ], [ 29.509268148388728, 40.790200387591746 ], [ 29.509268402438753, 40.790199938342205 ], [ 29.509268648639846, 40.790199484743717 ], [ 29.509268886917585, 40.790199026933401 ], [ 29.509269117199942, 40.79019856504965 ], [ 29.509269339417305, 40.790198099232079 ], [ 29.509269553502502, 40.790197629621503 ], [ 29.509269759390815, 40.790197156359881 ], [ 29.509269957020013, 40.79019667959026 ], [ 29.509270146330348, 40.79019619945678 ], [ 29.509270327264598, 40.790195716104563 ], [ 29.509270499768068, 40.790195229679732 ], [ 29.509270663788612, 40.790194740329319 ], [ 29.509270819276651, 40.790194248201253 ], [ 29.509270966185181, 40.790193753444292 ], [ 29.509271104469796, 40.790193256207999 ], [ 29.50927123408869, 40.790192756642682 ], [ 29.509271355002685, 40.790192254899353 ], [ 29.509271467175228, 40.790191751129676 ], [ 29.509271570572409, 40.790191245485943 ], [ 29.509271665162977, 40.790190738120998 ], [ 29.509271750918337, 40.790190229188205 ], [ 29.509271827812569, 40.790189718841418 ], [ 29.509271895822422, 40.79018920723491 ], [ 29.509271954927339, 40.790188694523316 ], [ 29.509272005109459, 40.790188180861641 ], [ 29.509272046353608, 40.790187666405146 ], [ 29.509272078647321, 40.790187151309347 ], [ 29.509272101980834, 40.790186635729953 ], [ 29.509272116347095, 40.790186119822813 ], [ 29.509272121741759, 40.790185603743886 ], [ 29.509272118163199, 40.790185087649164 ], [ 29.509272105612492, 40.790184571694667 ], [ 29.509272084093435, 40.790184056036352 ], [ 29.509272053612534, 40.790183540830107 ], [ 29.509272014179004, 40.790183026231659 ], [ 29.509271965804757, 40.790182512396569 ], [ 29.509271908504424, 40.790181999480168 ], [ 29.509271842295323, 40.790181487637497 ], [ 29.509271767197472, 40.790180977023283 ], [ 29.509271683233564, 40.79018046779187 ], [ 29.509271590428988, 40.790179960097205 ], [ 29.509271488811795, 40.790179454092744 ], [ 29.509271378412699, 40.790178949931459 ], [ 29.509271259265077, 40.79017844776574 ], [ 29.509271131404944, 40.790177947747388 ], [ 29.509270994870953, 40.790177450027556 ], [ 29.509270849704372, 40.790176954756689 ], [ 29.50927069594908, 40.79017646208451 ], [ 29.509270533651566, 40.790175972159943 ], [ 29.509270362860882, 40.790175485131087 ], [ 29.509270183628658, 40.790175001145165 ], [ 29.509269996009074, 40.790174520348472 ], [ 29.509269800058842, 40.790174042886356 ], [ 29.5092695958372, 40.790173568903143 ], [ 29.509269383405879, 40.790173098542112 ], [ 29.509269044674188, 40.790172713954071 ], [ 29.509241387240063, 40.790151317398788 ] ], [ [ 29.509257974805234, 40.790211088406338 ], [ 29.509257740642656, 40.790211445864777 ], [ 29.509257512724421, 40.790211807336661 ], [ 29.509257291119305, 40.790212172712927 ], [ 29.50925707589418, 40.790212541883328 ], [ 29.509256867113972, 40.790212914736486 ], [ 29.509256664841686, 40.790213291159873 ], [ 29.509256469138361, 40.790213671039922 ], [ 29.509256280063035, 40.790214054262009 ], [ 29.509256097672775, 40.7902144407105 ], [ 29.5092559220226, 40.790214830268795 ], [ 29.509255753165519, 40.790215222819342 ], [ 29.509255591152474, 40.790215618243693 ], [ 29.509255436032358, 40.790216016422541 ], [ 29.509255287851978, 40.79021641723574 ], [ 29.509255146656034, 40.79021682056235 ], [ 29.509255012487145, 40.790217226280667 ], [ 29.509254885385779, 40.790217634268274 ], [ 29.509254765390303, 40.790218044402067 ], [ 29.50925465253691, 40.7902184565583 ], [ 29.509254546859658, 40.790218870612598 ], [ 29.509254448390436, 40.790219286440042 ], [ 29.509254357158952, 40.790219703915142 ], [ 29.509254273192735, 40.790220122911933 ], [ 29.509254196517119, 40.790220543304017 ], [ 29.509254127155248, 40.790220964964504 ], [ 29.509254065128037, 40.790221387766202 ], [ 29.509254010454214, 40.79022181158151 ], [ 29.509253963150272, 40.790222236282567 ], [ 29.509253923230482, 40.790222661741211 ], [ 29.509253890706891, 40.790223087829062 ], [ 29.509253865589312, 40.790223514417569 ], [ 29.509253847885326, 40.790223941378002 ], [ 29.509253837600273, 40.790224368581548 ], [ 29.509253834737258, 40.790224795899285 ], [ 29.509253839297141, 40.790225223202278 ], [ 29.509253851278551, 40.790225650361606 ], [ 29.50925387067787, 40.790226077248377 ], [ 29.509253897489248, 40.790226503733777 ], [ 29.509253931704588, 40.790226929689119 ], [ 29.509253973313573, 40.79022735498588 ], [ 29.509254022303647, 40.790227779495737 ], [ 29.509254078660021, 40.790228203090592 ], [ 29.509254142365702, 40.790228625642641 ], [ 29.509254213401451, 40.790229047024376 ], [ 29.509254291745854, 40.790229467108652 ], [ 29.509254377375253, 40.790229885768717 ], [ 29.509254470263826, 40.790230302878257 ], [ 29.50925457038354, 40.790230718311385 ], [ 29.509254677704181, 40.790231131942768 ], [ 29.509254792193364, 40.790231543647607 ], [ 29.509254913816552, 40.790231953301664 ], [ 29.509255042537042, 40.790232360781332 ], [ 29.509255178316, 40.790232765963665 ], [ 29.509255321112448, 40.790233168726395 ], [ 29.509255470883303, 40.790233568948011 ], [ 29.509255627583379, 40.790233966507721 ], [ 29.509255791165383, 40.790234361285613 ], [ 29.509255961579964, 40.790234753162515 ], [ 29.509256138775701, 40.790235142020215 ], [ 29.509256322699127, 40.790235527741388 ], [ 29.509256513294744, 40.790235910209638 ], [ 29.509256710505042, 40.790236289309547 ], [ 29.509256914270523, 40.790236664926731 ], [ 29.50925712452969, 40.790237036947879 ], [ 29.509257341219111, 40.790237405260712 ], [ 29.509257564273401, 40.790237769754086 ], [ 29.509257793625252, 40.790238130318059 ], [ 29.509258029205469, 40.790238486843798 ], [ 29.509258270942954, 40.790238839223754 ], [ 29.509258518764785, 40.790239187351595 ], [ 29.509258772596166, 40.790239531122261 ], [ 29.509259032360522, 40.790239870432046 ], [ 29.509259297979465, 40.790240205178542 ], [ 29.509259569372848, 40.790240535260772 ], [ 29.509259846458789, 40.790240860579125 ], [ 29.50926012915367, 40.790241181035434 ], [ 29.5092604173722, 40.790241496533014 ], [ 29.509260711027409, 40.790241806976674 ], [ 29.509261010030695, 40.790242112272729 ], [ 29.509261314291827, 40.790242412329064 ], [ 29.509261623719009, 40.79024270705515 ], [ 29.509261938218874, 40.790242996362046 ], [ 29.509262257696527, 40.790243280162457 ], [ 29.509262582055566, 40.790243558370754 ], [ 29.509262911198121, 40.790243830903002 ], [ 29.509263245024879, 40.790244097676954 ], [ 29.509263583435111, 40.790244358612114 ], [ 29.50926392632671, 40.79024461362976 ], [ 29.509264273596202, 40.790244862652933 ], [ 29.509297773960597, 40.790267918937907 ] ], [ [ 29.509258655392809, 40.79021041401348 ], [ 29.509258930592566, 40.790210231066943 ] ], [ [ 29.509258930592566, 40.790210231066943 ], [ 29.509259069442145, 40.790210113818453 ] ], [ [ 29.509258930592566, 40.790210231066943 ], [ 29.50925908519433, 40.790210128291207 ], [ 29.5092595099634, 40.790209835139706 ], [ 29.509259929571616, 40.790209534647595 ], [ 29.509260343892134, 40.790209226905702 ], [ 29.509260752799712, 40.790208912007053 ], [ 29.509261156170744, 40.790208590046845 ], [ 29.509261553883295, 40.790208261122395 ], [ 29.509261945817141, 40.790207925333135 ], [ 29.509262331853805, 40.790207582780575 ], [ 29.509262711876595, 40.790207233568253 ], [ 29.509263085770634, 40.790206877801744 ], [ 29.5092634534229, 40.790206515588579 ], [ 29.509263814722257, 40.790206147038255 ], [ 29.509264169559486, 40.790205772262183 ], [ 29.509264517827329, 40.790205391373654 ], [ 29.509264859420508, 40.790205004487795 ], [ 29.509265194235763, 40.79020461172157 ], [ 29.509265522171884, 40.790204213193697 ], [ 29.509265843129739, 40.790203809024646 ], [ 29.509266157012306, 40.790203399336598 ], [ 29.509266463724707, 40.790202984253391 ], [ 29.509266763174224, 40.7902025639005 ], [ 29.509267055270339, 40.790202138404993 ], [ 29.509267339924754, 40.790201707895498 ], [ 29.509267617051421, 40.790201272502138 ], [ 29.509267886566569, 40.79020083235654 ], [ 29.509267939018368, 40.79020074325517 ] ], [ [ 29.509267939018368, 40.79020074325517 ], [ 29.509267773129295, 40.790201109429624 ], [ 29.509267645916808, 40.790201486297249 ], [ 29.509267527876794, 40.790201926828566 ], [ 29.509267465771263, 40.790202452297116 ], [ 29.509267432082769, 40.790202871711834 ], [ 29.50926739291112, 40.790203412053962 ], [ 29.509267428463115, 40.790203862092277 ], [ 29.509267471831524, 40.790204311444718 ], [ 29.509267523003249, 40.790204759975531 ], [ 29.509267581962828, 40.790205207549207 ], [ 29.509267648692457, 40.790205654030551 ], [ 29.509267723171966, 40.790206099284674 ], [ 29.509267805378865, 40.790206543177071 ], [ 29.509267895288314, 40.79020698557364 ], [ 29.509267992873152, 40.790207426340736 ], [ 29.509268098103902, 40.790207865345202 ], [ 29.509268210948775, 40.790208302454417 ], [ 29.509268331373679, 40.790208737536332 ], [ 29.509268459342227, 40.790209170459512 ], [ 29.509268594815772, 40.790209601093181 ], [ 29.509268737753381, 40.790210029307232 ], [ 29.509268888111873, 40.790210454972303 ], [ 29.509269045845834, 40.790210877959808 ], [ 29.509269210907597, 40.790211298141969 ], [ 29.509269383247315, 40.790211715391834 ], [ 29.509269562812907, 40.790212129583374 ], [ 29.509269749550143, 40.790212540591455 ], [ 29.509269943402597, 40.790212948291902 ], [ 29.509270144311717, 40.790213352561565 ], [ 29.509270352216806, 40.790213753278302 ], [ 29.509270567055058, 40.79021415032107 ], [ 29.509270788761562, 40.790214543569917 ], [ 29.509271017269352, 40.790214932906053 ], [ 29.509271252509393, 40.790215318211843 ], [ 29.509271494410623, 40.790215699370911 ], [ 29.509271742899951, 40.790216076268081 ], [ 29.509271997902328, 40.790216448789522 ], [ 29.509272259340705, 40.790216816822685 ], [ 29.509272527136108, 40.790217180256377 ], [ 29.509272801207644, 40.790217538980826 ], [ 29.509273081472497, 40.790217892887661 ], [ 29.509273367846017, 40.790218241869944 ], [ 29.509273660241689, 40.790218585822274 ], [ 29.509273958571182, 40.790218924640733 ], [ 29.509274262744366, 40.790219258222969 ], [ 29.509274572669348, 40.790219586468204 ], [ 29.509274888252513, 40.790219909277283 ], [ 29.509275209398513, 40.790220226552677 ], [ 29.509275536010342, 40.790220538198547 ], [ 29.509275867989324, 40.790220844120746 ], [ 29.509276205235167, 40.790221144226848 ], [ 29.509276547645992, 40.790221438426194 ], [ 29.509276895118365, 40.790221726629909 ], [ 29.509277247547317, 40.790222008750931 ], [ 29.509277604826366, 40.790222284704029 ], [ 29.509320304936804, 40.790250394813796 ] ], [ [ 29.509268119692447, 40.790200419729345 ], [ 29.509267955047381, 40.790200707873602 ], [ 29.509267939018368, 40.79020074325517 ] ], [ [ 29.509269213649059, 40.790172899130042 ], [ 29.509274666021089, 40.790177791417875 ], [ 29.509275480564288, 40.790179058918611 ], [ 29.509276088856982, 40.790179921406505 ], [ 29.509276957577505, 40.790181378298101 ], [ 29.509277589758447, 40.790182282161652 ], [ 29.509278174162901, 40.790183103273897 ], [ 29.509278958417017, 40.790184222759422 ], [ 29.509279459945645, 40.790185019726408 ], [ 29.509280108080997, 40.790186067840445 ], [ 29.509280774194288, 40.790187104621779 ], [ 29.509281458087425, 40.790188129762079 ], [ 29.509282159557014, 40.790189142956471 ], [ 29.509282878394437, 40.790190143903629 ], [ 29.509283614385918, 40.790191132305878 ], [ 29.509284367312574, 40.79019210786926 ], [ 29.509285136950478, 40.790193070303644 ], [ 29.509285923070749, 40.790194019322811 ], [ 29.509286725439594, 40.790194954644519 ], [ 29.509287543818385, 40.790195875990605 ], [ 29.509288377963742, 40.790196783087069 ], [ 29.509289227627587, 40.790197675664125 ], [ 29.509290092557237, 40.790198553456335 ], [ 29.509290972495457, 40.79019941620264 ], [ 29.509291867180554, 40.790200263646462 ], [ 29.509292776346456, 40.790201095535771 ], [ 29.509293699722775, 40.790201911623164 ], [ 29.509294637034898, 40.790202711665941 ], [ 29.509295588004072, 40.790203495426162 ], [ 29.509340189679648, 40.790233353516065 ], [ 29.509340450735245, 40.7902334234657 ] ] ] } },
{ "type": "Feature", "properties": { "fid": 482, "line_id": 373, "line_type": "center_line" }, "geometry": { "type": "MultiLineString", "coordinates": [ [ [ 29.509073625349441, 40.789888972185331 ], [ 29.509074630609724, 40.789889218906666 ], [ 29.509075639947948, 40.789889448375632 ], [ 29.509076653068046, 40.789889660524921 ], [ 29.509077669672845, 40.789889855292309 ], [ 29.509078689464154, 40.789890032620661 ], [ 29.509079712142839, 40.789890192457968 ], [ 29.509080737408922, 40.789890334757338 ], [ 29.509081764961671, 40.789890459477036 ], [ 29.50908279449968, 40.789890566580475 ], [ 29.509083825720957, 40.789890656036242 ], [ 29.509084858323018, 40.789890727818097 ], [ 29.509085892002979, 40.789890781904987 ], [ 29.509086926457638, 40.789890818281037 ], [ 29.509087961383557, 40.789890836935591 ], [ 29.509088996477175, 40.789890837863169 ], [ 29.509090031434869, 40.789890821063501 ], [ 29.509091065953058, 40.789890786541513 ], [ 29.509092099728299, 40.789890734307335 ], [ 29.509093132457355, 40.78989066437628 ], [ 29.509094163837304, 40.789890576768876 ], [ 29.509095193565614, 40.789890471510802 ], [ 29.50909622134024, 40.789890348632944 ], [ 29.509097246859717, 40.789890208171343 ], [ 29.509098269823227, 40.789890050167202 ], [ 29.509099289930717, 40.789889874666862 ], [ 29.509100306882956, 40.78988968172181 ], [ 29.509101320381653, 40.789889471388626 ], [ 29.509102330129522, 40.789889243729029 ], [ 29.509103335830382, 40.789888998809772 ], [ 29.509104337189232, 40.789888736702714 ], [ 29.509105333912348, 40.789888457484729 ], [ 29.509106325707371, 40.789888161237727 ], [ 29.50910731228338, 40.789887848048593 ] ] ] } },
{ "type": "Feature", "properties": { "fid": 483, "line_id": 374, "line_type": "center_line" }, "geometry": { "type": "MultiLineString", "coordinates": [ [ [ 29.509068190897686, 40.789906175205587 ], [ 29.509069569297274, 40.78990653258866 ], [ 29.509070953653595, 40.789906866153729 ], [ 29.509072343555122, 40.789907175801638 ], [ 29.509073738588672, 40.789907461440336 ], [ 29.509075138339551, 40.789907722984914 ], [ 29.509076542391643, 40.789907960357624 ], [ 29.509077950327566, 40.789908173487895 ], [ 29.509079361728784, 40.789908362312374 ], [ 29.509080776175725, 40.78990852677493 ], [ 29.509082193247913, 40.789908666826669 ], [ 29.509083612524098, 40.789908782425954 ], [ 29.509085033582362, 40.789908873538437 ], [ 29.509086456000272, 40.789908940137018 ], [ 29.509087879354979, 40.789908982201901 ], [ 29.509089303223366, 40.789908999720581 ], [ 29.509090727182151, 40.789908992687856 ], [ 29.509092150808033, 40.789908961105816 ], [ 29.509093573677809, 40.789908904983847 ], [ 29.509094995368503, 40.789908824338625 ], [ 29.509096415457485, 40.789908719194138 ], [ 29.509097833522603, 40.789908589581628 ], [ 29.509099249142309, 40.789908435539637 ], [ 29.509100661895772, 40.789908257113957 ], [ 29.509102071363031, 40.789908054357618 ], [ 29.509103477125084, 40.7899078273309 ], [ 29.509104878764042, 40.789907576101292 ], [ 29.509106275863232, 40.789907300743479 ], [ 29.509107668007346, 40.789907001339316 ], [ 29.509109054782531, 40.789906677977804 ], [ 29.509110435776538, 40.789906330755073 ], [ 29.509111810578844, 40.789905959774345 ], [ 29.509113178780755, 40.789905565145894 ], [ 29.509114539975542, 40.789905146987032 ], [ 29.509115893758562, 40.789904705422074 ] ] ] } },
{ "type": "Feature", "properties": { "fid": 484, "line_id": 375, "line_type": "center_line" }, "geometry": { "type": "MultiLineString", "coordinates": [ [ [ 29.509145151495609, 40.78985398730395 ], [ 29.509145314712221, 40.789853170006133 ], [ 29.509145463685844, 40.789852349992572 ], [ 29.509145598371386, 40.789851527511459 ], [ 29.509145718728085, 40.789850702811727 ], [ 29.509145824719507, 40.789849876142988 ], [ 29.509145916313578, 40.789849047755453 ], [ 29.509145993482573, 40.789848217899845 ], [ 29.509146056203132, 40.78984738682734 ], [ 29.509146104456278, 40.78984655478947 ], [ 29.509146138227401, 40.789845722038073 ], [ 29.509146157506283, 40.789844888825193 ], [ 29.509146162287085, 40.789844055403016 ], [ 29.509146152568363, 40.789843222023791 ], [ 29.509146128353059, 40.789842388939761 ], [ 29.5091460896485, 40.789841556403069 ], [ 29.509146036466404, 40.789840724665709 ], [ 29.509145968822864, 40.789839893979405 ], [ 29.509145886738356, 40.78983906459559 ], [ 29.509145790237721, 40.789838236765284 ], [ 29.509145679350169, 40.789837410739054 ], [ 29.509145554109264, 40.78983658676691 ], [ 29.509145414552908, 40.789835765098239 ], [ 29.509145260723344, 40.789834945981731 ], [ 29.509145092667133, 40.789834129665316 ], [ 29.509144910435133, 40.789833316396063 ], [ 29.509144714082506, 40.789832506420119 ], [ 29.509144503668683, 40.789831699982642 ], [ 29.509144279257342, 40.789830897327718 ], [ 29.509144040916411, 40.789830098698275 ], [ 29.509143788718028, 40.789829304336045 ], [ 29.509143522738523, 40.789828514481449 ], [ 29.509143243058404, 40.789827729373549 ] ] ] } },
{ "type": "Feature", "properties": { "fid": 485, "line_id": 376, "line_type": "center_line" }, "geometry": { "type": "MultiLineString", "coordinates": [ [ [ 29.509167045981048, 40.789858110923831 ], [ 29.509167257333971, 40.789857003248507 ], [ 29.509167449559975, 40.789855892094224 ], [ 29.509167622601932, 40.789854777791234 ], [ 29.509167776408411, 40.789853660670715 ], [ 29.509167910933694, 40.789852541064704 ], [ 29.509168026137804, 40.789851419305954 ], [ 29.509168121986498, 40.789850295727874 ], [ 29.509168198451288, 40.789849170664397 ], [ 29.509168255509447, 40.789848044449926 ], [ 29.509168293144018, 40.789846917419169 ], [ 29.509168311343814, 40.789845789907112 ], [ 29.50916831010343, 40.789844662248854 ], [ 29.509168289423226, 40.789843534779564 ], [ 29.509168249309358, 40.789842407834328 ], [ 29.509168189773742, 40.789841281748103 ], [ 29.509168110834075, 40.789840156855576 ], [ 29.509168012513818, 40.78983903349107 ], [ 29.509167894842196, 40.789837911988478 ], [ 29.509167757854183, 40.789836792681115 ], [ 29.509167601590487, 40.789835675901671 ], [ 29.509167426097559, 40.789834561982055 ], [ 29.509167231427554, 40.789833451253344 ], [ 29.509167017638333, 40.789832344045664 ], [ 29.50916678479344, 40.789831240688088 ], [ 29.509166532962073, 40.78983014150856 ], [ 29.509166262219082, 40.789829046833759 ], [ 29.509165972644936, 40.789827956989051 ], [ 29.509165664325707, 40.789826872298342 ], [ 29.509165337353021, 40.789825793084027 ], [ 29.509164294907077, 40.789822724959443 ], [ 29.509164294907077, 40.789822724959443 ] ] ] } },
{ "type": "Feature", "properties": { "fid": 486, "line_id": 377, "line_type": "center_line" }, "geometry": { "type": "MultiLineString", "coordinates": [ [ [ 29.509062632860754, 40.789800080188392 ], [ 29.509064122928518, 40.789799672254013 ], [ 29.50906561966335, 40.789799289504451 ], [ 29.509067122639621, 40.789798932048541 ], [ 29.509068631429916, 40.78979859998794 ], [ 29.509070145605168, 40.789798293417078 ], [ 29.509071664734787, 40.789798012423141 ], [ 29.509073188386768, 40.789797757086028 ], [ 29.509074716127817, 40.789797527478356 ], [ 29.509076247523481, 40.789797323665425 ], [ 29.50907778213827, 40.78979714570518 ], [ 29.509079319535772, 40.789796993648245 ], [ 29.509080859278789, 40.789796867537852 ], [ 29.509082400929458, 40.789796767409868 ], [ 29.509083944049365, 40.789796693292764 ], [ 29.509085488199688, 40.789796645207616 ], [ 29.509087032941299, 40.789796623168108 ], [ 29.50908857783492, 40.789796627180493 ], [ 29.509090122441211, 40.789796657243642 ], [ 29.509091666320931, 40.789796713348998 ], [ 29.509093209035029, 40.789796795480605 ], [ 29.509094750144801, 40.78979690361512 ], [ 29.509096289211985, 40.789797037721776 ], [ 29.509097825798911, 40.789797197762439 ], [ 29.509099359468607, 40.789797383691607 ], [ 29.509100889784936, 40.789797595456399 ], [ 29.509102416312711, 40.789797832996598 ] ] ] } },
{ "type": "Feature", "properties": { "fid": 487, "line_id": 378, "line_type": "center_line" }, "geometry": { "type": "MultiLineString", "coordinates": [ [ [ 29.509054868604224, 40.789784828151959 ], [ 29.509056920637228, 40.789784282569812 ], [ 29.50905898160039, 40.789783771756575 ], [ 29.509061050904645, 40.78978329585825 ], [ 29.509063127958541, 40.789782855010849 ], [ 29.509065212168416, 40.789782449340393 ], [ 29.509067302938554, 40.789782078962816 ], [ 29.509069399671372, 40.789781743983987 ], [ 29.509071501767576, 40.789781444499646 ], [ 29.509073608626345, 40.789781180595398 ], [ 29.509075719645491, 40.789780952346668 ], [ 29.509077834221642, 40.789780759818697 ], [ 29.509079951750408, 40.789780603066504 ], [ 29.509082071626551, 40.789780482134908 ], [ 29.509084193244171, 40.789780397058465 ], [ 29.509086315996861, 40.789780347861488 ], [ 29.509088439277892, 40.789780334558046 ], [ 29.509090562480388, 40.789780357151933 ], [ 29.509092684997491, 40.789780415636706 ], [ 29.509094806222542, 40.78978050999563 ], [ 29.509096925549247, 40.789780640201748 ], [ 29.509099042371862, 40.789780806217848 ], [ 29.50910115608535, 40.78978100799646 ], [ 29.509103266085567, 40.789781245479929 ], [ 29.509105371769433, 40.789781518600371 ], [ 29.509107472535099, 40.789781827279725 ] ] ] } },
{ "type": "Feature", "properties": { "fid": 488, "line_id": 379, "line_type": "center_line" }, "geometry": { "type": "MultiLineString", "coordinates": [ [ [ 29.509029889066884, 40.789832278712318 ], [ 29.509029708954031, 40.789832818732087 ], [ 29.509029538193076, 40.789833361781518 ], [ 29.509029376834938, 40.789833907698672 ], [ 29.509029224927737, 40.789834456320754 ], [ 29.509029082516768, 40.789835007484164 ], [ 29.509028949644502, 40.789835561024539 ], [ 29.509028826350562, 40.789836116776819 ], [ 29.509028712671718, 40.789836674575263 ], [ 29.509028608641863, 40.789837234253547 ], [ 29.509028514292019, 40.789837795644758 ], [ 29.509028429650332, 40.789838358581498 ], [ 29.509028354742028, 40.789838922895896 ], [ 29.509028289589459, 40.789839488419659 ], [ 29.509028234212042, 40.789840054984161 ], [ 29.509028188626299, 40.789840622420435 ], [ 29.509028152845822, 40.789841190559279 ], [ 29.50902812688128, 40.789841759231265 ], [ 29.509028110740413, 40.789842328266822 ], [ 29.509028104428037, 40.78984289749625 ], [ 29.509028107946037, 40.789843466749808 ], [ 29.509028121293358, 40.78984403585774 ], [ 29.509028144466026, 40.789844604650334 ], [ 29.509028177457125, 40.789845172957975 ], [ 29.50902822025682, 40.789845740611192 ], [ 29.509028272852348, 40.789846307440705 ], [ 29.509028335228024, 40.78984687327749 ], [ 29.50902840736525, 40.789847437952801 ], [ 29.50902848924251, 40.789848001298253 ], [ 29.509028580835391, 40.78984856314586 ], [ 29.509028682116575, 40.789849123328075 ], [ 29.509028793055865, 40.789849681677843 ], [ 29.509028913620178, 40.789850238028663 ], [ 29.509029043773555, 40.789850792214629 ], [ 29.509029183477193, 40.789851344070478 ], [ 29.509029332689423, 40.789851893431653 ], [ 29.509029491365755, 40.789852440134325 ], [ 29.509029659458868, 40.789852984015461 ], [ 29.509029836918636, 40.789853524912886 ], [ 29.509030023692141, 40.789854062665285 ], [ 29.509030219723687, 40.78985459711231 ] ] ] } },
{ "type": "Feature", "properties": { "fid": 489, "line_id": 380, "line_type": "center_line" }, "geometry": { "type": "MultiLineString", "coordinates": [ [ [ 29.509009683966823, 40.789828473272237 ], [ 29.509009432404785, 40.789829201396863 ], [ 29.509009193287294, 40.789829933702649 ], [ 29.509008966683798, 40.789830669976908 ], [ 29.509008752660097, 40.789831410005817 ], [ 29.509008551278356, 40.789832153574459 ], [ 29.509008362597058, 40.789832900466891 ], [ 29.509008186671, 40.789833650466193 ], [ 29.509008023551274, 40.789834403354554 ], [ 29.509007873285253, 40.78983515891332 ], [ 29.509007735916573, 40.789835916923067 ], [ 29.509007611485135, 40.789836677163656 ], [ 29.509007500027071, 40.789837439414292 ], [ 29.509007401574756, 40.789838203453606 ], [ 29.509007316156776, 40.789838969059709 ], [ 29.509007243797942, 40.789839736010244 ], [ 29.50900718451927, 40.789840504082491 ], [ 29.509007138337971, 40.789841273053376 ], [ 29.509007105267461, 40.789842042699576 ], [ 29.509007085317339, 40.789842812797566 ], [ 29.509007078493408, 40.789843583123712 ], [ 29.509007084797641, 40.789844353454285 ], [ 29.50900710422821, 40.789845123565563 ], [ 29.509007136779474, 40.789845893233903 ], [ 29.509007182441977, 40.789846662235767 ], [ 29.509007241202458, 40.789847430347827 ], [ 29.509007313043853, 40.789848197347006 ], [ 29.509007397945297, 40.789848963010563 ], [ 29.50900749588213, 40.78984972711612 ], [ 29.509007606825918, 40.789850489441775 ], [ 29.509007730744433, 40.789851249766137 ], [ 29.509007867601689, 40.78985200786839 ], [ 29.509008017357942, 40.789852763528366 ], [ 29.509008179969697, 40.789853516526605 ], [ 29.509008355389728, 40.789854266644426 ], [ 29.509008543567095, 40.789855013663974 ], [ 29.50900874444714, 40.789855757368308 ], [ 29.509008957971531, 40.789856497541443 ], [ 29.509009184078252, 40.789857233968412 ], [ 29.509009422701638, 40.789857966435349 ], [ 29.50900967377239, 40.789858694729524 ], [ 29.509009937217591, 40.789859418639438 ] ] ] } },
{ "type": "Feature", "properties": { "fid": 490, "line_id": 381, "line_type": "center_line" }, "geometry": { "type": "MultiLineString", "coordinates": [ [ [ 29.509068190897686, 40.789906175205587 ], [ 29.509066645282459, 40.789905752310716 ], [ 29.509065107266359, 40.789905302563035 ], [ 29.509063577315871, 40.789904826098969 ], [ 29.509062055895043, 40.789904323063013 ], [ 29.509060543465331, 40.789903793607756 ], [ 29.509059040485464, 40.789903237893782 ], [ 29.509057547411306, 40.789902656089637 ], [ 29.509056064695717, 40.789902048371793 ], [ 29.509054592788409, 40.789901414924579 ], [ 29.509053132135826, 40.789900755940103 ], [ 29.509051683180989, 40.789900071618263 ], [ 29.50905024636338, 40.789899362166601 ], [ 29.509048822118789, 40.789898627800305 ], [ 29.509047410879205, 40.789897868742116 ], [ 29.509046013072663, 40.789897085222258 ], [ 29.509044629123125, 40.789896277478377 ], [ 29.509043259450351, 40.789895445755462 ], [ 29.509041904469775, 40.789894590305792 ], [ 29.509040564592372, 40.789893711388821 ], [ 29.509039240224531, 40.78989280927113 ], [ 29.509037931767942, 40.789891884226343 ], [ 29.50903663961947, 40.789890936535031 ], [ 29.509035364171034, 40.789889966484623 ], [ 29.50903410580948, 40.789888974369362 ], [ 29.509032864916481, 40.789887960490141 ], [ 29.509031641868404, 40.789886925154491 ], [ 29.509030437036209, 40.789885868676436 ], [ 29.509029250785332, 40.789884791376402 ], [ 29.50902808347557, 40.789883693581146 ], [ 29.509026935460973, 40.789882575623643 ], [ 29.509025807089742, 40.789881437842965 ], [ 29.509024698704117, 40.789880280584221 ], [ 29.509023610640281, 40.789879104198398 ], [ 29.509022543228252, 40.789877909042318 ], [ 29.509021496791778, 40.789876695478469 ], [ 29.509020471648256, 40.789875463874942 ], [ 29.509019468108612, 40.789874214605277 ], [ 29.509018486477231, 40.789872948048398 ], [ 29.509017527051846, 40.789871664588453 ], [ 29.509016590123458, 40.789870364614721 ], [ 29.50901567597624, 40.789869048521496 ], [ 29.509014784887466, 40.78986771670796 ], [ 29.509013917127398, 40.789866369578064 ], [ 29.509013072959242, 40.789865007540385 ], [ 29.509012252639039, 40.789863631008053 ], [ 29.509011456415589, 40.789862240398577 ], [ 29.509010684530402, 40.789860836133727 ], [ 29.509009937217591, 40.789859418639438 ] ] ] } },
{ "type": "Feature", "properties": { "fid": 491, "line_id": 382, "line_type": "center_line" }, "geometry": { "type": "MultiLineString", "coordinates": [ [ [ 29.509073625349441, 40.789888972185331 ], [ 29.509072368496355, 40.78988857557021 ], [ 29.509071118709194, 40.789888157221924 ], [ 29.509069876363732, 40.789887717266254 ], [ 29.509068641833508, 40.789887255835481 ], [ 29.509067415489703, 40.789886773068346 ], [ 29.509066197701042, 40.789886269109999 ], [ 29.509064988833678, 40.789885744111963 ], [ 29.50906378925108, 40.789885198232099 ], [ 29.509062599313928, 40.789884631634528 ], [ 29.509061419379996, 40.789884044489611 ], [ 29.509060249804058, 40.789883436973881 ], [ 29.509059090937768, 40.789882809270004 ], [ 29.509057943129562, 40.789882161566709 ], [ 29.509056806724551, 40.78988149405874 ], [ 29.509055682064417, 40.789880806946805 ], [ 29.509054569487311, 40.789880100437486 ], [ 29.50905346932775, 40.789879374743208 ], [ 29.509052381916522, 40.789878630082178 ], [ 29.509051307580574, 40.789877866678282 ], [ 29.509050246642929, 40.789877084761059 ], [ 29.509049199422577, 40.789876284565601 ], [ 29.509048166234386, 40.789875466332504 ], [ 29.509047147389005, 40.789874630307786 ], [ 29.509046143192766, 40.789873776742823 ], [ 29.509045153947607, 40.789872905894242 ], [ 29.509044179950955, 40.789872018023885 ], [ 29.50904322149567, 40.789871113398718 ], [ 29.509042278869927, 40.789870192290721 ], [ 29.509041352357141, 40.78986925497685 ], [ 29.509040442235889, 40.78986830173892 ], [ 29.509039548779821, 40.789867332863551 ], [ 29.509038672257564, 40.789866348642043 ], [ 29.509037812932668, 40.789865349370331 ], [ 29.509036971063502, 40.789864335348859 ], [ 29.509036146903192, 40.789863306882516 ], [ 29.509035340699537, 40.789862264280529 ], [ 29.509034552694938, 40.789861207856376 ], [ 29.509033783126327, 40.789860137927697 ], [ 29.509033032225084, 40.789859054816176 ], [ 29.509032300216987, 40.789857958847477 ], [ 29.509031587322127, 40.789856850351136 ], [ 29.509030893754851, 40.789855729660424 ], [ 29.509030219723687, 40.78985459711231 ] ] ] } },
{ "type": "Feature", "properties": { "fid": 492, "line_id": 383, "line_type": "center_line" }, "geometry": { "type": "MultiLineString", "coordinates": [ [ [ 29.509115893758562, 40.789904705422074 ], [ 29.509117271733277, 40.789904239226267 ], [ 29.509118641490637, 40.789903749412396 ], [ 29.509120002625867, 40.789903236125213 ], [ 29.509121354736745, 40.789902699516396 ], [ 29.50912269742371, 40.789902139744513 ], [ 29.509124030289989, 40.789901556974982 ], [ 29.509125352941716, 40.789900951380012 ], [ 29.509126664988031, 40.789900323138568 ], [ 29.50912796604122, 40.789899672436299 ], [ 29.509129255716811, 40.789898999465485 ], [ 29.509130533633698, 40.789898304424995 ], [ 29.509131799414245, 40.789897587520223 ], [ 29.509133052684408, 40.789896848963018 ], [ 29.509134293073839, 40.789896088971624 ], [ 29.509135520215985, 40.789895307770628 ], [ 29.509136733748228, 40.78989450559088 ], [ 29.509137933311955, 40.78989368266943 ], [ 29.509139118552685, 40.789892839249454 ], [ 29.509140289120179, 40.78989197558019 ], [ 29.509141444668519, 40.789891091916857 ], [ 29.509142584856235, 40.789890188520587 ], [ 29.509143709346393, 40.789889265658339 ], [ 29.5091448178067, 40.789888323602824 ], [ 29.509145909909599, 40.789887362632427 ], [ 29.509146985332364, 40.789886383031117 ], [ 29.5091480437572, 40.789885385088375 ], [ 29.509149084871339, 40.789884369099099 ], [ 29.50915010836712, 40.789883335363527 ], [ 29.509151113942092, 40.789882284187129 ], [ 29.509152101299108, 40.789881215880541 ], [ 29.50915307014639, 40.789880130759443 ], [ 29.509154020197641, 40.789879029144508 ], [ 29.509154951172114, 40.789877911361266 ], [ 29.509155862794696, 40.789876777740027 ], [ 29.509156754796003, 40.789875628615782 ], [ 29.509157626912437, 40.789874464328115 ], [ 29.509158478886281, 40.789873285221077 ], [ 29.509159310465776, 40.789872091643097 ], [ 29.509160121405181, 40.78987088394689 ], [ 29.509160911464857, 40.78986966248933 ], [ 29.509161680411339, 40.789868427631383 ], [ 29.509162428017397, 40.789867179737946 ], [ 29.509163154062108, 40.789865919177778 ], [ 29.509163858330918, 40.789864646323394 ], [ 29.509164540615718, 40.789863361550921 ], [ 29.509165200714879, 40.789862065240023 ], [ 29.509165838433344, 40.789860757773766 ], [ 29.509166453582662, 40.789859439538525 ], [ 29.509167045981048, 40.789858110923831 ] ] ] } },
{ "type": "Feature", "properties": { "fid": 493, "line_id": 384, "line_type": "center_line" }, "geometry": { "type": "MultiLineString", "coordinates": [ [ [ 29.50910731228338, 40.789887848048593 ], [ 29.50910832665064, 40.789887515166313 ], [ 29.509109335141495, 40.789887164883936 ], [ 29.5091103374575, 40.789886797305122 ], [ 29.509111333302027, 40.789886412538657 ], [ 29.509112322380368, 40.78988601069841 ], [ 29.509113304399818, 40.789885591903293 ], [ 29.509114279069763, 40.789885156277244 ], [ 29.509115246101761, 40.789884703949191 ], [ 29.509116205209626, 40.78988423505298 ], [ 29.509117156109529, 40.789883749727387 ], [ 29.509118098520055, 40.789883248116034 ], [ 29.509119032162314, 40.789882730367367 ], [ 29.509119956760006, 40.789882196634608 ], [ 29.50912087203951, 40.78988164707571 ], [ 29.509121777729955, 40.789881081853302 ], [ 29.509122673563315, 40.789880501134654 ], [ 29.509123559274482, 40.789879905091631 ], [ 29.509124434601336, 40.789879293900626 ], [ 29.509125299284836, 40.789878667742499 ], [ 29.509126153069094, 40.789878026802569 ], [ 29.50912699570144, 40.789877371270507 ], [ 29.509127826932506, 40.789876701340312 ], [ 29.509128646516299, 40.78987601721024 ], [ 29.509129454210274, 40.789875319082746 ], [ 29.50913024977541, 40.789874607164442 ], [ 29.50913103297626, 40.789873881666011 ], [ 29.509131803581049, 40.789873142802143 ], [ 29.509132561361728, 40.789872390791508 ], [ 29.509133306094039, 40.789871625856655 ], [ 29.50913403755759, 40.789870848223941 ], [ 29.509134755535907, 40.789870058123519 ], [ 29.509135459816523, 40.789869255789192 ], [ 29.509136150191008, 40.78986844145841 ], [ 29.509136826455055, 40.78986761537216 ], [ 29.50913748840853, 40.789866777774911 ], [ 29.509138135855544, 40.789865928914551 ], [ 29.509138768604483, 40.789865069042271 ], [ 29.509139386468103, 40.789864198412559 ], [ 29.509139989263545, 40.78986331728305 ], [ 29.509140576812424, 40.789862425914514 ], [ 29.509141148940863, 40.789861524570739 ], [ 29.509141705479546, 40.789860613518464 ], [ 29.509142246263774, 40.78985969302731 ], [ 29.509142771133504, 40.789858763369672 ], [ 29.509143279933411, 40.789857824820686 ], [ 29.509143772512925, 40.789856877658089 ], [ 29.509144248726265, 40.789855922162197 ], [ 29.509144708432508, 40.789854958615763 ], [ 29.509145151495609, 40.78985398730395 ] ] ] } },
{ "type": "Feature", "properties": { "fid": 494, "line_id": 385, "line_type": "center_line" }, "geometry": { "type": "MultiLineString", "coordinates": [ [ [ 29.509107472535099, 40.789781827279725 ], [ 29.509108841617724, 40.789782081935627 ], [ 29.50911020610322, 40.789782360173305 ], [ 29.509111565585428, 40.789782661909939 ], [ 29.509112919659685, 40.789782987055709 ], [ 29.509114267922939, 40.789783335513832 ], [ 29.509115609973865, 40.78978370718059 ], [ 29.509116945412984, 40.789784101945358 ], [ 29.509118273842798, 40.78978451969062 ], [ 29.509119594867876, 40.789784960292032 ], [ 29.50912090809501, 40.789785423618447 ], [ 29.509122213133296, 40.78978590953195 ], [ 29.509123509594286, 40.789786417887903 ], [ 29.509124797092063, 40.789786948534989 ], [ 29.509126075243401, 40.78978750131526 ], [ 29.509127343667842, 40.78978807606417 ], [ 29.509128601987822, 40.789788672610641 ], [ 29.509129849828795, 40.789789290777101 ], [ 29.509131086819323, 40.789789930379548 ], [ 29.509132312591209, 40.789790591227607 ], [ 29.509133526779586, 40.789791273124557 ], [ 29.509134729023039, 40.789791975867438 ], [ 29.509135918963707, 40.789792699247052 ], [ 29.509137096247393, 40.789793443048097 ], [ 29.509138260523663, 40.789794207049162 ], [ 29.509139411445965, 40.789794991022838 ], [ 29.509140548671713, 40.789795794735767 ], [ 29.509141671862395, 40.78979661794871 ], [ 29.509142780683689, 40.789797460416636 ], [ 29.509143874805538, 40.789798321888775 ], [ 29.509144953902265, 40.789799202108703 ], [ 29.509146017652672, 40.789800100814404 ], [ 29.509147065740112, 40.789801017738384 ], [ 29.509148097852623, 40.789801952607696 ], [ 29.50914911368298, 40.789802905144079 ], [ 29.509150112928811, 40.789803875063988 ], [ 29.50915109529268, 40.789804862078725 ], [ 29.50915206048218, 40.7898058658945 ], [ 29.509153008210006, 40.789806886212503 ], [ 29.509153938194061, 40.789807922729032 ], [ 29.509154850157525, 40.789808975135564 ], [ 29.509155743828945, 40.789810043118834 ], [ 29.509156618942306, 40.789811126360945 ], [ 29.509157475237124, 40.78981222453946 ], [ 29.509158312458517, 40.789813337327494 ], [ 29.509159130357276, 40.789814464393814 ], [ 29.50915992868994, 40.789815605402936 ], [ 29.509160707218882, 40.789816760015235 ], [ 29.509161465712364, 40.789817927887022 ], [ 29.509162203944612, 40.789819108670663 ], [ 29.509162921695886, 40.789820302014697 ], [ 29.509163618752535, 40.7898215075639 ], [ 29.509164294907077, 40.789822724959443 ] ] ] } },
{ "type": "Feature", "properties": { "fid": 495, "line_id": 386, "line_type": "center_line" }, "geometry": { "type": "MultiLineString", "coordinates": [ [ [ 29.509029889066884, 40.789832278712318 ], [ 29.509030231892034, 40.789831395207351 ], [ 29.509030589942611, 40.789830517762255 ], [ 29.509030963111556, 40.78982964663939 ], [ 29.509031351287291, 40.789828782099221 ], [ 29.509031754353749, 40.789827924400242 ], [ 29.509032172190416, 40.789827073798911 ], [ 29.50903260467236, 40.789826230549551 ], [ 29.509033051670265, 40.789825394904305 ], [ 29.509033513050479, 40.789824567113023 ], [ 29.50903398867505, 40.789823747423213 ], [ 29.509034478401762, 40.789822936079979 ], [ 29.509034982084195, 40.789822133325892 ], [ 29.509035499571741, 40.789821339400994 ], [ 29.50903603070967, 40.789820554542658 ], [ 29.509036575339174, 40.78981977898556 ], [ 29.509037133297408, 40.789819012961594 ], [ 29.50903770441754, 40.789818256699796 ], [ 29.50903828852881, 40.789817510426296 ], [ 29.509038885456562, 40.789816774364233 ], [ 29.509039495022318, 40.789816048733677 ], [ 29.509040117043817, 40.789815333751605 ], [ 29.509040751335071, 40.789814629631792 ], [ 29.509041397706433, 40.789813936584771 ], [ 29.509042055964628, 40.789813254817766 ], [ 29.509042725912845, 40.789812584534616 ], [ 29.509043407350763, 40.789811925935744 ], [ 29.509044100074636, 40.789811279218078 ], [ 29.509044803877337, 40.789810644574978 ], [ 29.509045518548429, 40.7898100221962 ], [ 29.50904624387422, 40.789809412267843 ], [ 29.509046979637844, 40.789808814972268 ], [ 29.509047725619308, 40.789808230488077 ], [ 29.509048481595553, 40.789807658990028 ], [ 29.509049247340553, 40.789807100649 ], [ 29.509050022625342, 40.789806555631934 ], [ 29.509050807218113, 40.789806024101786 ], [ 29.50905160088427, 40.789805506217498 ], [ 29.509052403386505, 40.789805002133903 ], [ 29.509053214484872, 40.78980451200173 ], [ 29.509054033936852, 40.789804035967535 ], [ 29.509054861497429, 40.789803574173639 ], [ 29.509055696919159, 40.789803126758123 ], [ 29.509056539952255, 40.789802693854767 ], [ 29.50905739034464, 40.789802275593019 ], [ 29.509058247842056, 40.789801872097918 ], [ 29.509059112188105, 40.78980148349013 ], [ 29.509059983124349, 40.789801109885836 ], [ 29.509060860390374, 40.789800751396747 ], [ 29.509061743723883, 40.789800408130056 ], [ 29.509062632860754, 40.789800080188392 ] ] ] } },
{ "type": "Feature", "properties": { "fid": 496, "line_id": 387, "line_type": "center_line" }, "geometry": { "type": "MultiLineString", "coordinates": [ [ [ 29.509009683966823, 40.789828473272237 ], [ 29.509010092730541, 40.789827338139723 ], [ 29.509010521011657, 40.789826210226202 ], [ 29.509010968682755, 40.789825089867243 ], [ 29.509011435610656, 40.789823977396146 ], [ 29.509011921656452, 40.789822873143869 ], [ 29.509012426675543, 40.789821777438924 ], [ 29.509012950517683, 40.789820690607279 ], [ 29.509013493027034, 40.789819612972273 ], [ 29.509014054042201, 40.789818544854491 ], [ 29.50901463339628, 40.7898174865717 ], [ 29.509015230916916, 40.789816438438741 ], [ 29.509015846426347, 40.789815400767431 ], [ 29.509016479741458, 40.78981437386647 ], [ 29.509017130673843, 40.789813358041371 ], [ 29.509017799029845, 40.789812353594328 ], [ 29.509018484610635, 40.789811360824167 ], [ 29.50901918721225, 40.789810380026232 ], [ 29.509019906625667, 40.789809411492321 ], [ 29.509020642636866, 40.78980845551056 ], [ 29.509021395026878, 40.789807512365357 ], [ 29.509022163571871, 40.789806582337292 ], [ 29.509022948043206, 40.789805665703049 ], [ 29.509023748207504, 40.789804762735322 ], [ 29.509024563826713, 40.789803873702752 ], [ 29.509025394658192, 40.789802998869817 ], [ 29.509026240454769, 40.789802138496782 ], [ 29.509027100964822, 40.789801292839606 ], [ 29.509027975932344, 40.78980046214987 ], [ 29.509028865097044, 40.789799646674702 ], [ 29.509029768194388, 40.789798846656701 ], [ 29.509030684955707, 40.78979806233388 ], [ 29.50903161510827, 40.789797293939564 ], [ 29.50903255837536, 40.789796541702358 ], [ 29.509033514476346, 40.789795805846055 ], [ 29.509034483126801, 40.789795086589557 ], [ 29.509035464038547, 40.789794384146845 ], [ 29.509036456919763, 40.789793698726903 ], [ 29.509037461475074, 40.789793030533637 ], [ 29.509038477405621, 40.789792379765835 ], [ 29.509039504409166, 40.789791746617098 ], [ 29.509040542180184, 40.789791131275791 ], [ 29.509041590409932, 40.789790533924965 ], [ 29.509042648786568, 40.789789954742346 ], [ 29.509043716995222, 40.789789393900229 ], [ 29.509044794718111, 40.789788851565476 ], [ 29.509045881634606, 40.789788327899416 ], [ 29.509046977421356, 40.789787823057843 ], [ 29.509048081752361, 40.789787337190958 ], [ 29.509049194299092, 40.789786870443287 ], [ 29.509050314730562, 40.789786422953703 ], [ 29.509051442713449, 40.789785994855329 ], [ 29.509052577912176, 40.789785586275514 ], [ 29.509053719989023, 40.789785197335824 ], [ 29.509054868604224, 40.789784828151959 ] ] ] } },
{ "type": "Feature", "properties": { "fid": 497, "line_id": 388, "line_type": "center_line" }, "geometry": { "type": "MultiLineString", "coordinates": [ [ [ 29.509115893758562, 40.789904705422074 ], [ 29.509116997014676, 40.789904480005163 ], [ 29.509118104009467, 40.789904273730173 ], [ 29.509119214410841, 40.789904086658979 ], [ 29.509120327885679, 40.789903918847706 ], [ 29.509121444099943, 40.78990377034669 ], [ 29.50912256271878, 40.789903641200489 ], [ 29.509123683406603, 40.789903531447848 ], [ 29.509124805827213, 40.78990344112168 ], [ 29.509125929643886, 40.7899033702491 ], [ 29.509127054519482, 40.789903318851351 ], [ 29.509128180116548, 40.789903286943861 ], [ 29.509129306097403, 40.789903274536208 ], [ 29.509130432124262, 40.7899032816321 ], [ 29.50913155785932, 40.78990330822942 ], [ 29.509132682964864, 40.789903354320188 ], [ 29.50913380710336, 40.789903419890571 ], [ 29.509134929937581, 40.7899035049209 ], [ 29.509136051130671, 40.789903609385668 ], [ 29.509137170346285, 40.789903733253539 ], [ 29.509138287248661, 40.789903876487344 ], [ 29.509139401502733, 40.789904039044124 ], [ 29.509140512774227, 40.789904220875108 ], [ 29.509141620729768, 40.789904421925748 ], [ 29.509142725036973, 40.789904642135724 ], [ 29.509143825364553, 40.789904881438979 ], [ 29.509144921382422, 40.789905139763725 ], [ 29.509146012761772, 40.789905417032465 ], [ 29.509147099175195, 40.789905713162014 ], [ 29.509148180296773, 40.789906028063548 ], [ 29.509149255802175, 40.789906361642579 ], [ 29.509150325368751, 40.789906713799049 ], [ 29.509151388675637, 40.789907084427306 ], [ 29.509152445403846, 40.789907473416164 ], [ 29.509153495236362, 40.789907880648926 ], [ 29.509154537858244, 40.789908306003433 ], [ 29.509155572956704, 40.789908749352072 ], [ 29.509156600221221, 40.789909210561838 ], [ 29.509157619343618, 40.78990968949438 ], [ 29.509158630018167, 40.789910186006011 ], [ 29.50915963194166, 40.789910699947782 ], [ 29.509160624813536, 40.789911231165519 ] ] ] } },
{ "type": "Feature", "properties": { "fid": 498, "line_id": 389, "line_type": "center_line" }, "geometry": { "type": "MultiLineString", "coordinates": [ [ [ 29.509183399667211, 40.789889442385622 ], [ 29.509181980818905, 40.78988877020636 ], [ 29.509180550617526, 40.789888122533995 ], [ 29.509179109486325, 40.789887499560216 ], [ 29.50917765785179, 40.789886901469373 ], [ 29.509176196143521, 40.78988632843847 ], [ 29.5091747247941, 40.789885780637086 ], [ 29.509173244238955, 40.789885258227351 ], [ 29.509171754916242, 40.789884761363851 ], [ 29.509170257266717, 40.789884290193633 ], [ 29.50916875173359, 40.789883844856142 ], [ 29.509167238762412, 40.789883425483168 ], [ 29.509165718800933, 40.789883032198823 ], [ 29.509164192298972, 40.789882665119485 ], [ 29.509162659708284, 40.789882324353798 ], [ 29.509161121482421, 40.789882010002607 ], [ 29.509159578076609, 40.789881722158938 ], [ 29.509158029947606, 40.789881460907978 ], [ 29.509156477553564, 40.789881226327047 ], [ 29.509154921353904, 40.789881018485552 ], [ 29.509153361809162, 40.789880837445018 ], [ 29.509151799380874, 40.789880683259014 ], [ 29.509150234531429, 40.78988055597317 ], [ 29.509148667723924, 40.789880455625159 ], [ 29.509147099422048, 40.789880382244675 ], [ 29.509145530089921, 40.789880335853432 ], [ 29.50914396019197, 40.789880316465165 ], [ 29.509142390192796, 40.789880324085608 ], [ 29.509140820557025, 40.789880358712502 ], [ 29.509139251749176, 40.789880420335614 ], [ 29.509137684233522, 40.78988050893669 ], [ 29.509136118473958, 40.789880624489513 ], [ 29.509134554933851, 40.789880766959897 ], [ 29.509132994075916, 40.789880936305671 ], [ 29.509131436362082, 40.789881132476715 ], [ 29.509129882253333, 40.789881355414984 ], [ 29.509128332209595, 40.789881605054497 ], [ 29.509126786689588, 40.789881881321371 ], [ 29.509125246150695, 40.789882184133852 ], [ 29.509123711048826, 40.789882513402326 ], [ 29.509122181838279, 40.789882869029341 ], [ 29.509120658971611, 40.789883250909668 ], [ 29.509119142899497, 40.789883658930279 ], [ 29.509117634070606, 40.789884092970425 ], [ 29.50911613293146, 40.789884552901668 ], [ 29.509114639926313, 40.789885038587883 ], [ 29.509113155496998, 40.789885549885341 ], [ 29.509111680082825, 40.789886086642731 ], [ 29.509110214120426, 40.789886648701199 ], [ 29.509108758043642, 40.789887235894412 ], [ 29.50910731228338, 40.789887848048593 ] ] ] } },
{ "type": "Feature", "properties": { "fid": 499, "line_id": 390, "line_type": "center_line" }, "geometry": { "type": "MultiLineString", "coordinates": [ [ [ 29.509027501405118, 40.789917428784008 ], [ 29.509028734886801, 40.789916718511478 ], [ 29.509029980555496, 40.789916029836199 ], [ 29.509031238033085, 40.789915362967214 ], [ 29.509032506937874, 40.789914718106942 ], [ 29.509033786884697, 40.789914095451131 ], [ 29.509035077485038, 40.789913495188777 ], [ 29.509036378347144, 40.789912917502093 ], [ 29.509037689076152, 40.789912362566419 ], [ 29.509039009274201, 40.78991183055021 ], [ 29.509040338540551, 40.789911321614952 ], [ 29.509041676471721, 40.789910835915123 ], [ 29.50904302266159, 40.789910373598168 ], [ 29.509044376701532, 40.789909934804406 ], [ 29.509045738180539, 40.789909519667027 ], [ 29.509047106685351, 40.789909128312054 ], [ 29.509048481800566, 40.789908760858275 ], [ 29.509049863108778, 40.78990841741723 ], [ 29.509051250190705, 40.789908098093157 ], [ 29.509052642625306, 40.789907802982995 ], [ 29.509054039989923, 40.789907532176322 ], [ 29.509055441860401, 40.789907285755326 ], [ 29.509056847811205, 40.789907063794828 ], [ 29.509058257415575, 40.78990686636218 ], [ 29.509059670245637, 40.789906693517324 ], [ 29.509061085872542, 40.789906545312725 ], [ 29.509062503866581, 40.789906421793368 ], [ 29.509063923797342, 40.789906322996742 ], [ 29.509065345233807, 40.789906248952839 ], [ 29.509066767744521, 40.78990619968414 ], [ 29.509068190897686, 40.789906175205587 ] ] ] } },
{ "type": "Feature", "properties": { "fid": 500, "line_id": 391, "line_type": "center_line" }, "geometry": { "type": "MultiLineString", "coordinates": [ [ [ 29.50900324704719, 40.78989659388003 ], [ 29.509005023871342, 40.789895798842039 ], [ 29.509006814244835, 40.789895034805234 ], [ 29.509008617626819, 40.78989430200042 ], [ 29.509010433472522, 40.789893600648973 ], [ 29.509012261233401, 40.789892930962743 ], [ 29.509014100357323, 40.78989229314405 ], [ 29.509015950288706, 40.789891687385563 ], [ 29.509017810468723, 40.789891113870276 ], [ 29.509019680335435, 40.789890572771434 ], [ 29.509021559323983, 40.789890064252496 ], [ 29.509023446866756, 40.789889588467076 ], [ 29.509025342393549, 40.789889145558909 ], [ 29.509027245331758, 40.789888735661791 ], [ 29.509029155106532, 40.789888358899539 ], [ 29.509031071140953, 40.789888015385969 ], [ 29.509032992856216, 40.789887705224849 ], [ 29.509034919671802, 40.789887428509886 ], [ 29.50903685100565, 40.789887185324659 ], [ 29.509038786274324, 40.789886975742633 ], [ 29.509040724893218, 40.789886799827123 ], [ 29.509042666276699, 40.789886657631271 ], [ 29.509044609838302, 40.78988654919803 ], [ 29.50904655499091, 40.789886474560156 ], [ 29.509048501146918, 40.789886433740193 ], [ 29.509050447718423, 40.789886426750478 ], [ 29.50905239411739, 40.78988645359312 ], [ 29.509054339755849, 40.789886514260012 ], [ 29.509056284046043, 40.789886608732829 ], [ 29.509058226400636, 40.789886736983021 ], [ 29.509060166232871, 40.789886898971858 ], [ 29.509062102956747, 40.789887094650396 ], [ 29.509064035987219, 40.789887323959533 ], [ 29.509065964740337, 40.789887586829991 ], [ 29.50906788863346, 40.789887883182367 ], [ 29.509069807085407, 40.789888212927131 ], [ 29.509071719516637, 40.789888575964675 ], [ 29.509073625349441, 40.789888972185331 ] ] ] } },
{ "type": "Feature", "properties": { "fid": 501, "line_id": 392, "line_type": "center_line" }, "geometry": { "type": "MultiLineString", "coordinates": [ [ [ 29.50900324704719, 40.78989659388003 ], [ 29.509003629172124, 40.789896306007883 ], [ 29.509004006238023, 40.789896011540314 ], [ 29.509004378131063, 40.789895710566221 ], [ 29.509004744738981, 40.789895403176452 ], [ 29.509005105951118, 40.789895089463791 ], [ 29.509005461658433, 40.789894769522945 ], [ 29.50900581175355, 40.789894443450486 ], [ 29.509006156130791, 40.78989411134485 ], [ 29.509006494686201, 40.789893773306282 ], [ 29.509006827317581, 40.789893429436823 ], [ 29.509007153924525, 40.789893079840283 ], [ 29.509007474408438, 40.789892724622177 ], [ 29.50900778867258, 40.789892363889749 ], [ 29.509008096622086, 40.789891997751873 ], [ 29.509008398163999, 40.78989162631909 ], [ 29.509008693207292, 40.789891249703516 ], [ 29.509008981662905, 40.78989086801883 ], [ 29.509009263443765, 40.789890481380255 ], [ 29.509009538464806, 40.789890089904503 ], [ 29.509009806643014, 40.789889693709739 ], [ 29.509010067897439, 40.789889292915575 ], [ 29.509010322149212, 40.789888887642981 ], [ 29.509010569321585, 40.789888478014298 ], [ 29.509010809339948, 40.789888064153182 ], [ 29.509011042131849, 40.78988764618456 ], [ 29.509011267627013, 40.789887224234597 ], [ 29.509011485757377, 40.789886798430672 ], [ 29.50901169645709, 40.789886368901314 ], [ 29.50901189966255, 40.789885935776184 ], [ 29.509012095312418, 40.78988549918602 ], [ 29.509012283347637, 40.789885059262623 ], [ 29.509012463711443, 40.789884616138785 ], [ 29.509012636349393, 40.789884169948266 ], [ 29.509012801209369, 40.789883720825763 ], [ 29.509012958241613, 40.789883268906834 ], [ 29.509013107398719, 40.789882814327918 ], [ 29.509013248635661, 40.789882357226212 ], [ 29.509013381909806, 40.789881897739718 ], [ 29.509013507180924, 40.789881436007128 ], [ 29.509013624411203, 40.789880972167822 ], [ 29.509013733565247, 40.789880506361818 ], [ 29.509013834610116, 40.789880038729727 ], [ 29.509013927515301, 40.789879569412705 ], [ 29.509014012252763, 40.789879098552426 ], [ 29.509014088796921, 40.789878626291028 ], [ 29.509014157124664, 40.78987815277106 ], [ 29.509014217215373, 40.789877678135468 ], [ 29.509014269050908, 40.789877202527521 ], [ 29.509014312615619, 40.789876726090796 ], [ 29.509014347896358, 40.789876248969101 ], [ 29.509014374882476, 40.789875771306477 ], [ 29.50901439356582, 40.789875293247093 ], [ 29.509014403940757, 40.789874814935267 ], [ 29.509014406004155, 40.789874336515389 ], [ 29.509014399755387, 40.78987385813187 ], [ 29.509014385196341, 40.789873379929119 ], [ 29.509014362331413, 40.789872902051485 ], [ 29.509014331167506, 40.789872424643221 ], [ 29.509014291714028, 40.78987194784844 ], [ 29.509014243982882, 40.789871471811068 ], [ 29.50901418798848, 40.789870996674814 ], [ 29.509014123747729, 40.789870522583087 ], [ 29.509014051280015, 40.789870049679003 ], [ 29.509013970607217, 40.789869578105325 ], [ 29.509013881753685, 40.789869108004389 ], [ 29.509013784746237, 40.789868639518104 ], [ 29.509013679614164, 40.789868172787898 ], [ 29.5090135663892, 40.789867707954656 ], [ 29.509013445105516, 40.789867245158689 ], [ 29.509013315799731, 40.789866784539697 ], [ 29.509013178510873, 40.789866326236734 ], [ 29.509013033280389, 40.789865870388134 ], [ 29.509012880152113, 40.789865417131509 ], [ 29.509012719172272, 40.789864966603673 ], [ 29.50901255038946, 40.789864518940625 ], [ 29.509012373854627, 40.789864074277503 ], [ 29.50901218962106, 40.789863632748535 ], [ 29.509011997744377, 40.789863194486998 ], [ 29.50901179828249, 40.789862759625187 ], [ 29.509011591295618, 40.789862328294369 ], [ 29.509011376846235, 40.78986190062475 ], [ 29.509011154999083, 40.789861476745429 ], [ 29.509010925821123, 40.78986105678436 ], [ 29.50901068938154, 40.789860640868305 ], [ 29.509010445751702, 40.789860229122823 ], [ 29.509010195005157, 40.789859821672202 ], [ 29.509009937217591, 40.789859418639438 ] ] ] } },
{ "type": "Feature", "properties": { "fid": 502, "line_id": 393, "line_type": "center_line" }, "geometry": { "type": "MultiLineString", "coordinates": [ [ [ 29.509027501405118, 40.789917428784008 ], [ 29.509028091321198, 40.789916215440201 ], [ 29.509028660015915, 40.789914992006295 ], [ 29.509029207316747, 40.789913758853437 ], [ 29.509029733057677, 40.789912516355685 ], [ 29.509030237079219, 40.789911264889959 ], [ 29.50903071922848, 40.789910004835882 ], [ 29.509031179359202, 40.789908736575697 ], [ 29.509031617331804, 40.789907460494121 ], [ 29.509032033013426, 40.789906176978256 ], [ 29.509032426277972, 40.789904886417453 ], [ 29.509032797006146, 40.789903589203206 ], [ 29.509033145085493, 40.789902285729021 ], [ 29.509033470410415, 40.7899009763903 ], [ 29.50903377288223, 40.789899661584236 ], [ 29.509034052409184, 40.789898341709673 ], [ 29.509034308906482, 40.789897017166986 ], [ 29.509034542296313, 40.789895688357987 ], [ 29.509034752507883, 40.789894355685753 ], [ 29.509034939477427, 40.789893019554555 ], [ 29.509035103148218, 40.789891680369706 ], [ 29.509035243470617, 40.789890338537447 ], [ 29.509035360402052, 40.789888994464825 ], [ 29.50903545390705, 40.789887648559549 ], [ 29.509035523957252, 40.789886301229913 ], [ 29.509035570531406, 40.78988495288462 ], [ 29.509035593615383, 40.789883603932687 ], [ 29.509035593202182, 40.789882254783322 ], [ 29.509035569291928, 40.789880905845777 ], [ 29.509035521891875, 40.789879557529268 ], [ 29.509035451016395, 40.78987821024279 ], [ 29.509035356686997, 40.789876864395048 ], [ 29.509035238932292, 40.789875520394297 ], [ 29.509035097788001, 40.78987417864824 ], [ 29.509034933296938, 40.789872839563898 ], [ 29.509034745509005, 40.789871503547481 ], [ 29.509034534481163, 40.78987017100426 ], [ 29.509034300277431, 40.789868842338464 ], [ 29.50903404296885, 40.789867517953141 ], [ 29.509033762633479, 40.789866198250046 ], [ 29.509033459356353, 40.789864883629505 ], [ 29.509033133229472, 40.789863574490305 ], [ 29.509032784351771, 40.789862271229573 ], [ 29.509032412829075, 40.789860974242657 ], [ 29.509032018774086, 40.789859683922984 ], [ 29.50903160230634, 40.789858400661977 ], [ 29.509031163552176, 40.789857124848922 ], [ 29.509030702644687, 40.789855856870815 ], [ 29.509030219723687, 40.78985459711231 ] ] ] } },
{ "type": "Feature", "properties": { "fid": 503, "line_id": 394, "line_type": "center_line" }, "geometry": { "type": "MultiLineString", "coordinates": [ [ [ 29.509160624813536, 40.789911231165519 ], [ 29.50915993443823, 40.789910616475588 ], [ 29.509159254795733, 40.789909989939197 ], [ 29.509158586089296, 40.789909351743717 ], [ 29.509157928518899, 40.789908702080005 ], [ 29.509157282281194, 40.78990804114234 ], [ 29.509156647569441, 40.789907369128379 ], [ 29.50915602457345, 40.7899066862391 ], [ 29.509155413479537, 40.789905992678719 ], [ 29.509154814470453, 40.789905288654651 ], [ 29.509154227725332, 40.789904574377438 ], [ 29.509153653419649, 40.789903850060689 ], [ 29.50915309172515, 40.789903115921021 ], [ 29.509152542809808, 40.78990237217797 ], [ 29.509152006837787, 40.789901619053971 ], [ 29.509151483969372, 40.789900856774238 ], [ 29.509150974360924, 40.789900085566742 ], [ 29.509150478164852, 40.789899305662111 ], [ 29.50914999552954, 40.789898517293587 ], [ 29.509149526599327, 40.789897720696935 ], [ 29.509149071514447, 40.789896916110386 ], [ 29.509148630410998, 40.789896103774545 ], [ 29.509148203420892, 40.789895283932353 ], [ 29.509147790671825, 40.789894456828982 ], [ 29.509147392287229, 40.789893622711794 ], [ 29.509147008386247, 40.789892781830233 ], [ 29.509146639083685, 40.789891934435758 ], [ 29.509146284489987, 40.7898910807818 ], [ 29.509145944711193, 40.789890221123649 ], [ 29.509145619848915, 40.78988935571838 ], [ 29.509145310000314, 40.789888484824814 ], [ 29.509145015258039, 40.789887608703381 ], [ 29.509144735710244, 40.789886727616093 ], [ 29.509144471440525, 40.789885841826454 ], [ 29.509144222527915, 40.789884951599362 ], [ 29.509143989046855, 40.789884057201036 ], [ 29.509143771067166, 40.789883158898952 ], [ 29.509143568654032, 40.789882256961761 ], [ 29.509143381867997, 40.78988135165919 ], [ 29.509143210764908, 40.789880443261971 ], [ 29.509143055395942, 40.789879532041773 ], [ 29.509142915807562, 40.789878618271089 ], [ 29.509142792041512, 40.789877702223201 ], [ 29.509142684134805, 40.789876784172051 ], [ 29.509142592119709, 40.789875864392194 ], [ 29.509142516023747, 40.789874943158686 ], [ 29.509142455869672, 40.789874020747028 ], [ 29.509142411675469, 40.789873097433087 ], [ 29.509142383454364, 40.789872173492967 ], [ 29.509142371214793, 40.789871249202989 ], [ 29.509142374960415, 40.789870324839562 ], [ 29.509142394690109, 40.78986940067913 ], [ 29.509142430397976, 40.789868476998059 ], [ 29.50914248207334, 40.789867554072586 ], [ 29.509142549700741, 40.789866632178722 ], [ 29.509142633259962, 40.789865711592149 ], [ 29.509142732726009, 40.78986479258819 ], [ 29.509142848069136, 40.789863875441675 ], [ 29.50914297925485, 40.789862960426881 ], [ 29.509143126243924, 40.789862047817444 ], [ 29.509143288992391, 40.789861137886284 ], [ 29.509143467451587, 40.789860230905532 ], [ 29.509143661568142, 40.789859327146424 ], [ 29.509143871284, 40.789858426879221 ], [ 29.509144096536449, 40.789857530373169 ], [ 29.509144337258125, 40.789856637896364 ], [ 29.509144593377034, 40.789855749715706 ], [ 29.509144864816591, 40.789854866096817 ], [ 29.509145151495609, 40.78985398730395 ] ] ] } },
{ "type": "Feature", "properties": { "fid": 504, "line_id": 395, "line_type": "center_line" }, "geometry": { "type": "MultiLineString", "coordinates": [ [ [ 29.509183399667211, 40.789889442385622 ], [ 29.509182636915895, 40.789888623925478 ], [ 29.509181888489529, 40.789887792345915 ], [ 29.509181154613735, 40.789886947897635 ], [ 29.509180435509741, 40.789886090835196 ], [ 29.509179731394326, 40.789885221416959 ], [ 29.509179042479751, 40.789884339905022 ], [ 29.509178368973696, 40.789883446565128 ], [ 29.50917771107919, 40.789882541666564 ], [ 29.50917706899456, 40.789881625482131 ], [ 29.509176442913368, 40.789880698288023 ], [ 29.509175833024351, 40.789879760363732 ], [ 29.509175239511364, 40.789878811992011 ], [ 29.509174662553324, 40.789877853458755 ], [ 29.509174102324163, 40.789876885052919 ], [ 29.509173558992757, 40.789875907066431 ], [ 29.509173032722906, 40.789874919794116 ], [ 29.50917252367325, 40.789873923533591 ], [ 29.509172031997252, 40.789872918585189 ], [ 29.509171557843128, 40.78987190525185 ], [ 29.509171101353811, 40.789870883839058 ], [ 29.509170662666921, 40.789869854654725 ], [ 29.509170241914696, 40.789868818009104 ], [ 29.509169839223979, 40.789867774214692 ], [ 29.509169454716162, 40.789866723586158 ], [ 29.509169088507154, 40.789865666440214 ], [ 29.509168740707359, 40.789864603095545 ], [ 29.509168411421616, 40.789863533872705 ], [ 29.509168100749193, 40.78986245909401 ], [ 29.509167808783747, 40.789861379083476 ], [ 29.50916753561329, 40.789860294166665 ], [ 29.50916728132017, 40.789859204670641 ], [ 29.509167045981048, 40.789858110923831 ] ] ] } },
{ "type": "Feature", "properties": { "fid": 505, "line_id": 396, "line_type": "center_line" }, "geometry": { "type": "MultiLineString", "coordinates": [ [ [ 29.509102416312711, 40.789797832996598 ], [ 29.509103292312886, 40.789797939885105 ], [ 29.509104166331692, 40.789798061920287 ], [ 29.509105038107251, 40.789798199065594 ], [ 29.509105907378359, 40.789798351279913 ], [ 29.509106773884561, 40.789798518517657 ], [ 29.509107637366231, 40.789798700728703 ], [ 29.50910849756465, 40.789798897858468 ], [ 29.50910935422208, 40.789799109847877 ], [ 29.509110207081843, 40.789799336633415 ], [ 29.509111055888408, 40.789799578147139 ], [ 29.509111900387449, 40.789799834316675 ], [ 29.509112740325932, 40.789800105065275 ], [ 29.509113575452194, 40.789800390311818 ], [ 29.509114405516005, 40.789800689970825 ], [ 29.509115230268669, 40.789801003952526 ], [ 29.50911604946306, 40.789801332162838 ], [ 29.50911686285373, 40.789801674503423 ], [ 29.509117670196972, 40.789802030871705 ], [ 29.509118471250883, 40.789802401160905 ], [ 29.509119265775446, 40.789802785260086 ], [ 29.509120053532605, 40.789803183054147 ], [ 29.509120834286328, 40.789803594423915 ], [ 29.509121607802683, 40.789804019246127 ], [ 29.509122373849905, 40.789804457393487 ], [ 29.509123132198468, 40.78980490873473 ], [ 29.509123882621154, 40.78980537313462 ], [ 29.509124624893115, 40.789805850454002 ], [ 29.509125358791948, 40.789806340549873 ], [ 29.509126084097765, 40.789806843275379 ], [ 29.509126800593243, 40.789807358479891 ], [ 29.509127508063703, 40.789807886009044 ], [ 29.509128206297166, 40.789808425704784 ], [ 29.50912889508443, 40.789808977405393 ], [ 29.509129574219116, 40.789809540945576 ], [ 29.50913024349774, 40.789810116156481 ], [ 29.509130902719765, 40.789810702865765 ], [ 29.509131551687677, 40.789811300897625 ], [ 29.50913219020703, 40.789811910072892 ], [ 29.509132818086503, 40.789812530209026 ], [ 29.509133435137972, 40.789813161120222 ], [ 29.509134041176555, 40.789813802617459 ], [ 29.509134636020665, 40.789814454508509 ], [ 29.509135219492073, 40.789815116598064 ], [ 29.509135791415957, 40.78981578868774 ], [ 29.509136351620956, 40.789816470576156 ], [ 29.509136899939218, 40.789817162059016 ], [ 29.509137436206451, 40.789817862929127 ], [ 29.509137960261981, 40.789818572976493 ], [ 29.509138471948788, 40.789819291988366 ], [ 29.509138971113554, 40.789820019749314 ], [ 29.509139457606722, 40.78982075604128 ], [ 29.509139931282522, 40.789821500643654 ], [ 29.509140391999036, 40.789822253333334 ], [ 29.509140839618215, 40.789823013884799 ], [ 29.509141274005945, 40.789823782070165 ], [ 29.509141695032071, 40.789824557659273 ], [ 29.509142102570447, 40.789825340419732 ], [ 29.509142496498963, 40.789826130117007 ], [ 29.509142876699588, 40.789826926514486 ], [ 29.509143243058404, 40.789827729373549 ] ] ] } },
{ "type": "Feature", "properties": { "fid": 506, "line_id": 397, "line_type": "center_line" }, "geometry": { "type": "MultiLineString", "coordinates": [ [ [ 29.509150851501264, 40.789769182569543 ], [ 29.509150269192741, 40.789769732122458 ], [ 29.509149696502927, 40.789770291691937 ], [ 29.509149133604094, 40.789770861109638 ], [ 29.509148580665567, 40.789771440204284 ], [ 29.509148037853684, 40.789772028801671 ], [ 29.509147505331729, 40.789772626724734 ], [ 29.509146983259896, 40.789773233793611 ], [ 29.509146471795233, 40.789773849825686 ], [ 29.509145971091591, 40.789774474635649 ], [ 29.509145481299598, 40.789775108035542 ], [ 29.509145002566587, 40.789775749834824 ], [ 29.509144535036569, 40.789776399840449 ], [ 29.509144078850184, 40.78977705785686 ], [ 29.509143634144664, 40.789777723686136 ], [ 29.509143201053778, 40.789778397127975 ], [ 29.509142779707815, 40.789779077979794 ], [ 29.509142370233516, 40.78977976603678 ], [ 29.509141972754058, 40.789780461091958 ], [ 29.509141587389013, 40.789781162936251 ], [ 29.509141214254303, 40.789781871358514 ], [ 29.509140853462174, 40.789782586145662 ], [ 29.509140505121156, 40.789783307082658 ], [ 29.509140169336039, 40.789784033952643 ], [ 29.50913984620783, 40.789784766536961 ], [ 29.509139535833732, 40.789785504615239 ], [ 29.509139238307114, 40.789786247965445 ], [ 29.509138953717471, 40.789786996363972 ], [ 29.509138682150414, 40.789787749585692 ], [ 29.509138423687638, 40.789788507404019 ], [ 29.509138178406893, 40.78978926959099 ], [ 29.509137946381959, 40.789790035917321 ], [ 29.509137727682635, 40.789790806152496 ], [ 29.509137522374708, 40.789791580064815 ], [ 29.509137330519941, 40.789792357421476 ], [ 29.509137152176045, 40.789793137988624 ], [ 29.509136987396673, 40.789793921531462 ], [ 29.509136836231388, 40.789794707814288 ], [ 29.509136698725662, 40.789795496600568 ], [ 29.509136574920866, 40.789796287653026 ], [ 29.509136464854237, 40.789797080733699 ], [ 29.509136368558885, 40.789797875604023 ], [ 29.509136286063779, 40.78979867202488 ], [ 29.509136217393735, 40.789799469756694 ], [ 29.509136162569408, 40.789800268559496 ], [ 29.509136121607295, 40.789801068192986 ], [ 29.509136094519711, 40.789801868416632 ], [ 29.509136081314811, 40.789802668989715 ], [ 29.509136081996562, 40.789803469671398 ], [ 29.50913609656476, 40.789804270220827 ], [ 29.509136125015026, 40.789805070397179 ], [ 29.509136167338799, 40.789805869959764 ], [ 29.509136223523349, 40.789806668668042 ], [ 29.509136293551773, 40.789807466281758 ], [ 29.509136377403003, 40.789808262560982 ], [ 29.509136475051822, 40.789809057266162 ], [ 29.509136586468848, 40.789809850158257 ], [ 29.50913671162057, 40.789810640998738 ], [ 29.509136850469339, 40.789811429549708 ], [ 29.509137002973389, 40.789812215573967 ], [ 29.509137169086841, 40.789812998835068 ], [ 29.509137348759726, 40.789813779097379 ], [ 29.509137541937996, 40.789814556126188 ], [ 29.509137748563539, 40.789815329687762 ], [ 29.509137968574198, 40.789816099549398 ], [ 29.509138201903792, 40.789816865479494 ], [ 29.509138448482133, 40.789817627247665 ], [ 29.509138708235042, 40.789818384624752 ], [ 29.509138981084387, 40.789819137382921 ], [ 29.509139266948083, 40.789819885295728 ], [ 29.509139565740142, 40.789820628138187 ], [ 29.509139877370686, 40.789821365686848 ], [ 29.509140201745961, 40.789822097719842 ], [ 29.509140538768399, 40.789822824016959 ], [ 29.509140888336614, 40.789823544359713 ], [ 29.509141250345451, 40.789824258531418 ], [ 29.509141624686009, 40.789824966317234 ], [ 29.509142011245686, 40.78982566750426 ], [ 29.509142409908193, 40.789826361881552 ], [ 29.50914282055361, 40.789827049240237 ], [ 29.509143243058404, 40.789827729373549 ] ] ] } },
{ "type": "Feature", "properties": { "fid": 507, "line_id": 398, "line_type": "center_line" }, "geometry": { "type": "MultiLineString", "coordinates": [ [ [ 29.509177158016847, 40.789787830594548 ], [ 29.509176650660407, 40.789788298824746 ], [ 29.509176151420174, 40.789788775699215 ], [ 29.509175660443404, 40.789789261077296 ], [ 29.509175177874916, 40.789789754815821 ], [ 29.509174703857056, 40.789790256769145 ], [ 29.509174238529642, 40.789790766789217 ], [ 29.509173782029929, 40.789791284725588 ], [ 29.509173334492573, 40.789791810425491 ], [ 29.509172896049581, 40.789792343733865 ], [ 29.509172466830282, 40.789792884493387 ], [ 29.509172046961275, 40.789793432544563 ], [ 29.509171636566414, 40.789793987725737 ], [ 29.50917123576675, 40.789794549873136 ], [ 29.509170844680508, 40.789795118820955 ], [ 29.50917046342304, 40.789795694401377 ], [ 29.509170092106807, 40.789796276444612 ], [ 29.509169730841339, 40.789796864778985 ], [ 29.509169379733194, 40.789797459230954 ], [ 29.509169038885936, 40.789798059625177 ], [ 29.509168708400111, 40.789798665784552 ], [ 29.50916838837319, 40.789799277530285 ], [ 29.509168078899581, 40.789799894681934 ], [ 29.509167780070563, 40.789800517057458 ], [ 29.509167491974285, 40.789801144473273 ], [ 29.509167214695719, 40.789801776744319 ], [ 29.509166948316661, 40.789802413684086 ], [ 29.509166692915677, 40.789803055104706 ], [ 29.509166448568109, 40.789803700816982 ], [ 29.509166215346024, 40.78980435063044 ], [ 29.509165993318224, 40.789805004353411 ], [ 29.509165782550191, 40.789805661793075 ], [ 29.5091655831041, 40.789806322755503 ], [ 29.509165395038778, 40.789806987045736 ], [ 29.509165218409702, 40.789807654467822 ], [ 29.509165053268969, 40.789808324824897 ], [ 29.50916489966529, 40.789808997919231 ], [ 29.509164757643976, 40.789809673552284 ], [ 29.509164627246914, 40.789810351524757 ], [ 29.509164508512573, 40.789811031636681 ], [ 29.509164401475967, 40.789811713687442 ], [ 29.509164306168675, 40.789812397475856 ], [ 29.509164222618811, 40.789813082800229 ], [ 29.509164150851014, 40.789813769458405 ], [ 29.509164090886454, 40.789814457247857 ], [ 29.509164042742821, 40.789815145965697 ], [ 29.509164006434318, 40.789815835408781 ], [ 29.509163981971646, 40.789816525373745 ], [ 29.509163969362032, 40.789817215657067 ], [ 29.509163968609187, 40.789817906055148 ], [ 29.509163979713339, 40.789818596364334 ], [ 29.509164002671206, 40.789819286381004 ], [ 29.509164037476022, 40.789819975901636 ], [ 29.509164084117515, 40.789820664722832 ], [ 29.509164142581934, 40.789821352641425 ], [ 29.509164212852031, 40.789822039454485 ], [ 29.509164294907077, 40.789822724959443 ] ] ] } },
{ "type": "Feature", "properties": { "fid": 508, "line_id": 399, "line_type": "center_line" }, "geometry": { "type": "MultiLineString", "coordinates": [ [ [ 29.509107472535099, 40.789781827279725 ], [ 29.509108253828792, 40.789781997259425 ], [ 29.509109037925345, 40.789782153801845 ], [ 29.509109824593668, 40.789782296860857 ], [ 29.509110613601923, 40.789782426394289 ], [ 29.509111404717565, 40.789782542363973 ], [ 29.509112197707452, 40.78978264473573 ], [ 29.509112992337865, 40.789782733479392 ], [ 29.50911378837462, 40.789782808568795 ], [ 29.509114585583106, 40.789782869981813 ], [ 29.509115383728378, 40.789782917700357 ], [ 29.509116182575205, 40.78978295171035 ], [ 29.509116981888155, 40.789782972001774 ], [ 29.509117781431655, 40.789782978568645 ], [ 29.509118580970068, 40.789782971409039 ], [ 29.509119380267755, 40.789782950525051 ], [ 29.509120179089148, 40.789782915922849 ], [ 29.509120977198826, 40.789782867612615 ], [ 29.509121774361564, 40.789782805608603 ], [ 29.509122570342434, 40.789782729929087 ], [ 29.509123364906841, 40.789782640596357 ], [ 29.509124157820612, 40.789782537636746 ], [ 29.509124948850069, 40.789782421080602 ], [ 29.509125737762073, 40.789782290962272 ], [ 29.509126524324127, 40.789782147320111 ], [ 29.509127308304411, 40.789781990196445 ], [ 29.509128089471876, 40.789781819637589 ], [ 29.509128867596299, 40.789781635693799 ], [ 29.50912964244835, 40.789781438419297 ], [ 29.509130413799671, 40.789781227872218 ], [ 29.509131181422926, 40.789781004114609 ], [ 29.509131945091891, 40.78978076721242 ], [ 29.509132704581496, 40.789780517235478 ], [ 29.509133459667908, 40.789780254257444 ], [ 29.509134210128586, 40.789779978355824 ], [ 29.509134955742358, 40.789779689611933 ], [ 29.50913569628948, 40.789779388110873 ], [ 29.509136431551703, 40.789779073941489 ], [ 29.509137161312328, 40.789778747196387 ], [ 29.509137885356282, 40.789778407971852 ], [ 29.509138603470181, 40.789778056367872 ], [ 29.509139315442383, 40.789777692488059 ], [ 29.509140021063054, 40.789777316439661 ], [ 29.509140720124243, 40.789776928333502 ], [ 29.509141412419918, 40.789776528283966 ], [ 29.50914209774605, 40.789776116408952 ], [ 29.50914277590066, 40.789775692829849 ], [ 29.509143446683886, 40.789775257671494 ], [ 29.509144109898042, 40.789774811062138 ], [ 29.509144765347656, 40.789774353133396 ], [ 29.509145412839565, 40.789773884020228 ], [ 29.509146052182938, 40.789773403860899 ], [ 29.509146683189353, 40.789772912796913 ], [ 29.509147305672837, 40.789772410972994 ], [ 29.509147919449937, 40.789771898537047 ], [ 29.509148524339764, 40.789771375640079 ], [ 29.509149120164039, 40.789770842436212 ], [ 29.50914970674717, 40.789770299082591 ], [ 29.509150283916281, 40.789769745739342 ], [ 29.509150851501264, 40.789769182569543 ] ] ] } },
{ "type": "Feature", "properties": { "fid": 509, "line_id": 400, "line_type": "center_line" }, "geometry": { "type": "MultiLineString", "coordinates": [ [ [ 29.509102416312711, 40.789797832996598 ], [ 29.509104858896833, 40.789798132447132 ], [ 29.509107306218819, 40.789798390328734 ], [ 29.509109757571281, 40.789798606566862 ], [ 29.509112212245672, 40.789798781099016 ], [ 29.509114669532472, 40.789798913874748 ], [ 29.509117128721421, 40.789799004855674 ], [ 29.509119589101704, 40.789799054015504 ], [ 29.509122049962158, 40.789799061340027 ], [ 29.509124510591484, 40.789799026827119 ], [ 29.509126970278452, 40.78979895048677 ], [ 29.5091294283121, 40.789798832341027 ], [ 29.509131883981944, 40.789798672424055 ], [ 29.509134336578185, 40.789798470782074 ], [ 29.509136785391917, 40.789798227473362 ], [ 29.50913922971532, 40.789797942568249 ], [ 29.509141668841878, 40.789797616149087 ], [ 29.509144102066568, 40.789797248310222 ], [ 29.509146528686081, 40.789796839157987 ], [ 29.509148947999016, 40.789796388810629 ], [ 29.509151359306085, 40.789795897398328 ], [ 29.509153761910309, 40.789795365063121 ], [ 29.509156155117225, 40.789794791958883 ], [ 29.509158538235095, 40.789794178251256 ], [ 29.509160910575087, 40.789793524117641 ], [ 29.509163271451488, 40.789792829747107 ], [ 29.509165620181896, 40.789792095340353 ], [ 29.509167956087431, 40.789791321109661 ], [ 29.509170278492906, 40.789790507278823 ], [ 29.50917258672704, 40.789789654083066 ], [ 29.50917488012265, 40.789788761769003 ], [ 29.509177158016847, 40.789787830594548 ] ] ] } },
{ "type": "Feature", "properties": { "fid": 510, "line_id": 401, "line_type": "center_line" }, "geometry": { "type": "MultiLineString", "coordinates": [ [ [ 29.509004871429944, 40.789772438947089 ], [ 29.509005727664988, 40.789773103057101 ], [ 29.50900659530344, 40.78977375219813 ], [ 29.509007474083635, 40.789774386174408 ], [ 29.509008363740556, 40.789775004794748 ], [ 29.509009264005893, 40.789775607872585 ], [ 29.509010174608157, 40.789776195226032 ], [ 29.509011095272719, 40.789776766677974 ], [ 29.509012025721933, 40.789777322056061 ], [ 29.50901296567519, 40.789777861192803 ], [ 29.509013914849024, 40.789778383925615 ], [ 29.509014872957181, 40.789778890096848 ], [ 29.509015839710717, 40.789779379553849 ], [ 29.509016814818082, 40.78977985214901 ], [ 29.509017797985202, 40.789780307739804 ], [ 29.509018788915572, 40.789780746188839 ], [ 29.509019787310351, 40.789781167363884 ], [ 29.509020792868448, 40.789781571137922 ], [ 29.509021805286601, 40.789781957389188 ], [ 29.509022824259489, 40.789782326001195 ], [ 29.50902384947981, 40.789782676862771 ], [ 29.509024880638385, 40.78978300986811 ], [ 29.509025917424228, 40.789783324916783 ], [ 29.509026959524679, 40.789783621913777 ], [ 29.509028006625449, 40.789783900769521 ], [ 29.509029058410764, 40.789784161399929 ], [ 29.509030114563426, 40.789784403726387 ], [ 29.509031174764921, 40.789784627675822 ], [ 29.509032238695511, 40.789784833180697 ], [ 29.509033306034343, 40.789785020179032 ], [ 29.509034376459525, 40.789785188614431 ], [ 29.509035449648245, 40.789785338436104 ], [ 29.509036525276844, 40.789785469598861 ], [ 29.509037603020943, 40.789785582063146 ], [ 29.509038682555513, 40.789785675795052 ], [ 29.509039763554991, 40.789785750766299 ], [ 29.509040845693367, 40.789785806954285 ], [ 29.509041928644294, 40.789785844342063 ], [ 29.509043012081175, 40.78978586291835 ], [ 29.509044095677272, 40.789785862677562 ], [ 29.509045179105794, 40.789785843619754 ], [ 29.509046262039995, 40.789785805750682 ], [ 29.509047344153295, 40.789785749081766 ], [ 29.509048425119346, 40.789785673630092 ], [ 29.50904950461215, 40.789785579418421 ], [ 29.509050582306159, 40.789785466475159 ], [ 29.509051657876363, 40.78978533483437 ], [ 29.509052730998388, 40.789785184535752 ], [ 29.509053801348607, 40.789785015624638 ], [ 29.509054868604224, 40.789784828151959 ] ] ] } },
{ "type": "Feature", "properties": { "fid": 511, "line_id": 402, "line_type": "center_line" }, "geometry": { "type": "MultiLineString", "coordinates": [ [ [ 29.508983822457019, 40.789793859466208 ], [ 29.508984637498962, 40.789794338053092 ], [ 29.508985444133891, 40.789794830677565 ], [ 29.508986242120056, 40.789795337191983 ], [ 29.508987031218304, 40.789795857444545 ], [ 29.508987811192142, 40.789796391279332 ], [ 29.508988581807817, 40.789796938536362 ], [ 29.508989342834376, 40.789797499051623 ], [ 29.508990094043739, 40.789798072657121 ], [ 29.508990835210774, 40.789798659180946 ], [ 29.508991566113348, 40.789799258447331 ], [ 29.508992286532418, 40.789799870276667 ], [ 29.508992996252076, 40.789800494485597 ], [ 29.508993695059612, 40.789801130887042 ], [ 29.508994382745605, 40.789801779290279 ], [ 29.508995059103949, 40.789802439500974 ], [ 29.508995723931946, 40.78980311132127 ], [ 29.50899637703035, 40.789803794549819 ], [ 29.50899701820342, 40.789804488981865 ], [ 29.508997647259008, 40.789805194409283 ], [ 29.508998264008582, 40.789805910620665 ], [ 29.508998868267302, 40.789806637401355 ], [ 29.508999459854078, 40.789807374533538 ], [ 29.509000038591608, 40.789808121796312 ], [ 29.509000604306451, 40.789808878965708 ], [ 29.509001156829054, 40.789809645814806 ], [ 29.509001695993838, 40.789810422113788 ], [ 29.509002221639211, 40.789811207630002 ], [ 29.509002733607637, 40.789812002128023 ], [ 29.509003231745684, 40.789812805369742 ], [ 29.509003715904058, 40.789813617114433 ], [ 29.509004185937659, 40.789814437118814 ], [ 29.509004641705619, 40.789815265137136 ], [ 29.509005083071347, 40.789816100921243 ], [ 29.509005509902561, 40.789816944220654 ], [ 29.509005922071346, 40.789817794782621 ], [ 29.509006319454176, 40.789818652352245 ], [ 29.509006701931952, 40.789819516672516 ], [ 29.509007069390048, 40.78982038748439 ], [ 29.509007421718341, 40.789821264526893 ], [ 29.509007758811233, 40.789822147537173 ], [ 29.509008080567703, 40.789823036250596 ], [ 29.50900838689132, 40.789823930400814 ], [ 29.509008677690279, 40.789824829719862 ], [ 29.509008952877426, 40.789825733938201 ], [ 29.509009212370291, 40.789826642784845 ], [ 29.509009456091103, 40.789827555987422 ], [ 29.509009683966823, 40.789828473272237 ] ] ] } },
{ "type": "Feature", "properties": { "fid": 512, "line_id": 403, "line_type": "center_line" }, "geometry": { "type": "MultiLineString", "coordinates": [ [ [ 29.509004871429944, 40.789772438947089 ], [ 29.509005944244041, 40.789773596332466 ], [ 29.509006997056311, 40.789774771941808 ], [ 29.509008029557233, 40.789775965429484 ], [ 29.50900904144326, 40.789777176444623 ], [ 29.509010032416899, 40.789778404631186 ], [ 29.509011002186813, 40.789779649628095 ], [ 29.50901195046789, 40.789780911069336 ], [ 29.509012876981341, 40.789782188584034 ], [ 29.509013781454779, 40.789783481796626 ], [ 29.509014663622292, 40.789784790326898 ], [ 29.509015523224527, 40.789786113790157 ], [ 29.509016360008761, 40.789787451797302 ], [ 29.509017173728992, 40.789788803954984 ], [ 29.509017964145983, 40.789790169865654 ], [ 29.509018731027357, 40.789791549127763 ], [ 29.50901947414766, 40.789792941335797 ], [ 29.509020193288414, 40.789794346080456 ], [ 29.509020888238194, 40.789795762948764 ], [ 29.509021558792689, 40.789797191524158 ], [ 29.509022204754764, 40.789798631386653 ], [ 29.509022825934505, 40.789800082112926 ], [ 29.509023422149287, 40.789801543276475 ], [ 29.509023993223831, 40.789803014447735 ], [ 29.509024538990239, 40.789804495194176 ], [ 29.50902505928806, 40.78980598508047 ], [ 29.509025553964332, 40.789807483668596 ], [ 29.50902602287362, 40.789808990517983 ], [ 29.509026465878065, 40.789810505185621 ], [ 29.509026882847433, 40.789812027226205 ], [ 29.509027273659129, 40.789813556192264 ], [ 29.509027638198258, 40.789815091634296 ], [ 29.509027976357654, 40.78981663310087 ], [ 29.509028288037889, 40.789818180138823 ], [ 29.50902857314734, 40.789819732293324 ], [ 29.509028831602183, 40.789821289108048 ], [ 29.509029063326434, 40.789822850125304 ], [ 29.509029268251968, 40.789824414886155 ], [ 29.509029446318532, 40.789825982930573 ], [ 29.509029597473784, 40.789827553797558 ], [ 29.509029721673279, 40.789829127025286 ], [ 29.509029818880506, 40.789830702151228 ], [ 29.509029889066884, 40.789832278712318 ] ] ] } },
{ "type": "Feature", "properties": { "fid": 513, "line_id": 404, "line_type": "center_line" }, "geometry": { "type": "MultiLineString", "coordinates": [ [ [ 29.508983822457019, 40.789793859466208 ], [ 29.508984796624048, 40.789794614857911 ], [ 29.508985783740588, 40.789795353247349 ], [ 29.508986783509929, 40.789796074412571 ], [ 29.508987795631565, 40.789796778136825 ], [ 29.508988819801271, 40.789797464208569 ], [ 29.508989855711199, 40.789798132421588 ], [ 29.508990903049977, 40.789798782575041 ], [ 29.508991961502801, 40.789799414473485 ], [ 29.508993030751512, 40.789800027927001 ], [ 29.50899411047472, 40.789800622751194 ], [ 29.508995200347883, 40.789801198767265 ], [ 29.508996300043403, 40.789801755802081 ], [ 29.508997409230737, 40.789802293688204 ], [ 29.508998527576484, 40.789802812263957 ], [ 29.508999654744489, 40.789803311373468 ], [ 29.509000790395955, 40.789803790866721 ], [ 29.50900193418952, 40.78980425059958 ], [ 29.509003085781387, 40.789804690433861 ], [ 29.509004244825409, 40.78980511023736 ], [ 29.509005410973202, 40.789805509883891 ], [ 29.509006583874243, 40.78980588925333 ], [ 29.509007763175983, 40.789806248231649 ], [ 29.509008948523945, 40.789806586710938 ], [ 29.509010139561841, 40.789806904589462 ], [ 29.509011335931664, 40.78980720177168 ], [ 29.509012537273811, 40.78980747816825 ], [ 29.509013743227186, 40.789807733696101 ], [ 29.5090149534293, 40.789807968278424 ], [ 29.509016167516393, 40.789808181844712 ], [ 29.509017385123528, 40.789808374330775 ], [ 29.509018605884727, 40.789808545678746 ], [ 29.509019829433043, 40.789808695837124 ], [ 29.509021055400709, 40.789808824760769 ], [ 29.50902228341922, 40.789808932410942 ], [ 29.509023513119459, 40.789809018755278 ], [ 29.509024744131803, 40.789809083767828 ], [ 29.509025976086235, 40.789809127429045 ], [ 29.509027208612451, 40.789809149725805 ], [ 29.509028441339986, 40.789809150651408 ], [ 29.509029673898297, 40.789809130205576 ], [ 29.509030905916905, 40.789809088394463 ], [ 29.509032137025493, 40.789809025230618 ], [ 29.509033366854009, 40.789808940733046 ], [ 29.509034595032798, 40.789808834927129 ], [ 29.509035821192686, 40.789808707844685 ], [ 29.509037044965119, 40.789808559523898 ], [ 29.509038265982255, 40.789808390009362 ], [ 29.509039483877078, 40.789808199352024 ], [ 29.509040698283517, 40.789807987609187 ], [ 29.509041908836544, 40.78980775484451 ], [ 29.509043115172286, 40.789807501127946 ], [ 29.509044316928151, 40.789807226535764 ], [ 29.509045513742912, 40.789806931150494 ], [ 29.509046705256825, 40.789806615060932 ], [ 29.509047891111752, 40.789806278362079 ], [ 29.509049070951246, 40.78980592115515 ], [ 29.509050244420671, 40.789805543547502 ], [ 29.509051411167306, 40.789805145652643 ], [ 29.509052570840446, 40.789804727590173 ], [ 29.509053723091522, 40.789804289485758 ], [ 29.509054867574186, 40.789803831471069 ], [ 29.509056003944433, 40.789803353683787 ], [ 29.509057131860693, 40.789802856267528 ], [ 29.509058250983934, 40.789802339371796 ], [ 29.509059360977769, 40.789801803151967 ], [ 29.509060461508557, 40.789801247769212 ], [ 29.509061552245505, 40.789800673390474 ], [ 29.509062632860754, 40.789800080188392 ] ] ] } },
{ "type": "Feature", "properties": { "fid": 516, "line_id": 405, "line_type": "center_line" }, "geometry": { "type": "MultiLineString", "coordinates": [ [ [ 29.508923280507481, 40.790007244888542 ], [ 29.508924449424303, 40.79000684307303 ], [ 29.508925625102609, 40.790006461493739 ], [ 29.508926807192104, 40.790006100264364 ], [ 29.508927995340578, 40.790005759492537 ], [ 29.508929189194017, 40.790005439279788 ], [ 29.508930388396706, 40.790005139721529 ], [ 29.508931592591335, 40.790004860907011 ], [ 29.508932801419107, 40.790004602919318 ], [ 29.508934014519848, 40.790004365835308 ], [ 29.50893523153211, 40.790004149725625 ], [ 29.508936452093273, 40.790003954654665 ], [ 29.508937675839672, 40.790003780680543 ], [ 29.508938902406676, 40.7900036278551 ], [ 29.50894013142883, 40.790003496223868 ], [ 29.508941362539939, 40.790003385826068 ], [ 29.508942595373188, 40.7900032966946 ], [ 29.508943829561247, 40.790003228856008 ], [ 29.50894506473638, 40.790003182330516 ], [ 29.508946300530567, 40.790003157131984 ], [ 29.508947536575594, 40.790003153267918 ], [ 29.508948772503174, 40.790003170739475 ], [ 29.508950007945057, 40.790003209541439 ], [ 29.508951242533136, 40.790003269662257 ], [ 29.508952475899559, 40.79000335108401 ], [ 29.508953152814765, 40.790003525070375 ], [ 29.508953832630535, 40.79000368735398 ], [ 29.508954515144563, 40.790003837886537 ], [ 29.508955200153743, 40.790003976623247 ], [ 29.508955887454221, 40.790004103522826 ], [ 29.508956576841467, 40.790004218547502 ], [ 29.508957268110322, 40.790004321663048 ], [ 29.508957961055078, 40.790004412838783 ], [ 29.508958655469524, 40.790004492047572 ], [ 29.508959351147002, 40.790004559265839 ], [ 29.508960047880489, 40.790004614473588 ], [ 29.508960745462648, 40.790004657654379 ], [ 29.508961443685887, 40.790004688795371 ], [ 29.508962142342419, 40.790004707887299 ], [ 29.508962841224331, 40.790004714924471 ], [ 29.508963540123645, 40.790004709904807 ], [ 29.50896423883238, 40.790004692829783 ], [ 29.508964937142601, 40.790004663704494 ], [ 29.508965634846504, 40.790004622537602 ], [ 29.50896633173646, 40.790004569341363 ], [ 29.508967027605081, 40.790004504131595 ], [ 29.508967722245284, 40.790004426927723 ], [ 29.508968415450351, 40.790004337752706 ], [ 29.508969107013996, 40.790004236633081 ], [ 29.508969796730412, 40.790004123598955 ], [ 29.50897048439435, 40.79000399868395 ], [ 29.508971169801171, 40.79000386192525 ], [ 29.5089718527469, 40.790003713363546 ], [ 29.508972533028306, 40.79000355304305 ], [ 29.508973210442939, 40.790003381011481 ], [ 29.508973884789214, 40.790003197320019 ], [ 29.508974555866448, 40.790003002023333 ], [ 29.508975223474938, 40.790002795179539 ], [ 29.508975887416014, 40.790002576850206 ], [ 29.50897654749209, 40.790002347100291 ], [ 29.508977203506735, 40.790002105998163 ], [ 29.508977855264732, 40.790001853615586 ], [ 29.508978502572116, 40.790001590027657 ], [ 29.508979145236264, 40.790001315312814 ], [ 29.508979783065922, 40.790001029552819 ], [ 29.508980415871282, 40.790000732832702 ], [ 29.508981043464026, 40.790000425240763 ], [ 29.508981665657387, 40.790000106868547 ], [ 29.508982282266214, 40.789999777810792 ], [ 29.508982893107003, 40.789999438165417 ], [ 29.508983497997981, 40.789999088033504 ], [ 29.508984096759136, 40.789998727519247 ], [ 29.508984689212284, 40.789998356729932 ], [ 29.508985275181118, 40.789997975775897 ], [ 29.508985854491261, 40.789997584770518 ], [ 29.508986426970317, 40.789997183830145 ], [ 29.50898699244792, 40.789996773074101 ], [ 29.508987550755791, 40.789996352624613 ], [ 29.50900305276129, 40.789980079864669 ], [ 29.50900925000942, 40.789973782031858 ], [ 29.509010319157952, 40.789972860371869 ], [ 29.509011372462961, 40.789971920646231 ], [ 29.509012409619224, 40.789970963127253 ], [ 29.509013430326206, 40.789969988092395 ], [ 29.50901443428813, 40.789968995824196 ], [ 29.509015421214073, 40.789967986610201 ], [ 29.509016390818054, 40.789966960742838 ], [ 29.509017342819099, 40.789965918519385 ], [ 29.509018276941351, 40.789964860241852 ], [ 29.509019192914121, 40.789963786216902 ], [ 29.509020090471981, 40.789962696755751 ], [ 29.50902096935485, 40.789961592174102 ], [ 29.509021518448186, 40.789960874195089 ], [ 29.50902202751611, 40.789960227252401 ], [ 29.509022660324781, 40.789959092400281 ], [ 29.509023012153921, 40.789958196997581 ], [ 29.509023212997068, 40.789957477468064 ], [ 29.509023376081817, 40.789956683752564 ], [ 29.509023525579213, 40.789955887366069 ], [ 29.509023661445593, 40.789955088541149 ], [ 29.509023783641279, 40.789954287511101 ], [ 29.509023892130585, 40.789953484509859 ], [ 29.509023986881825, 40.789952679771936 ], [ 29.509024067867333, 40.789951873532345 ], [ 29.509024135063452, 40.789951066026553 ], [ 29.50902418845056, 40.789950257490382 ], [ 29.509024228013068, 40.789949448159959 ], [ 29.509024253739419, 40.789948638271646 ], [ 29.509024265622099, 40.789947828061969 ], [ 29.50902426365764, 40.789947017767531 ], [ 29.509024247846614, 40.789946207624993 ], [ 29.509024218193641, 40.789945397870945 ], [ 29.509024174707378, 40.789944588741861 ], [ 29.509024117400529, 40.789943780474054 ], [ 29.509024046289824, 40.789942973303567 ], [ 29.509023961396036, 40.789942167466137 ], [ 29.509023862743955, 40.789941363197094 ], [ 29.509023750362392, 40.789940560731324 ], [ 29.509023637180601, 40.789940014463163 ], [ 29.509023533511641, 40.789939466310116 ], [ 29.509023439386837, 40.789938916437819 ], [ 29.509023354834632, 40.789938365012439 ], [ 29.509023279880584, 40.78993781220062 ], [ 29.509023214547334, 40.789937258169402 ], [ 29.509023158854628, 40.789936703086219 ], [ 29.509023112819296, 40.789936147118802 ], [ 29.50902307645525, 40.789935590435164 ], [ 29.509023049773479, 40.78993503320352 ], [ 29.509023032782046, 40.789934475592261 ], [ 29.509023025486083, 40.789933917769901 ], [ 29.5090230278878, 40.789933359904992 ], [ 29.509023039986467, 40.789932802166128 ], [ 29.509023061778425, 40.789932244721847 ], [ 29.509023093257095, 40.789931687740591 ], [ 29.509023134412963, 40.789931131390688 ], [ 29.509023185233591, 40.789930575840259 ], [ 29.509023245703624, 40.78993002125717 ], [ 29.509023315804782, 40.789929467809031 ], [ 29.509023395515889, 40.789928915663069 ], [ 29.509023484812854, 40.789928364986146 ], [ 29.509023583668689, 40.789927815944672 ], [ 29.509023692053528, 40.789927268704552 ], [ 29.509023809934614, 40.789926723431165 ], [ 29.509023937276325, 40.789926180289278 ], [ 29.50902407404018, 40.789925639443027 ], [ 29.509024220184852, 40.789925101055843 ], [ 29.509024375666176, 40.789924565290434 ], [ 29.509024540437167, 40.789924032308683 ], [ 29.509024714448035, 40.78992350227167 ], [ 29.509024897646196, 40.789922975339557 ], [ 29.509025089976291, 40.789922451671572 ], [ 29.509025291380194, 40.789921931425965 ], [ 29.509025501797048, 40.789921414759959 ], [ 29.509025721163269, 40.789920901829667 ], [ 29.50902594941256, 40.789920392790101 ], [ 29.509026186475953, 40.789919887795079 ], [ 29.509026432281811, 40.789919386997219 ], [ 29.509026686755853, 40.789918890547838 ], [ 29.509026949821173, 40.789918398596974 ], [ 29.509027221398288, 40.78991791129328 ], [ 29.509027501405118, 40.789917428784008 ] ] ] } },
{ "type": "Feature", "properties": { "fid": 517, "line_id": 406, "line_type": "center_line" }, "geometry": { "type": "MultiLineString", "coordinates": [ [ [ 29.509076535204191, 40.78964857494433 ], [ 29.509103245702914, 40.789666956520456 ], [ 29.509103245702914, 40.789666956520456 ] ] ] } },
{ "type": "Feature", "properties": { "fid": 518, "line_id": 407, "line_type": "dashed_line" }, "geometry": { "type": "MultiLineString", "coordinates": [ [ [ 29.50908601425331, 40.789637377083814 ], [ 29.50911292021695, 40.789655196978998 ], [ 29.50911292021695, 40.789655196978998 ] ] ] } },
{ "type": "Feature", "properties": { "fid": 519, "line_id": 408, "line_type": "center_line" }, "geometry": { "type": "MultiLineString", "coordinates": [ [ [ 29.50909561088239, 40.789626136268851 ], [ 29.509121641404938, 40.789643188417855 ], [ 29.509121641404938, 40.789643188417855 ] ] ] } },
{ "type": "Feature", "properties": { "fid": 520, "line_id": 409, "line_type": "center_line" }, "geometry": { "type": "MultiLineString", "coordinates": [ [ [ 29.509103245702914, 40.789666956520456 ], [ 29.509167747700044, 40.789711493084752 ], [ 29.509167747700044, 40.789711493084752 ] ] ] } },
{ "type": "Feature", "properties": { "fid": 521, "line_id": 410, "line_type": "dashed_line" }, "geometry": { "type": "MultiLineString", "coordinates": [ [ [ 29.50911292021695, 40.789655196978998 ], [ 29.509178248153507, 40.789700033059027 ], [ 29.509178248153507, 40.789700033059027 ] ] ] } },
{ "type": "Feature", "properties": { "fid": 522, "line_id": 411, "line_type": "center_line" }, "geometry": { "type": "MultiLineString", "coordinates": [ [ [ 29.509121641404938, 40.789643188417855 ], [ 29.509187724984137, 40.789688788162984 ], [ 29.509187724984137, 40.789688788162984 ] ] ] } },
{ "type": "Feature", "properties": { "fid": 523, "line_id": 412, "line_type": "road_boundary_line" }, "geometry": { "type": "MultiLineString", "coordinates": [ [ [ 29.509066860960992, 40.789660003392953 ], [ 29.509093227168904, 40.789677804131784 ], [ 29.509093227168904, 40.789677804131784 ] ] ] } },
{ "type": "Feature", "properties": { "fid": 524, "line_id": 413, "line_type": "road_boundary_line" }, "geometry": { "type": "MultiLineString", "coordinates": [ [ [ 29.509105167545627, 40.789614750774675 ], [ 29.509130673713138, 40.789632184785859 ], [ 29.509130673713138, 40.789632184785859 ] ] ] } },
{ "type": "Feature", "properties": { "fid": 525, "line_id": 414, "line_type": "road_boundary_line" }, "geometry": { "type": "MultiLineString", "coordinates": [ [ [ 29.509093227168904, 40.789677804131784 ], [ 29.509159355933036, 40.789722449947504 ], [ 29.509159355933036, 40.789722449947504 ] ] ] } },
{ "type": "Feature", "properties": { "fid": 526, "line_id": 415, "line_type": "road_boundary_line" }, "geometry": { "type": "MultiLineString", "coordinates": [ [ [ 29.509130673713138, 40.789632184785859 ], [ 29.509197140373985, 40.789677616170557 ], [ 29.509197140373985, 40.789677616170557 ] ] ] } },
{ "type": "Feature", "properties": { "fid": 527, "line_id": 416, "line_type": "center_line" }, "geometry": { "type": "MultiLineString", "coordinates": [ [ [ 29.508715704905473, 40.789725028468247 ], [ 29.508764161651118, 40.789683370499681 ] ] ] } },
{ "type": "Feature", "properties": { "fid": 528, "line_id": 417, "line_type": "dashed_line" }, "geometry": { "type": "MultiLineString", "coordinates": [ [ [ 29.508704383335694, 40.789714736132083 ], [ 29.508753184091809, 40.789672519833744 ] ] ] } },
{ "type": "Feature", "properties": { "fid": 529, "line_id": 418, "line_type": "center_line" }, "geometry": { "type": "MultiLineString", "coordinates": [ [ [ 29.508692082121723, 40.789704895160909 ], [ 29.508742300950018, 40.789661762493914 ] ] ] } },
{ "type": "Feature", "properties": { "fid": 530, "line_id": 419, "line_type": "road_boundary_line" }, "geometry": { "type": "MultiLineString", "coordinates": [ [ [ 29.508726525520839, 40.78973486539131 ], [ 29.508774399415316, 40.789693489922051 ] ] ] } },
{ "type": "Feature", "properties": { "fid": 531, "line_id": 420, "line_type": "road_boundary_line" }, "geometry": { "type": "MultiLineString", "coordinates": [ [ [ 29.508682241150549, 40.789694606872864 ], [ 29.508731345029176, 40.789650933216315 ] ] ] } },
{ "type": "Feature", "properties": { "fid": 532, "line_id": 421, "line_type": "center_line" }, "geometry": { "type": "MultiLineString", "coordinates": [ [ [ 29.508742300950018, 40.789661762493914 ], [ 29.50881733084578, 40.789597315453285 ] ] ] } },
{ "type": "Feature", "properties": { "fid": 533, "line_id": 422, "line_type": "center_line" }, "geometry": { "type": "MultiLineString", "coordinates": [ [ [ 29.508764161651118, 40.789683370499681 ], [ 29.508839025714053, 40.789619010321559 ] ] ] } },
{ "type": "Feature", "properties": { "fid": 534, "line_id": 423, "line_type": "road_boundary_line" }, "geometry": { "type": "MultiLineString", "coordinates": [ [ [ 29.508774399415316, 40.789693489922051 ], [ 29.508848810770608, 40.789629186780402 ] ] ] } },
{ "type": "Feature", "properties": { "fid": 535, "line_id": 424, "line_type": "road_boundary_line" }, "geometry": { "type": "MultiLineString", "coordinates": [ [ [ 29.508731345029176, 40.789650933216315 ], [ 29.508806315667808, 40.78958713899447 ] ] ] } },
{ "type": "Feature", "properties": { "fid": 536, "line_id": 425, "line_type": "dashed_line" }, "geometry": { "type": "MultiLineString", "coordinates": [ [ [ 29.508753184091809, 40.789672519833744 ], [ 29.508827563219207, 40.789608162887433 ], [ 29.508827563219207, 40.789608162887433 ] ] ] } },
{ "type": "Feature", "properties": { "fid": 537, "line_id": 426, "line_type": "center_line" }, "geometry": { "type": "MultiLineString", "coordinates": [ [ [ 29.508692082121723, 40.789704895160909 ], [ 29.508692324177961, 40.789704206435829 ], [ 29.508692554362959, 40.789703513652796 ], [ 29.508692772608736, 40.789702817016419 ], [ 29.508692978850835, 40.789702116732435 ], [ 29.508693173028348, 40.789701413007663 ], [ 29.508693355083928, 40.789700706049942 ], [ 29.508693524963807, 40.789699996068045 ], [ 29.50869368261781, 40.789699283271673 ], [ 29.508693827999384, 40.789698567871319 ], [ 29.508693961065589, 40.789697850078284 ], [ 29.508694081777122, 40.789697130104543 ], [ 29.508694190098343, 40.789696408162733 ], [ 29.508694285997251, 40.789695684466075 ], [ 29.508694369445529, 40.789694959228285 ], [ 29.508694440418527, 40.789694232663564 ], [ 29.508694498895292, 40.789693504986488 ], [ 29.50869454485855, 40.789692776411961 ], [ 29.508694578294723, 40.789692047155164 ], [ 29.508694599193941, 40.789691317431462 ], [ 29.50869460755003, 40.789690587456363 ], [ 29.508694603360521, 40.789689857445467 ], [ 29.508694586626653, 40.789689127614366 ], [ 29.508694557353369, 40.789688398178605 ], [ 29.508694515549312, 40.789687669353604 ], [ 29.508694461226831, 40.78968694135461 ], [ 29.508694394401967, 40.789686214396639 ], [ 29.508694315094456, 40.789685488694374 ], [ 29.508694223327719, 40.789684764462137 ], [ 29.508694119128858, 40.78968404191383 ], [ 29.508692476340325, 40.78966446816807 ], [ 29.508742626771955, 40.789618636912373 ], [ 29.508769261690187, 40.789617437141281 ], [ 29.508770660872983, 40.789617463954357 ], [ 29.508772060308825, 40.789617467234777 ], [ 29.508773459601951, 40.789617446981609 ], [ 29.508774858356634, 40.789617403200573 ], [ 29.508776256177303, 40.789617335904062 ], [ 29.508777652668645, 40.789617245111103 ], [ 29.508779047435738, 40.789617130847368 ], [ 29.508780440084131, 40.789616993145181 ], [ 29.508781830219981, 40.789616832043471 ], [ 29.508783217450151, 40.789616647587813 ], [ 29.508784601382335, 40.789616439830368 ], [ 29.508785981625145, 40.789616208829877 ], [ 29.508787357788247, 40.789615954651687 ], [ 29.508788729482458, 40.789615677367664 ], [ 29.50879009631986, 40.789615377056236 ], [ 29.508791457913908, 40.789615053802329 ], [ 29.508792813879538, 40.789614707697361 ], [ 29.508794163833279, 40.789614338839201 ], [ 29.508795507393359, 40.789613947332178 ], [ 29.508796844179816, 40.789613533287003 ], [ 29.508800233709859, 40.789611638740979 ], [ 29.50881733084578, 40.789597315453285 ] ] ] } },
{ "type": "Feature", "properties": { "fid": 538, "line_id": 427, "line_type": "parking_spot_route_line_left_lane" }, "geometry": { "type": "MultiLineString", "coordinates": [ [ [ 29.509149572895637, 40.79029190209782 ], [ 29.509148675432922, 40.79029264091831 ], [ 29.509148427727073, 40.790292952142998 ], [ 29.509148185464191, 40.790293267623085 ], [ 29.509147948717366, 40.790293587263406 ], [ 29.509147717558026, 40.79029391096752 ], [ 29.509147492055909, 40.790294238637763 ], [ 29.509147272279051, 40.790294570175277 ], [ 29.509147058293756, 40.790294905480046 ], [ 29.50914685016458, 40.790295244450895 ], [ 29.509146647954321, 40.790295586985572 ], [ 29.509146451723986, 40.790295932980726 ], [ 29.50914626153277, 40.79029628233198 ], [ 29.509146077438057, 40.790296634933917 ], [ 29.509145899495394, 40.790296990680176 ], [ 29.509145727758455, 40.790297349463422 ], [ 29.509145562279063, 40.790297711175413 ], [ 29.509145403107137, 40.790298075707014 ], [ 29.509145250290697, 40.790298442948256 ], [ 29.509145103875856, 40.790298812788336 ], [ 29.509144963906778, 40.790299185115686 ], [ 29.509144830425694, 40.790299559817953 ], [ 29.509144703472877, 40.790299936782112 ], [ 29.509144583086631, 40.79030031589442 ], [ 29.509144469303269, 40.790300697040507 ], [ 29.509144362157123, 40.79030108010538 ], [ 29.509144261680522, 40.790301464973467 ], [ 29.509144167903774, 40.79030185152866 ], [ 29.509144080855172, 40.790302239654324 ], [ 29.509144000560983, 40.790302629233373 ], [ 29.509143927045429, 40.790303020148272 ], [ 29.509143860330688, 40.790303412281077 ], [ 29.509143800436888, 40.790303805513481 ], [ 29.509143747382101, 40.790304199726855 ], [ 29.509143701182332, 40.790304594802258 ], [ 29.509143661851521, 40.790304990620498 ], [ 29.509143629401532, 40.790305387062155 ], [ 29.509143603842155, 40.790305784007636 ], [ 29.5091435851811, 40.790306181337165 ], [ 29.509143573424002, 40.790306578930881 ], [ 29.509143568574405, 40.79030697666883 ], [ 29.509143570633771, 40.790307374431009 ], [ 29.509143579601481, 40.790307772097421 ], [ 29.509143595474828, 40.790308169548084 ], [ 29.509143618249023, 40.790308566663086 ], [ 29.509143647917195, 40.79030896332263 ], [ 29.509143684470395, 40.79030935940704 ], [ 29.509143727897591, 40.790309754796809 ], [ 29.509143778185688, 40.790310149372658 ], [ 29.509143835319506, 40.790310543015536 ], [ 29.509143899281813, 40.790310935606698 ], [ 29.509143970053312, 40.79031132702768 ], [ 29.509144047612647, 40.790311717160407 ], [ 29.509144131936424, 40.79031210588716 ], [ 29.5091442229992, 40.790312493090681 ], [ 29.509144320773501, 40.790312878654134 ], [ 29.509144425229827, 40.790313262461211 ], [ 29.509144536336667, 40.7903136443961 ], [ 29.509144654060499, 40.790314024343587 ], [ 29.509144778365808, 40.79031440218904 ], [ 29.509144909215088, 40.790314777818452 ], [ 29.509145046568865, 40.790315151118513 ], [ 29.509145190385695, 40.790315521976588 ], [ 29.509145340622194, 40.790315890280787 ], [ 29.509145497233035, 40.790316255920011 ], [ 29.509145660170965, 40.790316618783926 ], [ 29.509145829386828, 40.790316978763073 ], [ 29.509146004829574, 40.790317335748838 ], [ 29.509146186446269, 40.790317689633518 ], [ 29.509146374182123, 40.790318040310353 ], [ 29.509146567980494, 40.790318387673537 ], [ 29.509146767782916, 40.790318731618278 ], [ 29.509146973529102, 40.790319072040809 ], [ 29.509147185156987, 40.790319408838421 ], [ 29.509147402602721, 40.790319741909506 ], [ 29.509147625800701, 40.790320071153573 ], [ 29.509147854683583, 40.790320396471287 ], [ 29.509148089182322, 40.790320717764509 ], [ 29.509148329226164, 40.790321034936305 ], [ 29.509148574742692, 40.790321347890981 ], [ 29.509148825657832, 40.790321656534111 ], [ 29.509149081895885, 40.790321960772594 ], [ 29.509149343379541, 40.790322260514635 ], [ 29.509149610029915, 40.790322555669796 ], [ 29.509149881766557, 40.790322846149039 ], [ 29.509150158507484, 40.790323131864724 ], [ 29.509150440169208, 40.790323412730643 ], [ 29.509150726666746, 40.79032368866207 ], [ 29.509151017913666, 40.790323959575758 ], [ 29.509151313822098, 40.790324225389966 ], [ 29.50915161430277, 40.790324486024495 ], [ 29.509200245881416, 40.790358038284687 ] ], [ [ 29.509169429019124, 40.7902751754443 ], [ 29.509168729377091, 40.79027608968255 ], [ 29.50916843623321, 40.790276465807516 ], [ 29.509168197580539, 40.790276769096316 ], [ 29.509167962128288, 40.790277125704897 ], [ 29.509167760479418, 40.790277421421422 ], [ 29.509167499967489, 40.790277806290092 ], [ 29.509167329350355, 40.790278084090446 ], [ 29.509167107442433, 40.790278488046738 ], [ 29.509166925349547, 40.790278799294057 ], [ 29.509166723139288, 40.790279141828734 ], [ 29.509166526908952, 40.790279487823888 ], [ 29.509166336717737, 40.790279837175142 ], [ 29.509166152623024, 40.790280189777079 ], [ 29.509165974680361, 40.790280545523338 ], [ 29.509165802943421, 40.790280904306584 ], [ 29.509165637464029, 40.790281266018575 ], [ 29.509165478292104, 40.790281630550176 ], [ 29.509165325475664, 40.790281997791418 ], [ 29.509165179060822, 40.790282367631498 ], [ 29.509165039091744, 40.790282739958847 ], [ 29.50916490561066, 40.790283114661115 ], [ 29.509164778657844, 40.790283491625274 ], [ 29.509164658271597, 40.790283870737582 ], [ 29.509164544488236, 40.790284251883669 ], [ 29.50916443734209, 40.790284634948542 ], [ 29.509164336865489, 40.790285019816629 ], [ 29.50916424308874, 40.790285406371822 ], [ 29.509164156040139, 40.790285794497485 ], [ 29.50916407574595, 40.790286184076535 ], [ 29.509164002230396, 40.790286574991434 ], [ 29.509163935515655, 40.790286967124239 ], [ 29.509163875621855, 40.790287360356643 ], [ 29.509163822567068, 40.790287754570016 ], [ 29.509163776367298, 40.79028814964542 ], [ 29.509163737036488, 40.79028854546366 ], [ 29.509163704586499, 40.790288941905317 ], [ 29.509163679027122, 40.790289338850798 ], [ 29.509163660366067, 40.790289736180327 ], [ 29.509163648608968, 40.790290133774043 ], [ 29.509163643759372, 40.790290531511992 ], [ 29.509163645818738, 40.790290929274171 ], [ 29.509163654786448, 40.790291326940583 ], [ 29.509163670659795, 40.790291724391246 ], [ 29.50916369343399, 40.790292121506248 ], [ 29.509163723102162, 40.790292518165792 ], [ 29.509163759655362, 40.790292914250202 ], [ 29.509163803082558, 40.790293309639971 ], [ 29.509163853370655, 40.79029370421582 ], [ 29.509163910504473, 40.790294097858698 ], [ 29.50916397446678, 40.79029449044986 ], [ 29.509164045238279, 40.790294881870842 ], [ 29.509164122797614, 40.790295272003569 ], [ 29.50916420712139, 40.790295660730322 ], [ 29.509164298184167, 40.790296047933843 ], [ 29.509164395958468, 40.790296433497296 ], [ 29.509164500414794, 40.790296817304373 ], [ 29.509164611521634, 40.790297199239262 ], [ 29.509164729245466, 40.790297579186749 ], [ 29.509164853550775, 40.790297957032202 ], [ 29.509164984400055, 40.790298332661614 ], [ 29.509165121753831, 40.790298705961675 ], [ 29.509165265570662, 40.79029907681975 ], [ 29.509165415807161, 40.790299445123949 ], [ 29.509165572418002, 40.790299810763173 ], [ 29.509165735355932, 40.790300173627088 ], [ 29.509165904571795, 40.790300533606235 ], [ 29.509166080014541, 40.790300890592 ], [ 29.509166261631236, 40.79030124447668 ], [ 29.50916644936709, 40.790301595153515 ], [ 29.509166643165461, 40.790301942516699 ], [ 29.509166842967883, 40.79030228646144 ], [ 29.509167048714069, 40.790302626883971 ], [ 29.509167260341954, 40.790302963681583 ], [ 29.509167477787688, 40.790303296752668 ], [ 29.509167700985667, 40.790303625996735 ], [ 29.50916792986855, 40.790303951314449 ], [ 29.509168164367289, 40.790304272607671 ], [ 29.509168404411131, 40.790304589779467 ], [ 29.509168649927659, 40.790304902734142 ], [ 29.509168900842798, 40.790305211377273 ], [ 29.509169157080851, 40.790305515615756 ], [ 29.509169418564507, 40.790305815357797 ], [ 29.509169685214882, 40.790306110512958 ], [ 29.509169956951524, 40.790306400992201 ], [ 29.509170233692451, 40.790306686707886 ], [ 29.509170515354175, 40.790306967573805 ], [ 29.509170801851713, 40.790307243505232 ], [ 29.509171093098633, 40.79030751441892 ], [ 29.509171389007065, 40.790307780233128 ], [ 29.509171689487737, 40.790308040867657 ], [ 29.509220321066383, 40.790341593127849 ] ], [ [ 29.509182191702656, 40.79037320627797 ], [ 29.50913356012401, 40.790339654017778 ], [ 29.509133259643338, 40.790339393383249 ], [ 29.509132963734906, 40.790339127569041 ], [ 29.509132672487986, 40.790338856655353 ], [ 29.509132385990448, 40.790338580723926 ], [ 29.509132104328724, 40.790338299858007 ], [ 29.509131827587797, 40.790338014142321 ], [ 29.509131555851155, 40.790337723663079 ], [ 29.509131289200781, 40.790337428507918 ], [ 29.509131027717125, 40.790337128765877 ], [ 29.509130771479072, 40.790336824527394 ], [ 29.509130520563932, 40.790336515884263 ], [ 29.509130275047404, 40.790336202929588 ], [ 29.509130035003562, 40.790335885757791 ], [ 29.509129800504823, 40.79033556446457 ], [ 29.509129571621941, 40.790335239146856 ], [ 29.509129348423961, 40.790334909902789 ], [ 29.509129130978227, 40.790334576831704 ], [ 29.509128919350342, 40.790334240034092 ], [ 29.509128713604156, 40.790333899611561 ], [ 29.509128513801734, 40.79033355566682 ], [ 29.509128320003363, 40.790333208303636 ], [ 29.509128132267509, 40.790332857626801 ], [ 29.509127950650814, 40.790332503742121 ], [ 29.509127775208068, 40.790332146756356 ], [ 29.509127605992205, 40.790331786777209 ], [ 29.509127443054275, 40.790331423913294 ], [ 29.509127286443434, 40.79033105827407 ], [ 29.509127136206935, 40.790330689969871 ], [ 29.509126992390105, 40.790330319111796 ], [ 29.509126855036328, 40.790329945811735 ], [ 29.509126724187048, 40.790329570182323 ], [ 29.509126599881739, 40.79032919233687 ], [ 29.509126482157907, 40.790328812389383 ], [ 29.509126371051067, 40.790328430454494 ], [ 29.509126266594741, 40.790328046647417 ], [ 29.50912616882044, 40.790327661083964 ], [ 29.509126077757664, 40.790327273880443 ], [ 29.509125993433887, 40.790326885153689 ], [ 29.509125915874552, 40.790326495020963 ], [ 29.509125845103053, 40.79032610359998 ], [ 29.509125781140746, 40.790325711008819 ], [ 29.509125724006928, 40.790325317365941 ], [ 29.509125673718831, 40.790324922790091 ], [ 29.509125630291635, 40.790324527400323 ], [ 29.509125593738435, 40.790324131315913 ], [ 29.509125564070263, 40.790323734656369 ], [ 29.509125541296068, 40.790323337541366 ], [ 29.509125525422721, 40.790322940090704 ], [ 29.509125516455011, 40.790322542424292 ], [ 29.509125514395645, 40.790322144662113 ], [ 29.509125519245242, 40.790321746924164 ], [ 29.50912553100234, 40.790321349330448 ], [ 29.509125549663395, 40.790320952000918 ], [ 29.509125575222772, 40.790320555055438 ], [ 29.509125607672761, 40.790320158613781 ], [ 29.509125647003572, 40.790319762795541 ], [ 29.509125693203341, 40.790319367720137 ], [ 29.509125746258128, 40.790318973506764 ], [ 29.509125806151928, 40.790318580274359 ], [ 29.509125872866669, 40.790318188141555 ], [ 29.509125946382223, 40.790317797226656 ], [ 29.509126026676412, 40.790317407647606 ], [ 29.509126113725014, 40.790317019521943 ], [ 29.509126207501762, 40.79031663296675 ], [ 29.509126307978363, 40.790316248098662 ], [ 29.509126415124509, 40.79031586503379 ], [ 29.509126528907871, 40.790315483887703 ], [ 29.509126649294117, 40.790315104775395 ], [ 29.509126776246934, 40.790314727811236 ], [ 29.509126909728018, 40.790314353108968 ], [ 29.509127049697096, 40.790313980781619 ], [ 29.509127196111937, 40.790313610941539 ], [ 29.509127348928377, 40.790313243700297 ], [ 29.509127508100303, 40.790312879168695 ], [ 29.509127673579695, 40.790312517456705 ], [ 29.509127845316634, 40.790312158673458 ], [ 29.509128023259297, 40.790311802927199 ], [ 29.50912820735401, 40.790311450325262 ], [ 29.509128397545226, 40.790311100974009 ], [ 29.509128593775561, 40.790310754978854 ], [ 29.50912879598582, 40.790310412444178 ], [ 29.509129004114996, 40.790310073473329 ], [ 29.509129218100291, 40.79030973816856 ], [ 29.509129437877149, 40.790309406631046 ], [ 29.509129663379266, 40.790309078960803 ], [ 29.509129894538606, 40.790308755256689 ], [ 29.509130131285431, 40.790308435616367 ], [ 29.509130373548313, 40.790308120136281 ], [ 29.509130621254162, 40.790307808911592 ], [ 29.509131518716877, 40.790307070091103 ], [ 29.509211509400732, 40.790239691854829 ] ], [ [ 29.509190099763824, 40.790257731326363 ], [ 29.509189609185984, 40.790258517965405 ], [ 29.509189249478943, 40.790259122531388 ], [ 29.509189007216062, 40.790259438011475 ], [ 29.509188770469237, 40.790259757651796 ], [ 29.509188539309896, 40.79026008135591 ], [ 29.50918831380778, 40.790260409026153 ], [ 29.509188094030922, 40.790260740563667 ], [ 29.509187880045626, 40.790261075868436 ], [ 29.50918767191645, 40.790261414839286 ], [ 29.509187469706191, 40.790261757373962 ], [ 29.509187273475856, 40.790262103369116 ], [ 29.50918708328464, 40.79026245272037 ], [ 29.509186899189928, 40.790262805322307 ], [ 29.509186721247264, 40.790263161068566 ], [ 29.509186549510325, 40.790263519851813 ], [ 29.509186384030933, 40.790263881563803 ], [ 29.509186224859008, 40.790264246095404 ], [ 29.509186072042567, 40.790264613336646 ], [ 29.509185925627726, 40.790264983176726 ], [ 29.509185785658648, 40.790265355504076 ], [ 29.509185652177564, 40.790265730206343 ], [ 29.509185525224748, 40.790266107170503 ], [ 29.509185404838501, 40.79026648628281 ], [ 29.50918529105514, 40.790266867428898 ], [ 29.509185183908993, 40.79026725049377 ], [ 29.509185083432392, 40.790267635361857 ], [ 29.509184989655644, 40.790268021917051 ], [ 29.509184902607043, 40.790268410042714 ], [ 29.509184822312854, 40.790268799621764 ], [ 29.509184748797299, 40.790269190536662 ], [ 29.509184682082559, 40.790269582669467 ], [ 29.509184622188759, 40.790269975901872 ], [ 29.509184569133971, 40.790270370115245 ], [ 29.509184522934202, 40.790270765190648 ], [ 29.509184483603391, 40.790271161008889 ], [ 29.509184451153402, 40.790271557450545 ], [ 29.509184425594025, 40.790271954396026 ], [ 29.50918440693297, 40.790272351725555 ], [ 29.509184395175872, 40.790272749319271 ], [ 29.509184390326276, 40.790273147057221 ], [ 29.509184392385642, 40.790273544819399 ], [ 29.509184401353352, 40.790273942485811 ], [ 29.509184417226699, 40.790274339936474 ], [ 29.509184440000894, 40.790274737051476 ], [ 29.509184469669066, 40.79027513371102 ], [ 29.509184506222265, 40.79027552979543 ], [ 29.509184549649461, 40.790275925185199 ], [ 29.509184599937559, 40.790276319761048 ], [ 29.509184657071376, 40.790276713403927 ], [ 29.509184721033684, 40.790277105995088 ], [ 29.509184791805183, 40.790277497416071 ], [ 29.509184869364518, 40.790277887548797 ], [ 29.509184953688294, 40.790278276275551 ], [ 29.509185044751071, 40.790278663479071 ], [ 29.509185142525372, 40.790279049042525 ], [ 29.509185246981698, 40.790279432849601 ], [ 29.509185358088537, 40.79027981478449 ], [ 29.50918547581237, 40.790280194731977 ], [ 29.509185600117679, 40.79028057257743 ], [ 29.509185730966959, 40.790280948206842 ], [ 29.509185868320735, 40.790281321506903 ], [ 29.509186012137565, 40.790281692364978 ], [ 29.509186162374064, 40.790282060669178 ], [ 29.509186318984906, 40.790282426308401 ], [ 29.509186481922836, 40.790282789172316 ], [ 29.509186651138698, 40.790283149151463 ], [ 29.509186826581445, 40.790283506137229 ], [ 29.50918700819814, 40.790283860021908 ], [ 29.509187195933993, 40.790284210698744 ], [ 29.509187389732364, 40.790284558061927 ], [ 29.509187589534786, 40.790284902006668 ], [ 29.509187795280972, 40.790285242429199 ], [ 29.509188006908857, 40.790285579226811 ], [ 29.509188224354592, 40.790285912297897 ], [ 29.509188447552571, 40.790286241541963 ], [ 29.509188676435453, 40.790286566859677 ], [ 29.509188910934192, 40.790286888152899 ], [ 29.509189150978035, 40.790287205324695 ], [ 29.509189396494563, 40.790287518279371 ], [ 29.509189647409702, 40.790287826922501 ], [ 29.509189903647755, 40.790288131160985 ], [ 29.509190165131411, 40.790288430903026 ], [ 29.509190431781786, 40.790288726058186 ], [ 29.509190703518428, 40.790289016537429 ], [ 29.509190980259355, 40.790289302253115 ], [ 29.509191261921078, 40.790289583119034 ], [ 29.509191548418617, 40.790289859050461 ], [ 29.509191839665537, 40.790290129964148 ], [ 29.509192135573969, 40.790290395778356 ], [ 29.50919243605464, 40.790290656412886 ], [ 29.509241067633287, 40.790324208673077 ] ], [ [ 29.509211509400732, 40.790239691854829 ], [ 29.509210905815905, 40.790240646981026 ], [ 29.509210562503331, 40.790241190362082 ], [ 29.509210320240449, 40.790241505842168 ], [ 29.509210083493624, 40.790241825482489 ], [ 29.509209852334283, 40.790242149186604 ], [ 29.509209626832167, 40.790242476856847 ], [ 29.509209407055309, 40.79024280839436 ], [ 29.509209193070014, 40.790243143699129 ], [ 29.509208984940837, 40.790243482669979 ], [ 29.509208782730578, 40.790243825204655 ], [ 29.509208586500243, 40.790244171199809 ], [ 29.509208396309027, 40.790244520551063 ], [ 29.509208212214315, 40.790244873153 ], [ 29.509208034271651, 40.790245228899259 ], [ 29.509207862534712, 40.790245587682506 ], [ 29.50920769705532, 40.790245949394496 ], [ 29.509207537883395, 40.790246313926097 ], [ 29.509207385066954, 40.790246681167339 ], [ 29.509207238652113, 40.79024705100742 ], [ 29.509207098683035, 40.790247423334769 ], [ 29.509206965201951, 40.790247798037036 ], [ 29.509206838249135, 40.790248175001196 ], [ 29.509206717862888, 40.790248554113504 ], [ 29.509206604079527, 40.790248935259591 ], [ 29.50920649693338, 40.790249318324463 ], [ 29.509206396456779, 40.790249703192551 ], [ 29.509206302680031, 40.790250089747744 ], [ 29.50920621563143, 40.790250477873407 ], [ 29.509206135337241, 40.790250867452457 ], [ 29.509206061821686, 40.790251258367356 ], [ 29.509205995106946, 40.79025165050016 ], [ 29.509205935213146, 40.790252043732565 ], [ 29.509205882158358, 40.790252437945938 ], [ 29.509205835958589, 40.790252833021341 ], [ 29.509205796627779, 40.790253228839582 ], [ 29.509205764177789, 40.790253625281238 ], [ 29.509205738618412, 40.790254022226719 ], [ 29.509205719957357, 40.790254419556248 ], [ 29.509205708200259, 40.790254817149965 ], [ 29.509205703350663, 40.790255214887914 ], [ 29.509205705410029, 40.790255612650093 ], [ 29.509205714377739, 40.790256010316504 ], [ 29.509205730251086, 40.790256407767167 ], [ 29.509205753025281, 40.790256804882169 ], [ 29.509205782693453, 40.790257201541714 ], [ 29.509205819246652, 40.790257597626123 ], [ 29.509205862673848, 40.790257993015892 ], [ 29.509205912961946, 40.790258387591741 ], [ 29.509205970095763, 40.79025878123462 ], [ 29.509206034058071, 40.790259173825781 ], [ 29.50920610482957, 40.790259565246764 ], [ 29.509206182388905, 40.79025995537949 ], [ 29.509206266712681, 40.790260344106244 ], [ 29.509206357775458, 40.790260731309765 ], [ 29.509206455549759, 40.790261116873218 ], [ 29.509206560006085, 40.790261500680295 ], [ 29.509206671112924, 40.790261882615184 ], [ 29.509206788836757, 40.790262262562671 ], [ 29.509206913142066, 40.790262640408123 ], [ 29.509207043991346, 40.790263016037535 ], [ 29.509207181345122, 40.790263389337596 ], [ 29.509207325161952, 40.790263760195671 ], [ 29.509207475398451, 40.790264128499871 ], [ 29.509207632009293, 40.790264494139095 ], [ 29.509207794947223, 40.79026485700301 ], [ 29.509207964163085, 40.790265216982156 ], [ 29.509208139605832, 40.790265573967922 ], [ 29.509208321222527, 40.790265927852602 ], [ 29.50920850895838, 40.790266278529437 ], [ 29.509208702756752, 40.79026662589262 ], [ 29.509208902559173, 40.790266969837361 ], [ 29.50920910830536, 40.790267310259892 ], [ 29.509209319933245, 40.790267647057505 ], [ 29.509209537378979, 40.79026798012859 ], [ 29.509209760576958, 40.790268309372657 ], [ 29.509209989459841, 40.790268634690371 ], [ 29.509210223958579, 40.790268955983592 ], [ 29.509210464002422, 40.790269273155388 ], [ 29.50921070951895, 40.790269586110064 ], [ 29.509210960434089, 40.790269894753195 ], [ 29.509211216672142, 40.790270198991678 ], [ 29.509211478155798, 40.790270498733719 ], [ 29.509211744806173, 40.79027079388888 ], [ 29.509212016542815, 40.790271084368122 ], [ 29.509212293283742, 40.790271370083808 ], [ 29.509212574945465, 40.790271650949727 ], [ 29.509212861443004, 40.790271926881154 ], [ 29.509213152689924, 40.790272197794842 ], [ 29.509213448598356, 40.79027246360905 ], [ 29.509213749079027, 40.790272724243579 ], [ 29.509262380657674, 40.79030627650377 ] ], [ [ 29.509211513026905, 40.790239686116692 ], [ 29.509211509400732, 40.790239691854829 ] ], [ [ 29.509211509400732, 40.790239691854829 ], [ 29.509238488871127, 40.790216966344268 ], [ 29.509238780843571, 40.790216659855055 ], [ 29.509239095846713, 40.790216202150212 ], [ 29.509239479628057, 40.790215553025526 ], [ 29.509239684791229, 40.790215048401741 ], [ 29.509239858493885, 40.790214465398506 ], [ 29.509239997514591, 40.790213995514137 ], [ 29.509240166474058, 40.790213511792572 ], [ 29.509240328150455, 40.790213006568607 ], [ 29.509240460381925, 40.790212466663924 ], [ 29.509240614064698, 40.790211924061644 ], [ 29.50924072768478, 40.790211379936011 ], [ 29.509240831947565, 40.790210833940137 ], [ 29.509240926822333, 40.790210286234917 ], [ 29.509241012281116, 40.790209736981772 ], [ 29.50924108829874, 40.790209186342551 ], [ 29.509241154852795, 40.790208634479541 ], [ 29.509241211923669, 40.79020808155537 ], [ 29.509241259494544, 40.790207527732981 ], [ 29.509241297551402, 40.790206973175593 ], [ 29.509241326083028, 40.790206418046623 ], [ 29.509241345081012, 40.790205862509673 ], [ 29.509241354539753, 40.79020530672846 ], [ 29.509241354456467, 40.790204750866771 ], [ 29.509241344831182, 40.790204195088414 ], [ 29.509241325666725, 40.790203639557184 ], [ 29.509241296968753, 40.79020308443679 ], [ 29.509241258745718, 40.790202529890827 ], [ 29.509241211008884, 40.79020197608272 ], [ 29.509241153772322, 40.790201423175674 ], [ 29.509241087052899, 40.79020087133263 ], [ 29.509241010870277, 40.790200320716217 ], [ 29.509240925246903, 40.790199771488702 ], [ 29.509240830208014, 40.790199223811939 ], [ 29.509240770709923, 40.790198912742582 ] ], [ [ 29.509235616069123, 40.79018598235551 ], [ 29.509234148886936, 40.790184539980686 ], [ 29.509233805393919, 40.790184255580513 ], [ 29.509231982928711, 40.790182833861984 ] ], [ [ 29.509232247142439, 40.790222250235161 ], [ 29.509231748835386, 40.790223130983911 ], [ 29.509231341165798, 40.790223738732941 ], [ 29.50923103490636, 40.790224163805838 ], [ 29.509230803240246, 40.790224538916313 ], [ 29.509230563926369, 40.790224895259634 ], [ 29.509230338424253, 40.790225222929877 ], [ 29.509230118647395, 40.790225554467391 ], [ 29.509229904662099, 40.790225889772159 ], [ 29.509229696532923, 40.790226228743009 ], [ 29.509229494322664, 40.790226571277685 ], [ 29.509229298092329, 40.79022691727284 ], [ 29.509229107901113, 40.790227266624093 ], [ 29.509228923806401, 40.79022761922603 ], [ 29.509228745863737, 40.790227974972289 ], [ 29.509228574126798, 40.790228333755536 ], [ 29.509228408647406, 40.790228695467526 ], [ 29.509228249475481, 40.790229059999128 ], [ 29.50922809665904, 40.790229427240369 ], [ 29.509227950244199, 40.79022979708045 ], [ 29.509227810275121, 40.790230169407799 ], [ 29.509227676794037, 40.790230544110067 ], [ 29.509227549841221, 40.790230921074226 ], [ 29.509227429454974, 40.790231300186534 ], [ 29.509227315671613, 40.790231681332621 ], [ 29.509227208525466, 40.790232064397493 ], [ 29.509227108048865, 40.790232449265581 ], [ 29.509227014272117, 40.790232835820774 ], [ 29.509226927223516, 40.790233223946437 ], [ 29.509226846929327, 40.790233613525487 ], [ 29.509226773413772, 40.790234004440386 ], [ 29.509226706699032, 40.79023439657319 ], [ 29.509226646805232, 40.790234789805595 ], [ 29.509226593750444, 40.790235184018968 ], [ 29.509226547550675, 40.790235579094372 ], [ 29.509226508219864, 40.790235974912612 ], [ 29.509226475769875, 40.790236371354268 ], [ 29.509226450210498, 40.790236768299749 ], [ 29.509226431549443, 40.790237165629279 ], [ 29.509226419792345, 40.790237563222995 ], [ 29.509226414942749, 40.790237960960944 ], [ 29.509226417002115, 40.790238358723123 ], [ 29.509226425969825, 40.790238756389535 ], [ 29.509226441843172, 40.790239153840197 ], [ 29.509226464617367, 40.790239550955199 ], [ 29.509226494285539, 40.790239947614744 ], [ 29.509226530838738, 40.790240343699153 ], [ 29.509226574265934, 40.790240739088922 ], [ 29.509226624554032, 40.790241133664772 ], [ 29.509226681687849, 40.79024152730765 ], [ 29.509226745650157, 40.790241919898811 ], [ 29.509226816421656, 40.790242311319794 ], [ 29.509226893980991, 40.79024270145252 ], [ 29.509226978304767, 40.790243090179274 ], [ 29.509227069367544, 40.790243477382795 ], [ 29.509227167141844, 40.790243862946248 ], [ 29.509227271598171, 40.790244246753325 ], [ 29.50922738270501, 40.790244628688214 ], [ 29.509227500428842, 40.790245008635701 ], [ 29.509227624734152, 40.790245386481153 ], [ 29.509227755583431, 40.790245762110565 ], [ 29.509227892937208, 40.790246135410626 ], [ 29.509228036754038, 40.790246506268701 ], [ 29.509228186990537, 40.790246874572901 ], [ 29.509228343601379, 40.790247240212125 ], [ 29.509228506539309, 40.79024760307604 ], [ 29.509228675755171, 40.790247963055187 ], [ 29.509228851197918, 40.790248320040952 ], [ 29.509229032814613, 40.790248673925632 ], [ 29.509229220550466, 40.790249024602467 ], [ 29.509229414348837, 40.79024937196565 ], [ 29.509229614151259, 40.790249715910392 ], [ 29.509229819897445, 40.790250056332923 ], [ 29.50923003152533, 40.790250393130535 ], [ 29.509230248971065, 40.79025072620162 ], [ 29.509230472169044, 40.790251055445687 ], [ 29.509230701051926, 40.790251380763401 ], [ 29.509230935550665, 40.790251702056622 ], [ 29.509231175594508, 40.790252019228419 ], [ 29.509231421111036, 40.790252332183094 ], [ 29.509231672026175, 40.790252640826225 ], [ 29.509231928264228, 40.790252945064708 ], [ 29.509232189747884, 40.790253244806749 ], [ 29.509232456398259, 40.79025353996191 ], [ 29.509232728134901, 40.790253830441152 ], [ 29.509233004875828, 40.790254116156838 ], [ 29.509233286537551, 40.790254397022757 ], [ 29.50923357303509, 40.790254672954184 ], [ 29.50923386428201, 40.790254943867872 ], [ 29.509234160190442, 40.79025520968208 ], [ 29.509234460671113, 40.790255470316609 ], [ 29.50928309224976, 40.7902890225768 ] ], [ [ 29.509235611697271, 40.790185998671483 ], [ 29.509238876290457, 40.790189151273601 ], [ 29.50924386450826, 40.790193834970218 ], [ 29.509248925701176, 40.790198439713102 ], [ 29.509254058619664, 40.79020296436542 ], [ 29.509259261996476, 40.790207407810094 ], [ 29.509264534546968, 40.790211768950094 ], [ 29.509269874969419, 40.790216046708721 ], [ 29.509275281945353, 40.790220240029846 ], [ 29.509280754139862, 40.790224347878194 ], [ 29.509320304936804, 40.790250394813796 ] ], [ [ 29.509240770709923, 40.790198912742575 ], [ 29.509240770709923, 40.790198912742582 ] ], [ [ 29.509240770709923, 40.790198912742582 ], [ 29.509241525686253, 40.790201363958246 ], [ 29.509242042376897, 40.790202993862671 ], [ 29.509242572440641, 40.790204619527742 ], [ 29.509243115806104, 40.790206240734584 ], [ 29.509243672473296, 40.790207857483203 ], [ 29.509244242367274, 40.79020946955594 ], [ 29.509244825488036, 40.790211076952794 ], [ 29.509245421757079, 40.790212679457362 ], [ 29.509246031174399, 40.790214277069637 ], [ 29.509246653657954, 40.790215869574546 ], [ 29.509247289207742, 40.790217456972087 ], [ 29.509247945739247, 40.790219172347982 ], [ 29.509248623252464, 40.790221015702222 ], [ 29.509249421902581, 40.790222855016751 ], [ 29.509250341689608, 40.790224690291566 ], [ 29.509251249644652, 40.790226252608974 ], [ 29.509252079332381, 40.790227594117312 ], [ 29.509252809952851, 40.790228979030275 ], [ 29.509253503569493, 40.79023037151552 ], [ 29.509254167325839, 40.790231712281198 ], [ 29.509254888345041, 40.79023293723484 ], [ 29.509255667950551, 40.790234251784135 ], [ 29.509256506142368, 40.790235655929081 ], [ 29.509257331887024, 40.790237110049034 ], [ 29.509258145184521, 40.790238614143988 ], [ 29.509258992908254, 40.790239939049791 ], [ 29.50925987505822, 40.790241084766429 ], [ 29.509260931883283, 40.790242198593774 ], [ 29.50926216338344, 40.79024328053184 ], [ 29.509271527840287, 40.790249845860124 ], [ 29.509297773960597, 40.790267918937907 ] ], [ [ 29.509240770709923, 40.790198912742582 ], [ 29.50924072578162, 40.790198677847329 ], [ 29.509240611998493, 40.790198133755773 ], [ 29.509240488892164, 40.790197591697606 ], [ 29.509240356498911, 40.790197051832571 ], [ 29.509240214857751, 40.790196514319774 ], [ 29.509240064010431, 40.790195979317616 ], [ 29.509239904001397, 40.790195446983759 ], [ 29.509239734877809, 40.790194917475084 ], [ 29.509239556689504, 40.790194390947633 ], [ 29.509239369488999, 40.790193867556575 ], [ 29.509239173331459, 40.79019334745616 ], [ 29.509238968274687, 40.790192830799654 ], [ 29.509238754379123, 40.790192317739312 ], [ 29.509238531707794, 40.790191808426336 ], [ 29.50923830032632, 40.790191303010829 ], [ 29.509238060302895, 40.790190801641721 ], [ 29.50923781170825, 40.790190304466776 ], [ 29.509237554615648, 40.790189811632501 ], [ 29.509237362604356, 40.79018945253685 ], [ 29.509237164362972, 40.790189096842631 ], [ 29.509236959951743, 40.790188744657918 ], [ 29.509236749432766, 40.790188396089725 ], [ 29.50923653287002, 40.790188051243959 ], [ 29.5092363103293, 40.79018771022541 ], [ 29.509236081878225, 40.790187373137691 ], [ 29.509235847586211, 40.790187040083225 ], [ 29.509235607524449, 40.790186711163216 ], [ 29.509235361765878, 40.7901863864776 ], [ 29.509235110385173, 40.790186066125038 ], [ 29.509234853458722, 40.790185750202859 ], [ 29.509234591064583, 40.790185438807072 ], [ 29.509234323282488, 40.790185132032278 ], [ 29.5092340501938, 40.7901848299717 ], [ 29.509233771881505, 40.790184532717113 ], [ 29.509233488430159, 40.79018424035884 ], [ 29.509233199925891, 40.790183952985721 ], [ 29.509232906456365, 40.79018367068506 ], [ 29.50923260811075, 40.790183393542648 ], [ 29.509232304979697, 40.790183121642684 ], [ 29.509231997155315, 40.790182855067798 ], [ 29.509231684731134, 40.790182593898969 ], [ 29.509231367802084, 40.790182338215573 ], [ 29.509231046464468, 40.790182088095278 ], [ 29.509230720815914, 40.790181843614107 ], [ 29.509230390955384, 40.790181604846325 ], [ 29.509230056983093, 40.790181371864492 ], [ 29.509229719000526, 40.7901811447394 ], [ 29.50922937711038, 40.790180923540056 ], [ 29.509229031416531, 40.790180708333672 ], [ 29.50921544286151, 40.790170999341136 ], [ 29.509216573776072, 40.790171410959218 ], [ 29.509217711561796, 40.79017180318472 ], [ 29.509218855886168, 40.790172175903002 ], [ 29.509220006414768, 40.790172529005154 ], [ 29.509221162811365, 40.790172862387976 ], [ 29.509222324738005, 40.790173175954038 ], [ 29.509223491855121, 40.790173469611702 ], [ 29.509224663821634, 40.790173743275155 ], [ 29.509225840295041, 40.790173996864418 ], [ 29.509227020931526, 40.790174230305375 ], [ 29.509228205386055, 40.790174443529814 ], [ 29.509229393312481, 40.790174636475413 ], [ 29.509230584363632, 40.790174809085791 ], [ 29.509231778191438, 40.790174961310498 ], [ 29.509232974447009, 40.790175093105049 ], [ 29.509234172780744, 40.79017520443093 ], [ 29.509235372842436, 40.790175295255608 ], [ 29.509236574281381, 40.790175365552535 ], [ 29.50923777674646, 40.790175415301171 ], [ 29.509238979886259, 40.790175444486977 ], [ 29.509240183349174, 40.790175453101419 ], [ 29.509241497633237, 40.790175510787712 ], [ 29.509242657497996, 40.790175577178744 ], [ 29.509243970887177, 40.790175684573853 ], [ 29.509245220357943, 40.790175793713033 ], [ 29.509247608991068, 40.790176283308341 ], [ 29.50924970643603, 40.790176912024002 ], [ 29.509251947917395, 40.790177723861611 ], [ 29.509254175624545, 40.790178572766706 ], [ 29.509256388944547, 40.790179458505705 ], [ 29.509258587268416, 40.790180380834919 ], [ 29.5092607699913, 40.790181339500563 ], [ 29.509262936512638, 40.790182334238871 ], [ 29.509265086236326, 40.790183364776148 ], [ 29.50926721857088, 40.790184430828852 ], [ 29.509269332929602, 40.790185532103656 ], [ 29.509271428730745, 40.790186668297558 ], [ 29.509273505397658, 40.790187839097939 ], [ 29.509275562358965, 40.790189044182668 ], [ 29.509277599048701, 40.79019028322017 ], [ 29.50927961490649, 40.790191555869526 ], [ 29.50928160937768, 40.790192861780582 ], [ 29.509283581913504, 40.790194200594023 ], [ 29.509285531971233, 40.790195571941481 ], [ 29.509287415358894, 40.790197049976591 ], [ 29.509288419857629, 40.790197827474742 ], [ 29.509340067354699, 40.790233630565588 ] ] ] } },
{ "type": "Feature", "properties": { "fid": 539, "line_id": 428, "line_type": "center_line" }, "geometry": { "type": "MultiLineString", "coordinates": [ [ [ 29.508862383802555, 40.789711347635802 ], [ 29.508945888444714, 40.789764858163622 ], [ 29.508945888444714, 40.789764858163622 ], [ 29.508945888444714, 40.789764858163622 ] ] ] } },
{ "type": "Feature", "properties": { "fid": 540, "line_id": 429, "line_type": "center_line" }, "geometry": { "type": "MultiLineString", "coordinates": [ [ [ 29.508883719852331, 40.789690383223672 ], [ 29.508967768887508, 40.789742601399709 ], [ 29.508967768887508, 40.789742601399709 ] ] ] } },
{ "type": "Feature", "properties": { "fid": 541, "line_id": 430, "line_type": "road_boundary_line" }, "geometry": { "type": "MultiLineString", "coordinates": [ [ [ 29.508852503823299, 40.789720702084246 ], [ 29.508934700714306, 40.789775920225736 ], [ 29.508934700714306, 40.789775920225736 ] ] ] } },
{ "type": "Feature", "properties": { "fid": 542, "line_id": 431, "line_type": "dashed_line" }, "geometry": { "type": "MultiLineString", "coordinates": [ [ [ 29.508873881729372, 40.789700461300839 ], [ 29.508956943535431, 40.7897542911195 ], [ 29.508956943535431, 40.7897542911195 ] ] ] } },
{ "type": "Feature", "properties": { "fid": 543, "line_id": 432, "line_type": "road_boundary_line" }, "geometry": { "type": "MultiLineString", "coordinates": [ [ [ 29.508896437425896, 40.789679105375406 ], [ 29.508979186356555, 40.789732662013265 ], [ 29.508979186356555, 40.789732662013265 ] ] ] } },
{ "type": "Feature", "properties": { "fid": 544, "line_id": 433, "line_type": "road_boundary_line" }, "geometry": { "type": "MultiLineString", "coordinates": [ [ [ 29.50865048435211, 40.789898663485204 ], [ 29.508736867870709, 40.789954332863864 ], [ 29.508736867870709, 40.789954332863864 ] ] ] } },
{ "type": "Feature", "properties": { "fid": 545, "line_id": 434, "line_type": "road_boundary_line" }, "geometry": { "type": "MultiLineString", "coordinates": [ [ [ 29.508696555562029, 40.789856431542781 ], [ 29.508779099813133, 40.789915940188934 ], [ 29.508779099813133, 40.789915940188934 ] ] ] } },
{ "type": "Feature", "properties": { "fid": 546, "line_id": 435, "line_type": "road_boundary_line" }, "geometry": { "type": "MultiLineString", "coordinates": [ [ [ 29.508651257528072, 40.78991526876441 ], [ 29.50872205235212, 40.789852957045419 ], [ 29.50872205235212, 40.789852957045419 ] ] ] } },
{ "type": "Feature", "properties": { "fid": 547, "line_id": 436, "line_type": "road_boundary_line" }, "geometry": { "type": "MultiLineString", "coordinates": [ [ [ 29.508702399660731, 40.789953401056309 ], [ 29.508775730376712, 40.789886953127663 ], [ 29.508775730376712, 40.789886953127663 ] ] ] } },
{ "type": "Feature", "properties": { "fid": 548, "line_id": 437, "line_type": "dashed_line" }, "geometry": { "type": "MultiLineString", "coordinates": [ [ [ 29.508673519957071, 40.789877547513996 ], [ 29.508757983841921, 40.789935136526395 ], [ 29.508757983841921, 40.789935136526395 ] ] ] } },
{ "type": "Feature", "properties": { "fid": 549, "line_id": 438, "line_type": "center_line" }, "geometry": { "type": "MultiLineString", "coordinates": [ [ [ 29.508661282291929, 40.7898881054996 ], [ 29.508747867762956, 40.789944332961817 ] ] ] } },
{ "type": "Feature", "properties": { "fid": 550, "line_id": 439, "line_type": "center_line" }, "geometry": { "type": "MultiLineString", "coordinates": [ [ [ 29.508685059491246, 40.789866969607665 ], [ 29.50876922260262, 40.789924919471218 ] ] ] } },
{ "type": "Feature", "properties": { "fid": 551, "line_id": 440, "line_type": "center_line" }, "geometry": { "type": "MultiLineString", "coordinates": [ [ [ 29.508735301586974, 40.789861348227497 ], [ 29.508664128420367, 40.789924865482348 ] ] ] } },
{ "type": "Feature", "properties": { "fid": 552, "line_id": 441, "line_type": "center_line" }, "geometry": { "type": "MultiLineString", "coordinates": [ [ [ 29.508763066449422, 40.789878932640377 ], [ 29.508689591997424, 40.789943851482789 ] ] ] } },
{ "type": "Feature", "properties": { "fid": 553, "line_id": 442, "line_type": "dashed_line" }, "geometry": { "type": "MultiLineString", "coordinates": [ [ [ 29.508676828594403, 40.789934334910356 ], [ 29.508748891364416, 40.789869955086544 ] ] ] } },
{ "type": "Feature", "properties": { "fid": 554, "line_id": 443, "line_type": "center_line" }, "geometry": { "type": "MultiLineString", "coordinates": [ [ [ 29.508833642494572, 40.790002014078212 ], [ 29.508904040975061, 40.79005455874136 ] ] ] } },
{ "type": "Feature", "properties": { "fid": 555, "line_id": 444, "line_type": "dashed_line" }, "geometry": { "type": "MultiLineString", "coordinates": [ [ [ 29.50884388745208, 40.789992245630359 ], [ 29.508915333820461, 40.790041826170651 ] ] ] } },
{ "type": "Feature", "properties": { "fid": 556, "line_id": 445, "line_type": "center_line" }, "geometry": { "type": "MultiLineString", "coordinates": [ [ [ 29.508854050566853, 40.789982555218593 ], [ 29.508925636854709, 40.790029723479769 ] ] ] } },
{ "type": "Feature", "properties": { "fid": 557, "line_id": 446, "line_type": "center_line" }, "geometry": { "type": "MultiLineString", "coordinates": [ [ [ 29.508837762861113, 40.790040154331827 ], [ 29.508899946756223, 40.789985316952247 ] ] ] } },
{ "type": "Feature", "properties": { "fid": 558, "line_id": 447, "line_type": "dashed_line" }, "geometry": { "type": "MultiLineString", "coordinates": [ [ [ 29.508850816130057, 40.790050464522515 ], [ 29.508911824490035, 40.789996564806231 ] ] ] } },
{ "type": "Feature", "properties": { "fid": 559, "line_id": 448, "line_type": "center_line" }, "geometry": { "type": "MultiLineString", "coordinates": [ [ [ 29.508862753117231, 40.790059893012391 ], [ 29.508923280507481, 40.790007244888542 ] ] ] } },
{ "type": "Feature", "properties": { "fid": 560, "line_id": 449, "line_type": "road_boundary_line" }, "geometry": { "type": "MultiLineString", "coordinates": [ [ [ 29.508825980868462, 40.790030848265168 ], [ 29.508888248988086, 40.789974608995252 ] ] ] } },
{ "type": "Feature", "properties": { "fid": 561, "line_id": 450, "line_type": "road_boundary_line" }, "geometry": { "type": "MultiLineString", "coordinates": [ [ [ 29.508875651391648, 40.790070080779863 ], [ 29.50893539999198, 40.790018520617203 ] ] ] } },
{ "type": "Feature", "properties": { "fid": 562, "line_id": 451, "line_type": "road_boundary_line" }, "geometry": { "type": "MultiLineString", "coordinates": [ [ [ 29.508823251389305, 40.790011921876257 ], [ 29.508893467992326, 40.790067381294897 ] ] ] } },
{ "type": "Feature", "properties": { "fid": 563, "line_id": 452, "line_type": "road_boundary_line" }, "geometry": { "type": "MultiLineString", "coordinates": [ [ [ 29.508864523514855, 40.789972569384453 ], [ 29.50893539999198, 40.790018520617203 ] ] ] } }
]
}
